ISO-10303-21;
HEADER;
FILE_DESCRIPTION (( 'STEP AP214' ),
    '1' );
FILE_NAME ('2450AT18A0100001E.STEP',
    '2024-11-24T22:21:59',
    ( '' ),
    ( '' ),
    'SwSTEP 2.0',
    'SolidWorks 2021',
    '' );
FILE_SCHEMA (( 'AUTOMOTIVE_DESIGN' ));
ENDSEC;

DATA;
#1 = ORIENTED_EDGE ( 'NONE', *, *, #513, .T. ) ;
#2 = AXIS2_PLACEMENT_3D ( 'NONE', #176, #744, #655 ) ;
#3 = FACE_OUTER_BOUND ( 'NONE', #703, .T. ) ;
#4 = DIRECTION ( 'NONE',  ( 0.000000000000000000, 0.000000000000000000, 1.000000000000000000 ) ) ;
#5 = LINE ( 'NONE', #1201, #61 ) ;
#6 = ORIENTED_EDGE ( 'NONE', *, *, #1241, .T. ) ;
#7 = CARTESIAN_POINT ( 'NONE',  ( 0.06200000000000002037, 0.001000000000000003057, -0.03149999999999999328 ) ) ;
#8 = COLOUR_RGB ( '',1.000000000000000000, 0.5490196078431373028, 0.000000000000000000 ) ;
#9 = PLANE ( 'NONE',  #1393 ) ;
#10 = EDGE_CURVE ( 'NONE', #802, #422, #598, .T. ) ;
#11 = CYLINDRICAL_SURFACE ( 'NONE', #211, 0.0009999999999999987198 ) ;
#12 = ADVANCED_FACE ( 'NONE', ( #200 ), #113, .T. ) ;
#13 = LINE ( 'NONE', #23, #825 ) ;
#14 = AXIS2_PLACEMENT_3D ( 'NONE', #1141, #1246, #289 ) ;
#15 = ORIENTED_EDGE ( 'NONE', *, *, #490, .T. ) ;
#16 = ORIENTED_EDGE ( 'NONE', *, *, #650, .F. ) ;
#17 = DIRECTION ( 'NONE',  ( 0.000000000000000000, 1.000000000000000000, 0.000000000000000000 ) ) ;
#18 = CARTESIAN_POINT ( 'NONE',  ( 0.06200000000000002037, 0.05399999999999999245, -0.03049999999999999239 ) ) ;
#19 = DIRECTION ( 'NONE',  ( 0.000000000000000000, 0.000000000000000000, -1.000000000000000000 ) ) ;
#20 = AXIS2_PLACEMENT_3D ( 'NONE', #976, #946, #1460 ) ;
#21 = ADVANCED_FACE ( 'NONE', ( #912 ), #574, .T. ) ;
#22 = AXIS2_PLACEMENT_3D ( 'NONE', #1240, #654, #1467 ) ;
#23 = CARTESIAN_POINT ( 'NONE',  ( -0.03332906195369773200, 0.05399999999999999245, -0.03049999999999993341 ) ) ;
#24 = ORIENTED_EDGE ( 'NONE', *, *, #593, .F. ) ;
#25 = ORIENTED_EDGE ( 'NONE', *, *, #45, .F. ) ;
#26 = LINE ( 'NONE', #1087, #163 ) ;
#27 = DIRECTION ( 'NONE',  ( 1.000000000000000000, 0.000000000000000000, 0.000000000000000000 ) ) ;
#28 = EDGE_CURVE ( 'NONE', #582, #571, #1049, .T. ) ;
#29 = DIRECTION ( 'NONE',  ( 0.000000000000000000, 0.000000000000000000, 1.000000000000000000 ) ) ;
#30 = DIRECTION ( 'NONE',  ( 0.000000000000000000, -1.000000000000000000, 0.000000000000000000 ) ) ;
#31 = ORIENTED_EDGE ( 'NONE', *, *, #926, .T. ) ;
#32 = ADVANCED_FACE ( 'NONE', ( #349 ), #81, .F. ) ;
#33 = ORIENTED_EDGE ( 'NONE', *, *, #1071, .F. ) ;
#34 = DIRECTION ( 'NONE',  ( 0.000000000000000000, 0.000000000000000000, 1.000000000000000000 ) ) ;
#35 = LINE ( 'NONE', #646, #1347 ) ;
#36 = SURFACE_STYLE_FILL_AREA ( #1355 ) ;
#37 = CIRCLE ( 'NONE', #83, 0.001000000000000003057 ) ;
#38 = VECTOR ( 'NONE', #909, 39.37007874015748143 ) ;
#39 = DIRECTION ( 'NONE',  ( 0.000000000000000000, -0.000000000000000000, -1.000000000000000000 ) ) ;
#40 = VERTEX_POINT ( 'NONE', #1531 ) ;
#41 = ORIENTED_EDGE ( 'NONE', *, *, #228, .T. ) ;
#42 = FACE_OUTER_BOUND ( 'NONE', #1359, .T. ) ;
#43 = LINE ( 'NONE', #270, #322 ) ;
#44 = DIRECTION ( 'NONE',  ( 0.000000000000000000, -1.000000000000000000, 0.000000000000000000 ) ) ;
#45 = EDGE_CURVE ( 'NONE', #178, #996, #450, .T. ) ;
#46 = ORIENTED_EDGE ( 'NONE', *, *, #914, .F. ) ;
#47 = AXIS2_PLACEMENT_3D ( 'NONE', #721, #481, #19 ) ;
#48 = FACE_OUTER_BOUND ( 'NONE', #1063, .T. ) ;
#49 = ORIENTED_EDGE ( 'NONE', *, *, #914, .T. ) ;
#50 = CARTESIAN_POINT ( 'NONE',  ( 0.06200000000000002037, 0.000000000000000000, 0.000000000000000000 ) ) ;
#51 = EDGE_CURVE ( 'NONE', #346, #1491, #70, .T. ) ;
#52 = VERTEX_POINT ( 'NONE', #1394 ) ;
#53 = CIRCLE ( 'NONE', #922, 0.0009999999999999987198 ) ;
#54 = CARTESIAN_POINT ( 'NONE',  ( -0.04400000000000003214, 0.001000000000000003057, -0.03049999999999999239 ) ) ;
#55 = ORIENTED_EDGE ( 'NONE', *, *, #292, .T. ) ;
#56 = DIRECTION ( 'NONE',  ( -0.000000000000000000, 1.000000000000000000, -0.000000000000000000 ) ) ;
#57 = LINE ( 'NONE', #293, #595 ) ;
#58 = SURFACE_SIDE_STYLE ('',( #36 ) ) ;
#59 = EDGE_CURVE ( 'NONE', #192, #1336, #1404, .T. ) ;
#60 = VERTEX_POINT ( 'NONE', #950 ) ;
#61 = VECTOR ( 'NONE', #353, 39.37007874015748143 ) ;
#62 = DIRECTION ( 'NONE',  ( 1.000000000000000000, 0.000000000000000000, 0.000000000000000000 ) ) ;
#63 = ORIENTED_EDGE ( 'NONE', *, *, #59, .F. ) ;
#64 = CARTESIAN_POINT ( 'NONE',  ( -0.06200000000000002037, 0.05399999999999999245, 0.03050000000000000627 ) ) ;
#65 = PRESENTATION_STYLE_ASSIGNMENT (( #1483 ) ) ;
#66 = ORIENTED_EDGE ( 'NONE', *, *, #1455, .T. ) ;
#67 = DIRECTION ( 'NONE',  ( -1.000000000000000000, 0.000000000000000000, 4.976392559733905062E-17 ) ) ;
#68 = EDGE_LOOP ( 'NONE', ( #465, #320, #304 ) ) ;
#69 = CARTESIAN_POINT ( 'NONE',  ( 0.06300000000000002820, 0.001000000000000003057, -0.03149999999999999328 ) ) ;
#70 = CIRCLE ( 'NONE', #989, 0.0009999999999999987198 ) ;
#71 = AXIS2_PLACEMENT_3D ( 'NONE', #407, #1361, #525 ) ;
#72 = FACE_OUTER_BOUND ( 'NONE', #862, .T. ) ;
#73 = ADVANCED_FACE ( 'NONE', ( #1434, #365 ), #9, .F. ) ;
#74 = ORIENTED_EDGE ( 'NONE', *, *, #1326, .F. ) ;
#75 = CARTESIAN_POINT ( 'NONE',  ( 0.06300000000000002820, 0.05499999999999999334, 0.03150000000000000716 ) ) ;
#76 = CARTESIAN_POINT ( 'NONE',  ( -0.04300000000000002431, 0.000000000000000000, 0.000000000000000000 ) ) ;
#77 = EDGE_CURVE ( 'NONE', #232, #837, #381, .T. ) ;
#78 = ORIENTED_EDGE ( 'NONE', *, *, #1265, .T. ) ;
#79 = EDGE_CURVE ( 'NONE', #687, #260, #1340, .T. ) ;
#80 = CARTESIAN_POINT ( 'NONE',  ( -0.06300000000000002820, 0.05399999999999999245, -0.03049999999999999239 ) ) ;
#81 = PLANE ( 'NONE',  #667 ) ;
#82 = DIRECTION ( 'NONE',  ( 0.000000000000000000, 0.000000000000000000, -1.000000000000000000 ) ) ;
#83 = AXIS2_PLACEMENT_3D ( 'NONE', #1047, #930, #580 ) ;
#84 = DIRECTION ( 'NONE',  ( 1.000000000000000000, -0.000000000000000000, 6.402768735150619322E-16 ) ) ;
#85 = DIRECTION ( 'NONE',  ( 1.000000000000000000, 0.000000000000000000, -0.000000000000000000 ) ) ;
#86 = DIRECTION ( 'NONE',  ( -0.000000000000000000, 1.000000000000000000, -0.000000000000000000 ) ) ;
#87 = CIRCLE ( 'NONE', #463, 0.001000000000000003057 ) ;
#88 = EDGE_LOOP ( 'NONE', ( #881, #369, #132, #1022 ) ) ;
#89 = DIRECTION ( 'NONE',  ( 1.000000000000000000, 0.000000000000000000, 0.000000000000000000 ) ) ;
#90 = DIRECTION ( 'NONE',  ( 0.000000000000000000, 0.000000000000000000, -1.000000000000000000 ) ) ;
#91 = EDGE_CURVE ( 'NONE', #486, #110, #1421, .T. ) ;
#92 = AXIS2_PLACEMENT_3D ( 'NONE', #243, #503, #510 ) ;
#93 = CIRCLE ( 'NONE', #1048, 0.001000000000000003057 ) ;
#94 = DIRECTION ( 'NONE',  ( -1.000000000000000000, 0.000000000000000000, 0.000000000000000000 ) ) ;
#95 = AXIS2_PLACEMENT_3D ( 'NONE', #75, #109, #583 ) ;
#96 = CARTESIAN_POINT ( 'NONE',  ( 0.04400000000000003214, 0.001000000000000003057, -0.03049999999999999239 ) ) ;
#97 = DIRECTION ( 'NONE',  ( 0.000000000000000000, 0.000000000000000000, -1.000000000000000000 ) ) ;
#98 = DIRECTION ( 'NONE',  ( 0.000000000000000000, 0.000000000000000000, -1.000000000000000000 ) ) ;
#99 = DIRECTION ( 'NONE',  ( 1.000000000000000000, -0.000000000000000000, -0.000000000000000000 ) ) ;
#100 = DIRECTION ( 'NONE',  ( 0.000000000000000000, 0.000000000000000000, -1.000000000000000000 ) ) ;
#101 = CARTESIAN_POINT ( 'NONE',  ( 0.04400000000000003908, 0.05399999999999999245, 0.03149999999999999328 ) ) ;
#102 =( NAMED_UNIT ( * ) SI_UNIT ( $, .STERADIAN. ) SOLID_ANGLE_UNIT ( ) );
#103 = ADVANCED_FACE ( 'NONE', ( #959 ), #245, .T. ) ;
#104 = PLANE ( 'NONE',  #1526 ) ;
#105 = ORIENTED_EDGE ( 'NONE', *, *, #519, .T. ) ;
#106 = LENGTH_MEASURE_WITH_UNIT ( LENGTH_MEASURE( 0.02539999999999999897 ), #1403 );
#107 = ORIENTED_EDGE ( 'NONE', *, *, #403, .T. ) ;
#108 = AXIS2_PLACEMENT_3D ( 'NONE', #1268, #1058, #1395 ) ;
#109 = DIRECTION ( 'NONE',  ( 6.402768735150619322E-16, 0.000000000000000000, -1.000000000000000000 ) ) ;
#110 = VERTEX_POINT ( 'NONE', #1304 ) ;
#111 = PRESENTATION_STYLE_ASSIGNMENT (( #478 ) ) ;
#112 = AXIS2_PLACEMENT_3D ( 'NONE', #560, #1034, #1398 ) ;
#113 = CYLINDRICAL_SURFACE ( 'NONE', #782, 0.001000000000000003057 ) ;
#114 = CARTESIAN_POINT ( 'NONE',  ( 0.06200000000000002037, 0.000000000000000000, 0.03050000000000000627 ) ) ;
#115 = AXIS2_PLACEMENT_3D ( 'NONE', #933, #805, #814 ) ;
#116 = CARTESIAN_POINT ( 'NONE',  ( 0.04400000000000003908, 0.000000000000000000, 0.03049999999999999239 ) ) ;
#117 = ORIENTED_EDGE ( 'NONE', *, *, #650, .T. ) ;
#118 = CARTESIAN_POINT ( 'NONE',  ( -0.04400000000000003214, 0.001000000000000003057, -0.03149999999999999328 ) ) ;
#119 = DIRECTION ( 'NONE',  ( 0.000000000000000000, 0.000000000000000000, -1.000000000000000000 ) ) ;
#120 = LINE ( 'NONE', #1191, #1238 ) ;
#121 = VECTOR ( 'NONE', #945, 39.37007874015748143 ) ;
#122 = ADVANCED_FACE ( 'NONE', ( #358 ), #857, .T. ) ;
#123 = DIRECTION ( 'NONE',  ( 0.000000000000000000, -1.000000000000000000, 0.000000000000000000 ) ) ;
#124 = ORIENTED_EDGE ( 'NONE', *, *, #1242, .F. ) ;
#125 = CIRCLE ( 'NONE', #71, 0.0009999999999999987198 ) ;
#126 = DIRECTION ( 'NONE',  ( -1.000000000000000000, 0.000000000000000000, 0.000000000000000000 ) ) ;
#127 = ADVANCED_FACE ( 'NONE', ( #1450 ), #144, .T. ) ;
#128 = CARTESIAN_POINT ( 'NONE',  ( 0.06200000000000002037, 0.001000000000000003057, -0.03049999999999999239 ) ) ;
#129 = VECTOR ( 'NONE', #917, 39.37007874015748143 ) ;
#130 = DIRECTION ( 'NONE',  ( 0.000000000000000000, 1.000000000000000000, 0.000000000000000000 ) ) ;
#131 = CARTESIAN_POINT ( 'NONE',  ( 0.06300000000000002820, 0.001000000000000003057, 0.03150000000000000716 ) ) ;
#132 = ORIENTED_EDGE ( 'NONE', *, *, #1317, .F. ) ;
#133 = DIRECTION ( 'NONE',  ( -1.000000000000000000, 0.000000000000000000, 0.000000000000000000 ) ) ;
#134 = MECHANICAL_DESIGN_GEOMETRIC_PRESENTATION_REPRESENTATION (  '', ( #379 ), #1183 ) ;
#135 = CARTESIAN_POINT ( 'NONE',  ( 0.06200000000000002037, 0.001000000000000003057, -0.03149999999999999328 ) ) ;
#136 = EDGE_CURVE ( 'NONE', #861, #378, #1545, .T. ) ;
#137 = VECTOR ( 'NONE', #920, 39.37007874015748143 ) ;
#138 = UNCERTAINTY_MEASURE_WITH_UNIT (LENGTH_MEASURE( 1.000000000000000082E-05 ), #1112, 'distance_accuracy_value', 'NONE');
#139 = ADVANCED_FACE ( 'NONE', ( #3 ), #711, .F. ) ;
#140 = AXIS2_PLACEMENT_3D ( 'NONE', #856, #261, #1097 ) ;
#141 = ORIENTED_EDGE ( 'NONE', *, *, #1083, .T. ) ;
#142 = ORIENTED_EDGE ( 'NONE', *, *, #403, .F. ) ;
#143 = DIRECTION ( 'NONE',  ( 0.000000000000000000, -1.000000000000000000, 0.000000000000000000 ) ) ;
#144 = CYLINDRICAL_SURFACE ( 'NONE', #1067, 0.001000000000000003057 ) ;
#145 = DIRECTION ( 'NONE',  ( -1.000000000000000000, -0.000000000000000000, -0.000000000000000000 ) ) ;
#146 = DIRECTION ( 'NONE',  ( 0.000000000000000000, -0.000000000000000000, 1.000000000000000000 ) ) ;
#147 = ORIENTED_EDGE ( 'NONE', *, *, #883, .T. ) ;
#148 = VERTEX_POINT ( 'NONE', #1197 ) ;
#149 = DIRECTION ( 'NONE',  ( -0.000000000000000000, 1.000000000000000000, -0.000000000000000000 ) ) ;
#150 = DIRECTION ( 'NONE',  ( 0.000000000000000000, -0.000000000000000000, -1.000000000000000000 ) ) ;
#151 =( CONVERSION_BASED_UNIT ( 'INCH', #1358 ) LENGTH_UNIT ( ) NAMED_UNIT ( #1387 ) );
#152 = ORIENTED_EDGE ( 'NONE', *, *, #1308, .F. ) ;
#153 = ORIENTED_EDGE ( 'NONE', *, *, #1083, .F. ) ;
#154 = CARTESIAN_POINT ( 'NONE',  ( -1.952844464220936581E-17, 0.05399999999999999245, 0.03049999999999996811 ) ) ;
#155 = FACE_OUTER_BOUND ( 'NONE', #182, .T. ) ;
#156 = VECTOR ( 'NONE', #67, 39.37007874015748143 ) ;
#157 = EDGE_CURVE ( 'NONE', #110, #1535, #923, .T. ) ;
#158 = EDGE_LOOP ( 'NONE', ( #1383, #362, #219 ) ) ;
#159 = AXIS2_PLACEMENT_3D ( 'NONE', #1463, #1068, #1194 ) ;
#160 = ORIENTED_EDGE ( 'NONE', *, *, #876, .F. ) ;
#161 = EDGE_LOOP ( 'NONE', ( #1096, #105, #1102, #547 ) ) ;
#162 = CARTESIAN_POINT ( 'NONE',  ( 0.06200000000000002037, 0.05399999999999999245, 0.03050000000000000627 ) ) ;
#163 = VECTOR ( 'NONE', #973, 39.37007874015748143 ) ;
#164 = LINE ( 'NONE', #999, #739 ) ;
#165 = LENGTH_MEASURE_WITH_UNIT ( LENGTH_MEASURE( 0.02539999999999999897 ), #392 );
#166 = ORIENTED_EDGE ( 'NONE', *, *, #686, .F. ) ;
#167 = MECHANICAL_DESIGN_GEOMETRIC_PRESENTATION_REPRESENTATION (  '', ( #1515 ), #899 ) ;
#168 = ORIENTED_EDGE ( 'NONE', *, *, #876, .T. ) ;
#169 = EDGE_CURVE ( 'NONE', #838, #192, #497, .T. ) ;
#170 = DIRECTION ( 'NONE',  ( 0.000000000000000000, 1.000000000000000000, 0.000000000000000000 ) ) ;
#171 = ORIENTED_EDGE ( 'NONE', *, *, #238, .F. ) ;
#172 = CIRCLE ( 'NONE', #299, 0.001000000000000003057 ) ;
#173 = DIRECTION ( 'NONE',  ( 0.000000000000000000, -1.000000000000000000, 0.000000000000000000 ) ) ;
#174 = ORIENTED_EDGE ( 'NONE', *, *, #642, .F. ) ;
#175 = CARTESIAN_POINT ( 'NONE',  ( 0.04300000000000003819, 0.05499999999999999334, 0.03049999999999999239 ) ) ;
#176 = CARTESIAN_POINT ( 'NONE',  ( -0.04400000000000003214, 0.05499999999999999334, -0.03049999999999999239 ) ) ;
#177 =( NAMED_UNIT ( * ) PLANE_ANGLE_UNIT ( ) SI_UNIT ( $, .RADIAN. ) );
#178 = VERTEX_POINT ( 'NONE', #728 ) ;
#179 = EDGE_CURVE ( 'NONE', #52, #250, #455, .T. ) ;
#180 = COLOUR_RGB ( '',1.000000000000000000, 1.000000000000000000, 1.000000000000000000 ) ;
#181 = CARTESIAN_POINT ( 'NONE',  ( 0.1238084154033476797, 0.05399999999999999245, -0.009072973807973727656 ) ) ;
#182 = EDGE_LOOP ( 'NONE', ( #1229, #507, #1353, #1160 ) ) ;
#183 = CARTESIAN_POINT ( 'NONE',  ( 0.04300000000000003819, 0.001000000000000003057, 0.03049999999999999586 ) ) ;
#184 = EDGE_CURVE ( 'NONE', #110, #586, #57, .T. ) ;
#185 = DIRECTION ( 'NONE',  ( 0.000000000000000000, -1.000000000000000000, 0.000000000000000000 ) ) ;
#186 = CARTESIAN_POINT ( 'NONE',  ( 1.952844464220936581E-17, 0.000000000000000000, 0.03049999999999996811 ) ) ;
#187 = ORIENTED_EDGE ( 'NONE', *, *, #28, .T. ) ;
#188 = ADVANCED_FACE ( 'NONE', ( #759 ), #865, .T. ) ;
#189 = CARTESIAN_POINT ( 'NONE',  ( 0.04300000000000002431, 0.05399999999999999245, -0.03149999999999999328 ) ) ;
#190 = ORIENTED_EDGE ( 'NONE', *, *, #528, .T. ) ;
#191 = DIRECTION ( 'NONE',  ( 0.000000000000000000, 0.000000000000000000, -1.000000000000000000 ) ) ;
#192 = VERTEX_POINT ( 'NONE', #1145 ) ;
#193 = CARTESIAN_POINT ( 'NONE',  ( 0.04400000000000003214, 0.05399999999999999245, -0.03049999999999999239 ) ) ;
#194 = AXIS2_PLACEMENT_3D ( 'NONE', #1474, #1243, #1138 ) ;
#195 = APPLICATION_CONTEXT ( 'automotive_design' ) ;
#196 = CARTESIAN_POINT ( 'NONE',  ( 0.1238084154033476797, 0.05399999999999999245, 0.03050000000000002015 ) ) ;
#197 = DIRECTION ( 'NONE',  ( 0.000000000000000000, 0.000000000000000000, -1.000000000000000000 ) ) ;
#198 = VERTEX_POINT ( 'NONE', #1007 ) ;
#199 = ADVANCED_FACE ( 'NONE', ( #1354 ), #533, .T. ) ;
#200 = FACE_OUTER_BOUND ( 'NONE', #1118, .T. ) ;
#201 = DIRECTION ( 'NONE',  ( 1.355083330190607248E-16, 0.000000000000000000, -1.000000000000000000 ) ) ;
#202 = CARTESIAN_POINT ( 'NONE',  ( 0.06300000000000002820, 0.05399999999999999245, 0.03150000000000000716 ) ) ;
#203 = DIRECTION ( 'NONE',  ( 1.000000000000000000, 0.000000000000000000, 0.000000000000000000 ) ) ;
#204 = CYLINDRICAL_SURFACE ( 'NONE', #1186, 0.001000000000000003057 ) ;
#205 = EDGE_LOOP ( 'NONE', ( #645, #1076, #1377, #1456 ) ) ;
#206 =( NAMED_UNIT ( * ) PLANE_ANGLE_UNIT ( ) SI_UNIT ( $, .RADIAN. ) );
#207 = EDGE_CURVE ( 'NONE', #378, #422, #43, .T. ) ;
#208 = ORIENTED_EDGE ( 'NONE', *, *, #1349, .T. ) ;
#209 = LINE ( 'NONE', #1299, #758 ) ;
#210 = AXIS2_PLACEMENT_3D ( 'NONE', #1168, #126, #98 ) ;
#211 = AXIS2_PLACEMENT_3D ( 'NONE', #1444, #824, #366 ) ;
#212 = ADVANCED_BREP_SHAPE_REPRESENTATION ( '2450AT18A0100001E', ( #874, #882, #1406, #115 ), #491 ) ;
#213 = LINE ( 'NONE', #1188, #1256 ) ;
#214 = ORIENTED_EDGE ( 'NONE', *, *, #1035, .T. ) ;
#215 = CARTESIAN_POINT ( 'NONE',  ( 0.000000000000000000, 0.000000000000000000, 0.000000000000000000 ) ) ;
#216 = DIRECTION ( 'NONE',  ( -1.355083330190607248E-16, -0.000000000000000000, 1.000000000000000000 ) ) ;
#217 = PLANE ( 'NONE',  #371 ) ;
#218 = FILL_AREA_STYLE_COLOUR ( '', #180 ) ;
#219 = ORIENTED_EDGE ( 'NONE', *, *, #529, .F. ) ;
#220 = CARTESIAN_POINT ( 'NONE',  ( 0.04400000000000003908, 0.001000000000000003057, 0.03049999999999999586 ) ) ;
#221 = AXIS2_PLACEMENT_3D ( 'NONE', #810, #99, #191 ) ;
#222 = ORIENTED_EDGE ( 'NONE', *, *, #1136, .T. ) ;
#223 = LINE ( 'NONE', #1431, #137 ) ;
#224 = VECTOR ( 'NONE', #590, 39.37007874015748143 ) ;
#225 = DIRECTION ( 'NONE',  ( -0.000000000000000000, 1.000000000000000000, -0.000000000000000000 ) ) ;
#226 = CARTESIAN_POINT ( 'NONE',  ( -0.06300000000000002820, 0.001000000000000003057, -0.03049999999999999239 ) ) ;
#227 = CIRCLE ( 'NONE', #774, 0.0009999999999999987198 ) ;
#228 = EDGE_CURVE ( 'NONE', #486, #1535, #867, .T. ) ;
#229 = ADVANCED_FACE ( 'NONE', ( #155 ), #1013, .T. ) ;
#230 = CARTESIAN_POINT ( 'NONE',  ( 0.000000000000000000, 0.000000000000000000, 0.000000000000000000 ) ) ;
#231 = CIRCLE ( 'NONE', #419, 0.0009999999999999987198 ) ;
#232 = VERTEX_POINT ( 'NONE', #662 ) ;
#233 =( NAMED_UNIT ( * ) SI_UNIT ( $, .STERADIAN. ) SOLID_ANGLE_UNIT ( ) );
#234 = DIRECTION ( 'NONE',  ( -0.000000000000000000, -0.000000000000000000, 1.000000000000000000 ) ) ;
#235 = CYLINDRICAL_SURFACE ( 'NONE', #887, 0.0009999999999999987198 ) ;
#236 = DIRECTION ( 'NONE',  ( 1.355083330190607248E-16, 0.000000000000000000, 1.000000000000000000 ) ) ;
#237 = EDGE_CURVE ( 'NONE', #148, #623, #276, .T. ) ;
#238 = EDGE_CURVE ( 'NONE', #902, #1491, #125, .T. ) ;
#239 = ORIENTED_EDGE ( 'NONE', *, *, #1277, .T. ) ;
#240 = ORIENTED_EDGE ( 'NONE', *, *, #627, .F. ) ;
#241 = VECTOR ( 'NONE', #1420, 39.37007874015748143 ) ;
#242 = AXIS2_PLACEMENT_3D ( 'NONE', #128, #601, #1079 ) ;
#243 = CARTESIAN_POINT ( 'NONE',  ( 0.000000000000000000, 0.05499999999999999334, 0.000000000000000000 ) ) ;
#244 = CARTESIAN_POINT ( 'NONE',  ( 0.06200000000000002037, 0.05399999999999999245, -0.03149999999999999328 ) ) ;
#245 = CYLINDRICAL_SURFACE ( 'NONE', #592, 0.001000000000000003057 ) ;
#246 = EDGE_CURVE ( 'NONE', #743, #1464, #1172, .T. ) ;
#247 = AXIS2_PLACEMENT_3D ( 'NONE', #406, #864, #1473 ) ;
#248 = CARTESIAN_POINT ( 'NONE',  ( -0.06200000000000002037, 0.000000000000000000, -0.03049999999999999239 ) ) ;
#249 = LINE ( 'NONE', #131, #1306 ) ;
#250 = VERTEX_POINT ( 'NONE', #893 ) ;
#251 = CIRCLE ( 'NONE', #1081, 0.0009999999999999987198 ) ;
#252 = ORIENTED_EDGE ( 'NONE', *, *, #255, .F. ) ;
#253 = DIRECTION ( 'NONE',  ( 1.000000000000000000, 0.000000000000000000, -0.000000000000000000 ) ) ;
#254 = DIRECTION ( 'NONE',  ( -1.000000000000000000, -0.000000000000000000, 6.402768735150619322E-16 ) ) ;
#255 = EDGE_CURVE ( 'NONE', #192, #281, #342, .T. ) ;
#256 = DIRECTION ( 'NONE',  ( 0.000000000000000000, 0.000000000000000000, 1.000000000000000000 ) ) ;
#257 = CIRCLE ( 'NONE', #1334, 0.0009999999999999987198 ) ;
#258 = CARTESIAN_POINT ( 'NONE',  ( 0.04300000000000003819, 0.05399999999999999245, 0.03149999999999999328 ) ) ;
#259 = VERTEX_POINT ( 'NONE', #990 ) ;
#260 = VERTEX_POINT ( 'NONE', #285 ) ;
#261 = DIRECTION ( 'NONE',  ( -1.000000000000000000, 0.000000000000000000, 0.000000000000000000 ) ) ;
#262 = DIRECTION ( 'NONE',  ( 0.000000000000000000, -0.000000000000000000, 1.000000000000000000 ) ) ;
#263 = DIRECTION ( 'NONE',  ( -1.000000000000000000, 0.000000000000000000, 0.000000000000000000 ) ) ;
#264 = CIRCLE ( 'NONE', #669, 0.001000000000000003057 ) ;
#265 = CARTESIAN_POINT ( 'NONE',  ( 0.1238084154033476797, 0.001000000000000003057, 0.03050000000000002015 ) ) ;
#266 = ORIENTED_EDGE ( 'NONE', *, *, #1206, .F. ) ;
#267 = ORIENTED_EDGE ( 'NONE', *, *, #352, .T. ) ;
#268 = CARTESIAN_POINT ( 'NONE',  ( -0.06200000000000002037, 0.05499999999999999334, 0.03050000000000000627 ) ) ;
#269 = DIRECTION ( 'NONE',  ( -0.000000000000000000, -0.000000000000000000, -1.000000000000000000 ) ) ;
#270 = CARTESIAN_POINT ( 'NONE',  ( 0.06200000000000002037, 0.05499999999999999334, 0.03150000000000000716 ) ) ;
#271 = LINE ( 'NONE', #656, #1493 ) ;
#272 = DIRECTION ( 'NONE',  ( 0.000000000000000000, -1.000000000000000000, 0.000000000000000000 ) ) ;
#273 = ORIENTED_EDGE ( 'NONE', *, *, #1446, .T. ) ;
#274 = VERTEX_POINT ( 'NONE', #397 ) ;
#275 = DIRECTION ( 'NONE',  ( 1.000000000000000000, 0.000000000000000000, 6.402768735150619322E-16 ) ) ;
#276 = LINE ( 'NONE', #640, #396 ) ;
#277 = CARTESIAN_POINT ( 'NONE',  ( 0.06300000000000002820, 0.05399999999999999245, -0.03049999999999999239 ) ) ;
#278 = AXIS2_PLACEMENT_3D ( 'NONE', #1142, #290, #62 ) ;
#279 = ORIENTED_EDGE ( 'NONE', *, *, #706, .F. ) ;
#280 = EDGE_CURVE ( 'NONE', #979, #837, #546, .T. ) ;
#281 = VERTEX_POINT ( 'NONE', #1235 ) ;
#282 = LINE ( 'NONE', #175, #1369 ) ;
#283 = EDGE_CURVE ( 'NONE', #346, #1501, #164, .T. ) ;
#284 = DIMENSIONAL_EXPONENTS ( 1.000000000000000000, 0.000000000000000000, 0.000000000000000000, 0.000000000000000000, 0.000000000000000000, 0.000000000000000000, 0.000000000000000000 ) ;
#285 = CARTESIAN_POINT ( 'NONE',  ( -0.06200000000000002037, 0.001000000000000003057, -0.03149999999999999328 ) ) ;
#286 = PRESENTATION_STYLE_ASSIGNMENT (( #745 ) ) ;
#287 = ORIENTED_EDGE ( 'NONE', *, *, #1242, .T. ) ;
#288 = VECTOR ( 'NONE', #1339, 39.37007874015748143 ) ;
#289 = DIRECTION ( 'NONE',  ( 1.000000000000000000, 0.000000000000000000, 1.355083330190607248E-16 ) ) ;
#290 = DIRECTION ( 'NONE',  ( -0.000000000000000000, -0.000000000000000000, -1.000000000000000000 ) ) ;
#291 = VERTEX_POINT ( 'NONE', #1489 ) ;
#292 = EDGE_CURVE ( 'NONE', #687, #1362, #264, .T. ) ;
#293 = CARTESIAN_POINT ( 'NONE',  ( 0.06300000000000002820, 0.001000000000000003057, -0.03149999999999999328 ) ) ;
#294 = ORIENTED_EDGE ( 'NONE', *, *, #1182, .F. ) ;
#295 = DIMENSIONAL_EXPONENTS ( 1.000000000000000000, 0.000000000000000000, 0.000000000000000000, 0.000000000000000000, 0.000000000000000000, 0.000000000000000000, 0.000000000000000000 ) ;
#296 =( NAMED_UNIT ( * ) SI_UNIT ( $, .STERADIAN. ) SOLID_ANGLE_UNIT ( ) );
#297 = ADVANCED_FACE ( 'NONE', ( #42 ), #1222, .T. ) ;
#298 = CARTESIAN_POINT ( 'NONE',  ( -0.04400000000000003908, 0.001000000000000003057, 0.03049999999999999586 ) ) ;
#299 = AXIS2_PLACEMENT_3D ( 'NONE', #557, #461, #1414 ) ;
#300 = ORIENTED_EDGE ( 'NONE', *, *, #246, .T. ) ;
#301 = LINE ( 'NONE', #69, #577 ) ;
#302 = CARTESIAN_POINT ( 'NONE',  ( -0.06200000000000002037, 0.05399999999999999245, 0.03050000000000000627 ) ) ;
#303 = DIRECTION ( 'NONE',  ( 0.000000000000000000, 0.000000000000000000, -1.000000000000000000 ) ) ;
#304 = ORIENTED_EDGE ( 'NONE', *, *, #883, .F. ) ;
#305 = EDGE_CURVE ( 'NONE', #260, #1491, #35, .T. ) ;
#306 = PRESENTATION_STYLE_ASSIGNMENT (( #404 ) ) ;
#307 = DIRECTION ( 'NONE',  ( -1.000000000000000000, -0.000000000000000000, -1.355083330190607248E-16 ) ) ;
#308 = VERTEX_POINT ( 'NONE', #511 ) ;
#309 = CARTESIAN_POINT ( 'NONE',  ( -0.04300000000000003819, 0.05399999999999999245, 0.03049999999999999586 ) ) ;
#310 = ORIENTED_EDGE ( 'NONE', *, *, #1000, .F. ) ;
#311 = LINE ( 'NONE', #343, #1093 ) ;
#312 = PRODUCT_RELATED_PRODUCT_CATEGORY ( 'part', '', ( #532 ) ) ;
#313 = VECTOR ( 'NONE', #1370, 39.37007874015748143 ) ;
#314 = EDGE_CURVE ( 'NONE', #422, #52, #282, .T. ) ;
#315 = LINE ( 'NONE', #785, #454 ) ;
#316 = AXIS2_PLACEMENT_3D ( 'NONE', #460, #216, #1153 ) ;
#317 = FACE_OUTER_BOUND ( 'NONE', #1352, .T. ) ;
#318 = ORIENTED_EDGE ( 'NONE', *, *, #676, .F. ) ;
#319 = CARTESIAN_POINT ( 'NONE',  ( -0.04400000000000003214, 0.05399999999999999245, -0.03049999999999999239 ) ) ;
#320 = ORIENTED_EDGE ( 'NONE', *, *, #1000, .T. ) ;
#321 = CARTESIAN_POINT ( 'NONE',  ( -0.04300000000000002431, 0.001000000000000003057, 0.03049999999999999586 ) ) ;
#322 = VECTOR ( 'NONE', #1490, 39.37007874015748143 ) ;
#323 = DIRECTION ( 'NONE',  ( 0.000000000000000000, 0.000000000000000000, 1.000000000000000000 ) ) ;
#324 = EDGE_CURVE ( 'NONE', #992, #599, #691, .T. ) ;
#325 = DIRECTION ( 'NONE',  ( 0.000000000000000000, 0.000000000000000000, -1.000000000000000000 ) ) ;
#326 = DIRECTION ( 'NONE',  ( 0.000000000000000000, -0.000000000000000000, 1.000000000000000000 ) ) ;
#327 = ORIENTED_EDGE ( 'NONE', *, *, #757, .F. ) ;
#328 = SPHERICAL_SURFACE ( 'NONE', #1433, 0.001000000000000000021 ) ;
#329 = CARTESIAN_POINT ( 'NONE',  ( -0.06200000000000002037, 0.05499999999999999334, 0.03150000000000000716 ) ) ;
#330 = CARTESIAN_POINT ( 'NONE',  ( 0.04400000000000003214, 0.05499999999999999334, -0.03149999999999999328 ) ) ;
#331 = VECTOR ( 'NONE', #1029, 39.37007874015748143 ) ;
#332 = ADVANCED_FACE ( 'NONE', ( #1480 ), #1367, .T. ) ;
#333 = DIRECTION ( 'NONE',  ( 0.000000000000000000, 1.000000000000000000, 0.000000000000000000 ) ) ;
#334 = EDGE_LOOP ( 'NONE', ( #46, #980, #1263, #1108 ) ) ;
#335 = LENGTH_MEASURE_WITH_UNIT ( LENGTH_MEASURE( 0.02539999999999999897 ), #888 );
#336 = DIRECTION ( 'NONE',  ( 1.355083330190607248E-16, 0.000000000000000000, 1.000000000000000000 ) ) ;
#337 = CARTESIAN_POINT ( 'NONE',  ( -0.04400000000000003214, 0.05499999999999999334, -0.03049999999999999239 ) ) ;
#338 = COLOUR_RGB ( '',0.7921568627450980005, 0.8196078431372548767, 0.9333333333333333481 ) ;
#339 = DIRECTION ( 'NONE',  ( -0.000000000000000000, 1.000000000000000000, -0.000000000000000000 ) ) ;
#340 = EDGE_LOOP ( 'NONE', ( #1001, #988, #66, #1143 ) ) ;
#341 = ORIENTED_EDGE ( 'NONE', *, *, #706, .T. ) ;
#342 = CIRCLE ( 'NONE', #1497, 0.0009999999999999987198 ) ;
#343 = CARTESIAN_POINT ( 'NONE',  ( -1.952844464220936581E-17, 0.000000000000000000, 0.03049999999999996811 ) ) ;
#344 = ADVANCED_FACE ( 'NONE', ( #389 ), #1346, .T. ) ;
#345 = DIRECTION ( 'NONE',  ( 1.355083330190607248E-16, 0.000000000000000000, 1.000000000000000000 ) ) ;
#346 = VERTEX_POINT ( 'NONE', #631 ) ;
#347 = SPHERICAL_SURFACE ( 'NONE', #831, 0.001000000000000000021 ) ;
#348 = DIRECTION ( 'NONE',  ( -0.000000000000000000, -1.000000000000000000, -0.000000000000000000 ) ) ;
#349 = FACE_OUTER_BOUND ( 'NONE', #939, .T. ) ;
#350 = FACE_OUTER_BOUND ( 'NONE', #696, .T. ) ;
#351 = EDGE_CURVE ( 'NONE', #761, #765, #1129, .T. ) ;
#352 = EDGE_CURVE ( 'NONE', #743, #944, #1119, .T. ) ;
#353 = DIRECTION ( 'NONE',  ( 0.000000000000000000, -0.000000000000000000, 1.000000000000000000 ) ) ;
#354 = EDGE_LOOP ( 'NONE', ( #846, #25, #24, #240 ) ) ;
#355 = DIRECTION ( 'NONE',  ( 0.000000000000000000, 0.000000000000000000, -1.000000000000000000 ) ) ;
#356 = CARTESIAN_POINT ( 'NONE',  ( -0.06300000000000002820, 0.05399999999999999245, -0.03149999999999999328 ) ) ;
#357 = AXIS2_PLACEMENT_3D ( 'NONE', #492, #1218, #1316 ) ;
#358 = FACE_OUTER_BOUND ( 'NONE', #158, .T. ) ;
#359 = CARTESIAN_POINT ( 'NONE',  ( 0.06300000000000002820, 0.001000000000000003057, -0.03049999999999999239 ) ) ;
#360 = ADVANCED_FACE ( 'NONE', ( #1381 ), #1045, .T. ) ;
#361 = LINE ( 'NONE', #258, #224 ) ;
#362 = ORIENTED_EDGE ( 'NONE', *, *, #820, .T. ) ;
#363 = ORIENTED_EDGE ( 'NONE', *, *, #1294, .T. ) ;
#364 = CARTESIAN_POINT ( 'NONE',  ( -0.06300000000000002820, 0.05499999999999999334, -0.03149999999999999328 ) ) ;
#365 = FACE_BOUND ( 'NONE', #617, .T. ) ;
#366 = DIRECTION ( 'NONE',  ( 0.000000000000000000, 0.000000000000000000, -1.000000000000000000 ) ) ;
#367 = FACE_OUTER_BOUND ( 'NONE', #965, .T. ) ;
#368 = EDGE_CURVE ( 'NONE', #1011, #979, #1157, .T. ) ;
#369 = ORIENTED_EDGE ( 'NONE', *, *, #305, .F. ) ;
#370 = VERTEX_POINT ( 'NONE', #183 ) ;
#371 = AXIS2_PLACEMENT_3D ( 'NONE', #1163, #567, #468 ) ;
#372 = FACE_OUTER_BOUND ( 'NONE', #717, .T. ) ;
#373 = CARTESIAN_POINT ( 'NONE',  ( -0.04400000000000003908, 0.05399999999999999245, 0.03049999999999999239 ) ) ;
#374 = CARTESIAN_POINT ( 'NONE',  ( -0.06200000000000002037, 0.05399999999999999245, 0.000000000000000000 ) ) ;
#375 = CARTESIAN_POINT ( 'NONE',  ( 0.06200000000000002037, 0.001000000000000003057, 0.03150000000000000716 ) ) ;
#376 = FACE_OUTER_BOUND ( 'NONE', #1391, .T. ) ;
#377 = VERTEX_POINT ( 'NONE', #670 ) ;
#378 = VERTEX_POINT ( 'NONE', #1516 ) ;
#379 = STYLED_ITEM ( 'NONE', ( #306 ), #1092 ) ;
#380 = DIRECTION ( 'NONE',  ( -1.000000000000000000, -0.000000000000000000, 0.000000000000000000 ) ) ;
#381 = LINE ( 'NONE', #840, #471 ) ;
#382 = CYLINDRICAL_SURFACE ( 'NONE', #1363, 0.001000000000000003057 ) ;
#383 = VECTOR ( 'NONE', #538, 39.37007874015748143 ) ;
#384 = EDGE_CURVE ( 'NONE', #40, #399, #423, .T. ) ;
#385 = LINE ( 'NONE', #265, #1031 ) ;
#386 = EDGE_LOOP ( 'NONE', ( #31, #618, #1245, #457 ) ) ;
#387 = ORIENTED_EDGE ( 'NONE', *, *, #1308, .T. ) ;
#388 = CARTESIAN_POINT ( 'NONE',  ( 0.04400000000000003214, 0.001000000000000000021, -0.03049999999999999239 ) ) ;
#389 = FACE_OUTER_BOUND ( 'NONE', #1189, .T. ) ;
#390 = AXIS2_PLACEMENT_3D ( 'NONE', #359, #849, #29 ) ;
#391 = DIRECTION ( 'NONE',  ( 0.000000000000000000, 0.000000000000000000, 1.000000000000000000 ) ) ;
#392 =( LENGTH_UNIT ( ) NAMED_UNIT ( * ) SI_UNIT ( $, .METRE. ) );
#393 = DIRECTION ( 'NONE',  ( 0.000000000000000000, -1.000000000000000000, 0.000000000000000000 ) ) ;
#394 = EDGE_LOOP ( 'NONE', ( #1017, #877, #124 ) ) ;
#395 = CARTESIAN_POINT ( 'NONE',  ( 0.06200000000000002037, 0.001000000000000000021, 0.03050000000000000627 ) ) ;
#396 = VECTOR ( 'NONE', #424, 39.37007874015748143 ) ;
#397 = CARTESIAN_POINT ( 'NONE',  ( -0.06200000000000002037, 0.000000000000000000, 0.03050000000000000627 ) ) ;
#398 = EDGE_CURVE ( 'NONE', #1535, #1011, #445, .T. ) ;
#399 = VERTEX_POINT ( 'NONE', #1037 ) ;
#400 = CLOSED_SHELL ( 'NONE', ( #453, #1341, #602, #1468, #581, #1307, #1066, #1313, #360, #1397, #21, #985, #103, #762, #1524, #1407, #896, #1002, #1368, #1014, #188, #199, #127, #564, #1043, #730 ) ) ;
#401 = UNCERTAINTY_MEASURE_WITH_UNIT (LENGTH_MEASURE( 1.000000000000000082E-05 ), #689, 'distance_accuracy_value', 'NONE');
#402 =( LENGTH_UNIT ( ) NAMED_UNIT ( * ) SI_UNIT ( $, .METRE. ) );
#403 = EDGE_CURVE ( 'NONE', #802, #1409, #251, .T. ) ;
#404 = SURFACE_STYLE_USAGE ( .BOTH. , #514 ) ;
#405 = ORIENTED_EDGE ( 'NONE', *, *, #568, .T. ) ;
#406 = CARTESIAN_POINT ( 'NONE',  ( 0.04400000000000003214, 0.05399999999999999245, -0.03049999999999999239 ) ) ;
#407 = CARTESIAN_POINT ( 'NONE',  ( -0.06200000000000002037, 0.05399999999999999245, -0.03049999999999999239 ) ) ;
#408 = FILL_AREA_STYLE_COLOUR ( '', #1192 ) ;
#409 = VECTOR ( 'NONE', #848, 39.37007874015748143 ) ;
#410 = ORIENTED_EDGE ( 'NONE', *, *, #292, .F. ) ;
#411 = ADVANCED_FACE ( 'NONE', ( #1269 ), #1255, .F. ) ;
#412 = CARTESIAN_POINT ( 'NONE',  ( 1.952844464220936581E-17, 0.05399999999999999245, 0.03049999999999996811 ) ) ;
#413 = EDGE_LOOP ( 'NONE', ( #74, #1046, #523 ) ) ;
#414 = DIRECTION ( 'NONE',  ( 0.000000000000000000, 0.000000000000000000, 1.000000000000000000 ) ) ;
#415 = VECTOR ( 'NONE', #143, 39.37007874015748143 ) ;
#416 = DIRECTION ( 'NONE',  ( 1.355083330190607248E-16, 0.000000000000000000, 1.000000000000000000 ) ) ;
#417 = CARTESIAN_POINT ( 'NONE',  ( -0.04400000000000003908, 0.001000000000000000021, 0.03049999999999999239 ) ) ;
#418 = ORIENTED_EDGE ( 'NONE', *, *, #632, .T. ) ;
#419 = AXIS2_PLACEMENT_3D ( 'NONE', #1199, #130, #603 ) ;
#420 =( CONVERSION_BASED_UNIT ( 'INCH', #1149 ) LENGTH_UNIT ( ) NAMED_UNIT ( #295 ) );
#421 = CARTESIAN_POINT ( 'NONE',  ( -0.04400000000000003908, 0.05399999999999999245, 0.03049999999999999239 ) ) ;
#422 = VERTEX_POINT ( 'NONE', #891 ) ;
#423 = LINE ( 'NONE', #1150, #793 ) ;
#424 = DIRECTION ( 'NONE',  ( -0.000000000000000000, 1.000000000000000000, -0.000000000000000000 ) ) ;
#425 = LINE ( 'NONE', #1223, #1315 ) ;
#426 = EDGE_LOOP ( 'NONE', ( #853, #266, #1202, #63 ) ) ;
#427 = SURFACE_STYLE_FILL_AREA ( #754 ) ;
#428 = DIRECTION ( 'NONE',  ( 1.000000000000000000, 0.000000000000000000, 0.000000000000000000 ) ) ;
#429 = EDGE_LOOP ( 'NONE', ( #693, #1219, #171 ) ) ;
#430 = DIRECTION ( 'NONE',  ( 4.268512490100398287E-15, -0.000000000000000000, -1.000000000000000000 ) ) ;
#431 = ORIENTED_EDGE ( 'NONE', *, *, #237, .T. ) ;
#432 = CARTESIAN_POINT ( 'NONE',  ( -0.04400000000000003214, 0.05399999999999999245, -0.03049999999999999239 ) ) ;
#433 = CIRCLE ( 'NONE', #509, 0.0009999999999999987198 ) ;
#434 = AXIS2_PLACEMENT_3D ( 'NONE', #230, #971, #146 ) ;
#435 = CARTESIAN_POINT ( 'NONE',  ( 0.06200000000000002037, 0.001000000000000003057, 0.03050000000000000627 ) ) ;
#436 = DIRECTION ( 'NONE',  ( -1.000000000000000000, -0.000000000000000000, -1.355083330190607248E-16 ) ) ;
#437 = LINE ( 'NONE', #675, #1006 ) ;
#438 = ORIENTED_EDGE ( 'NONE', *, *, #1010, .T. ) ;
#439 = DIRECTION ( 'NONE',  ( 0.000000000000000000, -1.000000000000000000, 0.000000000000000000 ) ) ;
#440 = PRESENTATION_LAYER_ASSIGNMENT (  '', '', ( #1216 ) ) ;
#441 = DIRECTION ( 'NONE',  ( 0.000000000000000000, 0.000000000000000000, 1.000000000000000000 ) ) ;
#442 = CARTESIAN_POINT ( 'NONE',  ( 0.1238084154033476797, 0.05399999999999999245, 0.03050000000000002015 ) ) ;
#443 = AXIS2_PLACEMENT_3D ( 'NONE', #738, #1139, #873 ) ;
#444 = DIRECTION ( 'NONE',  ( 1.000000000000000000, 0.000000000000000000, 0.000000000000000000 ) ) ;
#445 = LINE ( 'NONE', #661, #129 ) ;
#446 = CARTESIAN_POINT ( 'NONE',  ( 0.04400000000000003214, 0.05399999999999999245, -5.962366652838675886E-18 ) ) ;
#447 = ORIENTED_EDGE ( 'NONE', *, *, #593, .T. ) ;
#448 = DIRECTION ( 'NONE',  ( 0.000000000000000000, -1.000000000000000000, 4.268512490100410909E-15 ) ) ;
#449 = DIRECTION ( 'NONE',  ( 1.000000000000000000, 0.000000000000000000, 0.000000000000000000 ) ) ;
#450 = LINE ( 'NONE', #556, #1470 ) ;
#451 = CARTESIAN_POINT ( 'NONE',  ( -0.04400000000000003908, 0.000000000000000000, 0.03049999999999999239 ) ) ;
#452 = FILL_AREA_STYLE ('',( #1293 ) ) ;
#453 = ADVANCED_FACE ( 'NONE', ( #1025 ), #456, .F. ) ;
#454 = VECTOR ( 'NONE', #1053, 39.37007874015748143 ) ;
#455 = CIRCLE ( 'NONE', #648, 0.001000000000000003057 ) ;
#456 = PLANE ( 'NONE',  #851 ) ;
#457 = ORIENTED_EDGE ( 'NONE', *, *, #1033, .F. ) ;
#458 = DIRECTION ( 'NONE',  ( 0.000000000000000000, -1.000000000000000000, 4.268512490100410909E-15 ) ) ;
#459 = DIRECTION ( 'NONE',  ( 0.000000000000000000, 0.000000000000000000, 1.000000000000000000 ) ) ;
#460 = CARTESIAN_POINT ( 'NONE',  ( -0.04400000000000003214, 0.05399999999999999245, -5.962366652838675886E-18 ) ) ;
#461 = DIRECTION ( 'NONE',  ( 0.000000000000000000, 0.000000000000000000, -1.000000000000000000 ) ) ;
#462 = EDGE_CURVE ( 'NONE', #1464, #1113, #570, .T. ) ;
#463 = AXIS2_PLACEMENT_3D ( 'NONE', #1094, #605, #1447 ) ;
#464 = CARTESIAN_POINT ( 'NONE',  ( 0.06200000000000002037, 0.05399999999999999245, -0.03049999999999999239 ) ) ;
#465 = ORIENTED_EDGE ( 'NONE', *, *, #1071, .T. ) ;
#466 = FACE_OUTER_BOUND ( 'NONE', #1510, .T. ) ;
#467 = ORIENTED_EDGE ( 'NONE', *, *, #184, .T. ) ;
#468 = DIRECTION ( 'NONE',  ( 0.000000000000000000, -0.000000000000000000, 1.000000000000000000 ) ) ;
#469 = ADVANCED_FACE ( 'NONE', ( #1278 ), #1374, .T. ) ;
#470 = ORIENTED_EDGE ( 'NONE', *, *, #1511, .F. ) ;
#471 = VECTOR ( 'NONE', #225, 39.37007874015748143 ) ;
#472 =( NAMED_UNIT ( * ) PLANE_ANGLE_UNIT ( ) SI_UNIT ( $, .RADIAN. ) );
#473 = ORIENTED_EDGE ( 'NONE', *, *, #384, .T. ) ;
#474 = AXIS2_PLACEMENT_3D ( 'NONE', #162, #1104, #414 ) ;
#475 = CYLINDRICAL_SURFACE ( 'NONE', #20, 0.0009999999999999987198 ) ;
#476 = CARTESIAN_POINT ( 'NONE',  ( 0.04300000000000002431, 0.05399999999999999245, 0.03050000000000000627 ) ) ;
#477 = ORIENTED_EDGE ( 'NONE', *, *, #1206, .T. ) ;
#478 = SURFACE_STYLE_USAGE ( .BOTH. , #694 ) ;
#479 = DIRECTION ( 'NONE',  ( 0.000000000000000000, 0.000000000000000000, -1.000000000000000000 ) ) ;
#480 = DIRECTION ( 'NONE',  ( -0.000000000000000000, 0.000000000000000000, 1.000000000000000000 ) ) ;
#481 = DIRECTION ( 'NONE',  ( 0.000000000000000000, -1.000000000000000000, 0.000000000000000000 ) ) ;
#482 = EDGE_CURVE ( 'NONE', #370, #232, #548, .T. ) ;
#483 = AXIS2_PLACEMENT_3D ( 'NONE', #319, #449, #921 ) ;
#484 = DIRECTION ( 'NONE',  ( 0.000000000000000000, 0.000000000000000000, -1.000000000000000000 ) ) ;
#485 = ORIENTED_EDGE ( 'NONE', *, *, #835, .F. ) ;
#486 = VERTEX_POINT ( 'NONE', #1495 ) ;
#487 = DIRECTION ( 'NONE',  ( 1.000000000000000000, -0.000000000000000000, -0.000000000000000000 ) ) ;
#488 = DIRECTION ( 'NONE',  ( 0.000000000000000000, -1.000000000000000000, 0.000000000000000000 ) ) ;
#489 = CARTESIAN_POINT ( 'NONE',  ( 0.06300000000000002820, 0.05499999999999999334, -0.03049999999999999239 ) ) ;
#490 = EDGE_CURVE ( 'NONE', #232, #520, #93, .T. ) ;
#491 =( GEOMETRIC_REPRESENTATION_CONTEXT ( 3 ) GLOBAL_UNCERTAINTY_ASSIGNED_CONTEXT ( ( #993 ) ) GLOBAL_UNIT_ASSIGNED_CONTEXT ( ( #420, #1124, #296 ) ) REPRESENTATION_CONTEXT ( 'NONE', 'WORKASPACE' ) );
#492 = CARTESIAN_POINT ( 'NONE',  ( 0.06200000000000002037, 0.001000000000000000021, 0.03050000000000000627 ) ) ;
#493 = VECTOR ( 'NONE', #841, 39.37007874015748143 ) ;
#494 = ORIENTED_EDGE ( 'NONE', *, *, #1187, .T. ) ;
#495 = ORIENTED_EDGE ( 'NONE', *, *, #903, .T. ) ;
#496 = FACE_OUTER_BOUND ( 'NONE', #1318, .T. ) ;
#497 = LINE ( 'NONE', #1331, #1126 ) ;
#498 = CARTESIAN_POINT ( 'NONE',  ( -0.04400000000000003214, 0.05399999999999999245, -0.03049999999999999239 ) ) ;
#499 = PRODUCT_DEFINITION_CONTEXT ( 'detailed design', #195, 'design' ) ;
#500 = CARTESIAN_POINT ( 'NONE',  ( -0.04300000000000002431, 0.05399999999999999245, 0.03049999999999999586 ) ) ;
#501 = ORIENTED_EDGE ( 'NONE', *, *, #179, .T. ) ;
#502 = ORIENTED_EDGE ( 'NONE', *, *, #714, .F. ) ;
#503 = DIRECTION ( 'NONE',  ( 0.000000000000000000, 1.000000000000000000, 0.000000000000000000 ) ) ;
#504 = CARTESIAN_POINT ( 'NONE',  ( 0.06300000000000002820, 0.05499999999999999334, -0.03149999999999999328 ) ) ;
#505 = CYLINDRICAL_SURFACE ( 'NONE', #47, 0.0009999999999999987198 ) ;
#506 = CARTESIAN_POINT ( 'NONE',  ( -0.06200000000000002037, 0.001000000000000003057, -0.03049999999999999239 ) ) ;
#507 = ORIENTED_EDGE ( 'NONE', *, *, #872, .T. ) ;
#508 = ORIENTED_EDGE ( 'NONE', *, *, #513, .F. ) ;
#509 = AXIS2_PLACEMENT_3D ( 'NONE', #1264, #779, #684 ) ;
#510 = DIRECTION ( 'NONE',  ( 0.000000000000000000, 0.000000000000000000, 1.000000000000000000 ) ) ;
#511 = CARTESIAN_POINT ( 'NONE',  ( -0.04300000000000002431, 0.001000000000000003057, -0.03049999999999999239 ) ) ;
#512 = AXIS2_PLACEMENT_3D ( 'NONE', #1372, #1003, #39 ) ;
#513 = EDGE_CURVE ( 'NONE', #250, #623, #1400, .T. ) ;
#514 = SURFACE_SIDE_STYLE ('',( #427 ) ) ;
#515 = VERTEX_POINT ( 'NONE', #1285 ) ;
#516 = CIRCLE ( 'NONE', #665, 0.0009999999999999987198 ) ;
#517 = DIRECTION ( 'NONE',  ( 0.000000000000000000, 0.000000000000000000, 1.000000000000000000 ) ) ;
#518 = EDGE_CURVE ( 'NONE', #902, #1362, #1012, .T. ) ;
#519 = EDGE_CURVE ( 'NONE', #1239, #1535, #301, .T. ) ;
#520 = VERTEX_POINT ( 'NONE', #898 ) ;
#521 = VECTOR ( 'NONE', #488, 39.37007874015748143 ) ;
#522 = SPHERICAL_SURFACE ( 'NONE', #806, 0.001000000000000000021 ) ;
#523 = ORIENTED_EDGE ( 'NONE', *, *, #1010, .F. ) ;
#524 = AXIS2_PLACEMENT_3D ( 'NONE', #193, #1154, #82 ) ;
#525 = DIRECTION ( 'NONE',  ( 0.000000000000000000, 0.000000000000000000, 1.000000000000000000 ) ) ;
#526 = EDGE_LOOP ( 'NONE', ( #787, #447, #279 ) ) ;
#527 = PRODUCT_DEFINITION ( 'UNKNOWN', '', #984, #499 ) ;
#528 = EDGE_CURVE ( 'NONE', #687, #1424, #315, .T. ) ;
#529 = EDGE_CURVE ( 'NONE', #378, #1011, #763, .T. ) ;
#530 = CYLINDRICAL_SURFACE ( 'NONE', #604, 0.0009999999999999987198 ) ;
#531 = EDGE_LOOP ( 'NONE', ( #780, #822, #818 ) ) ;
#532 = PRODUCT ( '2450AT18A0100001E', '2450AT18A0100001E', '', ( #1422 ) ) ;
#533 = CYLINDRICAL_SURFACE ( 'NONE', #194, 0.0009999999999999987198 ) ;
#534 =( NAMED_UNIT ( * ) SI_UNIT ( $, .STERADIAN. ) SOLID_ANGLE_UNIT ( ) );
#535 = AXIS2_PLACEMENT_3D ( 'NONE', #767, #1253, #652 ) ;
#536 = ORIENTED_EDGE ( 'NONE', *, *, #169, .F. ) ;
#537 = ADVANCED_FACE ( 'NONE', ( #578 ), #104, .F. ) ;
#538 = DIRECTION ( 'NONE',  ( 1.000000000000000000, 0.000000000000000000, 4.976392559733905062E-17 ) ) ;
#539 = EDGE_LOOP ( 'NONE', ( #651, #405, #273, #1344 ) ) ;
#540 = CARTESIAN_POINT ( 'NONE',  ( -0.06300000000000002820, 0.05499999999999999334, -0.03149999999999999328 ) ) ;
#541 = VECTOR ( 'NONE', #17, 39.37007874015748143 ) ;
#542 = DIMENSIONAL_EXPONENTS ( 1.000000000000000000, 0.000000000000000000, 0.000000000000000000, 0.000000000000000000, 0.000000000000000000, 0.000000000000000000, 0.000000000000000000 ) ;
#543 = DIRECTION ( 'NONE',  ( -1.000000000000000000, -0.000000000000000000, -1.355083330190607248E-16 ) ) ;
#544 = ORIENTED_EDGE ( 'NONE', *, *, #246, .F. ) ;
#545 = DIRECTION ( 'NONE',  ( 0.000000000000000000, 0.000000000000000000, -1.000000000000000000 ) ) ;
#546 = CIRCLE ( 'NONE', #1423, 0.0009999999999999987198 ) ;
#547 = ORIENTED_EDGE ( 'NONE', *, *, #777, .T. ) ;
#548 = LINE ( 'NONE', #1166, #776 ) ;
#549 = CYLINDRICAL_SURFACE ( 'NONE', #1082, 0.0009999999999999987198 ) ;
#550 = ORIENTED_EDGE ( 'NONE', *, *, #1485, .T. ) ;
#551 = DIRECTION ( 'NONE',  ( 1.000000000000000000, -0.000000000000000000, 6.402768735150619322E-16 ) ) ;
#552 = EDGE_CURVE ( 'NONE', #902, #346, #647, .T. ) ;
#553 = DIRECTION ( 'NONE',  ( -1.000000000000000000, -0.000000000000000000, -0.000000000000000000 ) ) ;
#554 = CARTESIAN_POINT ( 'NONE',  ( 0.06300000000000002820, 0.001000000000000003057, 0.03050000000000000627 ) ) ;
#555 = ORIENTED_EDGE ( 'NONE', *, *, #844, .F. ) ;
#556 = CARTESIAN_POINT ( 'NONE',  ( -0.04300000000000003819, 0.05399999999999999245, 0.03149999999999999328 ) ) ;
#557 = CARTESIAN_POINT ( 'NONE',  ( -0.04400000000000003214, 0.001000000000000003057, -0.03049999999999999239 ) ) ;
#558 = AXIS2_PLACEMENT_3D ( 'NONE', #1311, #937, #479 ) ;
#559 = CIRCLE ( 'NONE', #934, 0.0009999999999999987198 ) ;
#560 = CARTESIAN_POINT ( 'NONE',  ( 0.04400000000000003908, 0.001000000000000000021, 0.03049999999999999239 ) ) ;
#561 = DIRECTION ( 'NONE',  ( -0.000000000000000000, 0.000000000000000000, -1.000000000000000000 ) ) ;
#562 = LINE ( 'NONE', #1295, #702 ) ;
#563 = EDGE_LOOP ( 'NONE', ( #341, #1430, #153, #725 ) ) ;
#564 = ADVANCED_FACE ( 'NONE', ( #803 ), #791, .T. ) ;
#565 = VECTOR ( 'NONE', #436, 39.37007874015748143 ) ;
#566 = CARTESIAN_POINT ( 'NONE',  ( -0.04300000000000002431, 0.001000000000000003057, 0.03049999999999999586 ) ) ;
#567 = DIRECTION ( 'NONE',  ( -0.000000000000000000, 1.000000000000000000, 0.000000000000000000 ) ) ;
#568 = EDGE_CURVE ( 'NONE', #1518, #308, #1532, .T. ) ;
#569 = DIRECTION ( 'NONE',  ( 1.000000000000000000, 0.000000000000000000, 0.000000000000000000 ) ) ;
#570 = LINE ( 'NONE', #196, #565 ) ;
#571 = VERTEX_POINT ( 'NONE', #932 ) ;
#572 = DIRECTION ( 'NONE',  ( 1.000000000000000000, -0.000000000000000000, -0.000000000000000000 ) ) ;
#573 = PLANE ( 'NONE',  #1227 ) ;
#574 = CYLINDRICAL_SURFACE ( 'NONE', #316, 0.001000000000000003057 ) ;
#575 = PLANE ( 'NONE',  #95 ) ;
#576 = EDGE_CURVE ( 'NONE', #308, #1424, #172, .T. ) ;
#577 = VECTOR ( 'NONE', #428, 39.37007874015748143 ) ;
#578 = FACE_OUTER_BOUND ( 'NONE', #1465, .T. ) ;
#579 = ORIENTED_EDGE ( 'NONE', *, *, #1513, .T. ) ;
#580 = DIRECTION ( 'NONE',  ( 1.000000000000000000, 0.000000000000000000, 0.000000000000000000 ) ) ;
#581 = ADVANCED_FACE ( 'NONE', ( #905 ), #217, .T. ) ;
#582 = VERTEX_POINT ( 'NONE', #321 ) ;
#583 = DIRECTION ( 'NONE',  ( 1.000000000000000000, 0.000000000000000000, 6.402768735150619322E-16 ) ) ;
#584 = AXIS2_PLACEMENT_3D ( 'NONE', #1520, #695, #303 ) ;
#585 = DIRECTION ( 'NONE',  ( -1.000000000000000000, -0.000000000000000000, 0.000000000000000000 ) ) ;
#586 = VERTEX_POINT ( 'NONE', #1023 ) ;
#587 = ORIENTED_EDGE ( 'NONE', *, *, #1396, .F. ) ;
#588 = DIRECTION ( 'NONE',  ( -0.000000000000000000, 1.000000000000000000, -0.000000000000000000 ) ) ;
#589 = VECTOR ( 'NONE', #588, 39.37007874015748143 ) ;
#590 = DIRECTION ( 'NONE',  ( 1.355083330190607248E-16, -0.000000000000000000, 1.000000000000000000 ) ) ;
#591 = ORIENTED_EDGE ( 'NONE', *, *, #207, .F. ) ;
#592 = AXIS2_PLACEMENT_3D ( 'NONE', #374, #119, #720 ) ;
#593 = EDGE_CURVE ( 'NONE', #599, #178, #1247, .T. ) ;
#594 = LINE ( 'NONE', #1064, #493 ) ;
#595 = VECTOR ( 'NONE', #391, 39.37007874015748143 ) ;
#596 = DIRECTION ( 'NONE',  ( -1.000000000000000000, -0.000000000000000000, -1.355083330190607248E-16 ) ) ;
#597 = VECTOR ( 'NONE', #553, 39.37007874015748143 ) ;
#598 = CIRCLE ( 'NONE', #794, 0.0009999999999999987198 ) ;
#599 = VERTEX_POINT ( 'NONE', #337 ) ;
#600 = DIRECTION ( 'NONE',  ( 0.000000000000000000, 0.000000000000000000, -1.000000000000000000 ) ) ;
#601 = DIRECTION ( 'NONE',  ( -0.000000000000000000, 1.000000000000000000, 0.000000000000000000 ) ) ;
#602 = ADVANCED_FACE ( 'NONE', ( #1148 ), #819, .F. ) ;
#603 = DIRECTION ( 'NONE',  ( 0.000000000000000000, 0.000000000000000000, 1.000000000000000000 ) ) ;
#604 = AXIS2_PLACEMENT_3D ( 'NONE', #412, #1351, #1487 ) ;
#605 = DIRECTION ( 'NONE',  ( 0.000000000000000000, -4.268512490100399076E-15, -1.000000000000000000 ) ) ;
#606 = ORIENTED_EDGE ( 'NONE', *, *, #462, .F. ) ;
#607 = VERTEX_POINT ( 'NONE', #451 ) ;
#608 = VECTOR ( 'NONE', #947, 39.37007874015748143 ) ;
#609 = CYLINDRICAL_SURFACE ( 'NONE', #938, 0.0009999999999999987198 ) ;
#610 = SURFACE_SIDE_STYLE ('',( #792 ) ) ;
#611 = DIRECTION ( 'NONE',  ( 0.000000000000000000, 0.000000000000000000, 1.000000000000000000 ) ) ;
#612 = EDGE_CURVE ( 'NONE', #979, #660, #1200, .T. ) ;
#613 = DIRECTION ( 'NONE',  ( 0.000000000000000000, 0.000000000000000000, 1.000000000000000000 ) ) ;
#614 = CIRCLE ( 'NONE', #140, 0.0009999999999999987198 ) ;
#615 = FACE_OUTER_BOUND ( 'NONE', #413, .T. ) ;
#616 = VECTOR ( 'NONE', #543, 39.37007874015748143 ) ;
#617 = EDGE_LOOP ( 'NONE', ( #1280, #1479, #735, #778 ) ) ;
#618 = ORIENTED_EDGE ( 'NONE', *, *, #283, .F. ) ;
#619 = PLANE ( 'NONE',  #92 ) ;
#620 = DIRECTION ( 'NONE',  ( 0.000000000000000000, -1.000000000000000000, 0.000000000000000000 ) ) ;
#621 = FACE_OUTER_BOUND ( 'NONE', #426, .T. ) ;
#622 = DIRECTION ( 'NONE',  ( 0.000000000000000000, 1.000000000000000000, 0.000000000000000000 ) ) ;
#623 = VERTEX_POINT ( 'NONE', #101 ) ;
#624 = CARTESIAN_POINT ( 'NONE',  ( -0.04300000000000002431, 0.001000000000000003057, -0.03049999999999999239 ) ) ;
#625 = CARTESIAN_POINT ( 'NONE',  ( -0.06200000000000002037, 0.001000000000000000021, -0.03049999999999999239 ) ) ;
#626 = CARTESIAN_POINT ( 'NONE',  ( 0.1238084154033476797, 0.05399999999999999245, -0.03049999999999997158 ) ) ;
#627 = EDGE_CURVE ( 'NONE', #1417, #599, #697, .T. ) ;
#628 = EDGE_LOOP ( 'NONE', ( #1472, #190, #634, #1521 ) ) ;
#629 = EDGE_CURVE ( 'NONE', #370, #148, #53, .T. ) ;
#630 = VECTOR ( 'NONE', #1021, 39.37007874015748143 ) ;
#631 = CARTESIAN_POINT ( 'NONE',  ( -0.06200000000000002037, 0.05499999999999999334, -0.03049999999999999239 ) ) ;
#632 = EDGE_CURVE ( 'NONE', #52, #660, #940, .T. ) ;
#633 = CIRCLE ( 'NONE', #904, 0.0009999999999999987198 ) ;
#634 = ORIENTED_EDGE ( 'NONE', *, *, #1019, .T. ) ;
#635 =( GEOMETRIC_REPRESENTATION_CONTEXT ( 3 ) GLOBAL_UNCERTAINTY_ASSIGNED_CONTEXT ( ( #401 ) ) GLOBAL_UNIT_ASSIGNED_CONTEXT ( ( #689, #681, #102 ) ) REPRESENTATION_CONTEXT ( 'NONE', 'WORKASPACE' ) );
#636 = PLANE ( 'NONE',  #512 ) ;
#637 = ORIENTED_EDGE ( 'NONE', *, *, #1133, .F. ) ;
#638 = ORIENTED_EDGE ( 'NONE', *, *, #207, .T. ) ;
#639 = COLOUR_RGB ( '',0.7921568627450980005, 0.8196078431372548767, 0.9333333333333333481 ) ;
#640 = CARTESIAN_POINT ( 'NONE',  ( 0.04400000000000003908, 0.05499999999999999334, 0.03149999999999999328 ) ) ;
#641 = CARTESIAN_POINT ( 'NONE',  ( 0.04300000000000002431, 0.05399999999999999245, -0.03049999999999999239 ) ) ;
#642 = EDGE_CURVE ( 'NONE', #274, #687, #1292, .T. ) ;
#643 = ORIENTED_EDGE ( 'NONE', *, *, #1511, .T. ) ;
#644 = LINE ( 'NONE', #1134, #383 ) ;
#645 = ORIENTED_EDGE ( 'NONE', *, *, #1241, .F. ) ;
#646 = CARTESIAN_POINT ( 'NONE',  ( -0.06200000000000002037, 0.05499999999999999334, -0.03149999999999999328 ) ) ;
#647 = CIRCLE ( 'NONE', #108, 0.001000000000000003057 ) ;
#648 = AXIS2_PLACEMENT_3D ( 'NONE', #770, #1020, #1348 ) ;
#649 = AXIS2_PLACEMENT_3D ( 'NONE', #154, #275, #1233 ) ;
#650 = EDGE_CURVE ( 'NONE', #1175, #291, #209, .T. ) ;
#651 = ORIENTED_EDGE ( 'NONE', *, *, #1182, .T. ) ;
#652 = DIRECTION ( 'NONE',  ( 1.000000000000000000, 0.000000000000000000, 0.000000000000000000 ) ) ;
#653 = ORIENTED_EDGE ( 'NONE', *, *, #850, .F. ) ;
#654 = DIRECTION ( 'NONE',  ( 1.000000000000000000, -0.000000000000000000, 0.000000000000000000 ) ) ;
#655 = DIRECTION ( 'NONE',  ( 0.000000000000000000, 0.000000000000000000, -1.000000000000000000 ) ) ;
#656 = CARTESIAN_POINT ( 'NONE',  ( -0.04300000000000003819, 0.05499999999999999334, 0.03049999999999999239 ) ) ;
#657 = ORIENTED_EDGE ( 'NONE', *, *, #1485, .F. ) ;
#658 = AXIS2_PLACEMENT_3D ( 'NONE', #1176, #1302, #448 ) ;
#659 = DIRECTION ( 'NONE',  ( 0.000000000000000000, 0.000000000000000000, -1.000000000000000000 ) ) ;
#660 = VERTEX_POINT ( 'NONE', #688 ) ;
#661 = CARTESIAN_POINT ( 'NONE',  ( 0.06200000000000002037, 0.05499999999999999334, -0.03149999999999999328 ) ) ;
#662 = CARTESIAN_POINT ( 'NONE',  ( 0.04300000000000002431, 0.001000000000000003057, -0.03049999999999999239 ) ) ;
#663 = CARTESIAN_POINT ( 'NONE',  ( 0.04400000000000003214, 0.05399999999999999245, -0.03149999999999999328 ) ) ;
#664 = ADVANCED_FACE ( 'NONE', ( #1173 ), #575, .F. ) ;
#665 = AXIS2_PLACEMENT_3D ( 'NONE', #707, #145, #1185 ) ;
#666 = ORIENTED_EDGE ( 'NONE', *, *, #482, .F. ) ;
#667 = AXIS2_PLACEMENT_3D ( 'NONE', #1041, #924, #336 ) ;
#668 = DIRECTION ( 'NONE',  ( 0.000000000000000000, 0.000000000000000000, -1.000000000000000000 ) ) ;
#669 = AXIS2_PLACEMENT_3D ( 'NONE', #625, #269, #997 ) ;
#670 = CARTESIAN_POINT ( 'NONE',  ( -0.04400000000000003214, 0.001000000000000003057, -0.03149999999999999328 ) ) ;
#671 = CARTESIAN_POINT ( 'NONE',  ( 0.000000000000000000, 0.05399999999999999245, -0.03049999999999999239 ) ) ;
#672 = EDGE_LOOP ( 'NONE', ( #1337, #418, #214, #239 ) ) ;
#673 = DIRECTION ( 'NONE',  ( 1.355083330190607248E-16, 0.000000000000000000, -1.000000000000000000 ) ) ;
#674 = CARTESIAN_POINT ( 'NONE',  ( 0.06200000000000002037, 0.05399999999999999245, 0.03050000000000000627 ) ) ;
#675 = CARTESIAN_POINT ( 'NONE',  ( -0.06300000000000002820, 0.05499999999999999334, 0.03050000000000000627 ) ) ;
#676 = EDGE_CURVE ( 'NONE', #1356, #761, #311, .T. ) ;
#677 = CARTESIAN_POINT ( 'NONE',  ( -0.04300000000000002431, 0.05399999999999999245, -0.03049999999999999239 ) ) ;
#678 = DIRECTION ( 'NONE',  ( -1.000000000000000000, -0.000000000000000000, -0.000000000000000000 ) ) ;
#679 = DIRECTION ( 'NONE',  ( -1.000000000000000000, 0.000000000000000000, 0.000000000000000000 ) ) ;
#680 = AXIS2_PLACEMENT_3D ( 'NONE', #417, #430, #1040 ) ;
#681 =( NAMED_UNIT ( * ) PLANE_ANGLE_UNIT ( ) SI_UNIT ( $, .RADIAN. ) );
#682 = DIRECTION ( 'NONE',  ( 0.000000000000000000, 1.000000000000000000, 0.000000000000000000 ) ) ;
#683 = EDGE_LOOP ( 'NONE', ( #747, #1252, #1271, #387 ) ) ;
#684 = DIRECTION ( 'NONE',  ( 0.000000000000000000, 0.000000000000000000, -1.000000000000000000 ) ) ;
#685 = AXIS2_PLACEMENT_3D ( 'NONE', #364, #1330, #253 ) ;
#686 = EDGE_CURVE ( 'NONE', #1239, #232, #859, .T. ) ;
#687 = VERTEX_POINT ( 'NONE', #248 ) ;
#688 = CARTESIAN_POINT ( 'NONE',  ( 0.04400000000000003214, 0.05499999999999999334, -0.03049999999999999239 ) ) ;
#689 =( CONVERSION_BASED_UNIT ( 'INCH', #719 ) LENGTH_UNIT ( ) NAMED_UNIT ( #542 ) );
#690 = DIRECTION ( 'NONE',  ( 0.000000000000000000, 0.000000000000000000, 1.000000000000000000 ) ) ;
#691 = CIRCLE ( 'NONE', #22, 0.0009999999999999987198 ) ;
#692 = CYLINDRICAL_SURFACE ( 'NONE', #1436, 0.0009999999999999987198 ) ;
#693 = ORIENTED_EDGE ( 'NONE', *, *, #552, .T. ) ;
#694 = SURFACE_SIDE_STYLE ('',( #1410 ) ) ;
#695 = DIRECTION ( 'NONE',  ( 0.000000000000000000, -1.000000000000000000, 0.000000000000000000 ) ) ;
#696 = EDGE_LOOP ( 'NONE', ( #142, #550, #287, #1061 ) ) ;
#697 = LINE ( 'NONE', #1050, #713 ) ;
#698 = ORIENTED_EDGE ( 'NONE', *, *, #757, .T. ) ;
#699 = ORIENTED_EDGE ( 'NONE', *, *, #1294, .F. ) ;
#700 = LINE ( 'NONE', #1332, #589 ) ;
#701 = CIRCLE ( 'NONE', #1503, 0.0009999999999999987198 ) ;
#702 = VECTOR ( 'NONE', #943, 39.37007874015748143 ) ;
#703 = EDGE_LOOP ( 'NONE', ( #1488, #1128, #1117, #1329 ) ) ;
#704 = DIRECTION ( 'NONE',  ( 1.000000000000000000, 0.000000000000000000, -0.000000000000000000 ) ) ;
#705 = DIRECTION ( 'NONE',  ( 1.000000000000000000, 0.000000000000000000, 0.000000000000000000 ) ) ;
#706 = EDGE_CURVE ( 'NONE', #992, #178, #1469, .T. ) ;
#707 = CARTESIAN_POINT ( 'NONE',  ( -0.04400000000000003214, 0.001000000000000000021, -0.03049999999999999239 ) ) ;
#708 = FACE_OUTER_BOUND ( 'NONE', #628, .T. ) ;
#709 = ORIENTED_EDGE ( 'NONE', *, *, #59, .T. ) ;
#710 = FACE_OUTER_BOUND ( 'NONE', #205, .T. ) ;
#711 = PLANE ( 'NONE',  #1325 ) ;
#712 = FACE_OUTER_BOUND ( 'NONE', #1009, .T. ) ;
#713 = VECTOR ( 'NONE', #201, 39.37007874015748143 ) ;
#714 = EDGE_CURVE ( 'NONE', #198, #838, #120, .T. ) ;
#715 = FACE_OUTER_BOUND ( 'NONE', #772, .T. ) ;
#716 = ORIENTED_EDGE ( 'NONE', *, *, #169, .T. ) ;
#717 = EDGE_LOOP ( 'NONE', ( #1069, #948, #591, #1178 ) ) ;
#718 = LINE ( 'NONE', #727, #415 ) ;
#719 = LENGTH_MEASURE_WITH_UNIT ( LENGTH_MEASURE( 0.02539999999999999897 ), #1514 );
#720 = DIRECTION ( 'NONE',  ( -1.000000000000000000, 0.000000000000000000, 0.000000000000000000 ) ) ;
#721 = CARTESIAN_POINT ( 'NONE',  ( -0.06200000000000002037, 0.05499999999999999334, 0.03050000000000000627 ) ) ;
#722 = UNCERTAINTY_MEASURE_WITH_UNIT (LENGTH_MEASURE( 1.000000000000000082E-05 ), #1055, 'distance_accuracy_value', 'NONE');
#723 = CARTESIAN_POINT ( 'NONE',  ( 0.04300000000000002431, 0.05499999999999999334, -0.03149999999999999328 ) ) ;
#724 = ORIENTED_EDGE ( 'NONE', *, *, #1265, .F. ) ;
#725 = ORIENTED_EDGE ( 'NONE', *, *, #1513, .F. ) ;
#726 = VECTOR ( 'NONE', #1270, 39.37007874015748143 ) ;
#727 = CARTESIAN_POINT ( 'NONE',  ( 0.06200000000000002037, 0.05499999999999999334, 0.03150000000000000716 ) ) ;
#728 = CARTESIAN_POINT ( 'NONE',  ( -0.04300000000000002431, 0.05399999999999999245, -0.03049999999999999239 ) ) ;
#729 = CARTESIAN_POINT ( 'NONE',  ( 0.04300000000000002431, 0.05399999999999999245, -0.03049999999999998546 ) ) ;
#730 = ADVANCED_FACE ( 'NONE', ( #961 ), #235, .T. ) ;
#731 = MECHANICAL_DESIGN_GEOMETRIC_PRESENTATION_REPRESENTATION (  '', ( #1216 ), #635 ) ;
#732 = ADVANCED_FACE ( 'NONE', ( #350 ), #11, .T. ) ;
#733 = CARTESIAN_POINT ( 'NONE',  ( 0.04300000000000003819, 0.05499999999999999334, 0.03049999999999999586 ) ) ;
#734 = ORIENTED_EDGE ( 'NONE', *, *, #1462, .F. ) ;
#735 = ORIENTED_EDGE ( 'NONE', *, *, #1281, .F. ) ;
#736 = CARTESIAN_POINT ( 'NONE',  ( -0.04300000000000003819, 0.001000000000000003057, 0.03049999999999999586 ) ) ;
#737 = AXIS2_PLACEMENT_3D ( 'NONE', #18, #705, #1098 ) ;
#738 = CARTESIAN_POINT ( 'NONE',  ( 0.04400000000000003908, 0.001000000000000000021, 0.03049999999999999239 ) ) ;
#739 = VECTOR ( 'NONE', #262, 39.37007874015748143 ) ;
#740 = EDGE_CURVE ( 'NONE', #586, #1409, #700, .T. ) ;
#741 = DIRECTION ( 'NONE',  ( 0.000000000000000000, -1.000000000000000000, 0.000000000000000000 ) ) ;
#742 = ORIENTED_EDGE ( 'NONE', *, *, #157, .F. ) ;
#743 = VERTEX_POINT ( 'NONE', #729 ) ;
#744 = DIRECTION ( 'NONE',  ( 0.000000000000000000, -1.000000000000000000, 0.000000000000000000 ) ) ;
#745 = SURFACE_STYLE_USAGE ( .BOTH. , #880 ) ;
#746 =( LENGTH_UNIT ( ) NAMED_UNIT ( * ) SI_UNIT ( $, .METRE. ) );
#747 = ORIENTED_EDGE ( 'NONE', *, *, #1380, .T. ) ;
#748 = ORIENTED_EDGE ( 'NONE', *, *, #1462, .T. ) ;
#749 = DIRECTION ( 'NONE',  ( 0.000000000000000000, 0.000000000000000000, 1.000000000000000000 ) ) ;
#750 = EDGE_CURVE ( 'NONE', #1336, #198, #1305, .T. ) ;
#751 = CARTESIAN_POINT ( 'NONE',  ( 0.04400000000000003214, 0.05399999999999999245, -0.03049999999999999239 ) ) ;
#752 = AXIS2_PLACEMENT_3D ( 'NONE', #843, #622, #964 ) ;
#753 = EDGE_LOOP ( 'NONE', ( #698, #1287, #1086, #1123 ) ) ;
#754 = FILL_AREA_STYLE ('',( #1016 ) ) ;
#755 = ORIENTED_EDGE ( 'NONE', *, *, #833, .T. ) ;
#756 = DIRECTION ( 'NONE',  ( -1.000000000000000000, 0.000000000000000000, -6.402768735150619322E-16 ) ) ;
#757 = EDGE_CURVE ( 'NONE', #377, #1424, #516, .T. ) ;
#758 = VECTOR ( 'NONE', #1179, 39.37007874015748143 ) ;
#759 = FACE_OUTER_BOUND ( 'NONE', #563, .T. ) ;
#760 = ORIENTED_EDGE ( 'NONE', *, *, #1033, .T. ) ;
#761 = VERTEX_POINT ( 'NONE', #114 ) ;
#762 = ADVANCED_FACE ( 'NONE', ( #621 ), #505, .T. ) ;
#763 = CIRCLE ( 'NONE', #1324, 0.0009999999999999987198 ) ;
#764 = SURFACE_STYLE_FILL_AREA ( #983 ) ;
#765 = VERTEX_POINT ( 'NONE', #375 ) ;
#766 = VECTOR ( 'NONE', #1500, 39.37007874015748143 ) ;
#767 = CARTESIAN_POINT ( 'NONE',  ( 0.04400000000000003214, 0.05399999999999999245, -0.03049999999999999239 ) ) ;
#768 = ORIENTED_EDGE ( 'NONE', *, *, #916, .T. ) ;
#769 = CARTESIAN_POINT ( 'NONE',  ( 0.04400000000000003908, 0.05399999999999999245, 0.03049999999999999239 ) ) ;
#770 = CARTESIAN_POINT ( 'NONE',  ( 0.04400000000000003908, 0.05399999999999999245, 0.03049999999999999586 ) ) ;
#771 = DIRECTION ( 'NONE',  ( -1.000000000000000000, 0.000000000000000000, 0.000000000000000000 ) ) ;
#772 = EDGE_LOOP ( 'NONE', ( #643, #1296, #827 ) ) ;
#773 = VECTOR ( 'NONE', #123, 39.37007874015748143 ) ;
#774 = AXIS2_PLACEMENT_3D ( 'NONE', #388, #863, #600 ) ;
#775 = CARTESIAN_POINT ( 'NONE',  ( 0.1238084154033476797, 0.05399999999999999245, -0.03049999999999997158 ) ) ;
#776 = VECTOR ( 'NONE', #1144, 39.37007874015748143 ) ;
#777 = EDGE_CURVE ( 'NONE', #486, #520, #594, .T. ) ;
#778 = ORIENTED_EDGE ( 'NONE', *, *, #1072, .F. ) ;
#779 = DIRECTION ( 'NONE',  ( 0.000000000000000000, -1.000000000000000000, 0.000000000000000000 ) ) ;
#780 = ORIENTED_EDGE ( 'NONE', *, *, #612, .F. ) ;
#781 = CARTESIAN_POINT ( 'NONE',  ( -0.06200000000000002037, 0.000000000000000000, 0.000000000000000000 ) ) ;
#782 = AXIS2_PLACEMENT_3D ( 'NONE', #1543, #100, #89 ) ;
#783 = ADVANCED_FACE ( 'NONE', ( #1099 ), #1544, .T. ) ;
#784 = EDGE_CURVE ( 'NONE', #1409, #422, #1171, .T. ) ;
#785 = CARTESIAN_POINT ( 'NONE',  ( -0.000000000000000000, 0.000000000000000000, -0.03049999999999999239 ) ) ;
#786 = PLANE ( 'NONE',  #1382 ) ;
#787 = ORIENTED_EDGE ( 'NONE', *, *, #324, .T. ) ;
#788 = CARTESIAN_POINT ( 'NONE',  ( 0.06300000000000002820, 0.05499999999999999334, -0.03049999999999999239 ) ) ;
#789 = AXIS2_PLACEMENT_3D ( 'NONE', #1257, #185, #1496 ) ;
#790 = ORIENTED_EDGE ( 'NONE', *, *, #157, .T. ) ;
#791 = SPHERICAL_SURFACE ( 'NONE', #842, 0.001000000000000000021 ) ;
#792 = SURFACE_STYLE_FILL_AREA ( #452 ) ;
#793 = VECTOR ( 'NONE', #325, 39.37007874015748143 ) ;
#794 = AXIS2_PLACEMENT_3D ( 'NONE', #1184, #678, #1413 ) ;
#795 = CARTESIAN_POINT ( 'NONE',  ( 0.04400000000000003214, 0.001000000000000003057, -0.03149999999999999328 ) ) ;
#796 = CARTESIAN_POINT ( 'NONE',  ( 0.04400000000000003214, 0.001000000000000000021, -0.03049999999999999239 ) ) ;
#797 = FACE_OUTER_BOUND ( 'NONE', #394, .T. ) ;
#798 = ORIENTED_EDGE ( 'NONE', *, *, #1300, .T. ) ;
#799 =( CONVERSION_BASED_UNIT ( 'INCH', #106 ) LENGTH_UNIT ( ) NAMED_UNIT ( #1481 ) );
#800 = ADVANCED_FACE ( 'NONE', ( #951 ), #475, .T. ) ;
#801 = FACE_OUTER_BOUND ( 'NONE', #1419, .T. ) ;
#802 = VERTEX_POINT ( 'NONE', #1427 ) ;
#803 = FACE_OUTER_BOUND ( 'NONE', #1212, .T. ) ;
#804 = PRESENTATION_LAYER_ASSIGNMENT (  '', '', ( #379 ) ) ;
#805 = DIRECTION ( 'NONE',  ( 0.000000000000000000, 0.000000000000000000, 1.000000000000000000 ) ) ;
#806 = AXIS2_PLACEMENT_3D ( 'NONE', #1127, #1248, #173 ) ;
#807 = DIRECTION ( 'NONE',  ( 0.000000000000000000, 0.000000000000000000, 1.000000000000000000 ) ) ;
#808 = ORIENTED_EDGE ( 'NONE', *, *, #1019, .F. ) ;
#809 = FILL_AREA_STYLE ('',( #218 ) ) ;
#810 = CARTESIAN_POINT ( 'NONE',  ( 0.04400000000000003908, 0.05399999999999999245, 0.03049999999999999239 ) ) ;
#811 = ADVANCED_FACE ( 'NONE', ( #712 ), #382, .T. ) ;
#812 = DIRECTION ( 'NONE',  ( -1.355083330190607248E-16, -0.000000000000000000, 1.000000000000000000 ) ) ;
#813 = DIRECTION ( 'NONE',  ( -0.000000000000000000, 1.000000000000000000, -0.000000000000000000 ) ) ;
#814 = DIRECTION ( 'NONE',  ( 1.000000000000000000, 0.000000000000000000, 0.000000000000000000 ) ) ;
#815 = PRESENTATION_LAYER_ASSIGNMENT (  '', '', ( #1262 ) ) ;
#816 = EDGE_LOOP ( 'NONE', ( #1211, #956, #870 ) ) ;
#817 = LINE ( 'NONE', #356, #1106 ) ;
#818 = ORIENTED_EDGE ( 'NONE', *, *, #1035, .F. ) ;
#819 = PLANE ( 'NONE',  #1452 ) ;
#820 = EDGE_CURVE ( 'NONE', #861, #1011, #231, .T. ) ;
#821 = DIRECTION ( 'NONE',  ( -1.000000000000000000, 0.000000000000000000, 1.355083330190607248E-16 ) ) ;
#822 = ORIENTED_EDGE ( 'NONE', *, *, #280, .T. ) ;
#823 = CARTESIAN_POINT ( 'NONE',  ( -0.06200000000000002037, 0.001000000000000003057, -0.03049999999999999239 ) ) ;
#824 = DIRECTION ( 'NONE',  ( 0.000000000000000000, -1.000000000000000000, 0.000000000000000000 ) ) ;
#825 = VECTOR ( 'NONE', #1100, 39.37007874015748143 ) ;
#826 = PLANE ( 'NONE',  #1137 ) ;
#827 = ORIENTED_EDGE ( 'NONE', *, *, #1051, .F. ) ;
#828 = FACE_OUTER_BOUND ( 'NONE', #1135, .T. ) ;
#829 = DIRECTION ( 'NONE',  ( 0.000000000000000000, -0.000000000000000000, -1.000000000000000000 ) ) ;
#830 = DIRECTION ( 'NONE',  ( 0.000000000000000000, -0.000000000000000000, 1.000000000000000000 ) ) ;
#831 = AXIS2_PLACEMENT_3D ( 'NONE', #1190, #704, #458 ) ;
#832 = CARTESIAN_POINT ( 'NONE',  ( 0.06200000000000002037, 0.05399999999999999245, 0.03050000000000000627 ) ) ;
#833 = EDGE_CURVE ( 'NONE', #861, #110, #1080, .T. ) ;
#834 = PRESENTATION_LAYER_ASSIGNMENT (  '', '', ( #1515 ) ) ;
#835 = EDGE_CURVE ( 'NONE', #1501, #1417, #271, .T. ) ;
#836 = PLANE ( 'NONE',  #159 ) ;
#837 = VERTEX_POINT ( 'NONE', #641 ) ;
#838 = VERTEX_POINT ( 'NONE', #1131 ) ;
#839 = PLANE ( 'NONE',  #14 ) ;
#840 = CARTESIAN_POINT ( 'NONE',  ( 0.04300000000000002431, 0.05499999999999999334, -0.03049999999999999239 ) ) ;
#841 = DIRECTION ( 'NONE',  ( -1.000000000000000000, -0.000000000000000000, -0.000000000000000000 ) ) ;
#842 = AXIS2_PLACEMENT_3D ( 'NONE', #1032, #925, #1540 ) ;
#843 = CARTESIAN_POINT ( 'NONE',  ( -0.04400000000000003908, 0.05399999999999999245, 0.03049999999999999239 ) ) ;
#844 = EDGE_CURVE ( 'NONE', #370, #1356, #1290, .T. ) ;
#845 = ORIENTED_EDGE ( 'NONE', *, *, #462, .T. ) ;
#846 = ORIENTED_EDGE ( 'NONE', *, *, #1326, .T. ) ;
#847 = LINE ( 'NONE', #624, #541 ) ;
#848 = DIRECTION ( 'NONE',  ( -1.355083330190607248E-16, -0.000000000000000000, 1.000000000000000000 ) ) ;
#849 = DIRECTION ( 'NONE',  ( 1.000000000000000000, 0.000000000000000000, 0.000000000000000000 ) ) ;
#850 = EDGE_CURVE ( 'NONE', #291, #571, #1250, .T. ) ;
#851 = AXIS2_PLACEMENT_3D ( 'NONE', #540, #203, #1505 ) ;
#852 = DIRECTION ( 'NONE',  ( -1.000000000000000000, 0.000000000000000000, -6.402768735150619322E-16 ) ) ;
#853 = ORIENTED_EDGE ( 'NONE', *, *, #255, .T. ) ;
#854 = ORIENTED_EDGE ( 'NONE', *, *, #820, .F. ) ;
#855 = CIRCLE ( 'NONE', #1209, 0.0009999999999999987198 ) ;
#856 = CARTESIAN_POINT ( 'NONE',  ( -0.06200000000000002037, 0.001000000000000000021, 0.03050000000000000627 ) ) ;
#857 = SPHERICAL_SURFACE ( 'NONE', #737, 0.001000000000000000021 ) ;
#858 = CARTESIAN_POINT ( 'NONE',  ( 0.04400000000000003214, 0.001000000000000003057, -0.03049999999999999239 ) ) ;
#859 = CIRCLE ( 'NONE', #1388, 0.0009999999999999987198 ) ;
#860 = CYLINDRICAL_SURFACE ( 'NONE', #1486, 0.0009999999999999987198 ) ;
#861 = VERTEX_POINT ( 'NONE', #277 ) ;
#862 = EDGE_LOOP ( 'NONE', ( #1132, #734, #900, #931 ) ) ;
#863 = DIRECTION ( 'NONE',  ( -1.000000000000000000, 0.000000000000000000, 0.000000000000000000 ) ) ;
#864 = DIRECTION ( 'NONE',  ( 1.000000000000000000, 0.000000000000000000, 0.000000000000000000 ) ) ;
#865 = CYLINDRICAL_SURFACE ( 'NONE', #2, 0.0009999999999999987198 ) ;
#866 = CARTESIAN_POINT ( 'NONE',  ( 0.1238084154033476797, 0.001000000000000003057, -0.03049999999999997158 ) ) ;
#867 = CIRCLE ( 'NONE', #994, 0.0009999999999999987198 ) ;
#868 = FACE_OUTER_BOUND ( 'NONE', #1095, .T. ) ;
#869 = ORIENTED_EDGE ( 'NONE', *, *, #627, .T. ) ;
#870 = ORIENTED_EDGE ( 'NONE', *, *, #1380, .F. ) ;
#871 = DIRECTION ( 'NONE',  ( -1.000000000000000000, -0.000000000000000000, -0.000000000000000000 ) ) ;
#872 = EDGE_CURVE ( 'NONE', #979, #1239, #425, .T. ) ;
#873 = DIRECTION ( 'NONE',  ( -1.000000000000000000, 0.000000000000000000, 4.268512490100398287E-15 ) ) ;
#874 = MANIFOLD_SOLID_BREP ( 'Fillet1', #400 ) ;
#875 = ORIENTED_EDGE ( 'NONE', *, *, #784, .F. ) ;
#876 = EDGE_CURVE ( 'NONE', #761, #486, #1008, .T. ) ;
#877 = ORIENTED_EDGE ( 'NONE', *, *, #1170, .T. ) ;
#878 = CIRCLE ( 'NONE', #680, 0.001000000000000003057 ) ;
#879 = DIRECTION ( 'NONE',  ( 1.000000000000000000, -0.000000000000000000, -0.000000000000000000 ) ) ;
#880 = SURFACE_SIDE_STYLE ('',( #764 ) ) ;
#881 = ORIENTED_EDGE ( 'NONE', *, *, #238, .T. ) ;
#882 = MANIFOLD_SOLID_BREP ( 'Mirror2', #1272 ) ;
#883 = EDGE_CURVE ( 'NONE', #1518, #607, #878, .T. ) ;
#884 =( GEOMETRIC_REPRESENTATION_CONTEXT ( 3 ) GLOBAL_UNCERTAINTY_ASSIGNED_CONTEXT ( ( #1437 ) ) GLOBAL_UNIT_ASSIGNED_CONTEXT ( ( #799, #472, #233 ) ) REPRESENTATION_CONTEXT ( 'NONE', 'WORKASPACE' ) );
#885 = CARTESIAN_POINT ( 'NONE',  ( -0.06200000000000002037, 0.001000000000000000021, -0.03049999999999999239 ) ) ;
#886 = ORIENTED_EDGE ( 'NONE', *, *, #926, .F. ) ;
#887 = AXIS2_PLACEMENT_3D ( 'NONE', #226, #1451, #4 ) ;
#888 =( LENGTH_UNIT ( ) NAMED_UNIT ( * ) SI_UNIT ( $, .METRE. ) );
#889 = ORIENTED_EDGE ( 'NONE', *, *, #79, .F. ) ;
#890 = ORIENTED_EDGE ( 'NONE', *, *, #835, .T. ) ;
#891 = CARTESIAN_POINT ( 'NONE',  ( 0.06200000000000002037, 0.05499999999999999334, 0.03050000000000000627 ) ) ;
#892 = EDGE_CURVE ( 'NONE', #1336, #259, #433, .T. ) ;
#893 = CARTESIAN_POINT ( 'NONE',  ( 0.04300000000000003819, 0.05399999999999999245, 0.03049999999999999586 ) ) ;
#894 = DIRECTION ( 'NONE',  ( 0.000000000000000000, -1.000000000000000000, 0.000000000000000000 ) ) ;
#895 = ORIENTED_EDGE ( 'NONE', *, *, #518, .T. ) ;
#896 = ADVANCED_FACE ( 'NONE', ( #1177 ), #1537, .T. ) ;
#897 = SPHERICAL_SURFACE ( 'NONE', #1279, 0.001000000000000000021 ) ;
#898 = CARTESIAN_POINT ( 'NONE',  ( 0.04400000000000003214, 0.000000000000000000, -0.03049999999999999239 ) ) ;
#899 =( GEOMETRIC_REPRESENTATION_CONTEXT ( 3 ) GLOBAL_UNCERTAINTY_ASSIGNED_CONTEXT ( ( #722 ) ) GLOBAL_UNIT_ASSIGNED_CONTEXT ( ( #1055, #206, #1282 ) ) REPRESENTATION_CONTEXT ( 'NONE', 'WORKASPACE' ) );
#900 = ORIENTED_EDGE ( 'NONE', *, *, #324, .F. ) ;
#901 = DIRECTION ( 'NONE',  ( 0.000000000000000000, 0.000000000000000000, -1.000000000000000000 ) ) ;
#902 = VERTEX_POINT ( 'NONE', #80 ) ;
#903 = EDGE_CURVE ( 'NONE', #660, #378, #1392, .T. ) ;
#904 = AXIS2_PLACEMENT_3D ( 'NONE', #1390, #86, #97 ) ;
#905 = FACE_OUTER_BOUND ( 'NONE', #1484, .T. ) ;
#906 = CARTESIAN_POINT ( 'NONE',  ( -0.04300000000000003819, 0.05499999999999999334, 0.03049999999999999586 ) ) ;
#907 = CIRCLE ( 'NONE', #1492, 0.0009999999999999987198 ) ;
#908 = CARTESIAN_POINT ( 'NONE',  ( -0.06300000000000002820, 0.05499999999999999334, -0.03049999999999999239 ) ) ;
#909 = DIRECTION ( 'NONE',  ( -0.000000000000000000, -0.000000000000000000, -1.000000000000000000 ) ) ;
#910 = EDGE_LOOP ( 'NONE', ( #987, #473, #1004, #1328 ) ) ;
#911 = VECTOR ( 'NONE', #1284, 39.37007874015748143 ) ;
#912 = FACE_OUTER_BOUND ( 'NONE', #354, .T. ) ;
#913 = DIRECTION ( 'NONE',  ( 1.355083330190607248E-16, 0.000000000000000000, -1.000000000000000000 ) ) ;
#914 = EDGE_CURVE ( 'NONE', #944, #1113, #1169, .T. ) ;
#915 = FACE_OUTER_BOUND ( 'NONE', #816, .T. ) ;
#916 = EDGE_CURVE ( 'NONE', #52, #623, #1378, .T. ) ;
#917 = DIRECTION ( 'NONE',  ( -0.000000000000000000, 1.000000000000000000, -0.000000000000000000 ) ) ;
#918 = LINE ( 'NONE', #1506, #38 ) ;
#919 = ORIENTED_EDGE ( 'NONE', *, *, #136, .T. ) ;
#920 = DIRECTION ( 'NONE',  ( 1.355083330190607248E-16, -0.000000000000000000, 1.000000000000000000 ) ) ;
#921 = DIRECTION ( 'NONE',  ( 0.000000000000000000, 0.000000000000000000, 1.000000000000000000 ) ) ;
#922 = AXIS2_PLACEMENT_3D ( 'NONE', #220, #813, #1405 ) ;
#923 = CIRCLE ( 'NONE', #242, 0.0009999999999999987198 ) ;
#924 = DIRECTION ( 'NONE',  ( 1.000000000000000000, 0.000000000000000000, -1.355083330190607248E-16 ) ) ;
#925 = DIRECTION ( 'NONE',  ( 0.000000000000000000, 0.000000000000000000, 1.000000000000000000 ) ) ;
#926 = EDGE_CURVE ( 'NONE', #281, #1501, #37, .T. ) ;
#927 = DIRECTION ( 'NONE',  ( -0.000000000000000000, -0.000000000000000000, 1.000000000000000000 ) ) ;
#928 = DIRECTION ( 'NONE',  ( -1.000000000000000000, 0.000000000000000000, -6.402768735150619322E-16 ) ) ;
#929 = ORIENTED_EDGE ( 'NONE', *, *, #77, .F. ) ;
#930 = DIRECTION ( 'NONE',  ( -0.000000000000000000, 0.000000000000000000, -1.000000000000000000 ) ) ;
#931 = ORIENTED_EDGE ( 'NONE', *, *, #1476, .F. ) ;
#932 = CARTESIAN_POINT ( 'NONE',  ( -0.04300000000000002431, 0.001000000000000003057, -0.03049999999999999239 ) ) ;
#933 = CARTESIAN_POINT ( 'NONE',  ( 0.000000000000000000, 0.000000000000000000, 0.000000000000000000 ) ) ;
#934 = AXIS2_PLACEMENT_3D ( 'NONE', #421, #444, #668 ) ;
#935 = EDGE_LOOP ( 'NONE', ( #555, #1283, #15, #1402 ) ) ;
#936 = CYLINDRICAL_SURFACE ( 'NONE', #1412, 0.0009999999999999987198 ) ;
#937 = DIRECTION ( 'NONE',  ( 1.000000000000000000, 0.000000000000000000, -0.000000000000000000 ) ) ;
#938 = AXIS2_PLACEMENT_3D ( 'NONE', #1449, #1103, #1466 ) ;
#939 = EDGE_LOOP ( 'NONE', ( #699, #1439, #929, #666 ) ) ;
#940 = LINE ( 'NONE', #330, #241 ) ;
#941 = AXIS2_PLACEMENT_3D ( 'NONE', #823, #1459, #611 ) ;
#942 = VECTOR ( 'NONE', #416, 39.37007874015748143 ) ;
#943 = DIRECTION ( 'NONE',  ( 0.000000000000000000, 1.000000000000000000, 0.000000000000000000 ) ) ;
#944 = VERTEX_POINT ( 'NONE', #677 ) ;
#945 = DIRECTION ( 'NONE',  ( 0.000000000000000000, 0.000000000000000000, -1.000000000000000000 ) ) ;
#946 = DIRECTION ( 'NONE',  ( -1.000000000000000000, 0.000000000000000000, 0.000000000000000000 ) ) ;
#947 = DIRECTION ( 'NONE',  ( 0.000000000000000000, -1.000000000000000000, 0.000000000000000000 ) ) ;
#948 = ORIENTED_EDGE ( 'NONE', *, *, #314, .F. ) ;
#949 = FACE_OUTER_BOUND ( 'NONE', #1140, .T. ) ;
#950 = CARTESIAN_POINT ( 'NONE',  ( -0.03332906195369773200, 0.05399999999999999245, -0.009072973807973718982 ) ) ;
#951 = FACE_OUTER_BOUND ( 'NONE', #1249, .T. ) ;
#952 = ADVANCED_FACE ( 'NONE', ( #801 ), #573, .F. ) ;
#953 = AXIS2_PLACEMENT_3D ( 'NONE', #118, #1088, #968 ) ;
#954 = ADVANCED_FACE ( 'NONE', ( #466 ), #1376, .T. ) ;
#955 = CARTESIAN_POINT ( 'NONE',  ( -0.06300000000000002820, 0.001000000000000003057, -0.03049999999999999239 ) ) ;
#956 = ORIENTED_EDGE ( 'NONE', *, *, #844, .T. ) ;
#957 = PLANE ( 'NONE',  #685 ) ;
#958 = CARTESIAN_POINT ( 'NONE',  ( -0.06200000000000002037, 0.05399999999999999245, -0.03049999999999999239 ) ) ;
#959 = FACE_OUTER_BOUND ( 'NONE', #386, .T. ) ;
#960 = MECHANICAL_DESIGN_GEOMETRIC_PRESENTATION_REPRESENTATION (  '', ( #1060 ), #884 ) ;
#961 = FACE_OUTER_BOUND ( 'NONE', #753, .T. ) ;
#962 = ADVANCED_FACE ( 'NONE', ( #1411 ), #328, .T. ) ;
#963 = EDGE_CURVE ( 'NONE', #607, #274, #1258, .T. ) ;
#964 = DIRECTION ( 'NONE',  ( 1.000000000000000000, 0.000000000000000000, 0.000000000000000000 ) ) ;
#965 = EDGE_LOOP ( 'NONE', ( #716, #709, #1109, #1527 ) ) ;
#966 = ORIENTED_EDGE ( 'NONE', *, *, #1317, .T. ) ;
#967 = CARTESIAN_POINT ( 'NONE',  ( -0.06300000000000002820, 0.05499999999999999334, -0.03049999999999999239 ) ) ;
#968 = DIRECTION ( 'NONE',  ( -1.000000000000000000, 0.000000000000000000, 0.000000000000000000 ) ) ;
#969 = CARTESIAN_POINT ( 'NONE',  ( 0.06200000000000002037, 0.05399999999999999245, -0.03049999999999999239 ) ) ;
#970 = DIRECTION ( 'NONE',  ( -0.000000000000000000, 1.000000000000000000, -0.000000000000000000 ) ) ;
#971 = DIRECTION ( 'NONE',  ( -0.000000000000000000, 1.000000000000000000, 0.000000000000000000 ) ) ;
#972 = ORIENTED_EDGE ( 'NONE', *, *, #963, .F. ) ;
#973 = DIRECTION ( 'NONE',  ( 0.000000000000000000, -1.000000000000000000, 0.000000000000000000 ) ) ;
#974 = VECTOR ( 'NONE', #673, 39.37007874015748143 ) ;
#975 = DIRECTION ( 'NONE',  ( 0.000000000000000000, 0.000000000000000000, 1.000000000000000000 ) ) ;
#976 = CARTESIAN_POINT ( 'NONE',  ( 0.000000000000000000, 0.05399999999999999245, -0.03049999999999999239 ) ) ;
#977 = VECTOR ( 'NONE', #1529, 39.37007874015748143 ) ;
#978 = SPHERICAL_SURFACE ( 'NONE', #752, 0.001000000000000000021 ) ;
#979 = VERTEX_POINT ( 'NONE', #663 ) ;
#980 = ORIENTED_EDGE ( 'NONE', *, *, #1455, .F. ) ;
#981 = AXIS2_PLACEMENT_3D ( 'NONE', #435, #323, #94 ) ;
#982 = CARTESIAN_POINT ( 'NONE',  ( -0.04300000000000002431, 0.05499999999999999334, -0.03049999999999999239 ) ) ;
#983 = FILL_AREA_STYLE ('',( #408 ) ) ;
#984 = PRODUCT_DEFINITION_FORMATION_WITH_SPECIFIED_SOURCE ( 'ANY', '', #532, .NOT_KNOWN. ) ;
#985 = ADVANCED_FACE ( 'NONE', ( #72 ), #549, .T. ) ;
#986 =( GEOMETRIC_REPRESENTATION_CONTEXT ( 3 ) GLOBAL_UNCERTAINTY_ASSIGNED_CONTEXT ( ( #138 ) ) GLOBAL_UNIT_ASSIGNED_CONTEXT ( ( #1112, #177, #534 ) ) REPRESENTATION_CONTEXT ( 'NONE', 'WORKASPACE' ) );
#987 = ORIENTED_EDGE ( 'NONE', *, *, #1122, .T. ) ;
#988 = ORIENTED_EDGE ( 'NONE', *, *, #850, .T. ) ;
#989 = AXIS2_PLACEMENT_3D ( 'NONE', #1030, #1291, #441 ) ;
#990 = CARTESIAN_POINT ( 'NONE',  ( -0.06300000000000002820, 0.001000000000000003057, 0.03050000000000000627 ) ) ;
#991 = DIRECTION ( 'NONE',  ( 1.000000000000000000, 0.000000000000000000, -6.402768735150619322E-16 ) ) ;
#992 = VERTEX_POINT ( 'NONE', #1384 ) ;
#993 = UNCERTAINTY_MEASURE_WITH_UNIT (LENGTH_MEASURE( 1.000000000000000082E-05 ), #420, 'distance_accuracy_value', 'NONE');
#994 = AXIS2_PLACEMENT_3D ( 'NONE', #1226, #879, #1482 ) ;
#995 = FACE_OUTER_BOUND ( 'NONE', #910, .T. ) ;
#996 = VERTEX_POINT ( 'NONE', #309 ) ;
#997 = DIRECTION ( 'NONE',  ( -1.000000000000000000, 0.000000000000000000, 0.000000000000000000 ) ) ;
#998 = AXIS2_PLACEMENT_3D ( 'NONE', #395, #871, #749 ) ;
#999 = CARTESIAN_POINT ( 'NONE',  ( -0.06200000000000002037, 0.05499999999999999334, 0.03150000000000000716 ) ) ;
#1000 = EDGE_CURVE ( 'NONE', #198, #607, #1005, .T. ) ;
#1001 = ORIENTED_EDGE ( 'NONE', *, *, #1230, .F. ) ;
#1002 = ADVANCED_FACE ( 'NONE', ( #1078 ), #1214, .T. ) ;
#1003 = DIRECTION ( 'NONE',  ( 0.000000000000000000, -1.000000000000000000, 0.000000000000000000 ) ) ;
#1004 = ORIENTED_EDGE ( 'NONE', *, *, #1072, .T. ) ;
#1005 = CIRCLE ( 'NONE', #558, 0.0009999999999999987198 ) ;
#1006 = VECTOR ( 'NONE', #339, 39.37007874015748143 ) ;
#1007 = CARTESIAN_POINT ( 'NONE',  ( -0.04400000000000003908, 0.001000000000000003057, 0.03149999999999999328 ) ) ;
#1008 = LINE ( 'NONE', #50, #313 ) ;
#1009 = EDGE_LOOP ( 'NONE', ( #1373, #168, #1301, #467 ) ) ;
#1010 = EDGE_CURVE ( 'NONE', #996, #838, #701, .T. ) ;
#1011 = VERTEX_POINT ( 'NONE', #244 ) ;
#1012 = LINE ( 'NONE', #908, #766 ) ;
#1013 = CYLINDRICAL_SURFACE ( 'NONE', #789, 0.0009999999999999987198 ) ;
#1014 = ADVANCED_FACE ( 'NONE', ( #949 ), #1205, .T. ) ;
#1015 = ORIENTED_EDGE ( 'NONE', *, *, #10, .T. ) ;
#1016 = FILL_AREA_STYLE_COLOUR ( '', #8 ) ;
#1017 = ORIENTED_EDGE ( 'NONE', *, *, #351, .F. ) ;
#1018 = DIRECTION ( 'NONE',  ( 0.000000000000000000, 1.000000000000000000, 0.000000000000000000 ) ) ;
#1019 = EDGE_CURVE ( 'NONE', #1424, #607, #1070, .T. ) ;
#1020 = DIRECTION ( 'NONE',  ( 0.000000000000000000, 4.268512490100399076E-15, 1.000000000000000000 ) ) ;
#1021 = DIRECTION ( 'NONE',  ( -1.000000000000000000, -0.000000000000000000, 6.402768735150619322E-16 ) ) ;
#1022 = ORIENTED_EDGE ( 'NONE', *, *, #518, .F. ) ;
#1023 = CARTESIAN_POINT ( 'NONE',  ( 0.06300000000000002820, 0.001000000000000003057, 0.03050000000000000627 ) ) ;
#1024 = CARTESIAN_POINT ( 'NONE',  ( 0.04300000000000002431, 0.001000000000000003057, 0.03050000000000000627 ) ) ;
#1025 = FACE_OUTER_BOUND ( 'NONE', #1539, .T. ) ;
#1026 = CARTESIAN_POINT ( 'NONE',  ( 0.04400000000000003214, 0.001000000000000003057, -0.03149999999999999328 ) ) ;
#1027 = AXIS2_PLACEMENT_3D ( 'NONE', #958, #1321, #1443 ) ;
#1028 = ORIENTED_EDGE ( 'NONE', *, *, #237, .F. ) ;
#1029 = DIRECTION ( 'NONE',  ( 1.000000000000000000, 0.000000000000000000, 0.000000000000000000 ) ) ;
#1030 = CARTESIAN_POINT ( 'NONE',  ( -0.06200000000000002037, 0.05399999999999999245, -0.03049999999999999239 ) ) ;
#1031 = VECTOR ( 'NONE', #596, 39.37007874015748143 ) ;
#1032 = CARTESIAN_POINT ( 'NONE',  ( -0.04400000000000003214, 0.001000000000000000021, -0.03049999999999999239 ) ) ;
#1033 = EDGE_CURVE ( 'NONE', #281, #902, #817, .T. ) ;
#1034 = DIRECTION ( 'NONE',  ( 1.000000000000000000, 0.000000000000000000, -0.000000000000000000 ) ) ;
#1035 = EDGE_CURVE ( 'NONE', #660, #837, #1303, .T. ) ;
#1036 = VECTOR ( 'NONE', #149, 39.37007874015748143 ) ;
#1037 = CARTESIAN_POINT ( 'NONE',  ( -0.01188525281452958854, 0.05399999999999999245, -0.009072973807973720717 ) ) ;
#1038 = EDGE_LOOP ( 'NONE', ( #854, #755, #790, #1385 ) ) ;
#1039 = CARTESIAN_POINT ( 'NONE',  ( 0.06300000000000002820, 0.05399999999999999245, 0.03050000000000000627 ) ) ;
#1040 = DIRECTION ( 'NONE',  ( 1.000000000000000000, 0.000000000000000000, 4.268512490100398287E-15 ) ) ;
#1041 = CARTESIAN_POINT ( 'NONE',  ( 0.04300000000000002431, 0.05499999999999999334, -0.03149999999999999328 ) ) ;
#1042 = CARTESIAN_POINT ( 'NONE',  ( -0.04300000000000002431, 0.05499999999999999334, -0.03149999999999999328 ) ) ;
#1043 = ADVANCED_FACE ( 'NONE', ( #1364 ), #897, .T. ) ;
#1044 = LINE ( 'NONE', #906, #726 ) ;
#1045 = SPHERICAL_SURFACE ( 'NONE', #1530, 0.001000000000000000021 ) ;
#1046 = ORIENTED_EDGE ( 'NONE', *, *, #1133, .T. ) ;
#1047 = CARTESIAN_POINT ( 'NONE',  ( -0.06200000000000002037, 0.05399999999999999245, 0.03050000000000000627 ) ) ;
#1048 = AXIS2_PLACEMENT_3D ( 'NONE', #96, #927, #1408 ) ;
#1049 = LINE ( 'NONE', #566, #121 ) ;
#1050 = CARTESIAN_POINT ( 'NONE',  ( -0.04400000000000003214, 0.05499999999999999334, -0.03149999999999999328 ) ) ;
#1051 = EDGE_CURVE ( 'NONE', #274, #259, #1461, .T. ) ;
#1052 = APPLICATION_CONTEXT ( 'automotive_design' ) ;
#1053 = DIRECTION ( 'NONE',  ( 1.000000000000000000, 0.000000000000000000, -0.000000000000000000 ) ) ;
#1054 = ORIENTED_EDGE ( 'NONE', *, *, #784, .T. ) ;
#1055 =( CONVERSION_BASED_UNIT ( 'INCH', #335 ) LENGTH_UNIT ( ) NAMED_UNIT ( #284 ) );
#1056 = AXIS2_PLACEMENT_3D ( 'NONE', #298, #272, #659 ) ;
#1057 = ORIENTED_EDGE ( 'NONE', *, *, #576, .T. ) ;
#1058 = DIRECTION ( 'NONE',  ( 0.000000000000000000, 0.000000000000000000, -1.000000000000000000 ) ) ;
#1059 = SURFACE_STYLE_USAGE ( .BOTH. , #610 ) ;
#1060 = STYLED_ITEM ( 'NONE', ( #111 ), #1406 ) ;
#1061 = ORIENTED_EDGE ( 'NONE', *, *, #740, .T. ) ;
#1062 = DIRECTION ( 'NONE',  ( 0.000000000000000000, 0.000000000000000000, -1.000000000000000000 ) ) ;
#1063 = EDGE_LOOP ( 'NONE', ( #1151, #41, #742 ) ) ;
#1064 = CARTESIAN_POINT ( 'NONE',  ( 0.000000000000000000, 0.000000000000000000, -0.03049999999999999239 ) ) ;
#1065 = AXIS2_PLACEMENT_3D ( 'NONE', #498, #1073, #256 ) ;
#1066 = ADVANCED_FACE ( 'NONE', ( #868 ), #530, .T. ) ;
#1067 = AXIS2_PLACEMENT_3D ( 'NONE', #1089, #830, #27 ) ;
#1068 = DIRECTION ( 'NONE',  ( -6.402768735150619322E-16, 0.000000000000000000, -1.000000000000000000 ) ) ;
#1069 = ORIENTED_EDGE ( 'NONE', *, *, #632, .F. ) ;
#1070 = LINE ( 'NONE', #1418, #409 ) ;
#1071 = EDGE_CURVE ( 'NONE', #1518, #198, #1159, .T. ) ;
#1072 = EDGE_CURVE ( 'NONE', #399, #60, #1478, .T. ) ;
#1073 = DIRECTION ( 'NONE',  ( 0.000000000000000000, -1.000000000000000000, -0.000000000000000000 ) ) ;
#1074 = CLOSED_SHELL ( 'NONE', ( #73, #1092, #537, #1244, #1546, #411, #1289 ) ) ;
#1075 = DIRECTION ( 'NONE',  ( 0.000000000000000000, 0.000000000000000000, -1.000000000000000000 ) ) ;
#1076 = ORIENTED_EDGE ( 'NONE', *, *, #740, .F. ) ;
#1077 = CARTESIAN_POINT ( 'NONE',  ( -0.04300000000000002431, 0.05399999999999999245, -0.03149999999999999328 ) ) ;
#1078 = FACE_OUTER_BOUND ( 'NONE', #429, .T. ) ;
#1079 = DIRECTION ( 'NONE',  ( 0.000000000000000000, 0.000000000000000000, -1.000000000000000000 ) ) ;
#1080 = LINE ( 'NONE', #489, #1115 ) ;
#1081 = AXIS2_PLACEMENT_3D ( 'NONE', #674, #1018, #1399 ) ;
#1082 = AXIS2_PLACEMENT_3D ( 'NONE', #671, #1509, #901 ) ;
#1083 = EDGE_CURVE ( 'NONE', #377, #308, #1208, .T. ) ;
#1084 = LINE ( 'NONE', #733, #773 ) ;
#1085 = EDGE_LOOP ( 'NONE', ( #1259, #1028, #152, #657 ) ) ;
#1086 = ORIENTED_EDGE ( 'NONE', *, *, #79, .T. ) ;
#1087 = CARTESIAN_POINT ( 'NONE',  ( -0.04400000000000003214, 0.05499999999999999334, -0.03149999999999999328 ) ) ;
#1088 = DIRECTION ( 'NONE',  ( 1.355083330190607248E-16, 0.000000000000000000, -1.000000000000000000 ) ) ;
#1089 = CARTESIAN_POINT ( 'NONE',  ( -0.06200000000000002037, 0.001000000000000003057, -0.03149999999999999328 ) ) ;
#1090 = DIRECTION ( 'NONE',  ( -0.000000000000000000, 1.000000000000000000, -0.000000000000000000 ) ) ;
#1091 = UNCERTAINTY_MEASURE_WITH_UNIT (LENGTH_MEASURE( 1.000000000000000082E-05 ), #151, 'distance_accuracy_value', 'NONE');
#1092 = ADVANCED_FACE ( 'NONE', ( #995 ), #636, .F. ) ;
#1093 = VECTOR ( 'NONE', #551, 39.37007874015748143 ) ;
#1094 = CARTESIAN_POINT ( 'NONE',  ( -0.04400000000000003908, 0.05399999999999999245, 0.03049999999999999586 ) ) ;
#1095 = EDGE_LOOP ( 'NONE', ( #637, #485, #1101, #536 ) ) ;
#1096 = ORIENTED_EDGE ( 'NONE', *, *, #1533, .F. ) ;
#1097 = DIRECTION ( 'NONE',  ( 0.000000000000000000, 0.000000000000000000, 1.000000000000000000 ) ) ;
#1098 = DIRECTION ( 'NONE',  ( 0.000000000000000000, 0.000000000000000000, 1.000000000000000000 ) ) ;
#1099 = FACE_OUTER_BOUND ( 'NONE', #161, .T. ) ;
#1100 = DIRECTION ( 'NONE',  ( 2.352322722649689152E-16, 0.000000000000000000, 1.000000000000000000 ) ) ;
#1101 = ORIENTED_EDGE ( 'NONE', *, *, #1523, .F. ) ;
#1102 = ORIENTED_EDGE ( 'NONE', *, *, #228, .F. ) ;
#1103 = DIRECTION ( 'NONE',  ( 1.000000000000000000, 0.000000000000000000, -6.402768735150619322E-16 ) ) ;
#1104 = DIRECTION ( 'NONE',  ( 1.000000000000000000, 0.000000000000000000, 0.000000000000000000 ) ) ;
#1105 = CARTESIAN_POINT ( 'NONE',  ( 0.06200000000000002037, 0.001000000000000000021, -0.03049999999999999239 ) ) ;
#1106 = VECTOR ( 'NONE', #829, 39.37007874015748143 ) ;
#1107 =( NAMED_UNIT ( * ) PLANE_ANGLE_UNIT ( ) SI_UNIT ( $, .RADIAN. ) );
#1108 = ORIENTED_EDGE ( 'NONE', *, *, #1300, .F. ) ;
#1109 = ORIENTED_EDGE ( 'NONE', *, *, #750, .T. ) ;
#1110 = VECTOR ( 'NONE', #30, 39.37007874015748143 ) ;
#1111 = CARTESIAN_POINT ( 'NONE',  ( 0.04300000000000002431, 0.05399999999999999245, -0.03049999999999995770 ) ) ;
#1112 =( CONVERSION_BASED_UNIT ( 'INCH', #165 ) LENGTH_UNIT ( ) NAMED_UNIT ( #1522 ) );
#1113 = VERTEX_POINT ( 'NONE', #1116 ) ;
#1114 = PRESENTATION_LAYER_ASSIGNMENT (  '', '', ( #1060 ) ) ;
#1115 = VECTOR ( 'NONE', #894, 39.37007874015748143 ) ;
#1116 = CARTESIAN_POINT ( 'NONE',  ( -0.04300000000000002431, 0.05399999999999999245, 0.03049999999999999586 ) ) ;
#1117 = ORIENTED_EDGE ( 'NONE', *, *, #398, .F. ) ;
#1118 = EDGE_LOOP ( 'NONE', ( #875, #6, #919, #638 ) ) ;
#1119 = LINE ( 'NONE', #775, #1477 ) ;
#1120 = ADVANCED_FACE ( 'NONE', ( #48 ), #522, .T. ) ;
#1121 = FILL_AREA_STYLE_COLOUR ( '', #639 ) ;
#1122 = EDGE_CURVE ( 'NONE', #515, #40, #644, .T. ) ;
#1123 = ORIENTED_EDGE ( 'NONE', *, *, #1187, .F. ) ;
#1124 =( NAMED_UNIT ( * ) PLANE_ANGLE_UNIT ( ) SI_UNIT ( $, .RADIAN. ) );
#1125 = AXIS2_PLACEMENT_3D ( 'NONE', #432, #90, #679 ) ;
#1126 = VECTOR ( 'NONE', #254, 39.37007874015748143 ) ;
#1127 = CARTESIAN_POINT ( 'NONE',  ( 0.06200000000000002037, 0.001000000000000000021, -0.03049999999999999239 ) ) ;
#1128 = ORIENTED_EDGE ( 'NONE', *, *, #368, .F. ) ;
#1129 = CIRCLE ( 'NONE', #998, 0.0009999999999999987198 ) ;
#1130 = DIRECTION ( 'NONE',  ( 0.000000000000000000, 0.000000000000000000, 1.000000000000000000 ) ) ;
#1131 = CARTESIAN_POINT ( 'NONE',  ( -0.04400000000000003908, 0.05399999999999999245, 0.03149999999999999328 ) ) ;
#1132 = ORIENTED_EDGE ( 'NONE', *, *, #51, .F. ) ;
#1133 = EDGE_CURVE ( 'NONE', #1417, #838, #559, .T. ) ;
#1134 = CARTESIAN_POINT ( 'NONE',  ( 0.1238084154033476797, 0.05399999999999999245, 0.009072973807973731125 ) ) ;
#1135 = EDGE_LOOP ( 'NONE', ( #438, #502, #33, #294 ) ) ;
#1136 = EDGE_CURVE ( 'NONE', #623, #802, #1156, .T. ) ;
#1137 = AXIS2_PLACEMENT_3D ( 'NONE', #723, #1438, #236 ) ;
#1138 = DIRECTION ( 'NONE',  ( 0.000000000000000000, 0.000000000000000000, -1.000000000000000000 ) ) ;
#1139 = DIRECTION ( 'NONE',  ( 4.268512490100398287E-15, 0.000000000000000000, 1.000000000000000000 ) ) ;
#1140 = EDGE_LOOP ( 'NONE', ( #147, #808, #1254, #1448 ) ) ;
#1141 = CARTESIAN_POINT ( 'NONE',  ( 0.1238084154033476797, 0.001000000000000003057, -0.03049999999999997158 ) ) ;
#1142 = CARTESIAN_POINT ( 'NONE',  ( -0.06200000000000002037, 0.001000000000000003057, 0.03050000000000000627 ) ) ;
#1143 = ORIENTED_EDGE ( 'NONE', *, *, #352, .F. ) ;
#1144 = DIRECTION ( 'NONE',  ( -1.355083330190607248E-16, 0.000000000000000000, -1.000000000000000000 ) ) ;
#1145 = CARTESIAN_POINT ( 'NONE',  ( -0.06200000000000002037, 0.05399999999999999245, 0.03150000000000000716 ) ) ;
#1146 = CARTESIAN_POINT ( 'NONE',  ( 0.04400000000000003908, 0.05399999999999999245, 0.03049999999999999239 ) ) ;
#1147 = ORIENTED_EDGE ( 'NONE', *, *, #1476, .T. ) ;
#1148 = FACE_OUTER_BOUND ( 'NONE', #539, .T. ) ;
#1149 = LENGTH_MEASURE_WITH_UNIT ( LENGTH_MEASURE( 0.02539999999999999897 ), #402 );
#1150 = CARTESIAN_POINT ( 'NONE',  ( -0.01188525281452958854, 0.05399999999999999245, -0.03049999999999997158 ) ) ;
#1151 = ORIENTED_EDGE ( 'NONE', *, *, #91, .F. ) ;
#1152 = CARTESIAN_POINT ( 'NONE',  ( -0.04300000000000002431, 0.05399999999999999245, -0.03049999999999999239 ) ) ;
#1153 = DIRECTION ( 'NONE',  ( 1.000000000000000000, 0.000000000000000000, 1.355083330190607248E-16 ) ) ;
#1154 = DIRECTION ( 'NONE',  ( 1.000000000000000000, -0.000000000000000000, -0.000000000000000000 ) ) ;
#1155 = ADVANCED_FACE ( 'NONE', ( #915 ), #1276, .T. ) ;
#1156 = LINE ( 'NONE', #202, #1232 ) ;
#1157 = LINE ( 'NONE', #189, #597 ) ;
#1158 = CARTESIAN_POINT ( 'NONE',  ( 0.1238084154033476797, 0.001000000000000003057, 0.03050000000000002015 ) ) ;
#1159 = CIRCLE ( 'NONE', #1056, 0.0009999999999999987198 ) ;
#1160 = ORIENTED_EDGE ( 'NONE', *, *, #77, .T. ) ;
#1161 = DIRECTION ( 'NONE',  ( 0.000000000000000000, 1.000000000000000000, 0.000000000000000000 ) ) ;
#1162 = ORIENTED_EDGE ( 'NONE', *, *, #1533, .T. ) ;
#1163 = CARTESIAN_POINT ( 'NONE',  ( 0.000000000000000000, 0.05499999999999999334, 0.000000000000000000 ) ) ;
#1164 = DIRECTION ( 'NONE',  ( -1.355083330190607248E-16, 0.000000000000000000, -1.000000000000000000 ) ) ;
#1165 = VECTOR ( 'NONE', #380, 39.37007874015748143 ) ;
#1166 = CARTESIAN_POINT ( 'NONE',  ( 0.04300000000000002431, 0.001000000000000003057, -0.03149999999999999328 ) ) ;
#1167 = ORIENTED_EDGE ( 'NONE', *, *, #283, .T. ) ;
#1168 = CARTESIAN_POINT ( 'NONE',  ( 0.06300000000000002820, 0.05499999999999999334, -0.03149999999999999328 ) ) ;
#1169 = LINE ( 'NONE', #1152, #977 ) ;
#1170 = EDGE_CURVE ( 'NONE', #761, #586, #1538, .T. ) ;
#1171 = CIRCLE ( 'NONE', #1445, 0.001000000000000003057 ) ;
#1172 = LINE ( 'NONE', #1111, #942 ) ;
#1173 = FACE_OUTER_BOUND ( 'NONE', #1085, .T. ) ;
#1174 = DIRECTION ( 'NONE',  ( 0.000000000000000000, 0.000000000000000000, 1.000000000000000000 ) ) ;
#1175 = VERTEX_POINT ( 'NONE', #1024 ) ;
#1176 = CARTESIAN_POINT ( 'NONE',  ( -0.06200000000000002037, 0.001000000000000000021, 0.03050000000000000627 ) ) ;
#1177 = FACE_OUTER_BOUND ( 'NONE', #526, .T. ) ;
#1178 = ORIENTED_EDGE ( 'NONE', *, *, #903, .F. ) ;
#1179 = DIRECTION ( 'NONE',  ( -1.355083330190607248E-16, 0.000000000000000000, -1.000000000000000000 ) ) ;
#1180 = ADVANCED_FACE ( 'NONE', ( #1261 ), #1504, .T. ) ;
#1181 = CARTESIAN_POINT ( 'NONE',  ( -0.04400000000000003908, 0.05499999999999999334, 0.03049999999999999586 ) ) ;
#1182 = EDGE_CURVE ( 'NONE', #996, #1518, #1044, .T. ) ;
#1183 =( GEOMETRIC_REPRESENTATION_CONTEXT ( 3 ) GLOBAL_UNCERTAINTY_ASSIGNED_CONTEXT ( ( #1091 ) ) GLOBAL_UNIT_ASSIGNED_CONTEXT ( ( #151, #1107, #1228 ) ) REPRESENTATION_CONTEXT ( 'NONE', 'WORKASPACE' ) );
#1184 = CARTESIAN_POINT ( 'NONE',  ( 0.06200000000000002037, 0.05399999999999999245, 0.03050000000000000627 ) ) ;
#1185 = DIRECTION ( 'NONE',  ( 0.000000000000000000, 0.000000000000000000, -1.000000000000000000 ) ) ;
#1186 = AXIS2_PLACEMENT_3D ( 'NONE', #446, #345, #821 ) ;
#1187 = EDGE_CURVE ( 'NONE', #377, #260, #213, .T. ) ;
#1188 = CARTESIAN_POINT ( 'NONE',  ( -0.06300000000000002820, 0.001000000000000003057, -0.03149999999999999328 ) ) ;
#1189 = EDGE_LOOP ( 'NONE', ( #768, #222, #1015, #1475 ) ) ;
#1190 = CARTESIAN_POINT ( 'NONE',  ( -0.04400000000000003908, 0.001000000000000000021, 0.03049999999999999239 ) ) ;
#1191 = CARTESIAN_POINT ( 'NONE',  ( -0.04400000000000003908, 0.05499999999999999334, 0.03149999999999999328 ) ) ;
#1192 = COLOUR_RGB ( '',0.7921568627450980005, 0.8196078431372548767, 0.9333333333333333481 ) ;
#1193 = AXIS2_PLACEMENT_3D ( 'NONE', #1105, #480, #1215 ) ;
#1194 = DIRECTION ( 'NONE',  ( -1.000000000000000000, 0.000000000000000000, 6.402768735150619322E-16 ) ) ;
#1195 = ORIENTED_EDGE ( 'NONE', *, *, #490, .F. ) ;
#1196 = PLANE ( 'NONE',  #210 ) ;
#1197 = CARTESIAN_POINT ( 'NONE',  ( 0.04400000000000003908, 0.001000000000000003057, 0.03149999999999999328 ) ) ;
#1198 = ADVANCED_FACE ( 'NONE', ( #1286 ), #692, .T. ) ;
#1199 = CARTESIAN_POINT ( 'NONE',  ( 0.06200000000000002037, 0.05399999999999999245, -0.03049999999999999239 ) ) ;
#1200 = CIRCLE ( 'NONE', #524, 0.0009999999999999987198 ) ;
#1201 = CARTESIAN_POINT ( 'NONE',  ( -0.06300000000000002820, 0.001000000000000003057, -0.03149999999999999328 ) ) ;
#1202 = ORIENTED_EDGE ( 'NONE', *, *, #892, .F. ) ;
#1203 = ORIENTED_EDGE ( 'NONE', *, *, #750, .F. ) ;
#1204 = CARTESIAN_POINT ( 'NONE',  ( 0.04300000000000002431, 0.05399999999999999245, 0.03050000000000000627 ) ) ;
#1205 = CYLINDRICAL_SURFACE ( 'NONE', #953, 0.001000000000000003057 ) ;
#1206 = EDGE_CURVE ( 'NONE', #259, #281, #437, .T. ) ;
#1207 = DIRECTION ( 'NONE',  ( 0.000000000000000000, 0.000000000000000000, -1.000000000000000000 ) ) ;
#1208 = CIRCLE ( 'NONE', #1357, 0.0009999999999999987198 ) ;
#1209 = AXIS2_PLACEMENT_3D ( 'NONE', #1288, #572, #355 ) ;
#1210 = LINE ( 'NONE', #500, #1110 ) ;
#1211 = ORIENTED_EDGE ( 'NONE', *, *, #629, .F. ) ;
#1212 = EDGE_LOOP ( 'NONE', ( #141, #1057, #327 ) ) ;
#1213 = CARTESIAN_POINT ( 'NONE',  ( -0.06200000000000002037, 0.05399999999999999245, -0.03149999999999999328 ) ) ;
#1214 = SPHERICAL_SURFACE ( 'NONE', #1027, 0.001000000000000000021 ) ;
#1215 = DIRECTION ( 'NONE',  ( 1.000000000000000000, 0.000000000000000000, 0.000000000000000000 ) ) ;
#1216 = STYLED_ITEM ( 'NONE', ( #1415 ), #212 ) ;
#1217 = CARTESIAN_POINT ( 'NONE',  ( -0.06300000000000002820, 0.001000000000000003057, 0.03150000000000000716 ) ) ;
#1218 = DIRECTION ( 'NONE',  ( 1.000000000000000000, 0.000000000000000000, -0.000000000000000000 ) ) ;
#1219 = ORIENTED_EDGE ( 'NONE', *, *, #51, .T. ) ;
#1220 = EDGE_LOOP ( 'NONE', ( #579, #494, #1231, #1147 ) ) ;
#1221 = CARTESIAN_POINT ( 'NONE',  ( -0.06200000000000002037, 0.05399999999999999245, 0.03050000000000000627 ) ) ;
#1222 = SPHERICAL_SURFACE ( 'NONE', #474, 0.001000000000000000021 ) ;
#1223 = CARTESIAN_POINT ( 'NONE',  ( 0.04400000000000003214, 0.05499999999999999334, -0.03149999999999999328 ) ) ;
#1224 = ORIENTED_EDGE ( 'NONE', *, *, #1051, .T. ) ;
#1225 = ORIENTED_EDGE ( 'NONE', *, *, #1360, .F. ) ;
#1226 = CARTESIAN_POINT ( 'NONE',  ( 0.06200000000000002037, 0.001000000000000003057, -0.03049999999999999239 ) ) ;
#1227 = AXIS2_PLACEMENT_3D ( 'NONE', #215, #1161, #459 ) ;
#1228 =( NAMED_UNIT ( * ) SI_UNIT ( $, .STERADIAN. ) SOLID_ANGLE_UNIT ( ) );
#1229 = ORIENTED_EDGE ( 'NONE', *, *, #280, .F. ) ;
#1230 = EDGE_CURVE ( 'NONE', #291, #743, #562, .T. ) ;
#1231 = ORIENTED_EDGE ( 'NONE', *, *, #305, .T. ) ;
#1232 = VECTOR ( 'NONE', #84, 39.37007874015748143 ) ;
#1233 = DIRECTION ( 'NONE',  ( -6.402768735150641015E-16, 0.000000000000000000, 1.000000000000000000 ) ) ;
#1234 = ADVANCED_FACE ( 'NONE', ( #1517 ), #204, .T. ) ;
#1235 = CARTESIAN_POINT ( 'NONE',  ( -0.06300000000000002820, 0.05399999999999999245, 0.03050000000000000627 ) ) ;
#1236 = ORIENTED_EDGE ( 'NONE', *, *, #1349, .F. ) ;
#1237 = VECTOR ( 'NONE', #487, 39.37007874015748143 ) ;
#1238 = VECTOR ( 'NONE', #1090, 39.37007874015748143 ) ;
#1239 = VERTEX_POINT ( 'NONE', #1026 ) ;
#1240 = CARTESIAN_POINT ( 'NONE',  ( -0.04400000000000003214, 0.05399999999999999245, -0.03049999999999999239 ) ) ;
#1241 = EDGE_CURVE ( 'NONE', #1409, #861, #918, .T. ) ;
#1242 = EDGE_CURVE ( 'NONE', #765, #586, #633, .T. ) ;
#1243 = DIRECTION ( 'NONE',  ( 0.000000000000000000, -1.000000000000000000, 0.000000000000000000 ) ) ;
#1244 = ADVANCED_FACE ( 'NONE', ( #317 ), #786, .F. ) ;
#1245 = ORIENTED_EDGE ( 'NONE', *, *, #552, .F. ) ;
#1246 = DIRECTION ( 'NONE',  ( -1.355083330190607248E-16, 0.000000000000000000, 1.000000000000000000 ) ) ;
#1247 = CIRCLE ( 'NONE', #1125, 0.001000000000000003057 ) ;
#1248 = DIRECTION ( 'NONE',  ( 0.000000000000000000, 0.000000000000000000, -1.000000000000000000 ) ) ;
#1249 = EDGE_LOOP ( 'NONE', ( #1471, #1365, #1508, #495 ) ) ;
#1250 = LINE ( 'NONE', #866, #616 ) ;
#1251 = ADVANCED_FACE ( 'NONE', ( #797 ), #1429, .T. ) ;
#1252 = ORIENTED_EDGE ( 'NONE', *, *, #676, .T. ) ;
#1253 = DIRECTION ( 'NONE',  ( -0.000000000000000000, -0.000000000000000000, 1.000000000000000000 ) ) ;
#1254 = ORIENTED_EDGE ( 'NONE', *, *, #576, .F. ) ;
#1255 = PLANE ( 'NONE',  #1333 ) ;
#1256 = VECTOR ( 'NONE', #585, 39.37007874015748143 ) ;
#1257 = CARTESIAN_POINT ( 'NONE',  ( 0.04400000000000003214, 0.05499999999999999334, -0.03049999999999999239 ) ) ;
#1258 = LINE ( 'NONE', #186, #630 ) ;
#1259 = ORIENTED_EDGE ( 'NONE', *, *, #1136, .F. ) ;
#1260 = APPLICATION_PROTOCOL_DEFINITION ( 'draft international standard', 'automotive_design', 1998, #1052 ) ;
#1261 = FACE_OUTER_BOUND ( 'NONE', #935, .T. ) ;
#1262 = STYLED_ITEM ( 'NONE', ( #65 ), #874 ) ;
#1263 = ORIENTED_EDGE ( 'NONE', *, *, #28, .F. ) ;
#1264 = CARTESIAN_POINT ( 'NONE',  ( -0.06200000000000002037, 0.001000000000000003057, 0.03050000000000000627 ) ) ;
#1265 = EDGE_CURVE ( 'NONE', #1362, #259, #5, .T. ) ;
#1266 = AXIS2_PLACEMENT_3D ( 'NONE', #969, #234, #1312 ) ;
#1267 = ORIENTED_EDGE ( 'NONE', *, *, #629, .T. ) ;
#1268 = CARTESIAN_POINT ( 'NONE',  ( -0.06200000000000002037, 0.05399999999999999245, -0.03049999999999999239 ) ) ;
#1269 = FACE_OUTER_BOUND ( 'NONE', #334, .T. ) ;
#1270 = DIRECTION ( 'NONE',  ( 0.000000000000000000, -1.000000000000000000, 0.000000000000000000 ) ) ;
#1271 = ORIENTED_EDGE ( 'NONE', *, *, #351, .T. ) ;
#1272 = CLOSED_SHELL ( 'NONE', ( #1416, #664, #32, #139, #1428, #952, #344, #962, #297, #954, #1234, #800, #12, #732, #1198, #1155, #332, #122, #1251, #1180, #229, #1350, #811, #469, #1120, #783 ) ) ;
#1273 = ORIENTED_EDGE ( 'NONE', *, *, #1523, .T. ) ;
#1274 = DIRECTION ( 'NONE',  ( -1.355083330190607248E-16, 0.000000000000000000, 1.000000000000000000 ) ) ;
#1275 = APPLICATION_PROTOCOL_DEFINITION ( 'draft international standard', 'automotive_design', 1998, #195 ) ;
#1276 = SPHERICAL_SURFACE ( 'NONE', #112, 0.001000000000000000021 ) ;
#1277 = EDGE_CURVE ( 'NONE', #837, #250, #361, .T. ) ;
#1278 = FACE_OUTER_BOUND ( 'NONE', #1310, .T. ) ;
#1279 = AXIS2_PLACEMENT_3D ( 'NONE', #885, #1499, #1379 ) ;
#1280 = ORIENTED_EDGE ( 'NONE', *, *, #384, .F. ) ;
#1281 = EDGE_CURVE ( 'NONE', #60, #515, #13, .T. ) ;
#1282 =( NAMED_UNIT ( * ) SI_UNIT ( $, .STERADIAN. ) SOLID_ANGLE_UNIT ( ) );
#1283 = ORIENTED_EDGE ( 'NONE', *, *, #482, .T. ) ;
#1284 = DIRECTION ( 'NONE',  ( -0.000000000000000000, -0.000000000000000000, -1.000000000000000000 ) ) ;
#1285 = CARTESIAN_POINT ( 'NONE',  ( -0.03332906195369773200, 0.05399999999999999245, 0.009072973807973724186 ) ) ;
#1286 = FACE_OUTER_BOUND ( 'NONE', #683, .T. ) ;
#1287 = ORIENTED_EDGE ( 'NONE', *, *, #528, .F. ) ;
#1288 = CARTESIAN_POINT ( 'NONE',  ( 0.04400000000000003908, 0.001000000000000003057, 0.03049999999999999239 ) ) ;
#1289 = ADVANCED_FACE ( 'NONE', ( #376 ), #826, .T. ) ;
#1290 = CIRCLE ( 'NONE', #443, 0.001000000000000003057 ) ;
#1291 = DIRECTION ( 'NONE',  ( -1.000000000000000000, 0.000000000000000000, 0.000000000000000000 ) ) ;
#1292 = LINE ( 'NONE', #781, #911 ) ;
#1293 = FILL_AREA_STYLE_COLOUR ( '', #338 ) ;
#1294 = EDGE_CURVE ( 'NONE', #250, #370, #1084, .T. ) ;
#1295 = CARTESIAN_POINT ( 'NONE',  ( 0.04300000000000002431, 0.001000000000000003057, -0.03049999999999998546 ) ) ;
#1296 = ORIENTED_EDGE ( 'NONE', *, *, #892, .T. ) ;
#1297 = SPHERICAL_SURFACE ( 'NONE', #658, 0.001000000000000000021 ) ;
#1298 = ORIENTED_EDGE ( 'NONE', *, *, #10, .F. ) ;
#1299 = CARTESIAN_POINT ( 'NONE',  ( 0.04300000000000002431, 0.001000000000000003057, 0.03050000000000003056 ) ) ;
#1300 = EDGE_CURVE ( 'NONE', #1113, #582, #1210, .T. ) ;
#1301 = ORIENTED_EDGE ( 'NONE', *, *, #91, .T. ) ;
#1302 = DIRECTION ( 'NONE',  ( 1.000000000000000000, 0.000000000000000000, -0.000000000000000000 ) ) ;
#1303 = CIRCLE ( 'NONE', #535, 0.001000000000000003057 ) ;
#1304 = CARTESIAN_POINT ( 'NONE',  ( 0.06300000000000002820, 0.001000000000000003057, -0.03049999999999999239 ) ) ;
#1305 = LINE ( 'NONE', #1217, #288 ) ;
#1306 = VECTOR ( 'NONE', #852, 39.37007874015748143 ) ;
#1307 = ADVANCED_FACE ( 'NONE', ( #708 ), #1309, .F. ) ;
#1308 = EDGE_CURVE ( 'NONE', #765, #148, #249, .T. ) ;
#1309 = PLANE ( 'NONE',  #434 ) ;
#1310 = EDGE_LOOP ( 'NONE', ( #166, #1162, #1195 ) ) ;
#1311 = CARTESIAN_POINT ( 'NONE',  ( -0.04400000000000003908, 0.001000000000000003057, 0.03049999999999999239 ) ) ;
#1312 = DIRECTION ( 'NONE',  ( 1.000000000000000000, 0.000000000000000000, 0.000000000000000000 ) ) ;
#1313 = ADVANCED_FACE ( 'NONE', ( #615 ), #978, .T. ) ;
#1314 = DIRECTION ( 'NONE',  ( -1.000000000000000000, 0.000000000000000000, 0.000000000000000000 ) ) ;
#1315 = VECTOR ( 'NONE', #44, 39.37007874015748143 ) ;
#1316 = DIRECTION ( 'NONE',  ( 0.000000000000000000, -1.000000000000000000, 4.268512490100410909E-15 ) ) ;
#1317 = EDGE_CURVE ( 'NONE', #1362, #260, #257, .T. ) ;
#1318 = EDGE_LOOP ( 'NONE', ( #310, #1203, #470, #972 ) ) ;
#1319 = ORIENTED_EDGE ( 'NONE', *, *, #1230, .T. ) ;
#1320 = FACE_OUTER_BOUND ( 'NONE', #1220, .T. ) ;
#1321 = DIRECTION ( 'NONE',  ( 1.000000000000000000, 0.000000000000000000, 0.000000000000000000 ) ) ;
#1322 = SHAPE_DEFINITION_REPRESENTATION ( #1366, #212 ) ;
#1323 = DIRECTION ( 'NONE',  ( 0.000000000000000000, 0.000000000000000000, 1.000000000000000000 ) ) ;
#1324 = AXIS2_PLACEMENT_3D ( 'NONE', #464, #1534, #1174 ) ;
#1325 = AXIS2_PLACEMENT_3D ( 'NONE', #504, #975, #263 ) ;
#1326 = EDGE_CURVE ( 'NONE', #1417, #996, #87, .T. ) ;
#1327 = FACE_OUTER_BOUND ( 'NONE', #1038, .T. ) ;
#1328 = ORIENTED_EDGE ( 'NONE', *, *, #1281, .T. ) ;
#1329 = ORIENTED_EDGE ( 'NONE', *, *, #519, .F. ) ;
#1330 = DIRECTION ( 'NONE',  ( 0.000000000000000000, 0.000000000000000000, 1.000000000000000000 ) ) ;
#1331 = CARTESIAN_POINT ( 'NONE',  ( -0.06300000000000002820, 0.05399999999999999245, 0.03150000000000000716 ) ) ;
#1332 = CARTESIAN_POINT ( 'NONE',  ( 0.06300000000000002820, 0.05499999999999999334, 0.03050000000000000627 ) ) ;
#1333 = AXIS2_PLACEMENT_3D ( 'NONE', #76, #85, #561 ) ;
#1334 = AXIS2_PLACEMENT_3D ( 'NONE', #506, #1454, #1075 ) ;
#1335 = CARTESIAN_POINT ( 'NONE',  ( -0.06200000000000002037, 0.001000000000000003057, 0.03150000000000000716 ) ) ;
#1336 = VERTEX_POINT ( 'NONE', #1335 ) ;
#1337 = ORIENTED_EDGE ( 'NONE', *, *, #179, .F. ) ;
#1338 = LINE ( 'NONE', #982, #1036 ) ;
#1339 = DIRECTION ( 'NONE',  ( 1.000000000000000000, 0.000000000000000000, -6.402768735150619322E-16 ) ) ;
#1340 = CIRCLE ( 'NONE', #941, 0.0009999999999999987198 ) ;
#1341 = ADVANCED_FACE ( 'NONE', ( #367 ), #836, .F. ) ;
#1342 = CARTESIAN_POINT ( 'NONE',  ( 0.06200000000000002037, 0.05499999999999999334, -0.03049999999999999239 ) ) ;
#1343 = ORIENTED_EDGE ( 'NONE', *, *, #777, .F. ) ;
#1344 = ORIENTED_EDGE ( 'NONE', *, *, #45, .T. ) ;
#1345 = LINE ( 'NONE', #1077, #1237 ) ;
#1346 = CYLINDRICAL_SURFACE ( 'NONE', #649, 0.0009999999999999987198 ) ;
#1347 = VECTOR ( 'NONE', #56, 39.37007874015748143 ) ;
#1348 = DIRECTION ( 'NONE',  ( 0.000000000000000000, -1.000000000000000000, 4.268512490100398287E-15 ) ) ;
#1349 = EDGE_CURVE ( 'NONE', #1175, #582, #385, .T. ) ;
#1350 = ADVANCED_FACE ( 'NONE', ( #1327 ), #860, .T. ) ;
#1351 = DIRECTION ( 'NONE',  ( -1.000000000000000000, -0.000000000000000000, 6.402768735150619322E-16 ) ) ;
#1352 = EDGE_LOOP ( 'NONE', ( #16, #208, #187, #653 ) ) ;
#1353 = ORIENTED_EDGE ( 'NONE', *, *, #686, .T. ) ;
#1354 = FACE_OUTER_BOUND ( 'NONE', #88, .T. ) ;
#1355 = FILL_AREA_STYLE ('',( #1121 ) ) ;
#1356 = VERTEX_POINT ( 'NONE', #116 ) ;
#1357 = AXIS2_PLACEMENT_3D ( 'NONE', #54, #393, #545 ) ;
#1358 = LENGTH_MEASURE_WITH_UNIT ( LENGTH_MEASURE( 0.02539999999999999897 ), #746 );
#1359 = EDGE_LOOP ( 'NONE', ( #107, #1054, #1298 ) ) ;
#1360 = EDGE_CURVE ( 'NONE', #1464, #1175, #1547, .T. ) ;
#1361 = DIRECTION ( 'NONE',  ( -0.000000000000000000, -1.000000000000000000, -0.000000000000000000 ) ) ;
#1362 = VERTEX_POINT ( 'NONE', #955 ) ;
#1363 = AXIS2_PLACEMENT_3D ( 'NONE', #135, #613, #1314 ) ;
#1364 = FACE_OUTER_BOUND ( 'NONE', #1426, .T. ) ;
#1365 = ORIENTED_EDGE ( 'NONE', *, *, #368, .T. ) ;
#1366 = PRODUCT_DEFINITION_SHAPE ( 'NONE', 'NONE',  #527 ) ;
#1367 = SPHERICAL_SURFACE ( 'NONE', #247, 0.001000000000000000021 ) ;
#1368 = ADVANCED_FACE ( 'NONE', ( #715 ), #1297, .T. ) ;
#1369 = VECTOR ( 'NONE', #756, 39.37007874015748143 ) ;
#1370 = DIRECTION ( 'NONE',  ( -0.000000000000000000, -0.000000000000000000, -1.000000000000000000 ) ) ;
#1371 = EDGE_LOOP ( 'NONE', ( #501, #1, #1457 ) ) ;
#1372 = CARTESIAN_POINT ( 'NONE',  ( 0.1238084154033476797, 0.05399999999999999245, -0.03049999999999997158 ) ) ;
#1373 = ORIENTED_EDGE ( 'NONE', *, *, #1170, .F. ) ;
#1374 = SPHERICAL_SURFACE ( 'NONE', #1442, 0.001000000000000000021 ) ;
#1375 = DIRECTION ( 'NONE',  ( -0.000000000000000000, -1.000000000000000000, 0.000000000000000000 ) ) ;
#1376 = CYLINDRICAL_SURFACE ( 'NONE', #584, 0.0009999999999999987198 ) ;
#1377 = ORIENTED_EDGE ( 'NONE', *, *, #184, .F. ) ;
#1378 = CIRCLE ( 'NONE', #221, 0.0009999999999999987198 ) ;
#1379 = DIRECTION ( 'NONE',  ( 0.000000000000000000, -1.000000000000000000, 0.000000000000000000 ) ) ;
#1380 = EDGE_CURVE ( 'NONE', #148, #1356, #855, .T. ) ;
#1381 = FACE_OUTER_BOUND ( 'NONE', #1440, .T. ) ;
#1382 = AXIS2_PLACEMENT_3D ( 'NONE', #1158, #1401, #326 ) ;
#1383 = ORIENTED_EDGE ( 'NONE', *, *, #136, .F. ) ;
#1384 = CARTESIAN_POINT ( 'NONE',  ( -0.04400000000000003214, 0.05399999999999999245, -0.03149999999999999328 ) ) ;
#1385 = ORIENTED_EDGE ( 'NONE', *, *, #398, .T. ) ;
#1386 = DIRECTION ( 'NONE',  ( -1.000000000000000000, 0.000000000000000000, -1.355083330190607248E-16 ) ) ;
#1387 = DIMENSIONAL_EXPONENTS ( 1.000000000000000000, 0.000000000000000000, 0.000000000000000000, 0.000000000000000000, 0.000000000000000000, 0.000000000000000000, 0.000000000000000000 ) ;
#1388 = AXIS2_PLACEMENT_3D ( 'NONE', #858, #970, #1207 ) ;
#1389 = DIRECTION ( 'NONE',  ( 0.000000000000000000, 0.000000000000000000, -1.000000000000000000 ) ) ;
#1390 = CARTESIAN_POINT ( 'NONE',  ( 0.06200000000000002037, 0.001000000000000003057, 0.03050000000000000627 ) ) ;
#1391 = EDGE_LOOP ( 'NONE', ( #1319, #300, #1542, #117 ) ) ;
#1392 = LINE ( 'NONE', #788, #331 ) ;
#1393 = AXIS2_PLACEMENT_3D ( 'NONE', #626, #620, #150 ) ;
#1394 = CARTESIAN_POINT ( 'NONE',  ( 0.04400000000000003908, 0.05499999999999999334, 0.03049999999999999239 ) ) ;
#1395 = DIRECTION ( 'NONE',  ( -1.000000000000000000, 0.000000000000000000, 0.000000000000000000 ) ) ;
#1396 = EDGE_CURVE ( 'NONE', #520, #1356, #223, .T. ) ;
#1397 = ADVANCED_FACE ( 'NONE', ( #828 ), #936, .T. ) ;
#1398 = DIRECTION ( 'NONE',  ( 0.000000000000000000, -1.000000000000000000, 4.268512490100410909E-15 ) ) ;
#1399 = DIRECTION ( 'NONE',  ( 0.000000000000000000, 0.000000000000000000, 1.000000000000000000 ) ) ;
#1400 = CIRCLE ( 'NONE', #1453, 0.0009999999999999987198 ) ;
#1401 = DIRECTION ( 'NONE',  ( -0.000000000000000000, 1.000000000000000000, 0.000000000000000000 ) ) ;
#1402 = ORIENTED_EDGE ( 'NONE', *, *, #1396, .T. ) ;
#1403 =( LENGTH_UNIT ( ) NAMED_UNIT ( * ) SI_UNIT ( $, .METRE. ) );
#1404 = LINE ( 'NONE', #329, #521 ) ;
#1405 = DIRECTION ( 'NONE',  ( 0.000000000000000000, 0.000000000000000000, -1.000000000000000000 ) ) ;
#1406 = MANIFOLD_SOLID_BREP ( 'Split Line1', #1074 ) ;
#1407 = ADVANCED_FACE ( 'NONE', ( #1519 ), #347, .T. ) ;
#1408 = DIRECTION ( 'NONE',  ( 1.000000000000000000, 0.000000000000000000, 0.000000000000000000 ) ) ;
#1409 = VERTEX_POINT ( 'NONE', #1039 ) ;
#1410 = SURFACE_STYLE_FILL_AREA ( #809 ) ;
#1411 = FACE_OUTER_BOUND ( 'NONE', #1371, .T. ) ;
#1412 = AXIS2_PLACEMENT_3D ( 'NONE', #1181, #1528, #1062 ) ;
#1413 = DIRECTION ( 'NONE',  ( 0.000000000000000000, 0.000000000000000000, 1.000000000000000000 ) ) ;
#1414 = DIRECTION ( 'NONE',  ( -1.000000000000000000, 0.000000000000000000, 0.000000000000000000 ) ) ;
#1415 = PRESENTATION_STYLE_ASSIGNMENT (( #1059 ) ) ;
#1416 = ADVANCED_FACE ( 'NONE', ( #710 ), #1196, .F. ) ;
#1417 = VERTEX_POINT ( 'NONE', #1536 ) ;
#1418 = CARTESIAN_POINT ( 'NONE',  ( -0.04400000000000003214, 0.000000000000000000, -5.962366652838675886E-18 ) ) ;
#1419 = EDGE_LOOP ( 'NONE', ( #160, #318, #587, #1343 ) ) ;
#1420 = DIRECTION ( 'NONE',  ( -1.355083330190607248E-16, 0.000000000000000000, -1.000000000000000000 ) ) ;
#1421 = CIRCLE ( 'NONE', #1193, 0.001000000000000003057 ) ;
#1422 = PRODUCT_CONTEXT ( 'NONE', #1052, 'mechanical' ) ;
#1423 = AXIS2_PLACEMENT_3D ( 'NONE', #751, #170, #1130 ) ;
#1424 = VERTEX_POINT ( 'NONE', #1425 ) ;
#1425 = CARTESIAN_POINT ( 'NONE',  ( -0.04400000000000003214, 0.000000000000000000, -0.03049999999999999239 ) ) ;
#1426 = EDGE_LOOP ( 'NONE', ( #55, #966, #889 ) ) ;
#1427 = CARTESIAN_POINT ( 'NONE',  ( 0.06200000000000002037, 0.05399999999999999245, 0.03150000000000000716 ) ) ;
#1428 = ADVANCED_FACE ( 'NONE', ( #372 ), #619, .T. ) ;
#1429 = SPHERICAL_SURFACE ( 'NONE', #357, 0.001000000000000000021 ) ;
#1430 = ORIENTED_EDGE ( 'NONE', *, *, #1446, .F. ) ;
#1431 = CARTESIAN_POINT ( 'NONE',  ( 0.04400000000000003214, 0.000000000000000000, -5.962366652838675886E-18 ) ) ;
#1432 = DIRECTION ( 'NONE',  ( 0.000000000000000000, 0.000000000000000000, 1.000000000000000000 ) ) ;
#1433 = AXIS2_PLACEMENT_3D ( 'NONE', #1146, #439, #771 ) ;
#1434 = FACE_OUTER_BOUND ( 'NONE', #1494, .T. ) ;
#1435 = DIRECTION ( 'NONE',  ( -1.000000000000000000, 0.000000000000000000, 0.000000000000000000 ) ) ;
#1436 = AXIS2_PLACEMENT_3D ( 'NONE', #554, #928, #197 ) ;
#1437 = UNCERTAINTY_MEASURE_WITH_UNIT (LENGTH_MEASURE( 1.000000000000000082E-05 ), #799, 'distance_accuracy_value', 'NONE');
#1438 = DIRECTION ( 'NONE',  ( 1.000000000000000000, 0.000000000000000000, -1.355083330190607248E-16 ) ) ;
#1439 = ORIENTED_EDGE ( 'NONE', *, *, #1277, .F. ) ;
#1440 = EDGE_LOOP ( 'NONE', ( #252, #1273, #886 ) ) ;
#1441 = FACE_OUTER_BOUND ( 'NONE', #340, .T. ) ;
#1442 = AXIS2_PLACEMENT_3D ( 'NONE', #796, #1389, #682 ) ;
#1443 = DIRECTION ( 'NONE',  ( 0.000000000000000000, 0.000000000000000000, 1.000000000000000000 ) ) ;
#1444 = CARTESIAN_POINT ( 'NONE',  ( 0.06200000000000002037, 0.05499999999999999334, 0.03050000000000000627 ) ) ;
#1445 = AXIS2_PLACEMENT_3D ( 'NONE', #832, #1323, #1435 ) ;
#1446 = EDGE_CURVE ( 'NONE', #308, #178, #1338, .T. ) ;
#1447 = DIRECTION ( 'NONE',  ( 0.000000000000000000, -1.000000000000000000, 4.268512490100398287E-15 ) ) ;
#1448 = ORIENTED_EDGE ( 'NONE', *, *, #568, .F. ) ;
#1449 = CARTESIAN_POINT ( 'NONE',  ( -0.06300000000000002820, 0.001000000000000003057, 0.03050000000000000627 ) ) ;
#1450 = FACE_OUTER_BOUND ( 'NONE', #1498, .T. ) ;
#1451 = DIRECTION ( 'NONE',  ( -1.000000000000000000, -0.000000000000000000, 0.000000000000000000 ) ) ;
#1452 = AXIS2_PLACEMENT_3D ( 'NONE', #1042, #1386, #1274 ) ;
#1453 = AXIS2_PLACEMENT_3D ( 'NONE', #769, #333, #807 ) ;
#1454 = DIRECTION ( 'NONE',  ( -0.000000000000000000, -1.000000000000000000, -0.000000000000000000 ) ) ;
#1455 = EDGE_CURVE ( 'NONE', #571, #944, #847, .T. ) ;
#1456 = ORIENTED_EDGE ( 'NONE', *, *, #833, .F. ) ;
#1457 = ORIENTED_EDGE ( 'NONE', *, *, #916, .F. ) ;
#1458 = LINE ( 'NONE', #967, #1165 ) ;
#1459 = DIRECTION ( 'NONE',  ( 1.000000000000000000, 0.000000000000000000, 0.000000000000000000 ) ) ;
#1460 = DIRECTION ( 'NONE',  ( 0.000000000000000000, 0.000000000000000000, -1.000000000000000000 ) ) ;
#1461 = CIRCLE ( 'NONE', #278, 0.001000000000000003057 ) ;
#1462 = EDGE_CURVE ( 'NONE', #599, #346, #1458, .T. ) ;
#1463 = CARTESIAN_POINT ( 'NONE',  ( -0.06300000000000002820, 0.05499999999999999334, 0.03150000000000000716 ) ) ;
#1464 = VERTEX_POINT ( 'NONE', #1204 ) ;
#1465 = EDGE_LOOP ( 'NONE', ( #1225, #845, #798, #1236 ) ) ;
#1466 = DIRECTION ( 'NONE',  ( 0.000000000000000000, 0.000000000000000000, -1.000000000000000000 ) ) ;
#1467 = DIRECTION ( 'NONE',  ( 0.000000000000000000, 0.000000000000000000, -1.000000000000000000 ) ) ;
#1468 = ADVANCED_FACE ( 'NONE', ( #1320 ), #957, .F. ) ;
#1469 = CIRCLE ( 'NONE', #1065, 0.0009999999999999987198 ) ;
#1470 = VECTOR ( 'NONE', #812, 39.37007874015748143 ) ;
#1471 = ORIENTED_EDGE ( 'NONE', *, *, #529, .T. ) ;
#1472 = ORIENTED_EDGE ( 'NONE', *, *, #642, .T. ) ;
#1473 = DIRECTION ( 'NONE',  ( 0.000000000000000000, 0.000000000000000000, 1.000000000000000000 ) ) ;
#1474 = CARTESIAN_POINT ( 'NONE',  ( -0.06200000000000002037, 0.05499999999999999334, -0.03049999999999999239 ) ) ;
#1475 = ORIENTED_EDGE ( 'NONE', *, *, #314, .T. ) ;
#1476 = EDGE_CURVE ( 'NONE', #1491, #992, #1345, .T. ) ;
#1477 = VECTOR ( 'NONE', #307, 39.37007874015748143 ) ;
#1478 = LINE ( 'NONE', #181, #156 ) ;
#1479 = ORIENTED_EDGE ( 'NONE', *, *, #1122, .F. ) ;
#1480 = FACE_OUTER_BOUND ( 'NONE', #531, .T. ) ;
#1481 = DIMENSIONAL_EXPONENTS ( 1.000000000000000000, 0.000000000000000000, 0.000000000000000000, 0.000000000000000000, 0.000000000000000000, 0.000000000000000000, 0.000000000000000000 ) ;
#1482 = DIRECTION ( 'NONE',  ( 0.000000000000000000, 0.000000000000000000, 1.000000000000000000 ) ) ;
#1483 = SURFACE_STYLE_USAGE ( .BOTH. , #58 ) ;
#1484 = EDGE_LOOP ( 'NONE', ( #869, #748, #1167, #890 ) ) ;
#1485 = EDGE_CURVE ( 'NONE', #802, #765, #718, .T. ) ;
#1486 = AXIS2_PLACEMENT_3D ( 'NONE', #1342, #741, #484 ) ;
#1487 = DIRECTION ( 'NONE',  ( 6.402768735150641015E-16, 0.000000000000000000, 1.000000000000000000 ) ) ;
#1488 = ORIENTED_EDGE ( 'NONE', *, *, #872, .F. ) ;
#1489 = CARTESIAN_POINT ( 'NONE',  ( 0.04300000000000002431, 0.001000000000000003057, -0.03049999999999998546 ) ) ;
#1490 = DIRECTION ( 'NONE',  ( 0.000000000000000000, 0.000000000000000000, 1.000000000000000000 ) ) ;
#1491 = VERTEX_POINT ( 'NONE', #1213 ) ;
#1492 = AXIS2_PLACEMENT_3D ( 'NONE', #1221, #133, #34 ) ;
#1493 = VECTOR ( 'NONE', #991, 39.37007874015748143 ) ;
#1494 = EDGE_LOOP ( 'NONE', ( #544, #267, #49, #606 ) ) ;
#1495 = CARTESIAN_POINT ( 'NONE',  ( 0.06200000000000002037, 0.000000000000000000, -0.03049999999999999239 ) ) ;
#1496 = DIRECTION ( 'NONE',  ( 0.000000000000000000, 0.000000000000000000, -1.000000000000000000 ) ) ;
#1497 = AXIS2_PLACEMENT_3D ( 'NONE', #302, #1375, #517 ) ;
#1498 = EDGE_LOOP ( 'NONE', ( #1224, #724, #410, #174 ) ) ;
#1499 = DIRECTION ( 'NONE',  ( 0.000000000000000000, 0.000000000000000000, 1.000000000000000000 ) ) ;
#1500 = DIRECTION ( 'NONE',  ( 0.000000000000000000, -1.000000000000000000, 0.000000000000000000 ) ) ;
#1501 = VERTEX_POINT ( 'NONE', #268 ) ;
#1502 = DIRECTION ( 'NONE',  ( -1.000000000000000000, 0.000000000000000000, -1.355083330190607248E-16 ) ) ;
#1503 = AXIS2_PLACEMENT_3D ( 'NONE', #373, #348, #1432 ) ;
#1504 = CYLINDRICAL_SURFACE ( 'NONE', #1507, 0.001000000000000003057 ) ;
#1505 = DIRECTION ( 'NONE',  ( 0.000000000000000000, 0.000000000000000000, -1.000000000000000000 ) ) ;
#1506 = CARTESIAN_POINT ( 'NONE',  ( 0.06300000000000002820, 0.05399999999999999245, -0.03149999999999999328 ) ) ;
#1507 = AXIS2_PLACEMENT_3D ( 'NONE', #795, #1164, #569 ) ;
#1508 = ORIENTED_EDGE ( 'NONE', *, *, #612, .T. ) ;
#1509 = DIRECTION ( 'NONE',  ( 1.000000000000000000, 0.000000000000000000, -0.000000000000000000 ) ) ;
#1510 = EDGE_LOOP ( 'NONE', ( #508, #363, #1267, #431 ) ) ;
#1511 = EDGE_CURVE ( 'NONE', #274, #1336, #614, .T. ) ;
#1512 = CARTESIAN_POINT ( 'NONE',  ( -0.04300000000000002431, 0.001000000000000003057, -0.03149999999999999328 ) ) ;
#1513 = EDGE_CURVE ( 'NONE', #992, #377, #26, .T. ) ;
#1514 =( LENGTH_UNIT ( ) NAMED_UNIT ( * ) SI_UNIT ( $, .METRE. ) );
#1515 = STYLED_ITEM ( 'NONE', ( #286 ), #882 ) ;
#1516 = CARTESIAN_POINT ( 'NONE',  ( 0.06200000000000002037, 0.05499999999999999334, -0.03049999999999999239 ) ) ;
#1517 = FACE_OUTER_BOUND ( 'NONE', #672, .T. ) ;
#1518 = VERTEX_POINT ( 'NONE', #736 ) ;
#1519 = FACE_OUTER_BOUND ( 'NONE', #68, .T. ) ;
#1520 = CARTESIAN_POINT ( 'NONE',  ( 0.04400000000000003908, 0.05499999999999999334, 0.03049999999999999586 ) ) ;
#1521 = ORIENTED_EDGE ( 'NONE', *, *, #963, .T. ) ;
#1522 = DIMENSIONAL_EXPONENTS ( 1.000000000000000000, 0.000000000000000000, 0.000000000000000000, 0.000000000000000000, 0.000000000000000000, 0.000000000000000000, 0.000000000000000000 ) ;
#1523 = EDGE_CURVE ( 'NONE', #192, #1501, #907, .T. ) ;
#1524 = ADVANCED_FACE ( 'NONE', ( #496 ), #609, .T. ) ;
#1525 = DIRECTION ( 'NONE',  ( 1.000000000000000000, 0.000000000000000000, 0.000000000000000000 ) ) ;
#1526 = AXIS2_PLACEMENT_3D ( 'NONE', #442, #913, #1502 ) ;
#1527 = ORIENTED_EDGE ( 'NONE', *, *, #714, .T. ) ;
#1528 = DIRECTION ( 'NONE',  ( 0.000000000000000000, -1.000000000000000000, 0.000000000000000000 ) ) ;
#1529 = DIRECTION ( 'NONE',  ( 0.000000000000000000, 0.000000000000000000, 1.000000000000000000 ) ) ;
#1530 = AXIS2_PLACEMENT_3D ( 'NONE', #64, #1525, #690 ) ;
#1531 = CARTESIAN_POINT ( 'NONE',  ( -0.01188525281452958854, 0.05399999999999999245, 0.009072973807973725921 ) ) ;
#1532 = LINE ( 'NONE', #1512, #974 ) ;
#1533 = EDGE_CURVE ( 'NONE', #1239, #520, #227, .T. ) ;
#1534 = DIRECTION ( 'NONE',  ( -1.000000000000000000, -0.000000000000000000, -0.000000000000000000 ) ) ;
#1535 = VERTEX_POINT ( 'NONE', #7 ) ;
#1536 = CARTESIAN_POINT ( 'NONE',  ( -0.04400000000000003908, 0.05499999999999999334, 0.03049999999999999239 ) ) ;
#1537 = SPHERICAL_SURFACE ( 'NONE', #483, 0.001000000000000000021 ) ;
#1538 = CIRCLE ( 'NONE', #981, 0.001000000000000003057 ) ;
#1539 = EDGE_LOOP ( 'NONE', ( #760, #895, #78, #477 ) ) ;
#1540 = DIRECTION ( 'NONE',  ( 0.000000000000000000, 1.000000000000000000, 0.000000000000000000 ) ) ;
#1541 = MECHANICAL_DESIGN_GEOMETRIC_PRESENTATION_REPRESENTATION (  '', ( #1262 ), #986 ) ;
#1542 = ORIENTED_EDGE ( 'NONE', *, *, #1360, .T. ) ;
#1543 = CARTESIAN_POINT ( 'NONE',  ( 0.06200000000000002037, 0.05399999999999999245, 0.000000000000000000 ) ) ;
#1544 = CYLINDRICAL_SURFACE ( 'NONE', #390, 0.0009999999999999987198 ) ;
#1545 = CIRCLE ( 'NONE', #1266, 0.001000000000000003057 ) ;
#1546 = ADVANCED_FACE ( 'NONE', ( #1441 ), #839, .F. ) ;
#1547 = LINE ( 'NONE', #476, #608 ) ;
ENDSEC;
END-ISO-10303-21;
