ISO-10303-21;
HEADER;
FILE_DESCRIPTION (( 'STEP AP214' ),
    '1' );
FILE_NAME ('ECS-TXO-3225MV-500-TR.STEP',
    '2024-11-01T12:04:05',
    ( '' ),
    ( '' ),
    'SwSTEP 2.0',
    'SolidWorks 2021',
    '' );
FILE_SCHEMA (( 'AUTOMOTIVE_DESIGN' ));
ENDSEC;

DATA;
#1 = EDGE_CURVE ( 'NONE', #534, #2224, #890, .T. ) ;
#2 = EDGE_LOOP ( 'NONE', ( #4156, #1807, #189, #2407 ) ) ;
#3 = FACE_OUTER_BOUND ( 'NONE', #2487, .T. ) ;
#4 = VERTEX_POINT ( 'NONE', #1730 ) ;
#5 = EDGE_CURVE ( 'NONE', #3494, #4547, #402, .T. ) ;
#6 = ORIENTED_EDGE ( 'NONE', *, *, #4552, .T. ) ;
#7 = FACE_OUTER_BOUND ( 'NONE', #1907, .T. ) ;
#8 = EDGE_LOOP ( 'NONE', ( #2028, #2275, #158, #1855 ) ) ;
#9 = PLANE ( 'NONE',  #1593 ) ;
#10 = ADVANCED_FACE ( 'NONE', ( #1701 ), #3199, .T. ) ;
#11 = VERTEX_POINT ( 'NONE', #1635 ) ;
#12 = FACE_OUTER_BOUND ( 'NONE', #3830, .T. ) ;
#13 = LINE ( 'NONE', #1838, #3191 ) ;
#14 = CARTESIAN_POINT ( 'NONE',  ( -1.599999999999999867, 1.650000000000000355, -1.250000000000000000 ) ) ;
#15 = DIRECTION ( 'NONE',  ( 0.000000000000000000, -0.000000000000000000, -1.000000000000000000 ) ) ;
#16 = LINE ( 'NONE', #2973, #1398 ) ;
#17 = CARTESIAN_POINT ( 'NONE',  ( -0.8000000000000000444, 0.000000000000000000, 0.5000000000000000000 ) ) ;
#18 = EDGE_CURVE ( 'NONE', #2856, #4205, #4206, .T. ) ;
#19 = AXIS2_PLACEMENT_3D ( 'NONE', #2894, #4379, #2541 ) ;
#20 = EDGE_LOOP ( 'NONE', ( #1483, #1881 ) ) ;
#21 = ADVANCED_FACE ( 'NONE', ( #3563 ), #2072, .F. ) ;
#22 =( GEOMETRIC_REPRESENTATION_CONTEXT ( 3 ) GLOBAL_UNCERTAINTY_ASSIGNED_CONTEXT ( ( #1633 ) ) GLOBAL_UNIT_ASSIGNED_CONTEXT ( ( #2955, #1143, #52 ) ) REPRESENTATION_CONTEXT ( 'NONE', 'WORKASPACE' ) );
#23 = LINE ( 'NONE', #480, #4494 ) ;
#24 = AXIS2_PLACEMENT_3D ( 'NONE', #1157, #3046, #4167 ) ;
#25 = CIRCLE ( 'NONE', #1478, 0.1999999999999999833 ) ;
#26 = DIRECTION ( 'NONE',  ( 0.000000000000000000, 1.000000000000000000, 0.000000000000000000 ) ) ;
#27 = CARTESIAN_POINT ( 'NONE',  ( 1.499999999999999556, 0.9000000000000000222, 0.8499999999999999778 ) ) ;
#28 = FILL_AREA_STYLE ('',( #3320 ) ) ;
#29 = EDGE_LOOP ( 'NONE', ( #2226, #210, #732, #776 ) ) ;
#30 = CARTESIAN_POINT ( 'NONE',  ( -1.599999999999999867, 1.650000000000000355, 1.250000000000000000 ) ) ;
#31 = VECTOR ( 'NONE', #4740, 1000.000000000000000 ) ;
#32 = ORIENTED_EDGE ( 'NONE', *, *, #1867, .F. ) ;
#33 = AXIS2_PLACEMENT_3D ( 'NONE', #1165, #2977, #1898 ) ;
#34 = VERTEX_POINT ( 'NONE', #2808 ) ;
#35 = ORIENTED_EDGE ( 'NONE', *, *, #2071, .T. ) ;
#36 = DIRECTION ( 'NONE',  ( -1.000000000000000000, 0.000000000000000000, 0.000000000000000000 ) ) ;
#37 = ORIENTED_EDGE ( 'NONE', *, *, #3843, .F. ) ;
#38 = CARTESIAN_POINT ( 'NONE',  ( -1.021874999999999423, 1.199999999999999956, 0.8441840277777739043 ) ) ;
#39 = MANIFOLD_SOLID_BREP ( 'Cap', #1458 ) ;
#40 = EDGE_CURVE ( 'NONE', #702, #3863, #2740, .T. ) ;
#41 = LINE ( 'NONE', #1961, #3397 ) ;
#42 = CARTESIAN_POINT ( 'NONE',  ( -0.5999999999999998668, 0.4000000000000000222, 1.149999999999999911 ) ) ;
#43 = CARTESIAN_POINT ( 'NONE',  ( -1.021874999999999423, 1.199999999999999956, 0.7031249999999962252 ) ) ;
#44 = CARTESIAN_POINT ( 'NONE',  ( -1.199999999999999289, 1.149999999999999911, 1.050000000000000044 ) ) ;
#45 = AXIS2_PLACEMENT_3D ( 'NONE', #1301, #642, #1021 ) ;
#46 = PLANE ( 'NONE',  #1164 ) ;
#47 = CARTESIAN_POINT ( 'NONE',  ( 1.199999999999999734, 1.149999999999999911, 0.8499999999999999778 ) ) ;
#48 = ORIENTED_EDGE ( 'NONE', *, *, #2331, .T. ) ;
#49 = DIRECTION ( 'NONE',  ( 0.000000000000000000, 0.000000000000000000, -1.000000000000000000 ) ) ;
#50 = CARTESIAN_POINT ( 'NONE',  ( -1.599999999999999867, 0.000000000000000000, 1.074999999999999512 ) ) ;
#51 = DIRECTION ( 'NONE',  ( 0.000000000000000000, 0.000000000000000000, -1.000000000000000000 ) ) ;
#52 =( NAMED_UNIT ( * ) SI_UNIT ( $, .STERADIAN. ) SOLID_ANGLE_UNIT ( ) );
#53 = ORIENTED_EDGE ( 'NONE', *, *, #3542, .F. ) ;
#54 = ORIENTED_EDGE ( 'NONE', *, *, #713, .F. ) ;
#55 = CIRCLE ( 'NONE', #4053, 0.04999999999999991257 ) ;
#56 = EDGE_LOOP ( 'NONE', ( #4571, #336, #3229, #4001 ) ) ;
#57 = DIRECTION ( 'NONE',  ( -0.000000000000000000, -1.000000000000000000, -0.000000000000000000 ) ) ;
#58 = DIRECTION ( 'NONE',  ( 1.000000000000000000, 0.000000000000000000, -0.000000000000000000 ) ) ;
#59 = ORIENTED_EDGE ( 'NONE', *, *, #4144, .T. ) ;
#60 = LINE ( 'NONE', #446, #3366 ) ;
#61 = ORIENTED_EDGE ( 'NONE', *, *, #1652, .F. ) ;
#62 = CARTESIAN_POINT ( 'NONE',  ( 0.000000000000000000, 0.9000000000000000222, 1.250000000000000000 ) ) ;
#63 = DIRECTION ( 'NONE',  ( 0.000000000000000000, 0.000000000000000000, 1.000000000000000000 ) ) ;
#64 = CIRCLE ( 'NONE', #2893, 0.1749999999999998224 ) ;
#65 = FILL_AREA_STYLE ('',( #85 ) ) ;
#66 = MANIFOLD_SOLID_BREP ( 'Boss-Extrude9[4]', #4180 ) ;
#67 = ADVANCED_FACE ( 'NONE', ( #2159 ), #3833, .F. ) ;
#68 = DIRECTION ( 'NONE',  ( -1.000000000000000000, 0.000000000000000000, 0.000000000000000000 ) ) ;
#69 = CARTESIAN_POINT ( 'NONE',  ( 1.600000000000000311, 0.3999999999999999667, -1.074999999999999067 ) ) ;
#70 = LINE ( 'NONE', #4481, #1626 ) ;
#71 = DIRECTION ( 'NONE',  ( 0.000000000000000000, 0.000000000000000000, 1.000000000000000000 ) ) ;
#72 = MANIFOLD_SOLID_BREP ( 'Boss-Extrude9[3]', #3089 ) ;
#73 = ORIENTED_EDGE ( 'NONE', *, *, #2210, .T. ) ;
#74 = ORIENTED_EDGE ( 'NONE', *, *, #4149, .T. ) ;
#75 = EDGE_CURVE ( 'NONE', #3961, #2758, #2900, .T. ) ;
#76 = ORIENTED_EDGE ( 'NONE', *, *, #2860, .T. ) ;
#77 = EDGE_LOOP ( 'NONE', ( #2509, #4638, #3817, #2097 ) ) ;
#78 = LINE ( 'NONE', #1884, #4157 ) ;
#79 = ADVANCED_FACE ( 'NONE', ( #746 ), #3973, .T. ) ;
#80 = ORIENTED_EDGE ( 'NONE', *, *, #1777, .T. ) ;
#81 = CARTESIAN_POINT ( 'NONE',  ( -1.456385933836549018, 0.4000000000000000222, 1.149999999999999689 ) ) ;
#82 = ORIENTED_EDGE ( 'NONE', *, *, #192, .F. ) ;
#83 = DIRECTION ( 'NONE',  ( 0.000000000000000000, 0.000000000000000000, 1.000000000000000000 ) ) ;
#84 = LINE ( 'NONE', #1933, #656 ) ;
#85 = FILL_AREA_STYLE_COLOUR ( '', #3141 ) ;
#86 = DIRECTION ( 'NONE',  ( 0.000000000000000000, 0.000000000000000000, -1.000000000000000000 ) ) ;
#87 = CLOSED_SHELL ( 'NONE', ( #1241, #231, #2138, #3729, #2284, #79, #3991, #297, #465, #1179, #4021 ) ) ;
#88 = TOROIDAL_SURFACE ( 'NONE', #4250, 0.2500000000000000555, 0.05000000000000000278 ) ;
#89 = VECTOR ( 'NONE', #2823, 1000.000000000000000 ) ;
#90 = EDGE_CURVE ( 'NONE', #819, #1728, #4382, .T. ) ;
#91 = CARTESIAN_POINT ( 'NONE',  ( 1.599999999999999867, 0.3999999999999999667, -1.250000000000000000 ) ) ;
#92 = AXIS2_PLACEMENT_3D ( 'NONE', #2306, #4529, #3363 ) ;
#93 = DIRECTION ( 'NONE',  ( 0.000000000000000000, -1.000000000000000000, 0.000000000000000000 ) ) ;
#94 = PLANE ( 'NONE',  #4128 ) ;
#95 = FACE_OUTER_BOUND ( 'NONE', #1192, .T. ) ;
#96 = MANIFOLD_SOLID_BREP ( 'Boss-Extrude9[2]', #4094 ) ;
#97 = ORIENTED_EDGE ( 'NONE', *, *, #1496, .F. ) ;
#98 = EDGE_LOOP ( 'NONE', ( #3736, #1441, #273, #303 ) ) ;
#99 = AXIS2_PLACEMENT_3D ( 'NONE', #1997, #226, #3131 ) ;
#100 = VECTOR ( 'NONE', #1030, 1000.000000000000000 ) ;
#101 = VECTOR ( 'NONE', #1115, 1000.000000000000000 ) ;
#102 = VERTEX_POINT ( 'NONE', #3345 ) ;
#103 = CIRCLE ( 'NONE', #790, 0.3000000000000000444 ) ;
#104 = ORIENTED_EDGE ( 'NONE', *, *, #3532, .F. ) ;
#105 = CARTESIAN_POINT ( 'NONE',  ( -1.599999999999999867, 1.650000000000000355, -1.074999999999999512 ) ) ;
#106 = CIRCLE ( 'NONE', #2482, 0.1750000000000000167 ) ;
#107 = ORIENTED_EDGE ( 'NONE', *, *, #3384, .F. ) ;
#108 = DIRECTION ( 'NONE',  ( 3.336006684570783101E-16, 0.000000000000000000, -1.000000000000000000 ) ) ;
#109 = EDGE_CURVE ( 'NONE', #3172, #916, #1029, .T. ) ;
#110 = EDGE_CURVE ( 'NONE', #1536, #3464, #836, .T. ) ;
#111 = CARTESIAN_POINT ( 'NONE',  ( 1.599999999999999867, 0.4000000000000000222, 1.074999999999999956 ) ) ;
#112 = SURFACE_STYLE_FILL_AREA ( #1615 ) ;
#113 = DIRECTION ( 'NONE',  ( -0.000000000000000000, -1.000000000000000000, -0.000000000000000000 ) ) ;
#114 = CARTESIAN_POINT ( 'NONE',  ( -1.424999999999999600, 0.3999999999999999667, 1.249999999999999556 ) ) ;
#115 = DIRECTION ( 'NONE',  ( 0.000000000000000000, 0.000000000000000000, 1.000000000000000000 ) ) ;
#116 = AXIS2_PLACEMENT_3D ( 'NONE', #43, #2181, #3311 ) ;
#117 = LINE ( 'NONE', #2311, #264 ) ;
#118 = FILL_AREA_STYLE ('',( #4126 ) ) ;
#119 = DIRECTION ( 'NONE',  ( 0.000000000000000000, 0.000000000000000000, 1.000000000000000000 ) ) ;
#120 = VECTOR ( 'NONE', #647, 1000.000000000000000 ) ;
#121 = MANIFOLD_SOLID_BREP ( 'Boss-Extrude8', #3238 ) ;
#122 = ORIENTED_EDGE ( 'NONE', *, *, #2513, .T. ) ;
#123 = ORIENTED_EDGE ( 'NONE', *, *, #1996, .F. ) ;
#124 = ADVANCED_FACE ( 'NONE', ( #2953 ), #2312, .T. ) ;
#125 = VERTEX_POINT ( 'NONE', #1213 ) ;
#126 = ORIENTED_EDGE ( 'NONE', *, *, #3686, .F. ) ;
#127 = CARTESIAN_POINT ( 'NONE',  ( -1.199999999999999289, 0.9000000000000000222, 1.050000000000000044 ) ) ;
#128 = ORIENTED_EDGE ( 'NONE', *, *, #2620, .T. ) ;
#129 = CARTESIAN_POINT ( 'NONE',  ( -1.499999999999999778, 1.050000000000000044, -0.8499999999999999778 ) ) ;
#130 = ADVANCED_FACE ( 'NONE', ( #504 ), #88, .T. ) ;
#131 = CIRCLE ( 'NONE', #4441, 0.1750000000000000167 ) ;
#132 = EDGE_CURVE ( 'NONE', #751, #2319, #3318, .T. ) ;
#133 = ORIENTED_EDGE ( 'NONE', *, *, #1212, .F. ) ;
#134 = DIRECTION ( 'NONE',  ( -1.000000000000000000, 0.000000000000000000, -2.532041056836032961E-16 ) ) ;
#135 = FACE_OUTER_BOUND ( 'NONE', #3674, .T. ) ;
#136 = CARTESIAN_POINT ( 'NONE',  ( -1.599999999999999867, 0.4000000000000000222, 1.250000000000000000 ) ) ;
#137 = ORIENTED_EDGE ( 'NONE', *, *, #1588, .F. ) ;
#138 = EDGE_CURVE ( 'NONE', #2961, #702, #1935, .T. ) ;
#139 = LINE ( 'NONE', #3364, #2017 ) ;
#140 = FACE_OUTER_BOUND ( 'NONE', #4373, .T. ) ;
#141 = DIRECTION ( 'NONE',  ( 0.000000000000000000, 0.000000000000000000, -1.000000000000000000 ) ) ;
#142 = VECTOR ( 'NONE', #701, 1000.000000000000000 ) ;
#143 = DIRECTION ( 'NONE',  ( -0.000000000000000000, -1.000000000000000000, -0.000000000000000000 ) ) ;
#144 = VECTOR ( 'NONE', #3087, 1000.000000000000000 ) ;
#145 = CARTESIAN_POINT ( 'NONE',  ( -1.199999999999999512, 0.9000000000000000222, -0.8499999999999999778 ) ) ;
#146 = AXIS2_PLACEMENT_3D ( 'NONE', #14, #3339, #1421 ) ;
#147 = VERTEX_POINT ( 'NONE', #2998 ) ;
#148 = AXIS2_PLACEMENT_3D ( 'NONE', #1558, #514, #3040 ) ;
#149 = UNCERTAINTY_MEASURE_WITH_UNIT (LENGTH_MEASURE( 1.000000000000000082E-05 ), #4176, 'distance_accuracy_value', 'NONE');
#150 = ORIENTED_EDGE ( 'NONE', *, *, #4668, .T. ) ;
#151 = EDGE_CURVE ( 'NONE', #1557, #2758, #436, .T. ) ;
#152 = CARTESIAN_POINT ( 'NONE',  ( -1.500000000000000000, 0.3999999999999999667, 0.5000000000000000000 ) ) ;
#153 = ORIENTED_EDGE ( 'NONE', *, *, #4528, .T. ) ;
#154 = CARTESIAN_POINT ( 'NONE',  ( 1.599999999999999867, 0.9000000000000000222, 0.5000000000000001110 ) ) ;
#155 = ORIENTED_EDGE ( 'NONE', *, *, #4503, .F. ) ;
#156 = CARTESIAN_POINT ( 'NONE',  ( -1.021874999999999423, 1.199999999999999956, 0.7031249999999962252 ) ) ;
#157 = ADVANCED_FACE ( 'NONE', ( #1121 ), #2598, .T. ) ;
#158 = ORIENTED_EDGE ( 'NONE', *, *, #1738, .T. ) ;
#159 = FACE_OUTER_BOUND ( 'NONE', #969, .T. ) ;
#160 = LINE ( 'NONE', #3453, #4664 ) ;
#161 = VERTEX_POINT ( 'NONE', #50 ) ;
#162 = EDGE_CURVE ( 'NONE', #4056, #1586, #2929, .T. ) ;
#163 = CARTESIAN_POINT ( 'NONE',  ( -1.449999999999999512, 1.100000000000000089, 0.8499999999999999778 ) ) ;
#164 = CARTESIAN_POINT ( 'NONE',  ( -1.021874999999999423, 1.149999999999999911, 0.5620659722222184351 ) ) ;
#165 = DIRECTION ( 'NONE',  ( -1.275531967630005245E-16, -0.000000000000000000, -1.000000000000000000 ) ) ;
#166 = LINE ( 'NONE', #4606, #1007 ) ;
#167 = ADVANCED_FACE ( 'NONE', ( #1166 ), #4509, .T. ) ;
#168 = EDGE_CURVE ( 'NONE', #752, #1127, #482, .T. ) ;
#169 = ORIENTED_EDGE ( 'NONE', *, *, #453, .F. ) ;
#170 = CARTESIAN_POINT ( 'NONE',  ( -1.449999999999999956, 1.050000000000000044, -0.8499999999999999778 ) ) ;
#171 = MANIFOLD_SOLID_BREP ( 'Housing ', #4563 ) ;
#172 = ORIENTED_EDGE ( 'NONE', *, *, #1018, .T. ) ;
#173 = AXIS2_PLACEMENT_3D ( 'NONE', #1470, #2970, #2616 ) ;
#174 = CIRCLE ( 'NONE', #337, 0.04999999999999991257 ) ;
#175 = SURFACE_SIDE_STYLE ('',( #2453 ) ) ;
#176 = PLANE ( 'NONE',  #2404 ) ;
#177 = ORIENTED_EDGE ( 'NONE', *, *, #1554, .F. ) ;
#178 = LINE ( 'NONE', #154, #3660 ) ;
#179 = VECTOR ( 'NONE', #393, 1000.000000000000000 ) ;
#180 = ORIENTED_EDGE ( 'NONE', *, *, #1652, .T. ) ;
#181 = DIRECTION ( 'NONE',  ( -1.000000000000000000, 0.000000000000000000, -0.000000000000000000 ) ) ;
#182 = ADVANCED_FACE ( 'NONE', ( #3672 ), #1947, .T. ) ;
#183 = STYLED_ITEM ( 'NONE', ( #3780 ), #232 ) ;
#184 = VERTEX_POINT ( 'NONE', #3314 ) ;
#185 = PLANE ( 'NONE',  #4110 ) ;
#186 = AXIS2_PLACEMENT_3D ( 'NONE', #1521, #852, #1208 ) ;
#187 = VECTOR ( 'NONE', #574, 1000.000000000000000 ) ;
#188 = CARTESIAN_POINT ( 'NONE',  ( -1.199999999999999512, 1.100000000000000089, 1.050000000000000044 ) ) ;
#189 = ORIENTED_EDGE ( 'NONE', *, *, #4622, .F. ) ;
#190 = CARTESIAN_POINT ( 'NONE',  ( -0.5999999999999998668, 0.000000000000000000, -1.149999999999999911 ) ) ;
#191 = AXIS2_PLACEMENT_3D ( 'NONE', #4666, #3520, #4297 ) ;
#192 = EDGE_CURVE ( 'NONE', #1512, #1713, #16, .T. ) ;
#193 = CYLINDRICAL_SURFACE ( 'NONE', #871, 0.3000000000000000444 ) ;
#194 = DIRECTION ( 'NONE',  ( -0.000000000000000000, -1.000000000000000000, 0.000000000000000000 ) ) ;
#195 = DIRECTION ( 'NONE',  ( -1.000000000000000000, 0.000000000000000000, 0.000000000000000000 ) ) ;
#196 = CARTESIAN_POINT ( 'NONE',  ( -1.424999999999999600, 0.4000000000000000222, 1.249999999999999556 ) ) ;
#197 = AXIS2_PLACEMENT_3D ( 'NONE', #3047, #4526, #3823 ) ;
#198 = DIRECTION ( 'NONE',  ( 0.000000000000000000, -1.000000000000000000, 0.000000000000000000 ) ) ;
#199 = EDGE_CURVE ( 'NONE', #3689, #2082, #4455, .T. ) ;
#200 = CARTESIAN_POINT ( 'NONE',  ( 1.599999999999999867, 0.9000000000000000222, -0.5000000000000001110 ) ) ;
#201 = VERTEX_POINT ( 'NONE', #881 ) ;
#202 = ORIENTED_EDGE ( 'NONE', *, *, #4579, .F. ) ;
#203 = EDGE_CURVE ( 'NONE', #1516, #821, #1650, .T. ) ;
#204 = ORIENTED_EDGE ( 'NONE', *, *, #3184, .T. ) ;
#205 = DIRECTION ( 'NONE',  ( 0.000000000000000000, 0.000000000000000000, -1.000000000000000000 ) ) ;
#206 = ORIENTED_EDGE ( 'NONE', *, *, #2250, .T. ) ;
#207 = LINE ( 'NONE', #3133, #516 ) ;
#208 = ORIENTED_EDGE ( 'NONE', *, *, #537, .F. ) ;
#209 = DIRECTION ( 'NONE',  ( 0.000000000000000000, -1.000000000000000000, 0.000000000000000000 ) ) ;
#210 = ORIENTED_EDGE ( 'NONE', *, *, #455, .T. ) ;
#211 = CARTESIAN_POINT ( 'NONE',  ( -1.021874999999999423, 1.199999999999999956, 0.8441840277777739043 ) ) ;
#212 = VECTOR ( 'NONE', #4618, 1000.000000000000000 ) ;
#213 = EDGE_LOOP ( 'NONE', ( #2528, #2497, #2198, #892 ) ) ;
#214 = DIRECTION ( 'NONE',  ( 0.000000000000000000, 0.000000000000000000, -1.000000000000000000 ) ) ;
#215 = DIRECTION ( 'NONE',  ( 0.000000000000000000, 0.000000000000000000, -1.000000000000000000 ) ) ;
#216 = CARTESIAN_POINT ( 'NONE',  ( -1.021874999999999423, 1.149999999999999911, 0.8441840277777739043 ) ) ;
#217 = CARTESIAN_POINT ( 'NONE',  ( 1.500000000000000000, -1.250000000000000000, 0.5000000000000000000 ) ) ;
#218 = FACE_OUTER_BOUND ( 'NONE', #1032, .T. ) ;
#219 = CARTESIAN_POINT ( 'NONE',  ( -1.599999999999999867, 1.650000000000000355, -1.250000000000000000 ) ) ;
#220 = ORIENTED_EDGE ( 'NONE', *, *, #1627, .F. ) ;
#221 = AXIS2_PLACEMENT_3D ( 'NONE', #1017, #3893, #4603 ) ;
#222 = VERTEX_POINT ( 'NONE', #164 ) ;
#223 = EDGE_CURVE ( 'NONE', #2602, #752, #3437, .T. ) ;
#224 = AXIS2_PLACEMENT_3D ( 'NONE', #1646, #1342, #1743 ) ;
#225 = SURFACE_SIDE_STYLE ('',( #2411 ) ) ;
#226 = DIRECTION ( 'NONE',  ( 1.000000000000000000, -0.000000000000000000, 0.000000000000000000 ) ) ;
#227 = EDGE_LOOP ( 'NONE', ( #4662, #628, #2000, #1277, #4233, #2345, #601, #859, #4278, #1221 ) ) ;
#228 = CARTESIAN_POINT ( 'NONE',  ( 1.500000000000000000, 0.4000000000000000222, -0.5000000000000000000 ) ) ;
#229 = CARTESIAN_POINT ( 'NONE',  ( 0.6000000000000000888, 0.000000000000000000, 0.5000000000000000000 ) ) ;
#230 = AXIS2_PLACEMENT_3D ( 'NONE', #2632, #4082, #58 ) ;
#231 = ADVANCED_FACE ( 'NONE', ( #851 ), #3844, .T. ) ;
#232 = ADVANCED_BREP_SHAPE_REPRESENTATION ( 'ECS-TXO-3225MV-500-TR', ( #171, #3233, #39, #1623, #121, #3211, #96, #72, #66, #4332 ), #2560 ) ;
#233 = ORIENTED_EDGE ( 'NONE', *, *, #2513, .F. ) ;
#234 = ADVANCED_FACE ( 'NONE', ( #140 ), #548, .T. ) ;
#235 = DIRECTION ( 'NONE',  ( -0.000000000000000000, -1.000000000000000000, -0.000000000000000000 ) ) ;
#236 = PLANE ( 'NONE',  #2298 ) ;
#237 = CARTESIAN_POINT ( 'NONE',  ( -0.5999999999999998668, 0.000000000000000000, -1.149999999999999911 ) ) ;
#238 = CARTESIAN_POINT ( 'NONE',  ( 1.199999999999999734, 1.149999999999999911, -0.8499999999999999778 ) ) ;
#239 = LINE ( 'NONE', #216, #2958 ) ;
#240 = CARTESIAN_POINT ( 'NONE',  ( 1.199999999999999734, 1.100000000000000089, -1.050000000000000044 ) ) ;
#241 = DIRECTION ( 'NONE',  ( 0.000000000000000000, -1.000000000000000000, 0.000000000000000000 ) ) ;
#242 = CARTESIAN_POINT ( 'NONE',  ( 1.599999999999999867, 0.000000000000000000, 1.074999999999999956 ) ) ;
#243 = EDGE_LOOP ( 'NONE', ( #3513, #122, #648, #2278, #1507, #1669, #128, #4078, #1640 ) ) ;
#244 = EDGE_CURVE ( 'NONE', #540, #2216, #416, .T. ) ;
#245 = EDGE_LOOP ( 'NONE', ( #2585, #4008, #3929, #1658 ) ) ;
#246 = DIRECTION ( 'NONE',  ( -1.000000000000000000, 0.000000000000000000, 0.000000000000000000 ) ) ;
#247 = VERTEX_POINT ( 'NONE', #2061 ) ;
#248 = FACE_OUTER_BOUND ( 'NONE', #3355, .T. ) ;
#249 = ORIENTED_EDGE ( 'NONE', *, *, #2232, .T. ) ;
#250 = DIRECTION ( 'NONE',  ( -1.000000000000000000, 0.000000000000000000, 0.000000000000000000 ) ) ;
#251 = CIRCLE ( 'NONE', #1381, 0.1410590277777777068 ) ;
#252 = ORIENTED_EDGE ( 'NONE', *, *, #2913, .F. ) ;
#253 = EDGE_CURVE ( 'NONE', #3834, #991, #1024, .T. ) ;
#254 = DIRECTION ( 'NONE',  ( 0.000000000000000000, -0.000000000000000000, -1.000000000000000000 ) ) ;
#255 = CARTESIAN_POINT ( 'NONE',  ( -1.599999999999999867, 0.000000000000000000, 1.250000000000000000 ) ) ;
#256 = VECTOR ( 'NONE', #4292, 1000.000000000000000 ) ;
#257 = VECTOR ( 'NONE', #2526, 1000.000000000000000 ) ;
#258 = PRESENTATION_LAYER_ASSIGNMENT (  '', '', ( #793 ) ) ;
#259 = CYLINDRICAL_SURFACE ( 'NONE', #1095, 0.04999999999999991257 ) ;
#260 = DIRECTION ( 'NONE',  ( -1.000000000000000000, -0.000000000000000000, -2.532041056836032961E-16 ) ) ;
#261 = CARTESIAN_POINT ( 'NONE',  ( -1.199999999999999512, 1.100000000000000089, -1.050000000000000044 ) ) ;
#262 = CIRCLE ( 'NONE', #1010, 0.1000000000000000472 ) ;
#263 = CARTESIAN_POINT ( 'NONE',  ( 1.600000000000000311, 1.650000000000000355, -1.074999999999999067 ) ) ;
#264 = VECTOR ( 'NONE', #1480, 1000.000000000000000 ) ;
#265 = CARTESIAN_POINT ( 'NONE',  ( 1.456385933836549018, 0.3999999999999999667, 1.150000000000000133 ) ) ;
#266 = CARTESIAN_POINT ( 'NONE',  ( -1.199999999999999512, 1.050000000000000044, -1.099999999999999645 ) ) ;
#267 = ORIENTED_EDGE ( 'NONE', *, *, #923, .F. ) ;
#268 = CARTESIAN_POINT ( 'NONE',  ( -1.199999999999999512, 1.050000000000000044, 1.100000000000000089 ) ) ;
#269 = DIRECTION ( 'NONE',  ( -0.000000000000000000, -1.000000000000000000, -0.000000000000000000 ) ) ;
#270 = CARTESIAN_POINT ( 'NONE',  ( -1.199999999999999512, 1.199999999999999956, -1.000000000000000222 ) ) ;
#271 = VERTEX_POINT ( 'NONE', #3870 ) ;
#272 = CARTESIAN_POINT ( 'NONE',  ( -1.500000000000000222, 0.9000000000000000222, 1.250000000000000000 ) ) ;
#273 = ORIENTED_EDGE ( 'NONE', *, *, #3076, .F. ) ;
#274 = LINE ( 'NONE', #3859, #3561 ) ;
#275 = VECTOR ( 'NONE', #4327, 1000.000000000000000 ) ;
#276 = ORIENTED_EDGE ( 'NONE', *, *, #2427, .T. ) ;
#277 = DIRECTION ( 'NONE',  ( 1.000000000000000000, 0.000000000000000000, 7.596123170508101842E-16 ) ) ;
#278 = ORIENTED_EDGE ( 'NONE', *, *, #1205, .F. ) ;
#279 = DIRECTION ( 'NONE',  ( -1.000000000000000000, 0.000000000000000000, -0.000000000000000000 ) ) ;
#280 = ORIENTED_EDGE ( 'NONE', *, *, #1380, .F. ) ;
#281 = LINE ( 'NONE', #1256, #2783 ) ;
#282 = DIRECTION ( 'NONE',  ( 0.000000000000000000, 1.000000000000000000, 0.000000000000000000 ) ) ;
#283 = DIRECTION ( 'NONE',  ( 0.000000000000000000, -1.000000000000000000, 0.000000000000000000 ) ) ;
#284 = VECTOR ( 'NONE', #2295, 1000.000000000000000 ) ;
#285 = AXIS2_PLACEMENT_3D ( 'NONE', #4759, #2163, #4363 ) ;
#286 = EDGE_CURVE ( 'NONE', #823, #347, #920, .T. ) ;
#287 = FACE_OUTER_BOUND ( 'NONE', #1951, .T. ) ;
#288 = DIRECTION ( 'NONE',  ( 0.000000000000000000, 0.000000000000000000, 1.000000000000000000 ) ) ;
#289 = ORIENTED_EDGE ( 'NONE', *, *, #3582, .F. ) ;
#290 = DIRECTION ( 'NONE',  ( -3.336006684570783101E-16, 0.000000000000000000, 1.000000000000000000 ) ) ;
#291 = DIRECTION ( 'NONE',  ( 0.000000000000000000, -1.000000000000000000, 0.000000000000000000 ) ) ;
#292 = DIRECTION ( 'NONE',  ( 0.7071067811865477948, 0.000000000000000000, 0.7071067811865473507 ) ) ;
#293 = ORIENTED_EDGE ( 'NONE', *, *, #1725, .T. ) ;
#294 = DIRECTION ( 'NONE',  ( -1.000000000000000000, 0.000000000000000000, 0.000000000000000000 ) ) ;
#295 = ORIENTED_EDGE ( 'NONE', *, *, #2592, .F. ) ;
#296 = DIRECTION ( 'NONE',  ( 1.000000000000000000, -0.000000000000000000, -2.532041056836032961E-16 ) ) ;
#297 = ADVANCED_FACE ( 'NONE', ( #3120 ), #1618, .T. ) ;
#298 = ORIENTED_EDGE ( 'NONE', *, *, #4274, .F. ) ;
#299 = CARTESIAN_POINT ( 'NONE',  ( -1.456385933836548574, 0.4000000000000000222, -1.150000000000000577 ) ) ;
#300 = ORIENTED_EDGE ( 'NONE', *, *, #2667, .F. ) ;
#301 = LINE ( 'NONE', #3665, #3670 ) ;
#302 = ADVANCED_FACE ( 'NONE', ( #1300 ), #3073, .F. ) ;
#303 = ORIENTED_EDGE ( 'NONE', *, *, #2736, .T. ) ;
#304 = FACE_OUTER_BOUND ( 'NONE', #3661, .T. ) ;
#305 = EDGE_CURVE ( 'NONE', #201, #823, #3875, .T. ) ;
#306 = DIRECTION ( 'NONE',  ( 1.000000000000000000, 0.000000000000000000, 0.000000000000000000 ) ) ;
#307 = CARTESIAN_POINT ( 'NONE',  ( -1.399999999999999467, 1.199999999999999956, -0.8499999999999999778 ) ) ;
#308 = DIRECTION ( 'NONE',  ( -0.000000000000000000, 1.000000000000000000, -0.000000000000000000 ) ) ;
#309 = EDGE_CURVE ( 'NONE', #4672, #3204, #4258, .T. ) ;
#310 = ORIENTED_EDGE ( 'NONE', *, *, #4503, .T. ) ;
#311 = EDGE_CURVE ( 'NONE', #4079, #1310, #1393, .T. ) ;
#312 =( NAMED_UNIT ( * ) SI_UNIT ( $, .STERADIAN. ) SOLID_ANGLE_UNIT ( ) );
#313 = LINE ( 'NONE', #1731, #2858 ) ;
#314 = LINE ( 'NONE', #270, #3631 ) ;
#315 = ORIENTED_EDGE ( 'NONE', *, *, #2360, .F. ) ;
#316 = DIRECTION ( 'NONE',  ( -1.000000000000000000, 0.000000000000000000, 0.000000000000000000 ) ) ;
#317 = VERTEX_POINT ( 'NONE', #1231 ) ;
#318 = DIRECTION ( 'NONE',  ( 1.000000000000000000, 0.000000000000000000, -0.000000000000000000 ) ) ;
#319 = VERTEX_POINT ( 'NONE', #1988 ) ;
#320 = DIRECTION ( 'NONE',  ( -2.532041056836032961E-16, 0.000000000000000000, 1.000000000000000000 ) ) ;
#321 = ORIENTED_EDGE ( 'NONE', *, *, #1349, .T. ) ;
#322 = DIRECTION ( 'NONE',  ( -0.000000000000000000, -1.000000000000000000, -0.000000000000000000 ) ) ;
#323 = STYLED_ITEM ( 'NONE', ( #694 ), #96 ) ;
#324 = CIRCLE ( 'NONE', #4251, 0.2500000000000001110 ) ;
#325 = AXIS2_PLACEMENT_3D ( 'NONE', #3771, #500, #1617 ) ;
#326 = DIRECTION ( 'NONE',  ( 1.000000000000000000, 0.000000000000000000, -9.035018104045874392E-17 ) ) ;
#327 = DIRECTION ( 'NONE',  ( 0.000000000000000000, 0.000000000000000000, -1.000000000000000000 ) ) ;
#328 = EDGE_CURVE ( 'NONE', #1008, #2268, #1787, .T. ) ;
#329 = CYLINDRICAL_SURFACE ( 'NONE', #173, 0.04999999999999991257 ) ;
#330 = AXIS2_PLACEMENT_3D ( 'NONE', #1643, #4706, #983 ) ;
#331 = DIRECTION ( 'NONE',  ( 1.000000000000000000, 0.000000000000000000, 2.532041056836032961E-16 ) ) ;
#332 = VECTOR ( 'NONE', #292, 999.9999999999998863 ) ;
#333 = DIRECTION ( 'NONE',  ( 0.000000000000000000, 1.000000000000000000, 0.000000000000000000 ) ) ;
#334 = TOROIDAL_SURFACE ( 'NONE', #4573, 0.2499999999999999445, 0.05000000000000000278 ) ;
#335 = VECTOR ( 'NONE', #3577, 1000.000000000000000 ) ;
#336 = ORIENTED_EDGE ( 'NONE', *, *, #244, .T. ) ;
#337 = AXIS2_PLACEMENT_3D ( 'NONE', #3837, #4597, #937 ) ;
#338 = PRESENTATION_LAYER_ASSIGNMENT (  '', '', ( #3638 ) ) ;
#339 = EDGE_CURVE ( 'NONE', #347, #247, #3507, .T. ) ;
#340 = CARTESIAN_POINT ( 'NONE',  ( 1.599999999999999867, 0.9000000000000000222, 1.149999999999999911 ) ) ;
#341 = LINE ( 'NONE', #4460, #257 ) ;
#342 = LINE ( 'NONE', #3953, #2782 ) ;
#343 = EDGE_LOOP ( 'NONE', ( #2194, #2903, #1054, #3608 ) ) ;
#344 = DIRECTION ( 'NONE',  ( 1.000000000000000000, -0.000000000000000000, 0.000000000000000000 ) ) ;
#345 = ORIENTED_EDGE ( 'NONE', *, *, #2913, .T. ) ;
#346 = CARTESIAN_POINT ( 'NONE',  ( 1.599999999999999867, 0.9000000000000000222, -1.250000000000000000 ) ) ;
#347 = VERTEX_POINT ( 'NONE', #3457 ) ;
#348 = CARTESIAN_POINT ( 'NONE',  ( 1.500000000000000000, 0.4000000000000000222, 1.106385933836549151 ) ) ;
#349 = ORIENTED_EDGE ( 'NONE', *, *, #4630, .F. ) ;
#350 = CARTESIAN_POINT ( 'NONE',  ( 1.450000000000000178, 1.100000000000000089, -0.8499999999999999778 ) ) ;
#351 = ORIENTED_EDGE ( 'NONE', *, *, #533, .F. ) ;
#352 = AXIS2_PLACEMENT_3D ( 'NONE', #1447, #692, #1870 ) ;
#353 = CARTESIAN_POINT ( 'NONE',  ( 1.199999999999999734, 0.9000000000000000222, -1.050000000000000044 ) ) ;
#354 = DIRECTION ( 'NONE',  ( -1.301042606982604059E-14, 0.000000000000000000, 1.000000000000000000 ) ) ;
#355 = CARTESIAN_POINT ( 'NONE',  ( -1.600000000000000311, 0.9000000000000000222, 0.5000000000000001110 ) ) ;
#356 = CARTESIAN_POINT ( 'NONE',  ( 1.449999999999999956, 1.050000000000000044, 0.8499999999999999778 ) ) ;
#357 = ORIENTED_EDGE ( 'NONE', *, *, #663, .F. ) ;
#358 = CIRCLE ( 'NONE', #527, 0.1000000000000001027 ) ;
#359 = AXIS2_PLACEMENT_3D ( 'NONE', #2743, #2723, #4595 ) ;
#360 = EDGE_CURVE ( 'NONE', #2889, #3107, #4627, .T. ) ;
#361 = DIRECTION ( 'NONE',  ( -1.000000000000000000, 0.000000000000000000, -3.336006684570783101E-16 ) ) ;
#362 = CARTESIAN_POINT ( 'NONE',  ( -1.500000000000000222, 0.9000000000000000222, 1.250000000000000000 ) ) ;
#363 = ORIENTED_EDGE ( 'NONE', *, *, #2151, .T. ) ;
#364 = CARTESIAN_POINT ( 'NONE',  ( -1.599999999999999867, 0.4000000000000000222, 1.149999999999999689 ) ) ;
#365 = ORIENTED_EDGE ( 'NONE', *, *, #4596, .T. ) ;
#366 = FACE_OUTER_BOUND ( 'NONE', #3400, .T. ) ;
#367 = ADVANCED_FACE ( 'NONE', ( #2710 ), #4200, .F. ) ;
#368 = ORIENTED_EDGE ( 'NONE', *, *, #3662, .F. ) ;
#369 = ORIENTED_EDGE ( 'NONE', *, *, #168, .T. ) ;
#370 = DIRECTION ( 'NONE',  ( 0.000000000000000000, 0.000000000000000000, -1.000000000000000000 ) ) ;
#371 = ORIENTED_EDGE ( 'NONE', *, *, #3802, .T. ) ;
#372 = DIRECTION ( 'NONE',  ( -1.000000000000000000, -0.000000000000000000, 0.000000000000000000 ) ) ;
#373 = EDGE_CURVE ( 'NONE', #3178, #2628, #4575, .T. ) ;
#374 = AXIS2_PLACEMENT_3D ( 'NONE', #2940, #4393, #3613 ) ;
#375 = EDGE_CURVE ( 'NONE', #1680, #3566, #3189, .T. ) ;
#376 = ORIENTED_EDGE ( 'NONE', *, *, #1416, .F. ) ;
#377 = CARTESIAN_POINT ( 'NONE',  ( 1.599999999999999867, 1.650000000000000355, 1.074999999999999956 ) ) ;
#378 = STYLED_ITEM ( 'NONE', ( #900 ), #3233 ) ;
#379 = DIRECTION ( 'NONE',  ( 0.000000000000000000, -1.000000000000000000, 0.000000000000000000 ) ) ;
#380 = LINE ( 'NONE', #709, #2930 ) ;
#381 = LINE ( 'NONE', #3291, #4018 ) ;
#382 = DIRECTION ( 'NONE',  ( -0.000000000000000000, 1.000000000000000000, 0.000000000000000000 ) ) ;
#383 = DIRECTION ( 'NONE',  ( 0.000000000000000000, 0.000000000000000000, -1.000000000000000000 ) ) ;
#384 = EDGE_LOOP ( 'NONE', ( #2861, #651 ) ) ;
#385 = CARTESIAN_POINT ( 'NONE',  ( 0.6000000000000000888, 0.3999999999999999667, 0.5000000000000000000 ) ) ;
#386 = DIRECTION ( 'NONE',  ( -0.000000000000000000, -1.000000000000000000, -0.000000000000000000 ) ) ;
#387 = EDGE_LOOP ( 'NONE', ( #4588, #1467, #3342, #2251 ) ) ;
#388 = LINE ( 'NONE', #4533, #929 ) ;
#389 = ORIENTED_EDGE ( 'NONE', *, *, #1496, .T. ) ;
#390 = EDGE_CURVE ( 'NONE', #2053, #4619, #3550, .T. ) ;
#391 = EDGE_CURVE ( 'NONE', #3961, #1608, #23, .T. ) ;
#392 = ORIENTED_EDGE ( 'NONE', *, *, #4330, .F. ) ;
#393 = DIRECTION ( 'NONE',  ( 0.000000000000000000, 0.000000000000000000, -1.000000000000000000 ) ) ;
#394 = ORIENTED_EDGE ( 'NONE', *, *, #2908, .F. ) ;
#395 = LINE ( 'NONE', #3282, #2596 ) ;
#396 = EDGE_LOOP ( 'NONE', ( #4717, #137, #3766, #3420 ) ) ;
#397 = DIRECTION ( 'NONE',  ( 1.000000000000000000, 0.000000000000000000, 0.000000000000000000 ) ) ;
#398 = VERTEX_POINT ( 'NONE', #3367 ) ;
#399 = FACE_OUTER_BOUND ( 'NONE', #4052, .T. ) ;
#400 = CARTESIAN_POINT ( 'NONE',  ( -1.199999999999999289, 0.9000000000000000222, 1.149999999999999911 ) ) ;
#401 = FACE_OUTER_BOUND ( 'NONE', #4020, .T. ) ;
#402 = CIRCLE ( 'NONE', #2396, 0.04999999999999991257 ) ;
#403 = PRODUCT_DEFINITION ( 'UNKNOWN', '', #637, #2366 ) ;
#404 = CARTESIAN_POINT ( 'NONE',  ( -1.600000000000000311, 0.000000000000000000, 0.5000000000000001110 ) ) ;
#405 = DIRECTION ( 'NONE',  ( 0.000000000000000000, 0.000000000000000000, -1.000000000000000000 ) ) ;
#406 = ORIENTED_EDGE ( 'NONE', *, *, #2331, .F. ) ;
#407 = DIRECTION ( 'NONE',  ( 0.000000000000000000, -1.000000000000000000, 0.000000000000000000 ) ) ;
#408 = VECTOR ( 'NONE', #4525, 1000.000000000000000 ) ;
#409 = VECTOR ( 'NONE', #2522, 1000.000000000000000 ) ;
#410 = VECTOR ( 'NONE', #3549, 1000.000000000000000 ) ;
#411 = SURFACE_STYLE_FILL_AREA ( #118 ) ;
#412 = DIRECTION ( 'NONE',  ( 0.000000000000000000, 0.000000000000000000, 1.000000000000000000 ) ) ;
#413 = ORIENTED_EDGE ( 'NONE', *, *, #3693, .T. ) ;
#414 = AXIS2_PLACEMENT_3D ( 'NONE', #691, #2155, #4039 ) ;
#415 = EDGE_LOOP ( 'NONE', ( #3848, #1200, #220, #3065 ) ) ;
#416 = CIRCLE ( 'NONE', #3105, 0.1000000000000000472 ) ;
#417 = ORIENTED_EDGE ( 'NONE', *, *, #2197, .T. ) ;
#418 = ADVANCED_FACE ( 'NONE', ( #2997 ), #1120, .F. ) ;
#419 = CARTESIAN_POINT ( 'NONE',  ( 1.500000000000000000, 0.3999999999999999667, 1.106385933836548929 ) ) ;
#420 = EDGE_LOOP ( 'NONE', ( #4634, #4242, #1974, #4561 ) ) ;
#421 = CARTESIAN_POINT ( 'NONE',  ( 1.425000000000000044, 1.650000000000000355, -1.249999999999999112 ) ) ;
#422 = ORIENTED_EDGE ( 'NONE', *, *, #3285, .F. ) ;
#423 = DIRECTION ( 'NONE',  ( 0.000000000000000000, 1.000000000000000000, 0.000000000000000000 ) ) ;
#424 = EDGE_CURVE ( 'NONE', #1921, #774, #1523, .T. ) ;
#425 = EDGE_LOOP ( 'NONE', ( #2158, #3573, #3372, #3836 ) ) ;
#426 = CARTESIAN_POINT ( 'NONE',  ( -1.600000000000000311, 0.9000000000000000222, 0.000000000000000000 ) ) ;
#427 = DIRECTION ( 'NONE',  ( 0.000000000000000000, -1.000000000000000000, 0.000000000000000000 ) ) ;
#428 = DIRECTION ( 'NONE',  ( 0.000000000000000000, 0.000000000000000000, -1.000000000000000000 ) ) ;
#429 = AXIS2_PLACEMENT_3D ( 'NONE', #1069, #2156, #741 ) ;
#430 = VECTOR ( 'NONE', #2539, 1000.000000000000000 ) ;
#431 = DIRECTION ( 'NONE',  ( 5.782411586589291769E-15, 0.000000000000000000, -1.000000000000000000 ) ) ;
#432 = DIRECTION ( 'NONE',  ( 0.000000000000000000, 0.000000000000000000, 1.000000000000000000 ) ) ;
#433 = EDGE_CURVE ( 'NONE', #3984, #2939, #4459, .T. ) ;
#434 = EDGE_CURVE ( 'NONE', #2069, #247, #25, .T. ) ;
#435 = LINE ( 'NONE', #3027, #2561 ) ;
#436 = LINE ( 'NONE', #3368, #1160 ) ;
#437 = CARTESIAN_POINT ( 'NONE',  ( -1.399999999999999467, 0.9000000000000000222, -0.8499999999999999778 ) ) ;
#438 = VECTOR ( 'NONE', #3300, 1000.000000000000000 ) ;
#439 = ORIENTED_EDGE ( 'NONE', *, *, #2971, .F. ) ;
#440 = EDGE_LOOP ( 'NONE', ( #1775, #749, #2418, #1686 ) ) ;
#441 = UNCERTAINTY_MEASURE_WITH_UNIT (LENGTH_MEASURE( 1.000000000000000082E-05 ), #3152, 'distance_accuracy_value', 'NONE');
#442 = ORIENTED_EDGE ( 'NONE', *, *, #4175, .F. ) ;
#443 = VERTEX_POINT ( 'NONE', #4478 ) ;
#444 = CARTESIAN_POINT ( 'NONE',  ( 1.500000000000000444, 1.650000000000000355, -1.106385933836548263 ) ) ;
#445 = ORIENTED_EDGE ( 'NONE', *, *, #1088, .F. ) ;
#446 = CARTESIAN_POINT ( 'NONE',  ( 1.424999999999999822, 0.000000000000000000, 1.250000000000000000 ) ) ;
#447 = EDGE_CURVE ( 'NONE', #1064, #102, #1917, .T. ) ;
#448 = VERTEX_POINT ( 'NONE', #791 ) ;
#449 = DIRECTION ( 'NONE',  ( 1.000000000000000000, 0.000000000000000000, -1.807003620809174878E-16 ) ) ;
#450 = CARTESIAN_POINT ( 'NONE',  ( -1.599999999999999867, 0.000000000000000000, -1.074999999999999512 ) ) ;
#451 = AXIS2_PLACEMENT_3D ( 'NONE', #1177, #2682, #2662 ) ;
#452 = DIRECTION ( 'NONE',  ( 0.000000000000000000, 0.000000000000000000, 1.000000000000000000 ) ) ;
#453 = EDGE_CURVE ( 'NONE', #2533, #4311, #3752, .T. ) ;
#454 = VECTOR ( 'NONE', #1278, 1000.000000000000000 ) ;
#455 = EDGE_CURVE ( 'NONE', #3172, #1512, #1715, .T. ) ;
#456 = DIRECTION ( 'NONE',  ( 0.000000000000000000, 0.000000000000000000, 1.000000000000000000 ) ) ;
#457 = FACE_OUTER_BOUND ( 'NONE', #2834, .T. ) ;
#458 = FACE_OUTER_BOUND ( 'NONE', #3244, .T. ) ;
#459 = DIRECTION ( 'NONE',  ( 0.000000000000000000, 0.000000000000000000, -1.000000000000000000 ) ) ;
#460 = EDGE_CURVE ( 'NONE', #4031, #799, #435, .T. ) ;
#461 = DIRECTION ( 'NONE',  ( 0.000000000000000000, -1.000000000000000000, 0.000000000000000000 ) ) ;
#462 = LINE ( 'NONE', #4100, #4190 ) ;
#463 = ORIENTED_EDGE ( 'NONE', *, *, #2785, .F. ) ;
#464 = ORIENTED_EDGE ( 'NONE', *, *, #2379, .F. ) ;
#465 = ADVANCED_FACE ( 'NONE', ( #1502 ), #4508, .T. ) ;
#466 = ORIENTED_EDGE ( 'NONE', *, *, #4147, .T. ) ;
#467 = CARTESIAN_POINT ( 'NONE',  ( 0.000000000000000000, 0.9000000000000000222, 1.250000000000000000 ) ) ;
#468 = VERTEX_POINT ( 'NONE', #2597 ) ;
#469 = LINE ( 'NONE', #1926, #4539 ) ;
#470 = ORIENTED_EDGE ( 'NONE', *, *, #4661, .F. ) ;
#471 = CARTESIAN_POINT ( 'NONE',  ( -1.424999999999999822, 1.650000000000000355, -1.249999999999999556 ) ) ;
#472 = ORIENTED_EDGE ( 'NONE', *, *, #40, .F. ) ;
#473 = DIRECTION ( 'NONE',  ( -1.000000000000000000, 0.000000000000000000, 0.000000000000000000 ) ) ;
#474 = CARTESIAN_POINT ( 'NONE',  ( -0.5999999999999998668, 1.650000000000000355, -1.149999999999999911 ) ) ;
#475 = LINE ( 'NONE', #1570, #561 ) ;
#476 = CARTESIAN_POINT ( 'NONE',  ( 1.499999999999999778, 0.4000000000000000222, 1.250000000000000000 ) ) ;
#477 = EDGE_CURVE ( 'NONE', #1452, #1985, #3730, .T. ) ;
#478 = DIRECTION ( 'NONE',  ( -0.000000000000000000, -1.000000000000000000, -0.000000000000000000 ) ) ;
#479 = CARTESIAN_POINT ( 'NONE',  ( 1.456385933836549018, 0.000000000000000000, 1.150000000000000133 ) ) ;
#480 = CARTESIAN_POINT ( 'NONE',  ( 1.599999999999999867, 0.9000000000000000222, 0.000000000000000000 ) ) ;
#481 = AXIS2_PLACEMENT_3D ( 'NONE', #487, #3353, #820 ) ;
#482 = LINE ( 'NONE', #2672, #3860 ) ;
#483 = DIRECTION ( 'NONE',  ( 0.000000000000000000, 0.000000000000000000, 1.000000000000000000 ) ) ;
#484 = ORIENTED_EDGE ( 'NONE', *, *, #1610, .F. ) ;
#485 = ORIENTED_EDGE ( 'NONE', *, *, #2532, .T. ) ;
#486 = VERTEX_POINT ( 'NONE', #4431 ) ;
#487 = CARTESIAN_POINT ( 'NONE',  ( 1.199999999999999734, 1.100000000000000089, 0.8499999999999999778 ) ) ;
#488 = VECTOR ( 'NONE', #3879, 1000.000000000000000 ) ;
#489 = VERTEX_POINT ( 'NONE', #1945 ) ;
#490 = LINE ( 'NONE', #1585, #1209 ) ;
#491 = CIRCLE ( 'NONE', #3175, 0.1000000000000001027 ) ;
#492 = ORIENTED_EDGE ( 'NONE', *, *, #3070, .T. ) ;
#493 = DIRECTION ( 'NONE',  ( -0.000000000000000000, -1.000000000000000000, -0.000000000000000000 ) ) ;
#494 = EDGE_CURVE ( 'NONE', #161, #4079, #117, .T. ) ;
#495 = EDGE_LOOP ( 'NONE', ( #4550, #4268, #406, #4028 ) ) ;
#496 = DIRECTION ( 'NONE',  ( -0.000000000000000000, 1.000000000000000000, -0.000000000000000000 ) ) ;
#497 = DIRECTION ( 'NONE',  ( 1.000000000000000000, 0.000000000000000000, 3.336006684570783101E-16 ) ) ;
#498 = VERTEX_POINT ( 'NONE', #1574 ) ;
#499 = VECTOR ( 'NONE', #1518, 1000.000000000000000 ) ;
#500 = DIRECTION ( 'NONE',  ( -1.000000000000000000, 0.000000000000000000, 0.000000000000000000 ) ) ;
#501 = DIRECTION ( 'NONE',  ( 1.000000000000000000, 0.000000000000000000, -0.000000000000000000 ) ) ;
#502 = DIRECTION ( 'NONE',  ( -1.000000000000000000, 0.000000000000000000, -9.035018104045873159E-17 ) ) ;
#503 = VECTOR ( 'NONE', #596, 1000.000000000000000 ) ;
#504 = FACE_OUTER_BOUND ( 'NONE', #4614, .T. ) ;
#505 = DIRECTION ( 'NONE',  ( 0.000000000000000000, 1.000000000000000000, 0.000000000000000000 ) ) ;
#506 = VECTOR ( 'NONE', #4772, 1000.000000000000000 ) ;
#507 = VERTEX_POINT ( 'NONE', #3053 ) ;
#508 = VERTEX_POINT ( 'NONE', #1098 ) ;
#509 = EDGE_CURVE ( 'NONE', #1679, #2911, #106, .T. ) ;
#510 = EDGE_LOOP ( 'NONE', ( #4457, #3006, #2850, #2293 ) ) ;
#511 = ADVANCED_FACE ( 'NONE', ( #1844 ), #745, .F. ) ;
#512 = DIRECTION ( 'NONE',  ( 0.000000000000000000, 1.000000000000000000, 0.000000000000000000 ) ) ;
#513 = ORIENTED_EDGE ( 'NONE', *, *, #1403, .T. ) ;
#514 = DIRECTION ( 'NONE',  ( -0.000000000000000000, -1.000000000000000000, 0.000000000000000000 ) ) ;
#515 = LINE ( 'NONE', #1515, #4372 ) ;
#516 = VECTOR ( 'NONE', #560, 1000.000000000000000 ) ;
#517 = VERTEX_POINT ( 'NONE', #385 ) ;
#518 = CARTESIAN_POINT ( 'NONE',  ( 1.599999999999999867, 0.9000000000000000222, 0.000000000000000000 ) ) ;
#519 = EDGE_CURVE ( 'NONE', #4031, #3062, #3317, .T. ) ;
#520 = LINE ( 'NONE', #4142, #499 ) ;
#521 = SURFACE_SIDE_STYLE ('',( #2378 ) ) ;
#522 = EDGE_CURVE ( 'NONE', #3083, #2130, #1020, .T. ) ;
#523 = CARTESIAN_POINT ( 'NONE',  ( 1.199999999999999734, 1.199999999999999956, 0.8499999999999999778 ) ) ;
#524 = CARTESIAN_POINT ( 'NONE',  ( -1.600000000000000311, 0.9000000000000000222, 1.250000000000000000 ) ) ;
#525 = DIRECTION ( 'NONE',  ( 0.000000000000000000, 1.000000000000000000, -0.000000000000000000 ) ) ;
#526 = ADVANCED_FACE ( 'NONE', ( #614 ), #2465, .T. ) ;
#527 = AXIS2_PLACEMENT_3D ( 'NONE', #1364, #802, #3424 ) ;
#528 = CARTESIAN_POINT ( 'NONE',  ( 1.199999999999999734, 1.149999999999999911, 1.050000000000000044 ) ) ;
#529 = AXIS2_PLACEMENT_3D ( 'NONE', #845, #3010, #108 ) ;
#530 = FACE_OUTER_BOUND ( 'NONE', #2530, .T. ) ;
#531 = COLOUR_RGB ( '',0.9686274509803921573, 0.8784313725490195957, 0.5999999999999999778 ) ;
#532 = VERTEX_POINT ( 'NONE', #3528 ) ;
#533 = EDGE_CURVE ( 'NONE', #3173, #2717, #491, .T. ) ;
#534 = VERTEX_POINT ( 'NONE', #948 ) ;
#535 = FILL_AREA_STYLE_COLOUR ( '', #2088 ) ;
#536 = DIRECTION ( 'NONE',  ( 1.000000000000000000, 0.000000000000000000, 0.000000000000000000 ) ) ;
#537 = EDGE_CURVE ( 'NONE', #3377, #3287, #2084, .T. ) ;
#538 = ORIENTED_EDGE ( 'NONE', *, *, #4019, .F. ) ;
#539 = CARTESIAN_POINT ( 'NONE',  ( -1.599999999999999867, 0.000000000000000000, 1.149999999999999689 ) ) ;
#540 = VERTEX_POINT ( 'NONE', #1279 ) ;
#541 = CARTESIAN_POINT ( 'NONE',  ( 1.599999999999999867, 0.000000000000000000, 1.250000000000000000 ) ) ;
#542 = ORIENTED_EDGE ( 'NONE', *, *, #4085, .T. ) ;
#543 = CARTESIAN_POINT ( 'NONE',  ( 0.6000000000000000888, 0.4000000000000000222, 0.5000000000000000000 ) ) ;
#544 = DIRECTION ( 'NONE',  ( 0.000000000000000000, -1.000000000000000000, 0.000000000000000000 ) ) ;
#545 = ORIENTED_EDGE ( 'NONE', *, *, #1360, .T. ) ;
#546 = DIRECTION ( 'NONE',  ( 0.000000000000000000, 0.000000000000000000, -1.000000000000000000 ) ) ;
#547 = EDGE_CURVE ( 'NONE', #555, #3178, #4582, .T. ) ;
#548 = PLANE ( 'NONE',  #4581 ) ;
#549 = FACE_OUTER_BOUND ( 'NONE', #559, .T. ) ;
#550 = EDGE_CURVE ( 'NONE', #849, #1306, #942, .T. ) ;
#551 = LINE ( 'NONE', #3459, #4720 ) ;
#552 = STYLED_ITEM ( 'NONE', ( #3951 ), #72 ) ;
#553 = CARTESIAN_POINT ( 'NONE',  ( 1.599999999999999867, 0.000000000000000000, 1.250000000000000000 ) ) ;
#554 = FACE_OUTER_BOUND ( 'NONE', #1329, .T. ) ;
#555 = VERTEX_POINT ( 'NONE', #1345 ) ;
#556 = PRESENTATION_LAYER_ASSIGNMENT (  '', '', ( #3619 ) ) ;
#557 = VERTEX_POINT ( 'NONE', #2750 ) ;
#558 = LINE ( 'NONE', #1332, #2099 ) ;
#559 = EDGE_LOOP ( 'NONE', ( #2878, #470, #1130, #3809 ) ) ;
#560 = DIRECTION ( 'NONE',  ( 0.000000000000000000, 0.000000000000000000, -1.000000000000000000 ) ) ;
#561 = VECTOR ( 'NONE', #3336, 1000.000000000000000 ) ;
#562 = ORIENTED_EDGE ( 'NONE', *, *, #2157, .T. ) ;
#563 = DIRECTION ( 'NONE',  ( 0.000000000000000000, 0.000000000000000000, -1.000000000000000000 ) ) ;
#564 = VECTOR ( 'NONE', #4774, 1000.000000000000000 ) ;
#565 = ORIENTED_EDGE ( 'NONE', *, *, #2627, .T. ) ;
#566 = CIRCLE ( 'NONE', #330, 0.1000000000000001027 ) ;
#567 = AXIS2_PLACEMENT_3D ( 'NONE', #2010, #501, #4583 ) ;
#568 = PLANE ( 'NONE',  #727 ) ;
#569 = VERTEX_POINT ( 'NONE', #641 ) ;
#570 = LINE ( 'NONE', #3118, #2060 ) ;
#571 = AXIS2_PLACEMENT_3D ( 'NONE', #346, #2195, #3657 ) ;
#572 = EDGE_CURVE ( 'NONE', #319, #1062, #4626, .T. ) ;
#573 = DIRECTION ( 'NONE',  ( 0.000000000000000000, 1.000000000000000000, 0.000000000000000000 ) ) ;
#574 = DIRECTION ( 'NONE',  ( -0.000000000000000000, -0.000000000000000000, 1.000000000000000000 ) ) ;
#575 = CARTESIAN_POINT ( 'NONE',  ( -0.8000000000000000444, 0.3999999999999999667, 0.5000000000000000000 ) ) ;
#576 = DIRECTION ( 'NONE',  ( 4.956352788505162676E-15, 0.000000000000000000, 1.000000000000000000 ) ) ;
#577 = DIRECTION ( 'NONE',  ( 0.000000000000000000, 0.000000000000000000, -1.000000000000000000 ) ) ;
#578 = AXIS2_PLACEMENT_3D ( 'NONE', #2748, #3572, #3185 ) ;
#579 = DIRECTION ( 'NONE',  ( -1.000000000000000000, 0.000000000000000000, 0.000000000000000000 ) ) ;
#580 = ORIENTED_EDGE ( 'NONE', *, *, #3919, .T. ) ;
#581 = ORIENTED_EDGE ( 'NONE', *, *, #773, .F. ) ;
#582 = AXIS2_PLACEMENT_3D ( 'NONE', #2040, #3508, #950 ) ;
#583 = EDGE_CURVE ( 'NONE', #1972, #916, #919, .T. ) ;
#584 = VECTOR ( 'NONE', #288, 1000.000000000000000 ) ;
#585 = DIRECTION ( 'NONE',  ( 0.000000000000000000, -1.000000000000000000, 0.000000000000000000 ) ) ;
#586 = LINE ( 'NONE', #3537, #3625 ) ;
#587 = VERTEX_POINT ( 'NONE', #1299 ) ;
#588 = DIRECTION ( 'NONE',  ( 0.000000000000000000, 0.000000000000000000, -1.000000000000000000 ) ) ;
#589 = CARTESIAN_POINT ( 'NONE',  ( 1.199999999999999734, 0.9000000000000000222, -0.8499999999999999778 ) ) ;
#590 = ORIENTED_EDGE ( 'NONE', *, *, #2971, .T. ) ;
#591 = CARTESIAN_POINT ( 'NONE',  ( 0.5999999999999998668, 0.3999999999999999667, 1.149999999999999911 ) ) ;
#592 = VECTOR ( 'NONE', #2359, 1000.000000000000000 ) ;
#593 = LINE ( 'NONE', #3475, #1203 ) ;
#594 = DIRECTION ( 'NONE',  ( 0.000000000000000000, 0.000000000000000000, 1.000000000000000000 ) ) ;
#595 = DIRECTION ( 'NONE',  ( 0.000000000000000000, 0.000000000000000000, 1.000000000000000000 ) ) ;
#596 = DIRECTION ( 'NONE',  ( -0.000000000000000000, -1.000000000000000000, -0.000000000000000000 ) ) ;
#597 = ADVANCED_FACE ( 'NONE', ( #2112 ), #259, .T. ) ;
#598 = DIRECTION ( 'NONE',  ( 1.000000000000000000, 0.000000000000000000, -5.782411586589291769E-15 ) ) ;
#599 = EDGE_CURVE ( 'NONE', #1586, #555, #281, .T. ) ;
#600 = FACE_OUTER_BOUND ( 'NONE', #1001, .T. ) ;
#601 = ORIENTED_EDGE ( 'NONE', *, *, #4695, .F. ) ;
#602 = VECTOR ( 'NONE', #4647, 1000.000000000000000 ) ;
#603 = ADVANCED_FACE ( 'NONE', ( #3478 ), #193, .T. ) ;
#604 = ORIENTED_EDGE ( 'NONE', *, *, #2122, .T. ) ;
#605 = FACE_OUTER_BOUND ( 'NONE', #2706, .T. ) ;
#606 = ORIENTED_EDGE ( 'NONE', *, *, #2670, .T. ) ;
#607 = DIRECTION ( 'NONE',  ( 0.000000000000000000, 0.000000000000000000, 1.000000000000000000 ) ) ;
#608 = ADVANCED_FACE ( 'NONE', ( #1671 ), #3234, .T. ) ;
#609 = PLANE ( 'NONE',  #1427 ) ;
#610 = ORIENTED_EDGE ( 'NONE', *, *, #1369, .F. ) ;
#611 = LINE ( 'NONE', #591, #805 ) ;
#612 = ORIENTED_EDGE ( 'NONE', *, *, #2446, .T. ) ;
#613 = PLANE ( 'NONE',  #1675 ) ;
#614 = FACE_OUTER_BOUND ( 'NONE', #4275, .T. ) ;
#615 = CARTESIAN_POINT ( 'NONE',  ( -1.599999999999999867, 0.000000000000000000, 1.250000000000000000 ) ) ;
#616 = DIRECTION ( 'NONE',  ( 0.000000000000000000, 0.000000000000000000, 1.000000000000000000 ) ) ;
#617 = LINE ( 'NONE', #3146, #2329 ) ;
#618 = EDGE_CURVE ( 'NONE', #4672, #3305, #3801, .T. ) ;
#619 = CARTESIAN_POINT ( 'NONE',  ( 1.500000000000000000, 1.650000000000000355, -0.5000000000000000000 ) ) ;
#620 = CARTESIAN_POINT ( 'NONE',  ( 1.499999999999999778, 0.9000000000000000222, -0.8499999999999999778 ) ) ;
#621 = ORIENTED_EDGE ( 'NONE', *, *, #2589, .T. ) ;
#622 = ADVANCED_FACE ( 'NONE', ( #3667 ), #4062, .F. ) ;
#623 = EDGE_CURVE ( 'NONE', #4558, #3856, #4723, .T. ) ;
#624 = CARTESIAN_POINT ( 'NONE',  ( -0.5999999999999998668, 0.000000000000000000, 1.149999999999999911 ) ) ;
#625 = DIRECTION ( 'NONE',  ( 3.336006684570783101E-16, 0.000000000000000000, -1.000000000000000000 ) ) ;
#626 = ORIENTED_EDGE ( 'NONE', *, *, #40, .T. ) ;
#627 = DIRECTION ( 'NONE',  ( 0.000000000000000000, -1.000000000000000000, 0.000000000000000000 ) ) ;
#628 = ORIENTED_EDGE ( 'NONE', *, *, #3575, .F. ) ;
#629 = DIRECTION ( 'NONE',  ( 0.000000000000000000, -1.000000000000000000, 0.000000000000000000 ) ) ;
#630 = EDGE_LOOP ( 'NONE', ( #4602, #3257, #682, #1553, #944, #204, #1783, #2021, #3463, #3614 ) ) ;
#631 = CYLINDRICAL_SURFACE ( 'NONE', #1309, 0.1750000000000004607 ) ;
#632 = LINE ( 'NONE', #4232, #1797 ) ;
#633 = AXIS2_PLACEMENT_3D ( 'NONE', #1450, #3369, #3627 ) ;
#634 = ORIENTED_EDGE ( 'NONE', *, *, #4045, .T. ) ;
#635 = CARTESIAN_POINT ( 'NONE',  ( -0.8000000000000000444, 0.4000000000000000222, 0.5000000000000000000 ) ) ;
#636 = ADVANCED_FACE ( 'NONE', ( #1065 ), #4326, .T. ) ;
#637 = PRODUCT_DEFINITION_FORMATION_WITH_SPECIFIED_SOURCE ( 'ANY', '', #2653, .NOT_KNOWN. ) ;
#638 = VECTOR ( 'NONE', #2454, 1000.000000000000000 ) ;
#639 = VECTOR ( 'NONE', #3918, 1000.000000000000000 ) ;
#640 = AXIS2_PLACEMENT_3D ( 'NONE', #3529, #1257, #4236 ) ;
#641 = CARTESIAN_POINT ( 'NONE',  ( 1.399999999999999689, 1.100000000000000089, -0.8499999999999999778 ) ) ;
#642 = DIRECTION ( 'NONE',  ( 0.000000000000000000, 1.000000000000000000, -0.000000000000000000 ) ) ;
#643 = AXIS2_PLACEMENT_3D ( 'NONE', #2506, #3979, #2167 ) ;
#644 = CYLINDRICAL_SURFACE ( 'NONE', #1774, 0.04999999999999991257 ) ;
#645 = VECTOR ( 'NONE', #2332, 1000.000000000000000 ) ;
#646 = DIRECTION ( 'NONE',  ( 0.000000000000000000, 0.000000000000000000, 1.000000000000000000 ) ) ;
#647 = DIRECTION ( 'NONE',  ( -0.000000000000000000, -1.000000000000000000, -0.000000000000000000 ) ) ;
#648 = ORIENTED_EDGE ( 'NONE', *, *, #3384, .T. ) ;
#649 = EDGE_CURVE ( 'NONE', #906, #317, #2842, .T. ) ;
#650 = DIRECTION ( 'NONE',  ( -0.000000000000000000, -1.000000000000000000, -0.000000000000000000 ) ) ;
#651 = ORIENTED_EDGE ( 'NONE', *, *, #3658, .F. ) ;
#652 = DIRECTION ( 'NONE',  ( 0.000000000000000000, 1.000000000000000000, -0.000000000000000000 ) ) ;
#653 = VERTEX_POINT ( 'NONE', #1744 ) ;
#654 = LINE ( 'NONE', #2144, #2644 ) ;
#655 = EDGE_CURVE ( 'NONE', #1697, #398, #707, .T. ) ;
#656 = VECTOR ( 'NONE', #4549, 1000.000000000000000 ) ;
#657 = EDGE_CURVE ( 'NONE', #3976, #1155, #4009, .T. ) ;
#658 = ORIENTED_EDGE ( 'NONE', *, *, #2401, .F. ) ;
#659 = ORIENTED_EDGE ( 'NONE', *, *, #2349, .T. ) ;
#660 = CYLINDRICAL_SURFACE ( 'NONE', #4295, 0.1749999999999998224 ) ;
#661 = ORIENTED_EDGE ( 'NONE', *, *, #4404, .F. ) ;
#662 = LINE ( 'NONE', #2768, #1052 ) ;
#663 = EDGE_CURVE ( 'NONE', #4547, #2117, #3615, .T. ) ;
#664 = ORIENTED_EDGE ( 'NONE', *, *, #3468, .F. ) ;
#665 = DIRECTION ( 'NONE',  ( -1.000000000000000000, 0.000000000000000000, 0.000000000000000000 ) ) ;
#666 = DIRECTION ( 'NONE',  ( 0.000000000000000000, 0.000000000000000000, -1.000000000000000000 ) ) ;
#667 = DIRECTION ( 'NONE',  ( 0.000000000000000000, 0.000000000000000000, 1.000000000000000000 ) ) ;
#668 = ADVANCED_FACE ( 'NONE', ( #12 ), #3262, .F. ) ;
#669 = CARTESIAN_POINT ( 'NONE',  ( -0.8000000000000000444, 0.4000000000000000222, 0.5000000000000000000 ) ) ;
#670 = DIRECTION ( 'NONE',  ( 0.000000000000000000, 0.000000000000000000, -1.000000000000000000 ) ) ;
#671 = ORIENTED_EDGE ( 'NONE', *, *, #199, .F. ) ;
#672 = PRESENTATION_STYLE_ASSIGNMENT (( #1681 ) ) ;
#673 = DIRECTION ( 'NONE',  ( -1.000000000000000000, 0.000000000000000000, 0.000000000000000000 ) ) ;
#674 = AXIS2_PLACEMENT_3D ( 'NONE', #4765, #757, #3597 ) ;
#675 = CARTESIAN_POINT ( 'NONE',  ( -1.500000000000000000, 0.4000000000000000222, 0.5000000000000000000 ) ) ;
#676 = EDGE_LOOP ( 'NONE', ( #1683, #878, #1717, #172 ) ) ;
#677 = CARTESIAN_POINT ( 'NONE',  ( -1.021874999999999423, 1.199999999999999956, 0.7031249999999962252 ) ) ;
#678 = ORIENTED_EDGE ( 'NONE', *, *, #2007, .F. ) ;
#679 = CARTESIAN_POINT ( 'NONE',  ( -1.599999999999999867, 0.3999999999999999667, 1.149999999999999689 ) ) ;
#680 = EDGE_CURVE ( 'NONE', #2460, #849, #3643, .T. ) ;
#681 = ORIENTED_EDGE ( 'NONE', *, *, #1837, .T. ) ;
#682 = ORIENTED_EDGE ( 'NONE', *, *, #2432, .T. ) ;
#683 = CARTESIAN_POINT ( 'NONE',  ( 1.500000000000000000, 0.000000000000000000, -0.5000000000000000000 ) ) ;
#684 = ORIENTED_EDGE ( 'NONE', *, *, #2389, .F. ) ;
#685 = CARTESIAN_POINT ( 'NONE',  ( 1.600000000000000311, 0.3999999999999999667, -1.074999999999999067 ) ) ;
#686 = ORIENTED_EDGE ( 'NONE', *, *, #4351, .F. ) ;
#687 = DIRECTION ( 'NONE',  ( -1.000000000000000000, 0.000000000000000000, 1.807003620809174878E-16 ) ) ;
#688 = CARTESIAN_POINT ( 'NONE',  ( 1.456385933836549018, 0.000000000000000000, 1.150000000000000133 ) ) ;
#689 = FACE_OUTER_BOUND ( 'NONE', #4598, .T. ) ;
#690 = EDGE_CURVE ( 'NONE', #2896, #751, #1418, .T. ) ;
#691 = CARTESIAN_POINT ( 'NONE',  ( -1.199999999999999512, 1.149999999999999911, -0.8499999999999999778 ) ) ;
#692 = DIRECTION ( 'NONE',  ( 0.000000000000000000, 1.000000000000000000, -0.000000000000000000 ) ) ;
#693 = ORIENTED_EDGE ( 'NONE', *, *, #3847, .F. ) ;
#694 = PRESENTATION_STYLE_ASSIGNMENT (( #4705 ) ) ;
#695 = CARTESIAN_POINT ( 'NONE',  ( 0.5999999999999998668, 0.4000000000000000222, -1.149999999999999911 ) ) ;
#696 = ORIENTED_EDGE ( 'NONE', *, *, #1060, .F. ) ;
#697 = CARTESIAN_POINT ( 'NONE',  ( 1.599999999999999867, 0.3999999999999999667, 1.250000000000000000 ) ) ;
#698 = ORIENTED_EDGE ( 'NONE', *, *, #3982, .T. ) ;
#699 = CARTESIAN_POINT ( 'NONE',  ( 1.399999999999999689, 0.9000000000000000222, 0.8499999999999999778 ) ) ;
#700 = EDGE_LOOP ( 'NONE', ( #1973, #3956, #2141, #349 ) ) ;
#701 = DIRECTION ( 'NONE',  ( -0.000000000000000000, -1.000000000000000000, -0.000000000000000000 ) ) ;
#702 = VERTEX_POINT ( 'NONE', #1086 ) ;
#703 = DIRECTION ( 'NONE',  ( -0.000000000000000000, -1.000000000000000000, -0.000000000000000000 ) ) ;
#704 = CIRCLE ( 'NONE', #3241, 0.2000000000000002054 ) ;
#705 = VECTOR ( 'NONE', #431, 1000.000000000000000 ) ;
#706 = VERTEX_POINT ( 'NONE', #1111 ) ;
#707 = LINE ( 'NONE', #3988, #3874 ) ;
#708 = DIRECTION ( 'NONE',  ( 0.000000000000000000, 0.000000000000000000, -1.000000000000000000 ) ) ;
#709 = CARTESIAN_POINT ( 'NONE',  ( 0.6000000000000000888, 0.3999999999999999667, -0.5000000000000000000 ) ) ;
#710 = AXIS2_PLACEMENT_3D ( 'NONE', #3098, #478, #141 ) ;
#711 = CARTESIAN_POINT ( 'NONE',  ( -1.500000000000000000, 0.4000000000000000222, 1.106385933836548707 ) ) ;
#712 = AXIS2_PLACEMENT_3D ( 'NONE', #1376, #1031, #2833 ) ;
#713 = EDGE_CURVE ( 'NONE', #1273, #2143, #3310, .T. ) ;
#714 = DIRECTION ( 'NONE',  ( -0.000000000000000000, -1.000000000000000000, -0.000000000000000000 ) ) ;
#715 = ADVANCED_FACE ( 'NONE', ( #1962 ), #334, .T. ) ;
#716 = ORIENTED_EDGE ( 'NONE', *, *, #3581, .T. ) ;
#717 = ADVANCED_FACE ( 'NONE', ( #876 ), #4141, .F. ) ;
#718 =( NAMED_UNIT ( * ) PLANE_ANGLE_UNIT ( ) SI_UNIT ( $, .RADIAN. ) );
#719 = CARTESIAN_POINT ( 'NONE',  ( 0.5999999999999998668, 0.000000000000000000, 1.149999999999999911 ) ) ;
#720 = PLANE ( 'NONE',  #712 ) ;
#721 = ORIENTED_EDGE ( 'NONE', *, *, #3960, .F. ) ;
#722 = DIRECTION ( 'NONE',  ( -3.336006684570783101E-16, 0.000000000000000000, 1.000000000000000000 ) ) ;
#723 = ORIENTED_EDGE ( 'NONE', *, *, #939, .F. ) ;
#724 = DIRECTION ( 'NONE',  ( -1.000000000000000000, 0.000000000000000000, 0.000000000000000000 ) ) ;
#725 = EDGE_CURVE ( 'NONE', #1062, #2681, #2410, .T. ) ;
#726 = EDGE_LOOP ( 'NONE', ( #3606, #3441, #3036, #3654, #3596, #4131, #4669, #1144 ) ) ;
#727 = AXIS2_PLACEMENT_3D ( 'NONE', #2791, #3912, #967 ) ;
#728 = DIRECTION ( 'NONE',  ( -0.000000000000000000, -1.000000000000000000, -0.000000000000000000 ) ) ;
#729 = ORIENTED_EDGE ( 'NONE', *, *, #4284, .F. ) ;
#730 = CARTESIAN_POINT ( 'NONE',  ( -1.021874999999999423, 1.149999999999999911, 0.8441840277777739043 ) ) ;
#731 = CIRCLE ( 'NONE', #3813, 0.1999999999999999833 ) ;
#732 = ORIENTED_EDGE ( 'NONE', *, *, #2379, .T. ) ;
#733 = AXIS2_PLACEMENT_3D ( 'NONE', #145, #505, #119 ) ;
#734 = DIRECTION ( 'NONE',  ( 0.000000000000000000, 0.000000000000000000, -1.000000000000000000 ) ) ;
#735 = CARTESIAN_POINT ( 'NONE',  ( 1.456385933836549018, 0.4000000000000000222, 1.150000000000000133 ) ) ;
#736 = ADVANCED_FACE ( 'NONE', ( #135 ), #1201, .T. ) ;
#737 = FACE_OUTER_BOUND ( 'NONE', #4207, .T. ) ;
#738 = DIRECTION ( 'NONE',  ( -0.000000000000000000, -1.000000000000000000, -0.000000000000000000 ) ) ;
#739 = EDGE_CURVE ( 'NONE', #4293, #4336, #1591, .T. ) ;
#740 = CARTESIAN_POINT ( 'NONE',  ( -1.599999999999999867, 0.4000000000000000222, 1.250000000000000000 ) ) ;
#741 = DIRECTION ( 'NONE',  ( -1.000000000000000000, 0.000000000000000000, -0.000000000000000000 ) ) ;
#742 = ORIENTED_EDGE ( 'NONE', *, *, #2884, .T. ) ;
#743 = VECTOR ( 'NONE', #1760, 1000.000000000000000 ) ;
#744 = AXIS2_PLACEMENT_3D ( 'NONE', #2762, #1607, #2436 ) ;
#745 = PLANE ( 'NONE',  #2178 ) ;
#746 = FACE_OUTER_BOUND ( 'NONE', #2700, .T. ) ;
#747 = DIRECTION ( 'NONE',  ( 0.000000000000000000, 0.000000000000000000, 1.000000000000000000 ) ) ;
#748 = CARTESIAN_POINT ( 'NONE',  ( -1.599999999999999867, 0.000000000000000000, 1.250000000000000000 ) ) ;
#749 = ORIENTED_EDGE ( 'NONE', *, *, #424, .T. ) ;
#750 = CARTESIAN_POINT ( 'NONE',  ( -1.399999999999999467, 1.100000000000000089, 0.8499999999999999778 ) ) ;
#751 = VERTEX_POINT ( 'NONE', #1182 ) ;
#752 = VERTEX_POINT ( 'NONE', #2637 ) ;
#753 = LINE ( 'NONE', #1511, #1465 ) ;
#754 = ORIENTED_EDGE ( 'NONE', *, *, #2736, .F. ) ;
#755 = DIRECTION ( 'NONE',  ( 0.000000000000000000, 0.000000000000000000, 1.000000000000000000 ) ) ;
#756 = ORIENTED_EDGE ( 'NONE', *, *, #4501, .T. ) ;
#757 = DIRECTION ( 'NONE',  ( -0.000000000000000000, 1.000000000000000000, 0.000000000000000000 ) ) ;
#758 = CIRCLE ( 'NONE', #3521, 0.1750000000000006828 ) ;
#759 = VERTEX_POINT ( 'NONE', #1493 ) ;
#760 = AXIS2_PLACEMENT_3D ( 'NONE', #1566, #1184, #3455 ) ;
#761 = CARTESIAN_POINT ( 'NONE',  ( -1.424999999999999822, 0.3999999999999999667, -1.249999999999999556 ) ) ;
#762 = DIRECTION ( 'NONE',  ( 0.000000000000000000, 0.000000000000000000, -1.000000000000000000 ) ) ;
#763 = DIRECTION ( 'NONE',  ( 0.000000000000000000, 0.000000000000000000, -1.000000000000000000 ) ) ;
#764 = DIRECTION ( 'NONE',  ( 0.000000000000000000, -0.000000000000000000, -1.000000000000000000 ) ) ;
#765 = ORIENTED_EDGE ( 'NONE', *, *, #3477, .F. ) ;
#766 = ADVANCED_FACE ( 'NONE', ( #399 ), #3066, .T. ) ;
#767 = CARTESIAN_POINT ( 'NONE',  ( 1.456385933836549018, 0.3999999999999999667, 1.150000000000000133 ) ) ;
#768 = DIRECTION ( 'NONE',  ( 5.782411586589291769E-15, 0.000000000000000000, 1.000000000000000000 ) ) ;
#769 = CARTESIAN_POINT ( 'NONE',  ( -1.499999999999999778, 0.4000000000000000222, 1.249999999999999556 ) ) ;
#770 = DIRECTION ( 'NONE',  ( 0.000000000000000000, -1.000000000000000000, 0.000000000000000000 ) ) ;
#771 = ORIENTED_EDGE ( 'NONE', *, *, #3854, .F. ) ;
#772 = ORIENTED_EDGE ( 'NONE', *, *, #1769, .F. ) ;
#773 = EDGE_CURVE ( 'NONE', #489, #3496, #3380, .T. ) ;
#774 = VERTEX_POINT ( 'NONE', #2351 ) ;
#775 = CARTESIAN_POINT ( 'NONE',  ( -1.199999999999999512, 1.100000000000000089, -0.8499999999999999778 ) ) ;
#776 = ORIENTED_EDGE ( 'NONE', *, *, #2220, .F. ) ;
#777 = CARTESIAN_POINT ( 'NONE',  ( -1.424999999999999822, 1.650000000000000355, -1.249999999999999556 ) ) ;
#778 = ORIENTED_EDGE ( 'NONE', *, *, #1312, .T. ) ;
#779 = CARTESIAN_POINT ( 'NONE',  ( 1.599999999999999867, 0.3999999999999999667, -1.250000000000000000 ) ) ;
#780 = ORIENTED_EDGE ( 'NONE', *, *, #1433, .T. ) ;
#781 = DIRECTION ( 'NONE',  ( -0.000000000000000000, -1.000000000000000000, -0.000000000000000000 ) ) ;
#782 = EDGE_CURVE ( 'NONE', #2219, #3377, #4472, .T. ) ;
#783 = LINE ( 'NONE', #3404, #1802 ) ;
#784 = DIRECTION ( 'NONE',  ( -0.000000000000000000, -1.000000000000000000, -0.000000000000000000 ) ) ;
#785 = AXIS2_PLACEMENT_3D ( 'NONE', #263, #598, #3554 ) ;
#786 = ADVANCED_FACE ( 'NONE', ( #3721 ), #3767, .T. ) ;
#787 = AXIS2_PLACEMENT_3D ( 'NONE', #3930, #629, #2392 ) ;
#788 = CARTESIAN_POINT ( 'NONE',  ( 1.500000000000000000, 0.000000000000000000, 0.5000000000000000000 ) ) ;
#789 = AXIS2_PLACEMENT_3D ( 'NONE', #3711, #57, #2984 ) ;
#790 = AXIS2_PLACEMENT_3D ( 'NONE', #1218, #512, #1975 ) ;
#791 = CARTESIAN_POINT ( 'NONE',  ( -1.456385933836549018, 0.000000000000000000, 1.149999999999999689 ) ) ;
#792 = VECTOR ( 'NONE', #2538, 1000.000000000000000 ) ;
#793 = STYLED_ITEM ( 'NONE', ( #3772 ), #1623 ) ;
#794 = AXIS2_PLACEMENT_3D ( 'NONE', #1323, #3917, #2797 ) ;
#795 = LINE ( 'NONE', #3704, #4570 ) ;
#796 = CARTESIAN_POINT ( 'NONE',  ( -1.599999999999999867, 0.3999999999999999667, 1.250000000000000000 ) ) ;
#797 = EDGE_LOOP ( 'NONE', ( #4348, #4484, #3684, #82, #1500, #1905, #1108, #1363, #671 ) ) ;
#798 = AXIS2_PLACEMENT_3D ( 'NONE', #4230, #2372, #3113 ) ;
#799 = VERTEX_POINT ( 'NONE', #2664 ) ;
#800 = CARTESIAN_POINT ( 'NONE',  ( -1.500000000000000000, 0.000000000000000000, 0.5000000000000000000 ) ) ;
#801 = ORIENTED_EDGE ( 'NONE', *, *, #2365, .T. ) ;
#802 = DIRECTION ( 'NONE',  ( 0.000000000000000000, 1.000000000000000000, -0.000000000000000000 ) ) ;
#803 = EDGE_LOOP ( 'NONE', ( #3379, #1027, #4776, #3009 ) ) ;
#804 = DIRECTION ( 'NONE',  ( -0.000000000000000000, -1.000000000000000000, -0.000000000000000000 ) ) ;
#805 = VECTOR ( 'NONE', #2056, 1000.000000000000000 ) ;
#806 = ORIENTED_EDGE ( 'NONE', *, *, #4181, .T. ) ;
#807 = FACE_OUTER_BOUND ( 'NONE', #3276, .T. ) ;
#808 = LINE ( 'NONE', #3092, #2652 ) ;
#809 = ADVANCED_FACE ( 'NONE', ( #1891 ), #4118, .T. ) ;
#810 = AXIS2_PLACEMENT_3D ( 'NONE', #3415, #1264, #483 ) ;
#811 = CARTESIAN_POINT ( 'NONE',  ( -1.199999999999999512, 1.100000000000000089, -0.8499999999999999778 ) ) ;
#812 = FACE_OUTER_BOUND ( 'NONE', #676, .T. ) ;
#813 = LINE ( 'NONE', #2283, #863 ) ;
#814 = DIRECTION ( 'NONE',  ( 0.000000000000000000, 0.000000000000000000, 1.000000000000000000 ) ) ;
#815 = DIRECTION ( 'NONE',  ( 1.000000000000000000, 0.000000000000000000, -0.000000000000000000 ) ) ;
#816 = EDGE_LOOP ( 'NONE', ( #1344, #3735, #3032, #2981 ) ) ;
#817 = ORIENTED_EDGE ( 'NONE', *, *, #4756, .F. ) ;
#818 = UNCERTAINTY_MEASURE_WITH_UNIT (LENGTH_MEASURE( 1.000000000000000082E-05 ), #3048, 'distance_accuracy_value', 'NONE');
#819 = VERTEX_POINT ( 'NONE', #4087 ) ;
#820 = DIRECTION ( 'NONE',  ( 0.000000000000000000, 0.000000000000000000, 1.000000000000000000 ) ) ;
#821 = VERTEX_POINT ( 'NONE', #42 ) ;
#822 = CARTESIAN_POINT ( 'NONE',  ( -1.599999999999999867, 0.000000000000000000, -1.250000000000000000 ) ) ;
#823 = VERTEX_POINT ( 'NONE', #4450 ) ;
#824 = CARTESIAN_POINT ( 'NONE',  ( -1.599999999999999867, 0.3999999999999999667, 1.074999999999999512 ) ) ;
#825 = ADVANCED_FACE ( 'NONE', ( #3359 ), #3016, .F. ) ;
#826 = DIRECTION ( 'NONE',  ( 1.000000000000000000, 0.000000000000000000, 7.596123170508101842E-16 ) ) ;
#827 = FACE_OUTER_BOUND ( 'NONE', #227, .T. ) ;
#828 = VECTOR ( 'NONE', #4060, 1000.000000000000000 ) ;
#829 = DIRECTION ( 'NONE',  ( 0.000000000000000000, -1.000000000000000000, 0.000000000000000000 ) ) ;
#830 = MECHANICAL_DESIGN_GEOMETRIC_PRESENTATION_REPRESENTATION (  '', ( #378 ), #4458 ) ;
#831 = CARTESIAN_POINT ( 'NONE',  ( 1.199999999999999734, 1.199999999999999956, -1.000000000000000000 ) ) ;
#832 = VECTOR ( 'NONE', #36, 1000.000000000000000 ) ;
#833 = DIRECTION ( 'NONE',  ( -0.000000000000000000, -1.000000000000000000, -0.000000000000000000 ) ) ;
#834 = ADVANCED_FACE ( 'NONE', ( #807 ), #2279, .T. ) ;
#835 = DIRECTION ( 'NONE',  ( 0.000000000000000000, -1.000000000000000000, 0.000000000000000000 ) ) ;
#836 = LINE ( 'NONE', #69, #928 ) ;
#837 = DIRECTION ( 'NONE',  ( -1.275531967630005245E-16, 0.000000000000000000, -1.000000000000000000 ) ) ;
#838 = SURFACE_STYLE_FILL_AREA ( #28 ) ;
#839 = ORIENTED_EDGE ( 'NONE', *, *, #2452, .F. ) ;
#840 = ORIENTED_EDGE ( 'NONE', *, *, #1944, .T. ) ;
#841 = ORIENTED_EDGE ( 'NONE', *, *, #2641, .T. ) ;
#842 = ORIENTED_EDGE ( 'NONE', *, *, #3570, .T. ) ;
#843 = CARTESIAN_POINT ( 'NONE',  ( -1.600000000000000311, 0.9000000000000000222, -0.2999999999999999334 ) ) ;
#844 = ORIENTED_EDGE ( 'NONE', *, *, #3278, .F. ) ;
#845 = CARTESIAN_POINT ( 'NONE',  ( -0.5999999999999998668, 0.4000000000000000222, -1.149999999999999911 ) ) ;
#846 = ORIENTED_EDGE ( 'NONE', *, *, #1676, .F. ) ;
#847 = CARTESIAN_POINT ( 'NONE',  ( -1.199999999999999512, 0.9000000000000000222, -1.050000000000000044 ) ) ;
#848 = LINE ( 'NONE', #2352, #3350 ) ;
#849 = VERTEX_POINT ( 'NONE', #847 ) ;
#850 = EDGE_CURVE ( 'NONE', #2533, #1819, #4500, .T. ) ;
#851 = FACE_OUTER_BOUND ( 'NONE', #3785, .T. ) ;
#852 = DIRECTION ( 'NONE',  ( 1.000000000000000000, -0.000000000000000000, 7.151895266605916270E-16 ) ) ;
#853 = DIRECTION ( 'NONE',  ( 0.000000000000000000, -1.000000000000000000, 0.000000000000000000 ) ) ;
#854 = VECTOR ( 'NONE', #1504, 1000.000000000000000 ) ;
#855 = CIRCLE ( 'NONE', #3394, 0.1999999999999999833 ) ;
#856 = EDGE_CURVE ( 'NONE', #819, #102, #1771, .T. ) ;
#857 = CIRCLE ( 'NONE', #4402, 0.2500000000000001110 ) ;
#858 = CARTESIAN_POINT ( 'NONE',  ( -1.599999999999999867, 0.4000000000000000222, 1.250000000000000000 ) ) ;
#859 = ORIENTED_EDGE ( 'NONE', *, *, #4596, .F. ) ;
#860 = EDGE_LOOP ( 'NONE', ( #1293, #2290, #698, #2960 ) ) ;
#861 = CIRCLE ( 'NONE', #1785, 0.1000000000000002554 ) ;
#862 = CIRCLE ( 'NONE', #1472, 0.1000000000000000472 ) ;
#863 = VECTOR ( 'NONE', #1543, 1000.000000000000000 ) ;
#864 = EDGE_CURVE ( 'NONE', #3978, #4672, #3483, .T. ) ;
#865 = ORIENTED_EDGE ( 'NONE', *, *, #2078, .T. ) ;
#866 = DIRECTION ( 'NONE',  ( 1.000000000000000000, 0.000000000000000000, 0.000000000000000000 ) ) ;
#867 = VECTOR ( 'NONE', #563, 1000.000000000000000 ) ;
#868 = VERTEX_POINT ( 'NONE', #2120 ) ;
#869 = LINE ( 'NONE', #843, #2223 ) ;
#870 = ADVANCED_FACE ( 'NONE', ( #3952 ), #3200, .T. ) ;
#871 = AXIS2_PLACEMENT_3D ( 'NONE', #1649, #2038, #3506 ) ;
#872 = ORIENTED_EDGE ( 'NONE', *, *, #3662, .T. ) ;
#873 = DIRECTION ( 'NONE',  ( 0.000000000000000000, -0.000000000000000000, -1.000000000000000000 ) ) ;
#874 = ADVANCED_FACE ( 'NONE', ( #1982 ), #4361, .F. ) ;
#875 = ORIENTED_EDGE ( 'NONE', *, *, #2874, .F. ) ;
#876 = FACE_OUTER_BOUND ( 'NONE', #1949, .T. ) ;
#877 = CARTESIAN_POINT ( 'NONE',  ( -1.456385933836548574, 0.3999999999999999667, -1.150000000000000577 ) ) ;
#878 = ORIENTED_EDGE ( 'NONE', *, *, #2888, .T. ) ;
#879 = DIRECTION ( 'NONE',  ( -0.000000000000000000, -1.000000000000000000, -0.000000000000000000 ) ) ;
#880 = EDGE_CURVE ( 'NONE', #3863, #1235, #313, .T. ) ;
#881 = CARTESIAN_POINT ( 'NONE',  ( 1.199999999999999734, 1.149999999999999911, -1.050000000000000044 ) ) ;
#882 = CARTESIAN_POINT ( 'NONE',  ( -1.499999999999999778, 1.050000000000000044, -0.8499999999999999778 ) ) ;
#883 = DIRECTION ( 'NONE',  ( 0.000000000000000000, -1.000000000000000000, 0.000000000000000000 ) ) ;
#884 = AXIS2_PLACEMENT_3D ( 'NONE', #2867, #4769, #3694 ) ;
#885 = ADVANCED_FACE ( 'NONE', ( #3248 ), #185, .F. ) ;
#886 = ORIENTED_EDGE ( 'NONE', *, *, #2015, .T. ) ;
#887 = PLANE ( 'NONE',  #3347 ) ;
#888 = ORIENTED_EDGE ( 'NONE', *, *, #1732, .T. ) ;
#889 = VERTEX_POINT ( 'NONE', #1051 ) ;
#890 = LINE ( 'NONE', #982, #2923 ) ;
#891 = DIRECTION ( 'NONE',  ( -7.151895266605915284E-16, -0.000000000000000000, 1.000000000000000000 ) ) ;
#892 = ORIENTED_EDGE ( 'NONE', *, *, #2432, .F. ) ;
#893 = FACE_OUTER_BOUND ( 'NONE', #1761, .T. ) ;
#894 = FACE_OUTER_BOUND ( 'NONE', #387, .T. ) ;
#895 = ADVANCED_FACE ( 'NONE', ( #159 ), #2853, .T. ) ;
#896 = ADVANCED_FACE ( 'NONE', ( #1405 ), #2875, .F. ) ;
#897 = ORIENTED_EDGE ( 'NONE', *, *, #2349, .F. ) ;
#898 = CARTESIAN_POINT ( 'NONE',  ( 1.599999999999999867, 1.650000000000000355, -1.250000000000000000 ) ) ;
#899 = CARTESIAN_POINT ( 'NONE',  ( 1.424999999999999822, 1.650000000000000355, 1.250000000000000000 ) ) ;
#900 = PRESENTATION_STYLE_ASSIGNMENT (( #2666 ) ) ;
#901 = CARTESIAN_POINT ( 'NONE',  ( -1.424999999999999822, 0.4000000000000000222, 1.249999999999999556 ) ) ;
#902 = CARTESIAN_POINT ( 'NONE',  ( 1.599999999999999867, 1.650000000000000355, -1.250000000000000000 ) ) ;
#903 = CARTESIAN_POINT ( 'NONE',  ( -1.424999999999999822, 0.4000000000000000222, -1.249999999999999556 ) ) ;
#904 = LINE ( 'NONE', #750, #2165 ) ;
#905 = DIRECTION ( 'NONE',  ( 3.336006684570783101E-16, 0.000000000000000000, -1.000000000000000000 ) ) ;
#906 = VERTEX_POINT ( 'NONE', #4683 ) ;
#907 = ORIENTED_EDGE ( 'NONE', *, *, #311, .F. ) ;
#908 = DIRECTION ( 'NONE',  ( 5.782411586589291769E-15, -0.000000000000000000, 1.000000000000000000 ) ) ;
#909 = DIRECTION ( 'NONE',  ( -0.000000000000000000, -1.000000000000000000, -0.000000000000000000 ) ) ;
#910 = VERTEX_POINT ( 'NONE', #4339 ) ;
#911 = PLANE ( 'NONE',  #2049 ) ;
#912 = ORIENTED_EDGE ( 'NONE', *, *, #1595, .F. ) ;
#913 = DIRECTION ( 'NONE',  ( 0.000000000000000000, -1.000000000000000000, 0.000000000000000000 ) ) ;
#914 = ORIENTED_EDGE ( 'NONE', *, *, #1355, .T. ) ;
#915 = CARTESIAN_POINT ( 'NONE',  ( -0.6000000000000000888, 0.4000000000000000222, 0.6999999999999998446 ) ) ;
#916 = VERTEX_POINT ( 'NONE', #4291 ) ;
#917 = FACE_OUTER_BOUND ( 'NONE', #3398, .T. ) ;
#918 = ADVANCED_FACE ( 'NONE', ( #4213 ), #2728, .T. ) ;
#919 = LINE ( 'NONE', #3164, #410 ) ;
#920 = LINE ( 'NONE', #2734, #187 ) ;
#921 = FACE_OUTER_BOUND ( 'NONE', #3301, .T. ) ;
#922 = CARTESIAN_POINT ( 'NONE',  ( 0.5999999999999998668, 0.3999999999999999667, 1.149999999999999911 ) ) ;
#923 = EDGE_CURVE ( 'NONE', #1665, #4093, #566, .T. ) ;
#924 = DIRECTION ( 'NONE',  ( 0.000000000000000000, 1.000000000000000000, 0.000000000000000000 ) ) ;
#925 = CARTESIAN_POINT ( 'NONE',  ( -0.6000000000000000888, 0.4000000000000000222, -0.5000000000000000000 ) ) ;
#926 = ORIENTED_EDGE ( 'NONE', *, *, #203, .T. ) ;
#927 = ORIENTED_EDGE ( 'NONE', *, *, #4367, .T. ) ;
#928 = VECTOR ( 'NONE', #768, 1000.000000000000000 ) ;
#929 = VECTOR ( 'NONE', #4174, 1000.000000000000000 ) ;
#930 = AXIS2_PLACEMENT_3D ( 'NONE', #3620, #2184, #15 ) ;
#931 = ORIENTED_EDGE ( 'NONE', *, *, #1595, .T. ) ;
#932 = DIRECTION ( 'NONE',  ( 0.000000000000000000, 0.000000000000000000, -1.000000000000000000 ) ) ;
#933 = VERTEX_POINT ( 'NONE', #3223 ) ;
#934 = CARTESIAN_POINT ( 'NONE',  ( 1.599999999999999867, -1.250000000000000000, 1.074999999999999956 ) ) ;
#935 = VECTOR ( 'NONE', #3855, 1000.000000000000000 ) ;
#936 = EDGE_LOOP ( 'NONE', ( #3598, #2685, #580, #1853 ) ) ;
#937 = DIRECTION ( 'NONE',  ( 1.000000000000000000, 0.000000000000000000, 0.000000000000000000 ) ) ;
#938 = CIRCLE ( 'NONE', #3943, 0.1750000000000004607 ) ;
#939 = EDGE_CURVE ( 'NONE', #910, #1972, #3091, .T. ) ;
#940 = ORIENTED_EDGE ( 'NONE', *, *, #2996, .T. ) ;
#941 = AXIS2_PLACEMENT_3D ( 'NONE', #2252, #781, #2704 ) ;
#942 = CIRCLE ( 'NONE', #3636, 0.2000000000000002054 ) ;
#943 = DIRECTION ( 'NONE',  ( 0.000000000000000000, 0.000000000000000000, 1.000000000000000000 ) ) ;
#944 = ORIENTED_EDGE ( 'NONE', *, *, #946, .T. ) ;
#945 = CARTESIAN_POINT ( 'NONE',  ( -1.456385933836548574, 0.4000000000000000222, -1.150000000000000577 ) ) ;
#946 = EDGE_CURVE ( 'NONE', #2433, #468, #4599, .T. ) ;
#947 = COLOUR_RGB ( '',0.2509803921568627416, 0.2509803921568627416, 0.2509803921568627416 ) ;
#948 = CARTESIAN_POINT ( 'NONE',  ( 1.499999999999999778, 0.3999999999999999667, 1.250000000000000000 ) ) ;
#949 = DIRECTION ( 'NONE',  ( 0.000000000000000000, 1.000000000000000000, -0.000000000000000000 ) ) ;
#950 = DIRECTION ( 'NONE',  ( 0.000000000000000000, 0.000000000000000000, -1.000000000000000000 ) ) ;
#951 = DIRECTION ( 'NONE',  ( -0.000000000000000000, -1.000000000000000000, 0.000000000000000000 ) ) ;
#952 = EDGE_CURVE ( 'NONE', #1909, #184, #2832, .T. ) ;
#953 = ADVANCED_FACE ( 'NONE', ( #2501 ), #2140, .T. ) ;
#954 = LINE ( 'NONE', #4631, #4721 ) ;
#955 = CARTESIAN_POINT ( 'NONE',  ( -1.599999999999999867, 0.000000000000000000, -1.250000000000000000 ) ) ;
#956 = ORIENTED_EDGE ( 'NONE', *, *, #4149, .F. ) ;
#957 = ORIENTED_EDGE ( 'NONE', *, *, #3924, .T. ) ;
#958 = CIRCLE ( 'NONE', #582, 0.1750000000000000167 ) ;
#959 = AXIS2_PLACEMENT_3D ( 'NONE', #266, #579, #3195 ) ;
#960 = EDGE_LOOP ( 'NONE', ( #4317, #4140, #1268, #1759 ) ) ;
#961 = DIRECTION ( 'NONE',  ( -1.000000000000000000, 0.000000000000000000, 1.156482317317878391E-14 ) ) ;
#962 = ORIENTED_EDGE ( 'NONE', *, *, #3446, .F. ) ;
#963 = CARTESIAN_POINT ( 'NONE',  ( -1.500000000000000000, 0.3999999999999999667, -0.5000000000000000000 ) ) ;
#964 = ORIENTED_EDGE ( 'NONE', *, *, #1958, .F. ) ;
#965 = FACE_OUTER_BOUND ( 'NONE', #2650, .T. ) ;
#966 = ORIENTED_EDGE ( 'NONE', *, *, #4677, .T. ) ;
#967 = DIRECTION ( 'NONE',  ( 0.000000000000000000, 0.000000000000000000, 1.000000000000000000 ) ) ;
#968 = AXIS2_PLACEMENT_3D ( 'NONE', #3448, #1248, #1639 ) ;
#969 = EDGE_LOOP ( 'NONE', ( #3908, #4191, #4083, #1994 ) ) ;
#970 = CARTESIAN_POINT ( 'NONE',  ( 1.599999999999999867, -1.250000000000000000, 1.149999999999999911 ) ) ;
#971 = DIRECTION ( 'NONE',  ( -1.000000000000000000, 0.000000000000000000, 0.000000000000000000 ) ) ;
#972 = DIRECTION ( 'NONE',  ( -1.000000000000000000, 0.000000000000000000, 1.807003620809174632E-16 ) ) ;
#973 = CARTESIAN_POINT ( 'NONE',  ( -1.500000000000000000, 0.4000000000000000222, -1.106385933836548707 ) ) ;
#974 = CARTESIAN_POINT ( 'NONE',  ( -1.199999999999999512, 0.9000000000000000222, 0.8499999999999999778 ) ) ;
#975 = ADVANCED_FACE ( 'NONE', ( #3604 ), #4434, .T. ) ;
#976 = CARTESIAN_POINT ( 'NONE',  ( -1.199999999999999512, 1.100000000000000089, -1.149999999999999467 ) ) ;
#977 = EDGE_CURVE ( 'NONE', #3984, #4436, #3402, .T. ) ;
#978 = CARTESIAN_POINT ( 'NONE',  ( 1.399999999999999689, 1.199999999999999956, 0.8499999999999999778 ) ) ;
#979 = ORIENTED_EDGE ( 'NONE', *, *, #90, .T. ) ;
#980 = VECTOR ( 'NONE', #493, 1000.000000000000000 ) ;
#981 = EDGE_CURVE ( 'NONE', #2717, #147, #1820, .T. ) ;
#982 = CARTESIAN_POINT ( 'NONE',  ( 1.499999999999999778, 1.650000000000000355, 1.250000000000000000 ) ) ;
#983 = DIRECTION ( 'NONE',  ( -1.301042606982604059E-14, 0.000000000000000000, 1.000000000000000000 ) ) ;
#984 = DIRECTION ( 'NONE',  ( -1.000000000000000000, -0.000000000000000000, -9.035018104045873159E-17 ) ) ;
#985 = ORIENTED_EDGE ( 'NONE', *, *, #2220, .T. ) ;
#986 = FACE_OUTER_BOUND ( 'NONE', #3525, .T. ) ;
#987 = ORIENTED_EDGE ( 'NONE', *, *, #390, .T. ) ;
#988 = DIRECTION ( 'NONE',  ( 1.000000000000000000, 0.000000000000000000, 0.000000000000000000 ) ) ;
#989 = ORIENTED_EDGE ( 'NONE', *, *, #3126, .T. ) ;
#990 = DIRECTION ( 'NONE',  ( -0.000000000000000000, -1.000000000000000000, -0.000000000000000000 ) ) ;
#991 = VERTEX_POINT ( 'NONE', #27 ) ;
#992 = DIRECTION ( 'NONE',  ( -0.000000000000000000, -1.000000000000000000, -0.000000000000000000 ) ) ;
#993 = ORIENTED_EDGE ( 'NONE', *, *, #1274, .F. ) ;
#994 = CARTESIAN_POINT ( 'NONE',  ( 1.199999999999999734, 1.100000000000000089, -1.100000000000000089 ) ) ;
#995 = EDGE_CURVE ( 'NONE', #3268, #3856, #4757, .T. ) ;
#996 = CARTESIAN_POINT ( 'NONE',  ( 1.499999999999999778, 0.4000000000000000222, -1.250000000000000000 ) ) ;
#997 = LINE ( 'NONE', #3942, #488 ) ;
#998 = EDGE_CURVE ( 'NONE', #1629, #3178, #2599, .T. ) ;
#999 = LINE ( 'NONE', #4702, #3043 ) ;
#1000 = ORIENTED_EDGE ( 'NONE', *, *, #3634, .T. ) ;
#1001 = EDGE_LOOP ( 'NONE', ( #54, #1602, #2697, #538 ) ) ;
#1002 = EDGE_CURVE ( 'NONE', #2268, #3173, #4099, .T. ) ;
#1003 = CARTESIAN_POINT ( 'NONE',  ( -1.600000000000000311, 0.9000000000000000222, 0.000000000000000000 ) ) ;
#1004 = ORIENTED_EDGE ( 'NONE', *, *, #2080, .T. ) ;
#1005 = LINE ( 'NONE', #2477, #2281 ) ;
#1006 =( GEOMETRIC_REPRESENTATION_CONTEXT ( 3 ) GLOBAL_UNCERTAINTY_ASSIGNED_CONTEXT ( ( #441 ) ) GLOBAL_UNIT_ASSIGNED_CONTEXT ( ( #3152, #1266, #4660 ) ) REPRESENTATION_CONTEXT ( 'NONE', 'WORKASPACE' ) );
#1007 = VECTOR ( 'NONE', #2383, 1000.000000000000000 ) ;
#1008 = VERTEX_POINT ( 'NONE', #362 ) ;
#1009 = DIRECTION ( 'NONE',  ( 0.000000000000000000, 1.000000000000000000, 0.000000000000000000 ) ) ;
#1010 = AXIS2_PLACEMENT_3D ( 'NONE', #3900, #2384, #577 ) ;
#1011 = ORIENTED_EDGE ( 'NONE', *, *, #4557, .T. ) ;
#1012 = EDGE_CURVE ( 'NONE', #4558, #1800, #2954, .T. ) ;
#1013 = AXIS2_PLACEMENT_3D ( 'NONE', #3038, #4160, #4516 ) ;
#1014 = EDGE_LOOP ( 'NONE', ( #3000, #357, #4081, #3158 ) ) ;
#1015 = PLANE ( 'NONE',  #3197 ) ;
#1016 = ORIENTED_EDGE ( 'NONE', *, *, #1084, .T. ) ;
#1017 = CARTESIAN_POINT ( 'NONE',  ( -1.599999999999999867, 0.4000000000000000222, -1.250000000000000000 ) ) ;
#1018 = EDGE_CURVE ( 'NONE', #443, #1124, #1545, .T. ) ;
#1019 = AXIS2_PLACEMENT_3D ( 'NONE', #62, #1517, #2301 ) ;
#1020 = CIRCLE ( 'NONE', #4731, 0.1750000000000006828 ) ;
#1021 = DIRECTION ( 'NONE',  ( 0.000000000000000000, 0.000000000000000000, 1.000000000000000000 ) ) ;
#1022 = VECTOR ( 'NONE', #1399, 1000.000000000000000 ) ;
#1023 = FACE_OUTER_BOUND ( 'NONE', #2757, .T. ) ;
#1024 = CIRCLE ( 'NONE', #640, 0.3000000000000000444 ) ;
#1025 = LINE ( 'NONE', #1474, #1022 ) ;
#1026 = LINE ( 'NONE', #2496, #3891 ) ;
#1027 = ORIENTED_EDGE ( 'NONE', *, *, #1509, .F. ) ;
#1028 = EDGE_CURVE ( 'NONE', #1843, #2055, #1709, .T. ) ;
#1029 = LINE ( 'NONE', #3703, #2328 ) ;
#1030 = DIRECTION ( 'NONE',  ( 1.000000000000000000, -0.000000000000000000, 0.000000000000000000 ) ) ;
#1031 = DIRECTION ( 'NONE',  ( 1.000000000000000000, 0.000000000000000000, 0.000000000000000000 ) ) ;
#1032 = EDGE_LOOP ( 'NONE', ( #1835, #4413, #4755, #841 ) ) ;
#1033 = CARTESIAN_POINT ( 'NONE',  ( -1.399999999999999467, 1.100000000000000089, -0.8499999999999999778 ) ) ;
#1034 = ORIENTED_EDGE ( 'NONE', *, *, #2368, .T. ) ;
#1035 = CYLINDRICAL_SURFACE ( 'NONE', #643, 0.1750000000000000167 ) ;
#1036 = VECTOR ( 'NONE', #461, 1000.000000000000000 ) ;
#1037 = ORIENTED_EDGE ( 'NONE', *, *, #782, .F. ) ;
#1038 = DIRECTION ( 'NONE',  ( 0.000000000000000000, 0.000000000000000000, -1.000000000000000000 ) ) ;
#1039 = PLANE ( 'NONE',  #1339 ) ;
#1040 = ORIENTED_EDGE ( 'NONE', *, *, #2016, .T. ) ;
#1041 = CARTESIAN_POINT ( 'NONE',  ( 1.599999999999999867, 0.000000000000000000, -1.250000000000000000 ) ) ;
#1042 = ORIENTED_EDGE ( 'NONE', *, *, #3011, .T. ) ;
#1043 = CARTESIAN_POINT ( 'NONE',  ( -0.6000000000000000888, 1.650000000000000355, 0.6999999999999998446 ) ) ;
#1044 = VECTOR ( 'NONE', #4000, 1000.000000000000000 ) ;
#1045 = CARTESIAN_POINT ( 'NONE',  ( 0.6000000000000000888, 0.4000000000000000222, 0.5000000000000000000 ) ) ;
#1046 = CYLINDRICAL_SURFACE ( 'NONE', #4095, 0.2000000000000002054 ) ;
#1047 = FACE_OUTER_BOUND ( 'NONE', #3108, .T. ) ;
#1048 = CARTESIAN_POINT ( 'NONE',  ( -1.599999999999999867, 0.000000000000000000, -1.074999999999999512 ) ) ;
#1049 = ORIENTED_EDGE ( 'NONE', *, *, #3784, .F. ) ;
#1050 = SURFACE_STYLE_FILL_AREA ( #1770 ) ;
#1051 = CARTESIAN_POINT ( 'NONE',  ( 1.425000000000000044, 0.4000000000000000222, -1.249999999999999112 ) ) ;
#1052 = VECTOR ( 'NONE', #992, 1000.000000000000000 ) ;
#1053 = DIRECTION ( 'NONE',  ( 0.000000000000000000, 1.000000000000000000, 0.000000000000000000 ) ) ;
#1054 = ORIENTED_EDGE ( 'NONE', *, *, #109, .T. ) ;
#1055 = LINE ( 'NONE', #2529, #1044 ) ;
#1056 = ORIENTED_EDGE ( 'NONE', *, *, #2825, .T. ) ;
#1057 = CARTESIAN_POINT ( 'NONE',  ( -0.8000000000000000444, 1.650000000000000355, 0.5000000000000000000 ) ) ;
#1058 = CIRCLE ( 'NONE', #3756, 0.1410590277777777068 ) ;
#1059 = VERTEX_POINT ( 'NONE', #2925 ) ;
#1060 = EDGE_CURVE ( 'NONE', #1215, #1452, #4409, .T. ) ;
#1061 = CARTESIAN_POINT ( 'NONE',  ( 0.5999999999999998668, 0.4000000000000000222, 1.149999999999999911 ) ) ;
#1062 = VERTEX_POINT ( 'NONE', #769 ) ;
#1063 = LINE ( 'NONE', #1784, #4689 ) ;
#1064 = VERTEX_POINT ( 'NONE', #719 ) ;
#1065 = FACE_OUTER_BOUND ( 'NONE', #1981, .T. ) ;
#1066 = DIRECTION ( 'NONE',  ( -1.000000000000000000, 0.000000000000000000, 0.000000000000000000 ) ) ;
#1067 = LINE ( 'NONE', #2540, #1987 ) ;
#1068 = FACE_OUTER_BOUND ( 'NONE', #495, .T. ) ;
#1069 = CARTESIAN_POINT ( 'NONE',  ( -1.199999999999999289, 1.199999999999999956, 1.050000000000000044 ) ) ;
#1070 = EDGE_CURVE ( 'NONE', #4289, #1148, #341, .T. ) ;
#1071 = ORIENTED_EDGE ( 'NONE', *, *, #1996, .T. ) ;
#1072 = DIRECTION ( 'NONE',  ( -1.000000000000000000, 0.000000000000000000, -5.782411586589291769E-15 ) ) ;
#1073 = ORIENTED_EDGE ( 'NONE', *, *, #4337, .T. ) ;
#1074 = CARTESIAN_POINT ( 'NONE',  ( -1.199999999999999512, 1.199999999999999956, -0.8499999999999999778 ) ) ;
#1075 = ORIENTED_EDGE ( 'NONE', *, *, #4589, .T. ) ;
#1076 = DIRECTION ( 'NONE',  ( 0.000000000000000000, 0.000000000000000000, 1.000000000000000000 ) ) ;
#1077 = EDGE_CURVE ( 'NONE', #1713, #1536, #862, .T. ) ;
#1078 = ORIENTED_EDGE ( 'NONE', *, *, #2422, .T. ) ;
#1079 =( GEOMETRIC_REPRESENTATION_CONTEXT ( 3 ) GLOBAL_UNCERTAINTY_ASSIGNED_CONTEXT ( ( #4487 ) ) GLOBAL_UNIT_ASSIGNED_CONTEXT ( ( #4408, #4734, #312 ) ) REPRESENTATION_CONTEXT ( 'NONE', 'WORKASPACE' ) );
#1080 = CYLINDRICAL_SURFACE ( 'NONE', #1501, 0.1750000000000006828 ) ;
#1081 = VERTEX_POINT ( 'NONE', #2213 ) ;
#1082 = LINE ( 'NONE', #2912, #828 ) ;
#1083 = VECTOR ( 'NONE', #4676, 1000.000000000000000 ) ;
#1084 = EDGE_CURVE ( 'NONE', #2390, #532, #3679, .T. ) ;
#1085 = ORIENTED_EDGE ( 'NONE', *, *, #4071, .T. ) ;
#1086 = CARTESIAN_POINT ( 'NONE',  ( 1.599999999999999867, 0.4000000000000000222, -1.149999999999999911 ) ) ;
#1087 = DIRECTION ( 'NONE',  ( -1.000000000000000000, 0.000000000000000000, -0.000000000000000000 ) ) ;
#1088 = EDGE_CURVE ( 'NONE', #1697, #1879, #3709, .T. ) ;
#1089 = DIRECTION ( 'NONE',  ( 1.000000000000000000, 0.000000000000000000, 7.151895266605915284E-16 ) ) ;
#1090 = PRESENTATION_LAYER_ASSIGNMENT (  '', '', ( #183 ) ) ;
#1091 = AXIS2_PLACEMENT_3D ( 'NONE', #2979, #1072, #2623 ) ;
#1092 = DIRECTION ( 'NONE',  ( 0.000000000000000000, 0.000000000000000000, 1.000000000000000000 ) ) ;
#1093 = AXIS2_PLACEMENT_3D ( 'NONE', #541, #1362, #2001 ) ;
#1094 = DIRECTION ( 'NONE',  ( 9.035018104045873159E-17, 0.000000000000000000, -1.000000000000000000 ) ) ;
#1095 = AXIS2_PLACEMENT_3D ( 'NONE', #1720, #4651, #4674 ) ;
#1096 = EDGE_CURVE ( 'NONE', #3068, #1216, #795, .T. ) ;
#1097 = ORIENTED_EDGE ( 'NONE', *, *, #1352, .F. ) ;
#1098 = CARTESIAN_POINT ( 'NONE',  ( -0.6000000000000000888, 0.4000000000000000222, -0.5000000000000000000 ) ) ;
#1099 =( NAMED_UNIT ( * ) PLANE_ANGLE_UNIT ( ) SI_UNIT ( $, .RADIAN. ) );
#1100 = CARTESIAN_POINT ( 'NONE',  ( -1.599999999999999867, 0.3999999999999999667, -1.250000000000000000 ) ) ;
#1101 = ORIENTED_EDGE ( 'NONE', *, *, #1, .F. ) ;
#1102 = CARTESIAN_POINT ( 'NONE',  ( 1.599999999999999867, 0.9000000000000000222, -0.5000000000000001110 ) ) ;
#1103 = VERTEX_POINT ( 'NONE', #3272 ) ;
#1104 = EDGE_LOOP ( 'NONE', ( #4223, #2435, #2171, #562 ) ) ;
#1105 = LINE ( 'NONE', #2272, #179 ) ;
#1106 = ORIENTED_EDGE ( 'NONE', *, *, #1647, .T. ) ;
#1107 = CARTESIAN_POINT ( 'NONE',  ( 1.599999999999999867, 0.3999999999999999667, 1.250000000000000000 ) ) ;
#1108 = ORIENTED_EDGE ( 'NONE', *, *, #2565, .F. ) ;
#1109 = CYLINDRICAL_SURFACE ( 'NONE', #1902, 0.1999999999999999833 ) ;
#1110 = VERTEX_POINT ( 'NONE', #437 ) ;
#1111 = CARTESIAN_POINT ( 'NONE',  ( -0.5999999999999998668, 0.000000000000000000, -1.149999999999999911 ) ) ;
#1112 = DIRECTION ( 'NONE',  ( 0.000000000000000000, 1.000000000000000000, 0.000000000000000000 ) ) ;
#1113 = FACE_OUTER_BOUND ( 'NONE', #4209, .T. ) ;
#1114 = DIRECTION ( 'NONE',  ( -2.532041056836032961E-16, 0.000000000000000000, 1.000000000000000000 ) ) ;
#1115 = DIRECTION ( 'NONE',  ( 1.000000000000000000, -0.000000000000000000, -0.000000000000000000 ) ) ;
#1116 = EDGE_CURVE ( 'NONE', #271, #4102, #70, .T. ) ;
#1117 = ORIENTED_EDGE ( 'NONE', *, *, #2007, .T. ) ;
#1118 = CIRCLE ( 'NONE', #4686, 0.1000000000000000472 ) ;
#1119 = AXIS2_PLACEMENT_3D ( 'NONE', #1074, #652, #4777 ) ;
#1120 = PLANE ( 'NONE',  #2104 ) ;
#1121 = FACE_OUTER_BOUND ( 'NONE', #2318, .T. ) ;
#1122 = DIRECTION ( 'NONE',  ( -1.239088197126290669E-15, 0.000000000000000000, 1.000000000000000000 ) ) ;
#1123 = DIRECTION ( 'NONE',  ( 0.000000000000000000, 0.000000000000000000, 1.000000000000000000 ) ) ;
#1124 = VERTEX_POINT ( 'NONE', #2999 ) ;
#1125 = DIRECTION ( 'NONE',  ( -9.035018104045874392E-17, 0.000000000000000000, 1.000000000000000000 ) ) ;
#1126 = ORIENTED_EDGE ( 'NONE', *, *, #2339, .T. ) ;
#1127 = VERTEX_POINT ( 'NONE', #695 ) ;
#1128 = VERTEX_POINT ( 'NONE', #2160 ) ;
#1129 = DIRECTION ( 'NONE',  ( 0.000000000000000000, -1.000000000000000000, 0.000000000000000000 ) ) ;
#1130 = ORIENTED_EDGE ( 'NONE', *, *, #2847, .F. ) ;
#1131 = DIRECTION ( 'NONE',  ( 0.000000000000000000, 1.000000000000000000, 0.000000000000000000 ) ) ;
#1132 = ORIENTED_EDGE ( 'NONE', *, *, #2993, .T. ) ;
#1133 = CARTESIAN_POINT ( 'NONE',  ( -0.6000000000000000888, 0.3999999999999999667, -0.5000000000000000000 ) ) ;
#1134 = CARTESIAN_POINT ( 'NONE',  ( 1.199999999999999734, 1.050000000000000044, 0.8499999999999999778 ) ) ;
#1135 = CIRCLE ( 'NONE', #2826, 0.05000000000000002359 ) ;
#1136 = LINE ( 'NONE', #400, #2576 ) ;
#1137 = CYLINDRICAL_SURFACE ( 'NONE', #4154, 0.1000000000000000472 ) ;
#1138 = EDGE_CURVE ( 'NONE', #3976, #1273, #1798, .T. ) ;
#1139 = DIRECTION ( 'NONE',  ( 0.000000000000000000, 1.000000000000000000, 0.000000000000000000 ) ) ;
#1140 = ORIENTED_EDGE ( 'NONE', *, *, #3219, .F. ) ;
#1141 = CARTESIAN_POINT ( 'NONE',  ( -1.500000000000000000, 0.3999999999999999667, -0.5000000000000000000 ) ) ;
#1142 = DIRECTION ( 'NONE',  ( 0.000000000000000000, 0.000000000000000000, 1.000000000000000000 ) ) ;
#1143 =( NAMED_UNIT ( * ) PLANE_ANGLE_UNIT ( ) SI_UNIT ( $, .RADIAN. ) );
#1144 = ORIENTED_EDGE ( 'NONE', *, *, #655, .T. ) ;
#1145 = ORIENTED_EDGE ( 'NONE', *, *, #453, .T. ) ;
#1146 = ORIENTED_EDGE ( 'NONE', *, *, #519, .T. ) ;
#1147 = DIRECTION ( 'NONE',  ( 1.000000000000000000, -0.000000000000000000, 1.156482317317878391E-14 ) ) ;
#1148 = VERTEX_POINT ( 'NONE', #2901 ) ;
#1149 = DIRECTION ( 'NONE',  ( 0.000000000000000000, -1.000000000000000000, 0.000000000000000000 ) ) ;
#1150 = VERTEX_POINT ( 'NONE', #4152 ) ;
#1151 = PLANE ( 'NONE',  #3443 ) ;
#1152 = EDGE_CURVE ( 'NONE', #4076, #125, #4127, .T. ) ;
#1153 = VECTOR ( 'NONE', #2094, 1000.000000000000000 ) ;
#1154 = ADVANCED_FACE ( 'NONE', ( #554 ), #3779, .T. ) ;
#1155 = VERTEX_POINT ( 'NONE', #1190 ) ;
#1156 = LINE ( 'NONE', #4449, #3245 ) ;
#1157 = CARTESIAN_POINT ( 'NONE',  ( -1.500000000000000000, 1.650000000000000355, -0.5000000000000000000 ) ) ;
#1158 = DIRECTION ( 'NONE',  ( 0.000000000000000000, -1.000000000000000000, 0.000000000000000000 ) ) ;
#1159 = FACE_OUTER_BOUND ( 'NONE', #8, .T. ) ;
#1160 = VECTOR ( 'NONE', #4073, 1000.000000000000000 ) ;
#1161 = VECTOR ( 'NONE', #1653, 1000.000000000000000 ) ;
#1162 = VECTOR ( 'NONE', #1311, 1000.000000000000000 ) ;
#1163 = DIRECTION ( 'NONE',  ( 0.000000000000000000, 0.000000000000000000, -1.000000000000000000 ) ) ;
#1164 = AXIS2_PLACEMENT_3D ( 'NONE', #1422, #3671, #1092 ) ;
#1165 = CARTESIAN_POINT ( 'NONE',  ( 1.599999999999999867, 1.650000000000000355, 1.250000000000000000 ) ) ;
#1166 = FACE_OUTER_BOUND ( 'NONE', #4714, .T. ) ;
#1167 = CARTESIAN_POINT ( 'NONE',  ( -1.199999999999999512, 1.199999999999999956, 0.8499999999999999778 ) ) ;
#1168 =( NAMED_UNIT ( * ) PLANE_ANGLE_UNIT ( ) SI_UNIT ( $, .RADIAN. ) );
#1169 = ORIENTED_EDGE ( 'NONE', *, *, #460, .F. ) ;
#1170 = ORIENTED_EDGE ( 'NONE', *, *, #4235, .T. ) ;
#1171 = ADVANCED_FACE ( 'NONE', ( #3106 ), #2341, .T. ) ;
#1172 = ORIENTED_EDGE ( 'NONE', *, *, #4532, .T. ) ;
#1173 = CARTESIAN_POINT ( 'NONE',  ( -1.399999999999999467, 1.149999999999999911, 0.8499999999999999778 ) ) ;
#1174 = VERTEX_POINT ( 'NONE', #2694 ) ;
#1175 = CARTESIAN_POINT ( 'NONE',  ( 0.6000000000000000888, 0.000000000000000000, 0.5000000000000000000 ) ) ;
#1176 = VERTEX_POINT ( 'NONE', #3754 ) ;
#1177 = CARTESIAN_POINT ( 'NONE',  ( -1.021874999999999423, 1.199999999999999956, 0.7031249999999962252 ) ) ;
#1178 = AXIS2_PLACEMENT_3D ( 'NONE', #1644, #544, #3934 ) ;
#1179 = ADVANCED_FACE ( 'NONE', ( #4559 ), #4510, .T. ) ;
#1180 = EDGE_LOOP ( 'NONE', ( #4241, #1508, #2315, #276 ) ) ;
#1181 = DIRECTION ( 'NONE',  ( 0.000000000000000000, -1.000000000000000000, 0.000000000000000000 ) ) ;
#1182 = CARTESIAN_POINT ( 'NONE',  ( 1.500000000000000444, 0.000000000000000000, -1.106385933836548263 ) ) ;
#1183 = CARTESIAN_POINT ( 'NONE',  ( 0.6000000000000000888, 0.000000000000000000, -0.5000000000000000000 ) ) ;
#1184 = DIRECTION ( 'NONE',  ( 1.000000000000000000, 0.000000000000000000, 3.336006684570783594E-16 ) ) ;
#1185 = TOROIDAL_SURFACE ( 'NONE', #1729, 0.1500000000000000500, 0.05000000000000000278 ) ;
#1186 = AXIS2_PLACEMENT_3D ( 'NONE', #3922, #2068, #3218 ) ;
#1187 =( LENGTH_UNIT ( ) NAMED_UNIT ( * ) SI_UNIT ( .MILLI., .METRE. ) );
#1188 = CARTESIAN_POINT ( 'NONE',  ( -1.600000000000000311, 0.000000000000000000, -0.000000000000000000 ) ) ;
#1189 = DIRECTION ( 'NONE',  ( 0.000000000000000000, -0.000000000000000000, -1.000000000000000000 ) ) ;
#1190 = CARTESIAN_POINT ( 'NONE',  ( 1.599999999999999867, 0.000000000000000000, 1.074999999999999956 ) ) ;
#1191 = AXIS2_PLACEMENT_3D ( 'NONE', #4639, #2457, #588 ) ;
#1192 = EDGE_LOOP ( 'NONE', ( #97, #4345, #634, #345 ) ) ;
#1193 = VERTEX_POINT ( 'NONE', #2313 ) ;
#1194 = ORIENTED_EDGE ( 'NONE', *, *, #4351, .T. ) ;
#1195 = DIRECTION ( 'NONE',  ( 0.000000000000000000, 1.000000000000000000, 0.000000000000000000 ) ) ;
#1196 = ORIENTED_EDGE ( 'NONE', *, *, #1360, .F. ) ;
#1197 = LINE ( 'NONE', #1175, #3915 ) ;
#1198 = ORIENTED_EDGE ( 'NONE', *, *, #223, .T. ) ;
#1199 = CARTESIAN_POINT ( 'NONE',  ( 0.6000000000000000888, -1.250000000000000000, 0.5000000000000000000 ) ) ;
#1200 = ORIENTED_EDGE ( 'NONE', *, *, #2059, .F. ) ;
#1201 = PLANE ( 'NONE',  #1864 ) ;
#1202 = LINE ( 'NONE', #4576, #2869 ) ;
#1203 = VECTOR ( 'NONE', #322, 1000.000000000000000 ) ;
#1204 =( NAMED_UNIT ( * ) PLANE_ANGLE_UNIT ( ) SI_UNIT ( $, .RADIAN. ) );
#1205 = EDGE_CURVE ( 'NONE', #2074, #3392, #2362, .T. ) ;
#1206 = PRESENTATION_LAYER_ASSIGNMENT (  '', '', ( #4692 ) ) ;
#1207 = DIRECTION ( 'NONE',  ( 0.000000000000000000, 0.000000000000000000, 1.000000000000000000 ) ) ;
#1208 = DIRECTION ( 'NONE',  ( 7.151895266605916270E-16, 0.000000000000000000, -1.000000000000000000 ) ) ;
#1209 = VECTOR ( 'NONE', #2346, 1000.000000000000000 ) ;
#1210 = CARTESIAN_POINT ( 'NONE',  ( 1.349999999999999867, 1.199999999999999956, -0.8499999999999999778 ) ) ;
#1211 = ADVANCED_FACE ( 'NONE', ( #530 ), #887, .F. ) ;
#1212 = EDGE_CURVE ( 'NONE', #3566, #3352, #2730, .T. ) ;
#1213 = CARTESIAN_POINT ( 'NONE',  ( -1.500000000000000000, 0.000000000000000000, 1.106385933836548707 ) ) ;
#1214 = CYLINDRICAL_SURFACE ( 'NONE', #3966, 0.04999999999999991257 ) ;
#1215 = VERTEX_POINT ( 'NONE', #3388 ) ;
#1216 = VERTEX_POINT ( 'NONE', #1919 ) ;
#1217 = ORIENTED_EDGE ( 'NONE', *, *, #1769, .T. ) ;
#1218 = CARTESIAN_POINT ( 'NONE',  ( 1.199999999999999734, 0.9000000000000000222, -0.8499999999999999778 ) ) ;
#1219 = ORIENTED_EDGE ( 'NONE', *, *, #2015, .F. ) ;
#1220 = DIRECTION ( 'NONE',  ( 0.000000000000000000, -1.000000000000000000, 0.000000000000000000 ) ) ;
#1221 = ORIENTED_EDGE ( 'NONE', *, *, #1456, .F. ) ;
#1222 = DIRECTION ( 'NONE',  ( -1.000000000000000000, -0.000000000000000000, -2.532041056836032961E-16 ) ) ;
#1223 = EDGE_CURVE ( 'NONE', #4672, #201, #4587, .T. ) ;
#1224 = ORIENTED_EDGE ( 'NONE', *, *, #2128, .F. ) ;
#1225 = DIRECTION ( 'NONE',  ( 3.336006684570783101E-16, 0.000000000000000000, 1.000000000000000000 ) ) ;
#1226 = CARTESIAN_POINT ( 'NONE',  ( -1.599999999999999867, 0.000000000000000000, -1.250000000000000000 ) ) ;
#1227 = ORIENTED_EDGE ( 'NONE', *, *, #3950, .T. ) ;
#1228 =( NAMED_UNIT ( * ) SI_UNIT ( $, .STERADIAN. ) SOLID_ANGLE_UNIT ( ) );
#1229 = ADVANCED_FACE ( 'NONE', ( #2673 ), #1214, .T. ) ;
#1230 = CARTESIAN_POINT ( 'NONE',  ( -1.199999999999999512, 1.149999999999999911, 0.8499999999999999778 ) ) ;
#1231 = CARTESIAN_POINT ( 'NONE',  ( -1.021874999999999423, 1.149999999999999911, 0.5620659722222184351 ) ) ;
#1232 = CARTESIAN_POINT ( 'NONE',  ( -1.021874999999999423, 1.149999999999999911, 0.7031249999999962252 ) ) ;
#1233 = AXIS2_PLACEMENT_3D ( 'NONE', #3536, #1289, #2048 ) ;
#1234 = FACE_OUTER_BOUND ( 'NONE', #2476, .T. ) ;
#1235 = VERTEX_POINT ( 'NONE', #2288 ) ;
#1236 = VECTOR ( 'NONE', #1181, 1000.000000000000000 ) ;
#1237 = EDGE_CURVE ( 'NONE', #3062, #2074, #3054, .T. ) ;
#1238 = DIRECTION ( 'NONE',  ( 0.000000000000000000, -1.000000000000000000, 0.000000000000000000 ) ) ;
#1239 = VERTEX_POINT ( 'NONE', #2385 ) ;
#1240 = ORIENTED_EDGE ( 'NONE', *, *, #4085, .F. ) ;
#1241 = ADVANCED_FACE ( 'NONE', ( #1551 ), #94, .T. ) ;
#1242 = VECTOR ( 'NONE', #650, 1000.000000000000000 ) ;
#1243 = UNCERTAINTY_MEASURE_WITH_UNIT (LENGTH_MEASURE( 1.000000000000000082E-05 ), #2601, 'distance_accuracy_value', 'NONE');
#1244 = AXIS2_PLACEMENT_3D ( 'NONE', #524, #949, #2039 ) ;
#1245 = FILL_AREA_STYLE ('',( #535 ) ) ;
#1246 = AXIS2_PLACEMENT_3D ( 'NONE', #553, #198, #1656 ) ;
#1247 = ORIENTED_EDGE ( 'NONE', *, *, #599, .F. ) ;
#1248 = DIRECTION ( 'NONE',  ( -0.000000000000000000, -1.000000000000000000, -0.000000000000000000 ) ) ;
#1249 = VECTOR ( 'NONE', #3896, 1000.000000000000000 ) ;
#1250 = DIRECTION ( 'NONE',  ( 0.000000000000000000, -1.000000000000000000, 0.000000000000000000 ) ) ;
#1251 = EDGE_LOOP ( 'NONE', ( #4196, #1750, #2323, #289 ) ) ;
#1252 = DIRECTION ( 'NONE',  ( -0.000000000000000000, -1.000000000000000000, -0.000000000000000000 ) ) ;
#1253 = CARTESIAN_POINT ( 'NONE',  ( 1.599999999999999867, 0.4000000000000000222, 1.250000000000000000 ) ) ;
#1254 = ORIENTED_EDGE ( 'NONE', *, *, #3634, .F. ) ;
#1255 = FILL_AREA_STYLE_COLOUR ( '', #531 ) ;
#1256 = CARTESIAN_POINT ( 'NONE',  ( -1.424999999999999600, 1.650000000000000355, 1.249999999999999556 ) ) ;
#1257 = DIRECTION ( 'NONE',  ( 0.000000000000000000, 1.000000000000000000, 0.000000000000000000 ) ) ;
#1258 = EDGE_CURVE ( 'NONE', #1779, #468, #1970, .T. ) ;
#1259 = SURFACE_STYLE_FILL_AREA ( #4555 ) ;
#1260 = DIRECTION ( 'NONE',  ( -0.000000000000000000, -1.000000000000000000, -0.000000000000000000 ) ) ;
#1261 = CIRCLE ( 'NONE', #1411, 0.1750000000000000167 ) ;
#1262 = CIRCLE ( 'NONE', #3968, 0.1750000000000000167 ) ;
#1263 = EDGE_CURVE ( 'NONE', #4215, #1985, #3829, .T. ) ;
#1264 = DIRECTION ( 'NONE',  ( -1.000000000000000000, 0.000000000000000000, 0.000000000000000000 ) ) ;
#1265 = EDGE_LOOP ( 'NONE', ( #2342, #1560, #107, #293 ) ) ;
#1266 =( NAMED_UNIT ( * ) PLANE_ANGLE_UNIT ( ) SI_UNIT ( $, .RADIAN. ) );
#1267 = CARTESIAN_POINT ( 'NONE',  ( -1.499999999999999778, 1.100000000000000089, -0.8499999999999999778 ) ) ;
#1268 = ORIENTED_EDGE ( 'NONE', *, *, #75, .F. ) ;
#1269 = CYLINDRICAL_SURFACE ( 'NONE', #3825, 0.04999999999999991257 ) ;
#1270 = ORIENTED_EDGE ( 'NONE', *, *, #1889, .F. ) ;
#1271 = CARTESIAN_POINT ( 'NONE',  ( 1.500000000000000000, 0.3999999999999999667, 0.5000000000000000000 ) ) ;
#1272 = EDGE_CURVE ( 'NONE', #2780, #4693, #3489, .T. ) ;
#1273 = VERTEX_POINT ( 'NONE', #3127 ) ;
#1274 = EDGE_CURVE ( 'NONE', #2478, #1110, #3512, .T. ) ;
#1275 = CARTESIAN_POINT ( 'NONE',  ( -1.456385933836549018, 0.4000000000000000222, 1.149999999999999689 ) ) ;
#1276 = CARTESIAN_POINT ( 'NONE',  ( 1.599999999999999867, 0.000000000000000000, 1.149999999999999911 ) ) ;
#1277 = ORIENTED_EDGE ( 'NONE', *, *, #2803, .F. ) ;
#1278 = DIRECTION ( 'NONE',  ( 0.000000000000000000, 0.000000000000000000, -1.000000000000000000 ) ) ;
#1279 = CARTESIAN_POINT ( 'NONE',  ( 1.499999999999999778, 0.000000000000000000, 1.250000000000000000 ) ) ;
#1280 = CARTESIAN_POINT ( 'NONE',  ( -1.600000000000000311, 0.000000000000000000, 0.4000000000000000222 ) ) ;
#1281 = CARTESIAN_POINT ( 'NONE',  ( 1.500000000000000000, 0.4000000000000000222, 0.5000000000000000000 ) ) ;
#1282 = FACE_OUTER_BOUND ( 'NONE', #4364, .T. ) ;
#1283 = ADVANCED_FACE ( 'NONE', ( #2430 ), #1678, .F. ) ;
#1284 = CARTESIAN_POINT ( 'NONE',  ( 0.6000000000000000888, 1.650000000000000355, 0.5000000000000000000 ) ) ;
#1285 = DIRECTION ( 'NONE',  ( 0.000000000000000000, 0.000000000000000000, -1.000000000000000000 ) ) ;
#1286 = EDGE_LOOP ( 'NONE', ( #3852, #865, #3206, #1401 ) ) ;
#1287 = ORIENTED_EDGE ( 'NONE', *, *, #2063, .F. ) ;
#1288 = EDGE_CURVE ( 'NONE', #1155, #2143, #2755, .T. ) ;
#1289 = DIRECTION ( 'NONE',  ( -0.000000000000000000, 0.000000000000000000, -1.000000000000000000 ) ) ;
#1290 = ORIENTED_EDGE ( 'NONE', *, *, #537, .T. ) ;
#1291 = DIRECTION ( 'NONE',  ( 0.000000000000000000, 0.000000000000000000, 1.000000000000000000 ) ) ;
#1292 = FACE_OUTER_BOUND ( 'NONE', #3426, .T. ) ;
#1293 = ORIENTED_EDGE ( 'NONE', *, *, #4557, .F. ) ;
#1294 = EDGE_CURVE ( 'NONE', #1389, #2604, #3503, .T. ) ;
#1295 = DIRECTION ( 'NONE',  ( 0.000000000000000000, -1.000000000000000000, 0.000000000000000000 ) ) ;
#1296 = ORIENTED_EDGE ( 'NONE', *, *, #4170, .T. ) ;
#1297 = CARTESIAN_POINT ( 'NONE',  ( -1.021874999999999423, 1.199999999999999956, 0.5620659722222184351 ) ) ;
#1298 = ADVANCED_FACE ( 'NONE', ( #2044 ), #3557, .F. ) ;
#1299 = CARTESIAN_POINT ( 'NONE',  ( -0.6000000000000000888, 0.000000000000000000, -0.5000000000000000000 ) ) ;
#1300 = FACE_OUTER_BOUND ( 'NONE', #77, .T. ) ;
#1301 = CARTESIAN_POINT ( 'NONE',  ( 1.599999999999999867, 0.000000000000000000, 1.250000000000000000 ) ) ;
#1302 = CARTESIAN_POINT ( 'NONE',  ( 0.000000000000000000, 0.9000000000000000222, -1.250000000000000000 ) ) ;
#1303 = PRESENTATION_LAYER_ASSIGNMENT (  '', '', ( #552 ) ) ;
#1304 = DIRECTION ( 'NONE',  ( -4.818676322157796389E-16, 0.000000000000000000, -1.000000000000000000 ) ) ;
#1305 = FACE_OUTER_BOUND ( 'NONE', #4422, .T. ) ;
#1306 = VERTEX_POINT ( 'NONE', #4240 ) ;
#1307 = VERTEX_POINT ( 'NONE', #1727 ) ;
#1308 = AXIS2_PLACEMENT_3D ( 'NONE', #2957, #143, #3846 ) ;
#1309 = AXIS2_PLACEMENT_3D ( 'NONE', #2127, #4715, #1038 ) ;
#1310 = VERTEX_POINT ( 'NONE', #1328 ) ;
#1311 = DIRECTION ( 'NONE',  ( 1.275531967630005245E-16, 0.000000000000000000, 1.000000000000000000 ) ) ;
#1312 = EDGE_CURVE ( 'NONE', #3863, #2896, #3269, .T. ) ;
#1313 = VERTEX_POINT ( 'NONE', #4333 ) ;
#1314 = CYLINDRICAL_SURFACE ( 'NONE', #968, 0.3000000000000000444 ) ;
#1315 = FACE_OUTER_BOUND ( 'NONE', #1386, .T. ) ;
#1316 = AXIS2_PLACEMENT_3D ( 'NONE', #47, #3698, #405 ) ;
#1317 = AXIS2_PLACEMENT_3D ( 'NONE', #748, #3031, #1123 ) ;
#1318 = EDGE_LOOP ( 'NONE', ( #987, #2003, #1254, #180 ) ) ;
#1319 = EDGE_CURVE ( 'NONE', #1909, #2219, #1261, .T. ) ;
#1320 = LINE ( 'NONE', #3841, #3419 ) ;
#1321 = EDGE_LOOP ( 'NONE', ( #2051, #3913, #2543, #2579 ) ) ;
#1322 = CARTESIAN_POINT ( 'NONE',  ( 1.599999999999999867, 0.000000000000000000, 0.000000000000000000 ) ) ;
#1323 = CARTESIAN_POINT ( 'NONE',  ( 0.000000000000000000, 0.000000000000000000, 0.000000000000000000 ) ) ;
#1324 = CARTESIAN_POINT ( 'NONE',  ( -1.021874999999999423, 1.199999999999999956, 0.7031249999999962252 ) ) ;
#1325 = DIRECTION ( 'NONE',  ( 0.000000000000000000, 1.000000000000000000, 0.000000000000000000 ) ) ;
#1326 = DIRECTION ( 'NONE',  ( 1.000000000000000000, 0.000000000000000000, -1.156482317317878391E-14 ) ) ;
#1327 = AXIS2_PLACEMENT_3D ( 'NONE', #1253, #3502, #1668 ) ;
#1328 = CARTESIAN_POINT ( 'NONE',  ( -1.600000000000000311, 0.000000000000000000, 0.2999999999999999334 ) ) ;
#1329 = EDGE_LOOP ( 'NONE', ( #280, #4069, #1457, #2606 ) ) ;
#1330 = VECTOR ( 'NONE', #905, 1000.000000000000000 ) ;
#1331 = SURFACE_STYLE_USAGE ( .BOTH. , #175 ) ;
#1332 = CARTESIAN_POINT ( 'NONE',  ( -1.600000000000000311, 0.9000000000000000222, -1.149999999999999911 ) ) ;
#1333 = ORIENTED_EDGE ( 'NONE', *, *, #4037, .T. ) ;
#1334 = CARTESIAN_POINT ( 'NONE',  ( -1.599999999999999867, 0.4000000000000000222, -1.250000000000000000 ) ) ;
#1335 = ORIENTED_EDGE ( 'NONE', *, *, #3076, .T. ) ;
#1336 = CARTESIAN_POINT ( 'NONE',  ( -1.199999999999999289, 1.100000000000000089, 1.050000000000000044 ) ) ;
#1337 = ORIENTED_EDGE ( 'NONE', *, *, #3184, .F. ) ;
#1338 = FACE_OUTER_BOUND ( 'NONE', #4113, .T. ) ;
#1339 = AXIS2_PLACEMENT_3D ( 'NONE', #2556, #3306, #3611 ) ;
#1340 = VECTOR ( 'NONE', #344, 1000.000000000000000 ) ;
#1341 = ORIENTED_EDGE ( 'NONE', *, *, #4621, .F. ) ;
#1342 = DIRECTION ( 'NONE',  ( 0.000000000000000000, -1.000000000000000000, 0.000000000000000000 ) ) ;
#1343 = ADVANCED_FACE ( 'NONE', ( #1305 ), #4287, .F. ) ;
#1344 = ORIENTED_EDGE ( 'NONE', *, *, #4486, .F. ) ;
#1345 = CARTESIAN_POINT ( 'NONE',  ( -1.424999999999999600, 0.000000000000000000, 1.249999999999999556 ) ) ;
#1346 = CARTESIAN_POINT ( 'NONE',  ( 1.499999999999999778, 0.3999999999999999667, -1.250000000000000000 ) ) ;
#1347 = ADVANCED_FACE ( 'NONE', ( #4264 ), #4044, .T. ) ;
#1348 = LINE ( 'NONE', #217, #1936 ) ;
#1349 = EDGE_CURVE ( 'NONE', #569, #1394, #1026, .T. ) ;
#1350 = CARTESIAN_POINT ( 'NONE',  ( -1.399999999999999467, 1.149999999999999911, -0.8499999999999999778 ) ) ;
#1351 = LINE ( 'NONE', #925, #4511 ) ;
#1352 = EDGE_CURVE ( 'NONE', #2505, #532, #2118, .T. ) ;
#1353 = VERTEX_POINT ( 'NONE', #620 ) ;
#1354 = VECTOR ( 'NONE', #4718, 1000.000000000000000 ) ;
#1355 = EDGE_CURVE ( 'NONE', #398, #1850, #2802, .T. ) ;
#1356 = DIRECTION ( 'NONE',  ( 4.818676322157796389E-16, -0.000000000000000000, 1.000000000000000000 ) ) ;
#1357 = CARTESIAN_POINT ( 'NONE',  ( 1.600000000000001199, 0.9000000000000000222, -0.4000000000000000222 ) ) ;
#1358 = ORIENTED_EDGE ( 'NONE', *, *, #1152, .F. ) ;
#1359 = CARTESIAN_POINT ( 'NONE',  ( -1.600000000000000311, 0.9000000000000000222, 0.2999999999999999334 ) ) ;
#1360 = EDGE_CURVE ( 'NONE', #317, #1976, #4671, .T. ) ;
#1361 = ORIENTED_EDGE ( 'NONE', *, *, #3058, .F. ) ;
#1362 = DIRECTION ( 'NONE',  ( 0.000000000000000000, -1.000000000000000000, 0.000000000000000000 ) ) ;
#1363 = ORIENTED_EDGE ( 'NONE', *, *, #3095, .F. ) ;
#1364 = CARTESIAN_POINT ( 'NONE',  ( -1.600000000000000311, 0.9000000000000000222, -0.4000000000000000222 ) ) ;
#1365 = ORIENTED_EDGE ( 'NONE', *, *, #2519, .F. ) ;
#1366 = DIRECTION ( 'NONE',  ( -0.000000000000000000, -1.000000000000000000, -0.000000000000000000 ) ) ;
#1367 = EDGE_LOOP ( 'NONE', ( #1365, #2557, #1227, #2915 ) ) ;
#1368 = DIRECTION ( 'NONE',  ( -0.000000000000000000, -1.000000000000000000, -0.000000000000000000 ) ) ;
#1369 = EDGE_CURVE ( 'NONE', #508, #2191, #1351, .T. ) ;
#1370 = DIRECTION ( 'NONE',  ( 0.000000000000000000, -1.000000000000000000, 0.000000000000000000 ) ) ;
#1371 = DIRECTION ( 'NONE',  ( -1.000000000000000000, 0.000000000000000000, -2.532041056836032961E-16 ) ) ;
#1372 = DIRECTION ( 'NONE',  ( 0.000000000000000000, 0.000000000000000000, -1.000000000000000000 ) ) ;
#1373 = ORIENTED_EDGE ( 'NONE', *, *, #2860, .F. ) ;
#1374 = EDGE_CURVE ( 'NONE', #3866, #991, #999, .T. ) ;
#1375 = CARTESIAN_POINT ( 'NONE',  ( -1.399999999999999467, 1.100000000000000089, -0.8499999999999999778 ) ) ;
#1376 = CARTESIAN_POINT ( 'NONE',  ( 1.500000000000000000, 0.4000000000000000222, 0.5000000000000000000 ) ) ;
#1377 = ORIENTED_EDGE ( 'NONE', *, *, #2571, .F. ) ;
#1378 = CARTESIAN_POINT ( 'NONE',  ( 1.399999999999999689, 0.9000000000000000222, 0.8499999999999999778 ) ) ;
#1379 = CLOSED_SHELL ( 'NONE', ( #3547, #2134, #603, #3933, #4245, #2304, #2658, #2145, #4226, #3618, #4713, #1171, #1568, #2876, #4224, #895, #3434, #3724, #3071, #130, #715, #834, #3081, #1347, #3832, #1229 ) ) ;
#1380 = EDGE_CURVE ( 'NONE', #3107, #3283, #2848, .T. ) ;
#1381 = AXIS2_PLACEMENT_3D ( 'NONE', #4261, #1325, #4629 ) ;
#1382 = ORIENTED_EDGE ( 'NONE', *, *, #3251, .F. ) ;
#1383 = FACE_OUTER_BOUND ( 'NONE', #816, .T. ) ;
#1384 = ORIENTED_EDGE ( 'NONE', *, *, #424, .F. ) ;
#1385 = AXIS2_PLACEMENT_3D ( 'NONE', #2657, #4132, #866 ) ;
#1386 = EDGE_LOOP ( 'NONE', ( #4319, #394, #1527, #1900 ) ) ;
#1387 = DIRECTION ( 'NONE',  ( -0.000000000000000000, -1.000000000000000000, -0.000000000000000000 ) ) ;
#1388 = VECTOR ( 'NONE', #1356, 1000.000000000000000 ) ;
#1389 = VERTEX_POINT ( 'NONE', #3602 ) ;
#1390 = FACE_OUTER_BOUND ( 'NONE', #4646, .T. ) ;
#1391 = AXIS2_PLACEMENT_3D ( 'NONE', #3452, #269, #3587 ) ;
#1392 = VECTOR ( 'NONE', #3365, 1000.000000000000000 ) ;
#1393 = CIRCLE ( 'NONE', #3255, 0.1000000000000001027 ) ;
#1394 = VERTEX_POINT ( 'NONE', #3944 ) ;
#1395 = LINE ( 'NONE', #4376, #1888 ) ;
#1396 = AXIS2_PLACEMENT_3D ( 'NONE', #3500, #209, #4688 ) ;
#1397 = CARTESIAN_POINT ( 'NONE',  ( -1.600000000000000311, 0.9000000000000000222, -1.250000000000000000 ) ) ;
#1398 = VECTOR ( 'NONE', #1476, 1000.000000000000000 ) ;
#1399 = DIRECTION ( 'NONE',  ( -1.000000000000000000, -0.000000000000000000, -2.532041056836032961E-16 ) ) ;
#1400 = DIRECTION ( 'NONE',  ( 0.000000000000000000, 0.000000000000000000, 1.000000000000000000 ) ) ;
#1401 = ORIENTED_EDGE ( 'NONE', *, *, #253, .T. ) ;
#1402 = CIRCLE ( 'NONE', #1178, 0.1750000000000004607 ) ;
#1403 = EDGE_CURVE ( 'NONE', #1313, #4773, #1749, .T. ) ;
#1404 = FILL_AREA_STYLE_COLOUR ( '', #1694 ) ;
#1405 = FACE_OUTER_BOUND ( 'NONE', #3492, .T. ) ;
#1406 = DIRECTION ( 'NONE',  ( 0.000000000000000000, -1.000000000000000000, 0.000000000000000000 ) ) ;
#1407 = ORIENTED_EDGE ( 'NONE', *, *, #3214, .F. ) ;
#1408 = CARTESIAN_POINT ( 'NONE',  ( 1.599999999999999867, 1.650000000000000355, -1.149999999999999911 ) ) ;
#1409 = ORIENTED_EDGE ( 'NONE', *, *, #572, .F. ) ;
#1410 = CYLINDRICAL_SURFACE ( 'NONE', #3024, 0.1750000000000000167 ) ;
#1411 = AXIS2_PLACEMENT_3D ( 'NONE', #955, #4681, #670 ) ;
#1412 = ORIENTED_EDGE ( 'NONE', *, *, #3012, .T. ) ;
#1413 = CARTESIAN_POINT ( 'NONE',  ( -1.500000000000000000, 0.000000000000000000, 0.5000000000000000000 ) ) ;
#1414 = VERTEX_POINT ( 'NONE', #3726 ) ;
#1415 = CARTESIAN_POINT ( 'NONE',  ( 1.456385933836549018, 0.3999999999999999667, -1.150000000000000133 ) ) ;
#1416 = EDGE_CURVE ( 'NONE', #1557, #653, #1423, .T. ) ;
#1417 = EDGE_CURVE ( 'NONE', #3961, #868, #2498, .T. ) ;
#1418 = LINE ( 'NONE', #2890, #1786 ) ;
#1419 = AXIS2_PLACEMENT_3D ( 'NONE', #1334, #2812, #3156 ) ;
#1420 = LINE ( 'NONE', #688, #3119 ) ;
#1421 = DIRECTION ( 'NONE',  ( 0.000000000000000000, 0.000000000000000000, -1.000000000000000000 ) ) ;
#1422 = CARTESIAN_POINT ( 'NONE',  ( 1.599999999999999867, 0.000000000000000000, -1.250000000000000000 ) ) ;
#1423 = LINE ( 'NONE', #2542, #2428 ) ;
#1424 = ORIENTED_EDGE ( 'NONE', *, *, #2514, .T. ) ;
#1425 = DIRECTION ( 'NONE',  ( 0.000000000000000000, 0.000000000000000000, 1.000000000000000000 ) ) ;
#1426 = CARTESIAN_POINT ( 'NONE',  ( 1.599999999999999867, 0.3999999999999999667, 1.074999999999999956 ) ) ;
#1427 = AXIS2_PLACEMENT_3D ( 'NONE', #1336, #2101, #181 ) ;
#1428 = CARTESIAN_POINT ( 'NONE',  ( -0.6000000000000000888, 0.3999999999999999667, 0.6999999999999998446 ) ) ;
#1429 = VERTEX_POINT ( 'NONE', #4380 ) ;
#1430 = LINE ( 'NONE', #3275, #1340 ) ;
#1431 = EDGE_LOOP ( 'NONE', ( #4444, #4135, #4204, #1461, #1923, #3196, #1703, #3504, #169 ) ) ;
#1432 = DIRECTION ( 'NONE',  ( -0.000000000000000000, 1.000000000000000000, -0.000000000000000000 ) ) ;
#1433 = EDGE_CURVE ( 'NONE', #3283, #2478, #3650, .T. ) ;
#1434 = TOROIDAL_SURFACE ( 'NONE', #2897, 0.1500000000000000500, 0.05000000000000000278 ) ;
#1435 = EDGE_CURVE ( 'NONE', #271, #11, #4017, .T. ) ;
#1436 = ORIENTED_EDGE ( 'NONE', *, *, #3159, .F. ) ;
#1437 = DIRECTION ( 'NONE',  ( 1.000000000000000000, -0.000000000000000000, -1.807003620809174878E-16 ) ) ;
#1438 = ORIENTED_EDGE ( 'NONE', *, *, #3477, .T. ) ;
#1439 = CYLINDRICAL_SURFACE ( 'NONE', #374, 0.1999999999999999833 ) ;
#1440 = ADVANCED_FACE ( 'NONE', ( #2185 ), #3648, .F. ) ;
#1441 = ORIENTED_EDGE ( 'NONE', *, *, #2339, .F. ) ;
#1442 = DIRECTION ( 'NONE',  ( 0.000000000000000000, 0.000000000000000000, 1.000000000000000000 ) ) ;
#1443 = DIRECTION ( 'NONE',  ( -0.000000000000000000, 1.000000000000000000, 0.000000000000000000 ) ) ;
#1444 = CYLINDRICAL_SURFACE ( 'NONE', #146, 0.1750000000000004607 ) ;
#1445 = EDGE_CURVE ( 'NONE', #3866, #3734, #4257, .T. ) ;
#1446 = LINE ( 'NONE', #307, #3623 ) ;
#1447 = CARTESIAN_POINT ( 'NONE',  ( 1.599999999999999867, 0.9000000000000000222, 1.250000000000000000 ) ) ;
#1448 = ORIENTED_EDGE ( 'NONE', *, *, #2803, .T. ) ;
#1449 = APPLICATION_CONTEXT ( 'automotive_design' ) ;
#1450 = CARTESIAN_POINT ( 'NONE',  ( -1.199999999999999512, 0.9000000000000000222, 0.8499999999999999778 ) ) ;
#1451 = LINE ( 'NONE', #3370, #4260 ) ;
#1452 = VERTEX_POINT ( 'NONE', #3341 ) ;
#1453 = CARTESIAN_POINT ( 'NONE',  ( 0.6000000000000000888, 1.650000000000000355, 0.5000000000000000000 ) ) ;
#1454 = ORIENTED_EDGE ( 'NONE', *, *, #4121, .T. ) ;
#1455 = PLANE ( 'NONE',  #2246 ) ;
#1456 = EDGE_CURVE ( 'NONE', #4436, #4558, #2920, .T. ) ;
#1457 = ORIENTED_EDGE ( 'NONE', *, *, #3153, .T. ) ;
#1458 = CLOSED_SHELL ( 'NONE', ( #3088, #1343, #3412, #1466, #3136, #608, #1154, #1440, #4211, #4077, #3819, #4055, #2559, #2921, #4202, #3303, #4546, #597, #1916, #3236, #4650 ) ) ;
#1459 = VERTEX_POINT ( 'NONE', #788 ) ;
#1460 = FACE_OUTER_BOUND ( 'NONE', #2595, .T. ) ;
#1461 = ORIENTED_EDGE ( 'NONE', *, *, #1028, .F. ) ;
#1462 = CARTESIAN_POINT ( 'NONE',  ( 1.349999999999999867, 1.149999999999999911, 0.8499999999999999778 ) ) ;
#1463 = MECHANICAL_DESIGN_GEOMETRIC_PRESENTATION_REPRESENTATION (  '', ( #3619 ), #3003 ) ;
#1464 = VECTOR ( 'NONE', #667, 1000.000000000000000 ) ;
#1465 = VECTOR ( 'NONE', #1147, 1000.000000000000000 ) ;
#1466 = ADVANCED_FACE ( 'NONE', ( #4429 ), #4401, .T. ) ;
#1467 = ORIENTED_EDGE ( 'NONE', *, *, #2684, .T. ) ;
#1468 = CARTESIAN_POINT ( 'NONE',  ( -1.021874999999999423, 1.199999999999999956, 0.5620659722222184351 ) ) ;
#1469 = CARTESIAN_POINT ( 'NONE',  ( 1.199999999999999734, 1.050000000000000044, -1.149999999999999911 ) ) ;
#1470 = CARTESIAN_POINT ( 'NONE',  ( -1.199999999999999289, 1.050000000000000044, 1.099999999999999867 ) ) ;
#1471 = EDGE_CURVE ( 'NONE', #2343, #489, #3315, .T. ) ;
#1472 = AXIS2_PLACEMENT_3D ( 'NONE', #1505, #3732, #747 ) ;
#1473 = AXIS2_PLACEMENT_3D ( 'NONE', #2669, #2822, #4605 ) ;
#1474 = CARTESIAN_POINT ( 'NONE',  ( -1.456385933836549018, 0.3999999999999999667, 1.149999999999999689 ) ) ;
#1475 = AXIS2_PLACEMENT_3D ( 'NONE', #3217, #4286, #646 ) ;
#1476 = DIRECTION ( 'NONE',  ( 1.000000000000000000, 0.000000000000000000, -1.156482317317878391E-14 ) ) ;
#1477 = CARTESIAN_POINT ( 'NONE',  ( 1.199999999999999734, 0.9000000000000000222, 0.8499999999999999778 ) ) ;
#1478 = AXIS2_PLACEMENT_3D ( 'NONE', #3386, #3777, #814 ) ;
#1479 = ORIENTED_EDGE ( 'NONE', *, *, #1272, .T. ) ;
#1480 = DIRECTION ( 'NONE',  ( 0.000000000000000000, 0.000000000000000000, -1.000000000000000000 ) ) ;
#1481 = CARTESIAN_POINT ( 'NONE',  ( 1.500000000000000000, 0.000000000000000000, -0.5000000000000000000 ) ) ;
#1482 = CARTESIAN_POINT ( 'NONE',  ( -1.600000000000000311, 0.9000000000000000222, 0.000000000000000000 ) ) ;
#1483 = ORIENTED_EDGE ( 'NONE', *, *, #1522, .T. ) ;
#1484 = DIRECTION ( 'NONE',  ( 0.000000000000000000, 0.000000000000000000, 1.000000000000000000 ) ) ;
#1485 = EDGE_LOOP ( 'NONE', ( #3935, #1742, #4703, #4448 ) ) ;
#1486 = ORIENTED_EDGE ( 'NONE', *, *, #1138, .F. ) ;
#1487 = CARTESIAN_POINT ( 'NONE',  ( 0.6000000000000000888, 0.3999999999999999667, -0.5000000000000000000 ) ) ;
#1488 = ORIENTED_EDGE ( 'NONE', *, *, #3776, .F. ) ;
#1489 = CARTESIAN_POINT ( 'NONE',  ( -1.599999999999999423, 0.000000000000000000, -1.150000000000000355 ) ) ;
#1490 = ORIENTED_EDGE ( 'NONE', *, *, #946, .F. ) ;
#1491 = DIRECTION ( 'NONE',  ( -3.336006684570783594E-16, 0.000000000000000000, 1.000000000000000000 ) ) ;
#1492 = LINE ( 'NONE', #2967, #2933 ) ;
#1493 = CARTESIAN_POINT ( 'NONE',  ( -0.5999999999999998668, 0.4000000000000000222, -1.149999999999999911 ) ) ;
#1494 = DIRECTION ( 'NONE',  ( -0.000000000000000000, -1.000000000000000000, -0.000000000000000000 ) ) ;
#1495 = CARTESIAN_POINT ( 'NONE',  ( -1.499999999999999556, 1.050000000000000044, 0.8499999999999999778 ) ) ;
#1496 = EDGE_CURVE ( 'NONE', #2146, #3885, #2481, .T. ) ;
#1497 = LINE ( 'NONE', #669, #4104 ) ;
#1498 =( NAMED_UNIT ( * ) SI_UNIT ( $, .STERADIAN. ) SOLID_ANGLE_UNIT ( ) );
#1499 = DIRECTION ( 'NONE',  ( 0.000000000000000000, 1.000000000000000000, 0.000000000000000000 ) ) ;
#1500 = ORIENTED_EDGE ( 'NONE', *, *, #455, .F. ) ;
#1501 = AXIS2_PLACEMENT_3D ( 'NONE', #4032, #1387, #3230 ) ;
#1502 = FACE_OUTER_BOUND ( 'NONE', #4760, .T. ) ;
#1503 = EDGE_CURVE ( 'NONE', #4215, #1510, #4068, .T. ) ;
#1504 = DIRECTION ( 'NONE',  ( -7.151895266605915284E-16, -0.000000000000000000, 1.000000000000000000 ) ) ;
#1505 = CARTESIAN_POINT ( 'NONE',  ( 1.599999999999999867, 0.3999999999999999667, -1.250000000000000000 ) ) ;
#1506 = DIRECTION ( 'NONE',  ( -3.336006684570783101E-16, 0.000000000000000000, 1.000000000000000000 ) ) ;
#1507 = ORIENTED_EDGE ( 'NONE', *, *, #4284, .T. ) ;
#1508 = ORIENTED_EDGE ( 'NONE', *, *, #360, .T. ) ;
#1509 = EDGE_CURVE ( 'NONE', #347, #2889, #1710, .T. ) ;
#1510 = VERTEX_POINT ( 'NONE', #2974 ) ;
#1511 = CARTESIAN_POINT ( 'NONE',  ( -1.424999999999999822, 0.4000000000000000222, -1.249999999999999556 ) ) ;
#1512 = VERTEX_POINT ( 'NONE', #4456 ) ;
#1513 = LINE ( 'NONE', #3396, #1830 ) ;
#1514 = ORIENTED_EDGE ( 'NONE', *, *, #1435, .T. ) ;
#1515 = CARTESIAN_POINT ( 'NONE',  ( -1.600000000000000311, 0.9000000000000000222, 0.5000000000000001110 ) ) ;
#1516 = VERTEX_POINT ( 'NONE', #4092 ) ;
#1517 = DIRECTION ( 'NONE',  ( 0.000000000000000000, 0.000000000000000000, -1.000000000000000000 ) ) ;
#1518 = DIRECTION ( 'NONE',  ( -0.000000000000000000, -1.000000000000000000, -0.000000000000000000 ) ) ;
#1519 = FACE_OUTER_BOUND ( 'NONE', #2922, .T. ) ;
#1520 = SURFACE_STYLE_FILL_AREA ( #2645 ) ;
#1521 = CARTESIAN_POINT ( 'NONE',  ( 1.500000000000000000, 0.4000000000000000222, -0.5000000000000000000 ) ) ;
#1522 = EDGE_CURVE ( 'NONE', #3538, #222, #4022, .T. ) ;
#1523 = LINE ( 'NONE', #4125, #1946 ) ;
#1524 = DIRECTION ( 'NONE',  ( 0.000000000000000000, 0.000000000000000000, 1.000000000000000000 ) ) ;
#1525 = DIRECTION ( 'NONE',  ( -1.000000000000000000, 0.000000000000000000, 0.000000000000000000 ) ) ;
#1526 = ORIENTED_EDGE ( 'NONE', *, *, #2898, .T. ) ;
#1527 = ORIENTED_EDGE ( 'NONE', *, *, #2724, .F. ) ;
#1528 = EDGE_CURVE ( 'NONE', #507, #2390, #1942, .T. ) ;
#1529 = ORIENTED_EDGE ( 'NONE', *, *, #391, .T. ) ;
#1530 = EDGE_CURVE ( 'NONE', #3710, #2505, #4358, .T. ) ;
#1531 = ORIENTED_EDGE ( 'NONE', *, *, #1060, .T. ) ;
#1532 = LINE ( 'NONE', #2391, #4138 ) ;
#1533 = ORIENTED_EDGE ( 'NONE', *, *, #4037, .F. ) ;
#1534 = CARTESIAN_POINT ( 'NONE',  ( 1.199999999999999734, 1.100000000000000089, -1.149999999999999911 ) ) ;
#1535 = AXIS2_PLACEMENT_3D ( 'NONE', #2500, #4313, #1425 ) ;
#1536 = VERTEX_POINT ( 'NONE', #3993 ) ;
#1537 = DIRECTION ( 'NONE',  ( 0.000000000000000000, 0.000000000000000000, 1.000000000000000000 ) ) ;
#1538 = LINE ( 'NONE', #111, #3959 ) ;
#1539 = VECTOR ( 'NONE', #2852, 1000.000000000000000 ) ;
#1540 = CIRCLE ( 'NONE', #2402, 0.1750000000000000167 ) ;
#1541 = CIRCLE ( 'NONE', #19, 0.3000000000000000444 ) ;
#1542 = CYLINDRICAL_SURFACE ( 'NONE', #3868, 0.3000000000000000444 ) ;
#1543 = DIRECTION ( 'NONE',  ( -0.000000000000000000, -1.000000000000000000, -0.000000000000000000 ) ) ;
#1544 = AXIS2_PLACEMENT_3D ( 'NONE', #4244, #4183, #932 ) ;
#1545 = CIRCLE ( 'NONE', #633, 0.3000000000000000444 ) ;
#1546 = AXIS2_PLACEMENT_3D ( 'NONE', #356, #2208, #1818 ) ;
#1547 = VECTOR ( 'NONE', #4461, 1000.000000000000000 ) ;
#1548 = DIRECTION ( 'NONE',  ( -1.239088197126292050E-15, 0.000000000000000000, 1.000000000000000000 ) ) ;
#1549 = AXIS2_PLACEMENT_3D ( 'NONE', #3895, #2009, #4305 ) ;
#1550 = DIRECTION ( 'NONE',  ( -2.532041056836032961E-16, 0.000000000000000000, -1.000000000000000000 ) ) ;
#1551 = FACE_OUTER_BOUND ( 'NONE', #2377, .T. ) ;
#1552 = DIRECTION ( 'NONE',  ( -0.000000000000000000, -1.000000000000000000, -0.000000000000000000 ) ) ;
#1553 = ORIENTED_EDGE ( 'NONE', *, *, #4066, .T. ) ;
#1554 = EDGE_CURVE ( 'NONE', #222, #3538, #2779, .T. ) ;
#1555 = ORIENTED_EDGE ( 'NONE', *, *, #2564, .F. ) ;
#1556 = LINE ( 'NONE', #800, #4329 ) ;
#1557 = VERTEX_POINT ( 'NONE', #3267 ) ;
#1558 = CARTESIAN_POINT ( 'NONE',  ( -1.199999999999999512, 1.149999999999999911, 0.8499999999999999778 ) ) ;
#1559 = ADVANCED_FACE ( 'NONE', ( #4754 ), #2711, .F. ) ;
#1560 = ORIENTED_EDGE ( 'NONE', *, *, #1263, .F. ) ;
#1561 = DIRECTION ( 'NONE',  ( 1.807003620809174878E-16, -0.000000000000000000, 1.000000000000000000 ) ) ;
#1562 = AXIS2_PLACEMENT_3D ( 'NONE', #3523, #4600, #2440 ) ;
#1563 = ORIENTED_EDGE ( 'NONE', *, *, #3994, .T. ) ;
#1564 = DIRECTION ( 'NONE',  ( -1.000000000000000000, 0.000000000000000000, 0.000000000000000000 ) ) ;
#1565 = CARTESIAN_POINT ( 'NONE',  ( 0.5999999999999998668, 0.000000000000000000, -1.149999999999999911 ) ) ;
#1566 = CARTESIAN_POINT ( 'NONE',  ( 0.5999999999999998668, -1.250000000000000000, 1.149999999999999911 ) ) ;
#1567 = CIRCLE ( 'NONE', #884, 0.1750000000000000167 ) ;
#1568 = ADVANCED_FACE ( 'NONE', ( #3438 ), #4145, .F. ) ;
#1569 = AXIS2_PLACEMENT_3D ( 'NONE', #4041, #2895, #383 ) ;
#1570 = CARTESIAN_POINT ( 'NONE',  ( -1.599999999999999867, 0.000000000000000000, 1.074999999999999512 ) ) ;
#1571 = FILL_AREA_STYLE_COLOUR ( '', #947 ) ;
#1572 = SURFACE_STYLE_USAGE ( .BOTH. , #2358 ) ;
#1573 = CARTESIAN_POINT ( 'NONE',  ( -1.449999999999999512, 1.100000000000000089, -0.8499999999999999778 ) ) ;
#1574 = CARTESIAN_POINT ( 'NONE',  ( -1.349999999999999645, 1.199999999999999956, 0.8499999999999999778 ) ) ;
#1575 = AXIS2_PLACEMENT_3D ( 'NONE', #2885, #1832, #3962 ) ;
#1576 = DIRECTION ( 'NONE',  ( 1.000000000000000000, 0.000000000000000000, 9.035018104045873159E-17 ) ) ;
#1577 = DIRECTION ( 'NONE',  ( 1.000000000000000000, 0.000000000000000000, 0.000000000000000000 ) ) ;
#1578 = CIRCLE ( 'NONE', #2587, 0.04999999999999991257 ) ;
#1579 = ORIENTED_EDGE ( 'NONE', *, *, #2397, .T. ) ;
#1580 = ADVANCED_FACE ( 'NONE', ( #4173 ), #3749, .F. ) ;
#1581 = ORIENTED_EDGE ( 'NONE', *, *, #3012, .F. ) ;
#1582 = ORIENTED_EDGE ( 'NONE', *, *, #1880, .T. ) ;
#1583 = LINE ( 'NONE', #3004, #2330 ) ;
#1584 = ORIENTED_EDGE ( 'NONE', *, *, #1288, .F. ) ;
#1585 = CARTESIAN_POINT ( 'NONE',  ( -1.399999999999999467, 1.100000000000000089, -0.8499999999999999778 ) ) ;
#1586 = VERTEX_POINT ( 'NONE', #114 ) ;
#1587 = CARTESIAN_POINT ( 'NONE',  ( 1.399999999999999689, 1.100000000000000089, 0.8499999999999999778 ) ) ;
#1588 = EDGE_CURVE ( 'NONE', #3124, #3691, #2646, .T. ) ;
#1589 = CIRCLE ( 'NONE', #4217, 0.1000000000000000472 ) ;
#1590 = VERTEX_POINT ( 'NONE', #831 ) ;
#1591 = LINE ( 'NONE', #2991, #3020 ) ;
#1592 = CARTESIAN_POINT ( 'NONE',  ( -1.021874999999999423, 1.149999999999999911, 0.8441840277777739043 ) ) ;
#1593 = AXIS2_PLACEMENT_3D ( 'NONE', #4447, #1131, #1762 ) ;
#1594 = ORIENTED_EDGE ( 'NONE', *, *, #75, .T. ) ;
#1595 = EDGE_CURVE ( 'NONE', #1728, #1459, #1599, .T. ) ;
#1596 = AXIS2_PLACEMENT_3D ( 'NONE', #945, #3964, #3142 ) ;
#1597 = DIRECTION ( 'NONE',  ( 0.000000000000000000, 1.000000000000000000, -0.000000000000000000 ) ) ;
#1598 = CARTESIAN_POINT ( 'NONE',  ( 1.599999999999999867, 0.000000000000000000, 1.250000000000000000 ) ) ;
#1599 = LINE ( 'NONE', #1619, #2336 ) ;
#1600 = LINE ( 'NONE', #4201, #592 ) ;
#1601 = CARTESIAN_POINT ( 'NONE',  ( 1.199999999999999956, 1.149999999999999911, -1.050000000000000044 ) ) ;
#1602 = ORIENTED_EDGE ( 'NONE', *, *, #2360, .T. ) ;
#1603 = ORIENTED_EDGE ( 'NONE', *, *, #1403, .F. ) ;
#1604 = ORIENTED_EDGE ( 'NONE', *, *, #328, .T. ) ;
#1605 = LINE ( 'NONE', #4637, #1162 ) ;
#1606 = EDGE_LOOP ( 'NONE', ( #4745, #912, #1614, #3603 ) ) ;
#1607 = DIRECTION ( 'NONE',  ( 1.000000000000000000, 0.000000000000000000, 0.000000000000000000 ) ) ;
#1608 = VERTEX_POINT ( 'NONE', #1915 ) ;
#1609 = DIRECTION ( 'NONE',  ( 0.000000000000000000, 0.000000000000000000, 1.000000000000000000 ) ) ;
#1610 = EDGE_CURVE ( 'NONE', #1239, #1824, #2023, .T. ) ;
#1611 = ORIENTED_EDGE ( 'NONE', *, *, #2078, .F. ) ;
#1612 = DIRECTION ( 'NONE',  ( 0.000000000000000000, 0.000000000000000000, 1.000000000000000000 ) ) ;
#1613 = DIRECTION ( 'NONE',  ( 0.000000000000000000, 0.000000000000000000, -1.000000000000000000 ) ) ;
#1614 = ORIENTED_EDGE ( 'NONE', *, *, #90, .F. ) ;
#1615 = FILL_AREA_STYLE ('',( #1255 ) ) ;
#1616 = ADVANCED_FACE ( 'NONE', ( #3074 ), #4584, .F. ) ;
#1617 = DIRECTION ( 'NONE',  ( 0.000000000000000000, 0.000000000000000000, 1.000000000000000000 ) ) ;
#1618 = PLANE ( 'NONE',  #567 ) ;
#1619 = CARTESIAN_POINT ( 'NONE',  ( 1.500000000000000000, 0.4000000000000000222, 0.5000000000000000000 ) ) ;
#1620 = CIRCLE ( 'NONE', #4400, 0.1999999999999999833 ) ;
#1621 = LINE ( 'NONE', #3411, #3621 ) ;
#1622 = TOROIDAL_SURFACE ( 'NONE', #414, 0.1500000000000001610, 0.05000000000000000278 ) ;
#1623 = MANIFOLD_SOLID_BREP ( 'Boss-Extrude7', #2008 ) ;
#1624 = CIRCLE ( 'NONE', #92, 0.1000000000000000472 ) ;
#1625 = DIRECTION ( 'NONE',  ( -0.000000000000000000, -1.000000000000000000, -0.000000000000000000 ) ) ;
#1626 = VECTOR ( 'NONE', #4023, 1000.000000000000000 ) ;
#1627 = EDGE_CURVE ( 'NONE', #2896, #2602, #1967, .T. ) ;
#1628 = EDGE_LOOP ( 'NONE', ( #3351, #4222, #2761, #612 ) ) ;
#1629 = VERTEX_POINT ( 'NONE', #3410 ) ;
#1630 = AXIS2_PLACEMENT_3D ( 'NONE', #4707, #3273, #3201 ) ;
#1631 = AXIS2_PLACEMENT_3D ( 'NONE', #3745, #449, #1910 ) ;
#1632 = AXIS2_PLACEMENT_3D ( 'NONE', #4506, #4219, #4531 ) ;
#1633 = UNCERTAINTY_MEASURE_WITH_UNIT (LENGTH_MEASURE( 1.000000000000000082E-05 ), #2955, 'distance_accuracy_value', 'NONE');
#1634 = AXIS2_PLACEMENT_3D ( 'NONE', #1836, #4354, #734 ) ;
#1635 = CARTESIAN_POINT ( 'NONE',  ( 0.5999999999999998668, 0.4000000000000000222, 1.149999999999999911 ) ) ;
#1636 = CARTESIAN_POINT ( 'NONE',  ( -1.600000000000000311, 0.000000000000000000, -0.000000000000000000 ) ) ;
#1637 = AXIS2_PLACEMENT_3D ( 'NONE', #1284, #3487, #4608 ) ;
#1638 = VERTEX_POINT ( 'NONE', #903 ) ;
#1639 = DIRECTION ( 'NONE',  ( 0.000000000000000000, 0.000000000000000000, -1.000000000000000000 ) ) ;
#1640 = ORIENTED_EDGE ( 'NONE', *, *, #2692, .T. ) ;
#1641 = CARTESIAN_POINT ( 'NONE',  ( -0.6000000000000000888, 0.000000000000000000, -0.5000000000000000000 ) ) ;
#1642 = VERTEX_POINT ( 'NONE', #3845 ) ;
#1643 = CARTESIAN_POINT ( 'NONE',  ( 1.600000000000001199, 0.000000000000000000, 0.4000000000000000222 ) ) ;
#1644 = CARTESIAN_POINT ( 'NONE',  ( -1.599999999999999867, 0.3999999999999999667, -1.250000000000000000 ) ) ;
#1645 = ORIENTED_EDGE ( 'NONE', *, *, #1826, .F. ) ;
#1646 = CARTESIAN_POINT ( 'NONE',  ( 1.599999999999999867, 0.000000000000000000, -1.250000000000000000 ) ) ;
#1647 = EDGE_CURVE ( 'NONE', #3204, #4708, #4124, .T. ) ;
#1648 = AXIS2_PLACEMENT_3D ( 'NONE', #4624, #4254, #943 ) ;
#1649 = CARTESIAN_POINT ( 'NONE',  ( -1.199999999999999512, 1.100000000000000089, -0.8499999999999999778 ) ) ;
#1650 = LINE ( 'NONE', #2380, #645 ) ;
#1651 = LINE ( 'NONE', #1745, #275 ) ;
#1652 = EDGE_CURVE ( 'NONE', #821, #2053, #813, .T. ) ;
#1653 = DIRECTION ( 'NONE',  ( -1.000000000000000000, -0.000000000000000000, -0.000000000000000000 ) ) ;
#1654 = VECTOR ( 'NONE', #2019, 1000.000000000000000 ) ;
#1655 = ORIENTED_EDGE ( 'NONE', *, *, #649, .T. ) ;
#1656 = DIRECTION ( 'NONE',  ( 0.000000000000000000, 0.000000000000000000, -1.000000000000000000 ) ) ;
#1657 = DIRECTION ( 'NONE',  ( -0.000000000000000000, -1.000000000000000000, -0.000000000000000000 ) ) ;
#1658 = ORIENTED_EDGE ( 'NONE', *, *, #375, .T. ) ;
#1659 = ORIENTED_EDGE ( 'NONE', *, *, #2489, .F. ) ;
#1660 = ADVANCED_FACE ( 'NONE', ( #458 ), #3025, .F. ) ;
#1661 = VECTOR ( 'NONE', #1848, 1000.000000000000000 ) ;
#1662 = CARTESIAN_POINT ( 'NONE',  ( 1.599999999999999867, -1.250000000000000000, 1.074999999999999956 ) ) ;
#1663 = ORIENTED_EDGE ( 'NONE', *, *, #2122, .F. ) ;
#1664 = CARTESIAN_POINT ( 'NONE',  ( -1.349999999999999645, 1.149999999999999911, 0.8499999999999999778 ) ) ;
#1665 = VERTEX_POINT ( 'NONE', #3145 ) ;
#1666 = FACE_OUTER_BOUND ( 'NONE', #4359, .T. ) ;
#1667 = ORIENTED_EDGE ( 'NONE', *, *, #433, .T. ) ;
#1668 = DIRECTION ( 'NONE',  ( 0.000000000000000000, 0.000000000000000000, -1.000000000000000000 ) ) ;
#1669 = ORIENTED_EDGE ( 'NONE', *, *, #4388, .T. ) ;
#1670 = CARTESIAN_POINT ( 'NONE',  ( -0.6000000000000000888, 0.000000000000000000, -0.5000000000000000000 ) ) ;
#1671 = FACE_OUTER_BOUND ( 'NONE', #1803, .T. ) ;
#1672 = DIRECTION ( 'NONE',  ( 0.000000000000000000, 0.000000000000000000, 1.000000000000000000 ) ) ;
#1673 = LINE ( 'NONE', #973, #4507 ) ;
#1674 = LINE ( 'NONE', #1302, #1699 ) ;
#1675 = AXIS2_PLACEMENT_3D ( 'NONE', #635, #214, #279 ) ;
#1676 = EDGE_CURVE ( 'NONE', #2880, #161, #2798, .T. ) ;
#1677 = CARTESIAN_POINT ( 'NONE',  ( -1.599999999999999867, 0.4000000000000000222, 1.250000000000000000 ) ) ;
#1678 = CYLINDRICAL_SURFACE ( 'NONE', #2196, 0.1000000000000000472 ) ;
#1679 = VERTEX_POINT ( 'NONE', #4237 ) ;
#1680 = VERTEX_POINT ( 'NONE', #4675 ) ;
#1681 = SURFACE_STYLE_USAGE ( .BOTH. , #225 ) ;
#1682 = CYLINDRICAL_SURFACE ( 'NONE', #1544, 0.05000000000000002359 ) ;
#1683 = ORIENTED_EDGE ( 'NONE', *, *, #2695, .F. ) ;
#1684 = DIRECTION ( 'NONE',  ( -4.818676322157796389E-16, 0.000000000000000000, -1.000000000000000000 ) ) ;
#1685 = LINE ( 'NONE', #229, #4580 ) ;
#1686 = ORIENTED_EDGE ( 'NONE', *, *, #1070, .T. ) ;
#1687 = FACE_OUTER_BOUND ( 'NONE', #4462, .T. ) ;
#1688 = DIRECTION ( 'NONE',  ( -0.000000000000000000, 1.000000000000000000, -0.000000000000000000 ) ) ;
#1689 = EDGE_CURVE ( 'NONE', #2982, #3281, #2103, .T. ) ;
#1690 = CARTESIAN_POINT ( 'NONE',  ( -1.199999999999999512, 0.9000000000000000222, -0.8499999999999999778 ) ) ;
#1691 = DIRECTION ( 'NONE',  ( -0.000000000000000000, -1.000000000000000000, -0.000000000000000000 ) ) ;
#1692 = DIRECTION ( 'NONE',  ( -0.000000000000000000, 1.000000000000000000, -0.000000000000000000 ) ) ;
#1693 = DIRECTION ( 'NONE',  ( -0.000000000000000000, -1.000000000000000000, -0.000000000000000000 ) ) ;
#1694 = COLOUR_RGB ( '',0.9686274509803921573, 0.8784313725490195957, 0.5999999999999999778 ) ;
#1695 = DIRECTION ( 'NONE',  ( -1.275531967630005245E-16, 0.000000000000000000, -1.000000000000000000 ) ) ;
#1696 = DIRECTION ( 'NONE',  ( -0.000000000000000000, -1.000000000000000000, -0.000000000000000000 ) ) ;
#1697 = VERTEX_POINT ( 'NONE', #994 ) ;
#1698 = MECHANICAL_DESIGN_GEOMETRIC_PRESENTATION_REPRESENTATION (  '', ( #323 ), #3393 ) ;
#1699 = VECTOR ( 'NONE', #2064, 1000.000000000000000 ) ;
#1700 = AXIS2_PLACEMENT_3D ( 'NONE', #4753, #1114, #331 ) ;
#1701 = FACE_OUTER_BOUND ( 'NONE', #4562, .T. ) ;
#1702 = CARTESIAN_POINT ( 'NONE',  ( -1.199999999999999289, 1.199999999999999956, 1.000000000000000000 ) ) ;
#1703 = ORIENTED_EDGE ( 'NONE', *, *, #4181, .F. ) ;
#1704 = PLANE ( 'NONE',  #3049 ) ;
#1705 = MECHANICAL_DESIGN_GEOMETRIC_PRESENTATION_REPRESENTATION (  '', ( #183 ), #22 ) ;
#1706 = ORIENTED_EDGE ( 'NONE', *, *, #2375, .F. ) ;
#1707 = CARTESIAN_POINT ( 'NONE',  ( 1.499999999999999778, 0.9000000000000000222, 0.8499999999999999778 ) ) ;
#1708 = EDGE_CURVE ( 'NONE', #4311, #4, #4653, .T. ) ;
#1709 = CIRCLE ( 'NONE', #4406, 0.1750000000000000167 ) ;
#1710 = CIRCLE ( 'NONE', #1316, 0.1999999999999999833 ) ;
#1711 = EDGE_CURVE ( 'NONE', #4076, #3057, #2752, .T. ) ;
#1712 = AXIS2_PLACEMENT_3D ( 'NONE', #2479, #3592, #1076 ) ;
#1713 = VERTEX_POINT ( 'NONE', #1346 ) ;
#1714 = ADVANCED_FACE ( 'NONE', ( #921 ), #4628, .F. ) ;
#1715 = CIRCLE ( 'NONE', #2715, 0.1749999999999998224 ) ;
#1716 = FACE_OUTER_BOUND ( 'NONE', #2738, .T. ) ;
#1717 = ORIENTED_EDGE ( 'NONE', *, *, #1990, .T. ) ;
#1718 = FACE_OUTER_BOUND ( 'NONE', #2, .T. ) ;
#1719 = EDGE_CURVE ( 'NONE', #1928, #2146, #4306, .T. ) ;
#1720 = CARTESIAN_POINT ( 'NONE',  ( 1.349999999999999867, 1.149999999999999911, -0.8499999999999999778 ) ) ;
#1721 = CARTESIAN_POINT ( 'NONE',  ( 1.199999999999999734, 0.9000000000000000222, -1.149999999999999911 ) ) ;
#1722 = DIRECTION ( 'NONE',  ( 0.000000000000000000, -1.000000000000000000, 0.000000000000000000 ) ) ;
#1723 = CARTESIAN_POINT ( 'NONE',  ( -1.500000000000000000, 0.4000000000000000222, 0.5000000000000000000 ) ) ;
#1724 = EDGE_CURVE ( 'NONE', #1150, #849, #3938, .T. ) ;
#1725 = EDGE_CURVE ( 'NONE', #3892, #3390, #1673, .T. ) ;
#1726 = CARTESIAN_POINT ( 'NONE',  ( 0.5999999999999998668, 0.4000000000000000222, 1.149999999999999911 ) ) ;
#1727 = CARTESIAN_POINT ( 'NONE',  ( 1.424999999999999822, 0.4000000000000000222, 1.250000000000000000 ) ) ;
#1728 = VERTEX_POINT ( 'NONE', #1281 ) ;
#1729 = AXIS2_PLACEMENT_3D ( 'NONE', #1763, #2153, #708 ) ;
#1730 = CARTESIAN_POINT ( 'NONE',  ( -1.500000000000000000, 0.000000000000000000, -1.106385933836548707 ) ) ;
#1731 = CARTESIAN_POINT ( 'NONE',  ( 1.600000000000000311, 0.4000000000000000222, -1.074999999999999067 ) ) ;
#1732 = EDGE_CURVE ( 'NONE', #3151, #1307, #1651, .T. ) ;
#1733 = LINE ( 'NONE', #4049, #3793 ) ;
#1734 = ORIENTED_EDGE ( 'NONE', *, *, #3147, .F. ) ;
#1735 = PLANE ( 'NONE',  #285 ) ;
#1736 = ORIENTED_EDGE ( 'NONE', *, *, #1805, .F. ) ;
#1737 = DIRECTION ( 'NONE',  ( -1.000000000000000000, 0.000000000000000000, -2.532041056836032961E-16 ) ) ;
#1738 = EDGE_CURVE ( 'NONE', #3538, #2982, #239, .T. ) ;
#1739 = ORIENTED_EDGE ( 'NONE', *, *, #4607, .T. ) ;
#1740 = CARTESIAN_POINT ( 'NONE',  ( 1.599999999999999867, 0.000000000000000000, 1.149999999999999911 ) ) ;
#1741 = VECTOR ( 'NONE', #3203, 1000.000000000000000 ) ;
#1742 = ORIENTED_EDGE ( 'NONE', *, *, #3343, .F. ) ;
#1743 = DIRECTION ( 'NONE',  ( 0.000000000000000000, 0.000000000000000000, 1.000000000000000000 ) ) ;
#1744 = CARTESIAN_POINT ( 'NONE',  ( 1.599999999999999867, 0.000000000000000000, 1.074999999999999956 ) ) ;
#1745 = CARTESIAN_POINT ( 'NONE',  ( 1.424999999999999822, 0.4000000000000000222, 1.250000000000000000 ) ) ;
#1746 = LINE ( 'NONE', #4283, #3861 ) ;
#1747 = EDGE_CURVE ( 'NONE', #933, #1921, #2425, .T. ) ;
#1748 = CARTESIAN_POINT ( 'NONE',  ( 1.599999999999999867, 1.650000000000000355, -1.250000000000000000 ) ) ;
#1749 = LINE ( 'NONE', #2949, #506 ) ;
#1750 = ORIENTED_EDGE ( 'NONE', *, *, #3095, .T. ) ;
#1751 = AXIS2_PLACEMENT_3D ( 'NONE', #2947, #3645, #1839 ) ;
#1752 = DIRECTION ( 'NONE',  ( 1.000000000000000000, 0.000000000000000000, 0.000000000000000000 ) ) ;
#1753 = CARTESIAN_POINT ( 'NONE',  ( -1.456385933836549018, 0.000000000000000000, 1.149999999999999689 ) ) ;
#1754 = VERTEX_POINT ( 'NONE', #2062 ) ;
#1755 = CARTESIAN_POINT ( 'NONE',  ( -0.8000000000000000444, 0.4000000000000000222, 0.5000000000000000000 ) ) ;
#1756 = VERTEX_POINT ( 'NONE', #2492 ) ;
#1757 = CARTESIAN_POINT ( 'NONE',  ( -1.199999999999999512, 1.050000000000000044, 0.8499999999999999778 ) ) ;
#1758 = ORIENTED_EDGE ( 'NONE', *, *, #3647, .F. ) ;
#1759 = ORIENTED_EDGE ( 'NONE', *, *, #1417, .T. ) ;
#1760 = DIRECTION ( 'NONE',  ( 0.000000000000000000, -1.000000000000000000, 0.000000000000000000 ) ) ;
#1761 = EDGE_LOOP ( 'NONE', ( #989, #61, #3791, #363 ) ) ;
#1762 = DIRECTION ( 'NONE',  ( 0.000000000000000000, -0.000000000000000000, 1.000000000000000000 ) ) ;
#1763 = CARTESIAN_POINT ( 'NONE',  ( 1.199999999999999734, 1.149999999999999911, 0.8499999999999999778 ) ) ;
#1764 = PLANE ( 'NONE',  #2244 ) ;
#1765 = DIRECTION ( 'NONE',  ( -0.000000000000000000, -1.000000000000000000, -0.000000000000000000 ) ) ;
#1766 = DIRECTION ( 'NONE',  ( 0.000000000000000000, 0.000000000000000000, 1.000000000000000000 ) ) ;
#1767 = ORIENTED_EDGE ( 'NONE', *, *, #2825, .F. ) ;
#1768 = PRESENTATION_LAYER_ASSIGNMENT (  '', '', ( #4323 ) ) ;
#1769 = EDGE_CURVE ( 'NONE', #2503, #3866, #2113, .T. ) ;
#1770 = FILL_AREA_STYLE ('',( #3222 ) ) ;
#1771 = LINE ( 'NONE', #543, #1242 ) ;
#1772 = ORIENTED_EDGE ( 'NONE', *, *, #1416, .T. ) ;
#1773 = LINE ( 'NONE', #3977, #4360 ) ;
#1774 = AXIS2_PLACEMENT_3D ( 'NONE', #3600, #3580, #3215 ) ;
#1775 = ORIENTED_EDGE ( 'NONE', *, *, #4679, .F. ) ;
#1776 = CARTESIAN_POINT ( 'NONE',  ( 1.456385933836549018, 0.4000000000000000222, -1.150000000000000133 ) ) ;
#1777 = EDGE_CURVE ( 'NONE', #4178, #1174, #3530, .T. ) ;
#1778 = VECTOR ( 'NONE', #2136, 1000.000000000000000 ) ;
#1779 = VERTEX_POINT ( 'NONE', #2445 ) ;
#1780 = VECTOR ( 'NONE', #536, 1000.000000000000000 ) ;
#1781 = CARTESIAN_POINT ( 'NONE',  ( -1.349999999999999645, 1.149999999999999911, -0.8499999999999999778 ) ) ;
#1782 = VECTOR ( 'NONE', #3319, 1000.000000000000000 ) ;
#1783 = ORIENTED_EDGE ( 'NONE', *, *, #4700, .T. ) ;
#1784 = CARTESIAN_POINT ( 'NONE',  ( -1.500000000000000222, 0.9000000000000000222, -1.250000000000000000 ) ) ;
#1785 = AXIS2_PLACEMENT_3D ( 'NONE', #796, #3680, #1920 ) ;
#1786 = VECTOR ( 'NONE', #4395, 1000.000000000000000 ) ;
#1787 = CIRCLE ( 'NONE', #1244, 0.1000000000000000472 ) ;
#1788 = ORIENTED_EDGE ( 'NONE', *, *, #509, .T. ) ;
#1789 = DIRECTION ( 'NONE',  ( -1.000000000000000000, 0.000000000000000000, -9.035018104045873159E-17 ) ) ;
#1790 = CARTESIAN_POINT ( 'NONE',  ( 0.6000000000000000888, 0.4000000000000000222, -0.5000000000000000000 ) ) ;
#1791 = VECTOR ( 'NONE', #3921, 1000.000000000000000 ) ;
#1792 = PLANE ( 'NONE',  #3450 ) ;
#1793 = CARTESIAN_POINT ( 'NONE',  ( -1.456385933836548574, 1.650000000000000355, -1.150000000000000577 ) ) ;
#1794 = ADVANCED_FACE ( 'NONE', ( #549 ), #2770, .F. ) ;
#1795 = DIRECTION ( 'NONE',  ( 0.000000000000000000, 0.000000000000000000, 1.000000000000000000 ) ) ;
#1796 = ORIENTED_EDGE ( 'NONE', *, *, #649, .F. ) ;
#1797 = VECTOR ( 'NONE', #277, 1000.000000000000000 ) ;
#1798 = LINE ( 'NONE', #1426, #2253 ) ;
#1799 = DIRECTION ( 'NONE',  ( 1.000000000000000000, 0.000000000000000000, 7.596123170508101842E-16 ) ) ;
#1800 = VERTEX_POINT ( 'NONE', #575 ) ;
#1801 = CARTESIAN_POINT ( 'NONE',  ( -1.449999999999999734, 1.050000000000000044, 0.8499999999999999778 ) ) ;
#1802 = VECTOR ( 'NONE', #2639, 1000.000000000000000 ) ;
#1803 = EDGE_LOOP ( 'NONE', ( #4483, #716, #74, #993 ) ) ;
#1804 = DIRECTION ( 'NONE',  ( -0.000000000000000000, 0.000000000000000000, -1.000000000000000000 ) ) ;
#1805 = EDGE_CURVE ( 'NONE', #1174, #1103, #958, .T. ) ;
#1806 = AXIS2_PLACEMENT_3D ( 'NONE', #2116, #2828, #1766 ) ;
#1807 = ORIENTED_EDGE ( 'NONE', *, *, #2188, .F. ) ;
#1808 = DIRECTION ( 'NONE',  ( -0.000000000000000000, -1.000000000000000000, -0.000000000000000000 ) ) ;
#1809 = ORIENTED_EDGE ( 'NONE', *, *, #1205, .T. ) ;
#1810 = PLANE ( 'NONE',  #1821 ) ;
#1811 = VERTEX_POINT ( 'NONE', #2424 ) ;
#1812 = VECTOR ( 'NONE', #1220, 1000.000000000000000 ) ;
#1813 = DIRECTION ( 'NONE',  ( 1.000000000000000000, 0.000000000000000000, 0.000000000000000000 ) ) ;
#1814 = CIRCLE ( 'NONE', #3280, 0.1000000000000000472 ) ;
#1815 = DIRECTION ( 'NONE',  ( 1.000000000000000000, 0.000000000000000000, -9.035018104045874392E-17 ) ) ;
#1816 = CYLINDRICAL_SURFACE ( 'NONE', #3786, 0.1410590277777777068 ) ;
#1817 = FACE_BOUND ( 'NONE', #384, .T. ) ;
#1818 = DIRECTION ( 'NONE',  ( 1.000000000000000000, 0.000000000000000000, 0.000000000000000000 ) ) ;
#1819 = VERTEX_POINT ( 'NONE', #3897 ) ;
#1820 = LINE ( 'NONE', #1899, #4727 ) ;
#1821 = AXIS2_PLACEMENT_3D ( 'NONE', #4420, #4084, #3232 ) ;
#1822 = ORIENTED_EDGE ( 'NONE', *, *, #2375, .T. ) ;
#1823 = DIRECTION ( 'NONE',  ( 0.000000000000000000, -1.000000000000000000, 0.000000000000000000 ) ) ;
#1824 = VERTEX_POINT ( 'NONE', #3166 ) ;
#1825 = PLANE ( 'NONE',  #3471 ) ;
#1826 = EDGE_CURVE ( 'NONE', #3535, #1557, #1567, .T. ) ;
#1827 = PRESENTATION_LAYER_ASSIGNMENT (  '', '', ( #378 ) ) ;
#1828 = ORIENTED_EDGE ( 'NONE', *, *, #1708, .T. ) ;
#1829 = FACE_OUTER_BOUND ( 'NONE', #3649, .T. ) ;
#1830 = VECTOR ( 'NONE', #2680, 1000.000000000000000 ) ;
#1831 = ORIENTED_EDGE ( 'NONE', *, *, #391, .F. ) ;
#1832 = DIRECTION ( 'NONE',  ( 0.000000000000000000, -0.000000000000000000, 1.000000000000000000 ) ) ;
#1833 = ORIENTED_EDGE ( 'NONE', *, *, #1002, .F. ) ;
#1834 = LINE ( 'NONE', #1415, #3910 ) ;
#1835 = ORIENTED_EDGE ( 'NONE', *, *, #4756, .T. ) ;
#1836 = CARTESIAN_POINT ( 'NONE',  ( -1.199999999999999512, 1.149999999999999911, -1.000000000000000222 ) ) ;
#1837 = EDGE_CURVE ( 'NONE', #1307, #1964, #2732, .T. ) ;
#1838 = CARTESIAN_POINT ( 'NONE',  ( 1.199999999999999734, 1.199999999999999956, 1.000000000000000000 ) ) ;
#1839 = DIRECTION ( 'NONE',  ( 0.000000000000000000, 0.000000000000000000, 1.000000000000000000 ) ) ;
#1840 = CARTESIAN_POINT ( 'NONE',  ( -0.6000000000000000888, 0.000000000000000000, 0.6999999999999998446 ) ) ;
#1841 = DIRECTION ( 'NONE',  ( 0.000000000000000000, 0.000000000000000000, 1.000000000000000000 ) ) ;
#1842 = DIRECTION ( 'NONE',  ( -1.000000000000000000, 0.000000000000000000, -9.035018104045873159E-17 ) ) ;
#1843 = VERTEX_POINT ( 'NONE', #761 ) ;
#1844 = FACE_OUTER_BOUND ( 'NONE', #3743, .T. ) ;
#1845 = DIRECTION ( 'NONE',  ( 0.000000000000000000, 0.000000000000000000, -1.000000000000000000 ) ) ;
#1846 = APPLICATION_PROTOCOL_DEFINITION ( 'draft international standard', 'automotive_design', 1998, #1449 ) ;
#1847 = ORIENTED_EDGE ( 'NONE', *, *, #1711, .F. ) ;
#1848 = DIRECTION ( 'NONE',  ( -0.000000000000000000, -1.000000000000000000, -0.000000000000000000 ) ) ;
#1849 = EDGE_CURVE ( 'NONE', #1414, #4093, #2230, .T. ) ;
#1850 = VERTEX_POINT ( 'NONE', #3338 ) ;
#1851 = ORIENTED_EDGE ( 'NONE', *, *, #550, .F. ) ;
#1852 = FACE_OUTER_BOUND ( 'NONE', #2393, .T. ) ;
#1853 = ORIENTED_EDGE ( 'NONE', *, *, #1647, .F. ) ;
#1854 = DIRECTION ( 'NONE',  ( 0.000000000000000000, 0.000000000000000000, -1.000000000000000000 ) ) ;
#1855 = ORIENTED_EDGE ( 'NONE', *, *, #1689, .T. ) ;
#1856 = DIRECTION ( 'NONE',  ( 0.000000000000000000, 0.000000000000000000, 1.000000000000000000 ) ) ;
#1857 = ADVANCED_FACE ( 'NONE', ( #1861 ), #4036, .T. ) ;
#1858 = VECTOR ( 'NONE', #1913, 1000.000000000000000 ) ;
#1859 = ORIENTED_EDGE ( 'NONE', *, *, #4388, .F. ) ;
#1860 = CARTESIAN_POINT ( 'NONE',  ( 0.5999999999999998668, 1.650000000000000355, -1.149999999999999911 ) ) ;
#1861 = FACE_OUTER_BOUND ( 'NONE', #2045, .T. ) ;
#1862 = FACE_OUTER_BOUND ( 'NONE', #2655, .T. ) ;
#1863 = AXIS2_PLACEMENT_3D ( 'NONE', #4153, #770, #71 ) ;
#1864 = AXIS2_PLACEMENT_3D ( 'NONE', #1860, #2324, #1225 ) ;
#1865 = VECTOR ( 'NONE', #3458, 1000.000000000000000 ) ;
#1866 = AXIS2_PLACEMENT_3D ( 'NONE', #4697, #665, #2203 ) ;
#1867 = EDGE_CURVE ( 'NONE', #752, #2079, #2132, .T. ) ;
#1868 = LINE ( 'NONE', #2919, #1778 ) ;
#1869 = AXIS2_PLACEMENT_3D ( 'NONE', #2754, #924, #4728 ) ;
#1870 = DIRECTION ( 'NONE',  ( 0.000000000000000000, 0.000000000000000000, 1.000000000000000000 ) ) ;
#1871 = EDGE_CURVE ( 'NONE', #1608, #1414, #2499, .T. ) ;
#1872 =( GEOMETRIC_REPRESENTATION_CONTEXT ( 3 ) GLOBAL_UNCERTAINTY_ASSIGNED_CONTEXT ( ( #3811 ) ) GLOBAL_UNIT_ASSIGNED_CONTEXT ( ( #4040, #2262, #1498 ) ) REPRESENTATION_CONTEXT ( 'NONE', 'WORKASPACE' ) );
#1873 = ORIENTED_EDGE ( 'NONE', *, *, #138, .T. ) ;
#1874 = EDGE_CURVE ( 'NONE', #4468, #1389, #13, .T. ) ;
#1875 = DIRECTION ( 'NONE',  ( 0.000000000000000000, 0.000000000000000000, 1.000000000000000000 ) ) ;
#1876 = SURFACE_SIDE_STYLE ('',( #411 ) ) ;
#1877 = DIRECTION ( 'NONE',  ( 0.000000000000000000, -1.000000000000000000, 0.000000000000000000 ) ) ;
#1878 = ORIENTED_EDGE ( 'NONE', *, *, #3838, .F. ) ;
#1879 = VERTEX_POINT ( 'NONE', #1469 ) ;
#1880 = EDGE_CURVE ( 'NONE', #569, #4659, #731, .T. ) ;
#1881 = ORIENTED_EDGE ( 'NONE', *, *, #1554, .T. ) ;
#1882 = LINE ( 'NONE', #467, #3708 ) ;
#1883 = ORIENTED_EDGE ( 'NONE', *, *, #1274, .T. ) ;
#1884 = CARTESIAN_POINT ( 'NONE',  ( -0.8000000000000000444, 0.000000000000000000, 0.5000000000000000000 ) ) ;
#1885 = EDGE_LOOP ( 'NONE', ( #133, #2124, #3249, #2677, #3447, #1270, #2574, #3624 ) ) ;
#1886 = DIRECTION ( 'NONE',  ( -0.000000000000000000, 1.000000000000000000, -0.000000000000000000 ) ) ;
#1887 = VECTOR ( 'NONE', #1238, 1000.000000000000000 ) ;
#1888 = VECTOR ( 'NONE', #1066, 1000.000000000000000 ) ;
#1889 = EDGE_CURVE ( 'NONE', #1124, #3834, #1136, .T. ) ;
#1890 = VERTEX_POINT ( 'NONE', #4451 ) ;
#1891 = FACE_OUTER_BOUND ( 'NONE', #2201, .T. ) ;
#1892 = DIRECTION ( 'NONE',  ( -0.000000000000000000, -1.000000000000000000, -0.000000000000000000 ) ) ;
#1893 = DIRECTION ( 'NONE',  ( -0.000000000000000000, -1.000000000000000000, -0.000000000000000000 ) ) ;
#1894 = VECTOR ( 'NONE', #2835, 1000.000000000000000 ) ;
#1895 = CARTESIAN_POINT ( 'NONE',  ( -1.500000000000000000, 0.4000000000000000222, -0.5000000000000000000 ) ) ;
#1896 = CARTESIAN_POINT ( 'NONE',  ( -1.199999999999999512, 0.9000000000000000222, -1.050000000000000044 ) ) ;
#1897 = ADVANCED_FACE ( 'NONE', ( #304 ), #4355, .F. ) ;
#1898 = DIRECTION ( 'NONE',  ( 0.000000000000000000, 0.000000000000000000, -1.000000000000000000 ) ) ;
#1899 = CARTESIAN_POINT ( 'NONE',  ( -1.600000000000000311, 0.9000000000000000222, 0.000000000000000000 ) ) ;
#1900 = ORIENTED_EDGE ( 'NONE', *, *, #2888, .F. ) ;
#1901 = VERTEX_POINT ( 'NONE', #3599 ) ;
#1902 = AXIS2_PLACEMENT_3D ( 'NONE', #2150, #703, #3985 ) ;
#1903 = ORIENTED_EDGE ( 'NONE', *, *, #4486, .T. ) ;
#1904 = CARTESIAN_POINT ( 'NONE',  ( 1.499999999999999778, 0.000000000000000000, -1.250000000000000000 ) ) ;
#1905 = ORIENTED_EDGE ( 'NONE', *, *, #3493, .F. ) ;
#1906 = DIRECTION ( 'NONE',  ( 0.000000000000000000, -1.000000000000000000, 0.000000000000000000 ) ) ;
#1907 = EDGE_LOOP ( 'NONE', ( #1169, #1146, #3444, #2451 ) ) ;
#1908 = DIRECTION ( 'NONE',  ( 1.156482317317878391E-14, 0.000000000000000000, -1.000000000000000000 ) ) ;
#1909 = VERTEX_POINT ( 'NONE', #4724 ) ;
#1910 = DIRECTION ( 'NONE',  ( 0.000000000000000000, 0.000000000000000000, -1.000000000000000000 ) ) ;
#1911 = CARTESIAN_POINT ( 'NONE',  ( 1.456385933836549018, -1.250000000000000000, 1.150000000000000133 ) ) ;
#1912 = FACE_OUTER_BOUND ( 'NONE', #4033, .T. ) ;
#1913 = DIRECTION ( 'NONE',  ( -0.000000000000000000, -1.000000000000000000, -0.000000000000000000 ) ) ;
#1914 = DIRECTION ( 'NONE',  ( 0.000000000000000000, 0.000000000000000000, 1.000000000000000000 ) ) ;
#1915 = CARTESIAN_POINT ( 'NONE',  ( 1.599999999999999867, 0.9000000000000000222, 0.5000000000000001110 ) ) ;
#1916 = ADVANCED_FACE ( 'NONE', ( #3288 ), #1185, .T. ) ;
#1917 = LINE ( 'NONE', #2286, #2107 ) ;
#1918 = CARTESIAN_POINT ( 'NONE',  ( 1.599999999999999867, -1.250000000000000000, 1.250000000000000000 ) ) ;
#1919 = CARTESIAN_POINT ( 'NONE',  ( 1.500000000000000000, 0.000000000000000000, 1.106385933836549151 ) ) ;
#1920 = DIRECTION ( 'NONE',  ( 0.000000000000000000, 0.000000000000000000, 1.000000000000000000 ) ) ;
#1921 = VERTEX_POINT ( 'NONE', #2205 ) ;
#1922 = ORIENTED_EDGE ( 'NONE', *, *, #850, .F. ) ;
#1923 = ORIENTED_EDGE ( 'NONE', *, *, #4105, .F. ) ;
#1924 = CARTESIAN_POINT ( 'NONE',  ( -1.456385933836548574, 0.4000000000000000222, -1.150000000000000577 ) ) ;
#1925 = ORIENTED_EDGE ( 'NONE', *, *, #3343, .T. ) ;
#1926 = CARTESIAN_POINT ( 'NONE',  ( -1.500000000000000000, 0.000000000000000000, -0.5000000000000000000 ) ) ;
#1927 = ADVANCED_FACE ( 'NONE', ( #2917 ), #4396, .F. ) ;
#1928 = VERTEX_POINT ( 'NONE', #2562 ) ;
#1929 = DIRECTION ( 'NONE',  ( 0.000000000000000000, -1.000000000000000000, 0.000000000000000000 ) ) ;
#1930 = MECHANICAL_DESIGN_GEOMETRIC_PRESENTATION_REPRESENTATION (  '', ( #552 ), #4719 ) ;
#1931 = VERTEX_POINT ( 'NONE', #2945 ) ;
#1932 = DIRECTION ( 'NONE',  ( 0.000000000000000000, 1.000000000000000000, 0.000000000000000000 ) ) ;
#1933 = CARTESIAN_POINT ( 'NONE',  ( -1.499999999999999556, 1.100000000000000089, 0.8499999999999999778 ) ) ;
#1934 = DIRECTION ( 'NONE',  ( 0.000000000000000000, 0.000000000000000000, -1.000000000000000000 ) ) ;
#1935 = CIRCLE ( 'NONE', #4642, 0.1000000000000000472 ) ;
#1936 = VECTOR ( 'NONE', #2467, 1000.000000000000000 ) ;
#1937 = CIRCLE ( 'NONE', #481, 0.2499999999999998890 ) ;
#1938 = LINE ( 'NONE', #2642, #2635 ) ;
#1939 = CARTESIAN_POINT ( 'NONE',  ( -1.599999999999999867, 0.3999999999999999667, -1.074999999999999512 ) ) ;
#1940 = DIRECTION ( 'NONE',  ( 0.000000000000000000, 1.000000000000000000, 0.000000000000000000 ) ) ;
#1941 = DIRECTION ( 'NONE',  ( 1.000000000000000000, 0.000000000000000000, 9.035018104045874392E-17 ) ) ;
#1942 = CIRCLE ( 'NONE', #3101, 0.1000000000000000472 ) ;
#1943 = AXIS2_PLACEMENT_3D ( 'NONE', #2624, #1552, #2926 ) ;
#1944 = EDGE_CURVE ( 'NONE', #2911, #1064, #1420, .T. ) ;
#1945 = CARTESIAN_POINT ( 'NONE',  ( -0.8000000000000000444, 0.000000000000000000, 0.5000000000000000000 ) ) ;
#1946 = VECTOR ( 'NONE', #49, 1000.000000000000000 ) ;
#1947 = PLANE ( 'NONE',  #3488 ) ;
#1948 = DIRECTION ( 'NONE',  ( -1.000000000000000000, 0.000000000000000000, 0.000000000000000000 ) ) ;
#1949 = EDGE_LOOP ( 'NONE', ( #442, #3417, #1822, #1531 ) ) ;
#1950 = EDGE_CURVE ( 'NONE', #161, #125, #2354, .T. ) ;
#1951 = EDGE_LOOP ( 'NONE', ( #2470, #2537, #1011, #2784 ) ) ;
#1952 = ORIENTED_EDGE ( 'NONE', *, *, #939, .T. ) ;
#1953 = CARTESIAN_POINT ( 'NONE',  ( 1.600000000000001199, 0.9000000000000000222, 0.4000000000000000222 ) ) ;
#1954 = EDGE_LOOP ( 'NONE', ( #1788, #4463, #3610, #1526 ) ) ;
#1955 = LINE ( 'NONE', #777, #1812 ) ;
#1956 = VERTEX_POINT ( 'NONE', #1045 ) ;
#1957 = LINE ( 'NONE', #2702, #144 ) ;
#1958 = EDGE_CURVE ( 'NONE', #774, #4227, #1395, .T. ) ;
#1959 = VECTOR ( 'NONE', #3017, 1000.000000000000000 ) ;
#1960 = ORIENTED_EDGE ( 'NONE', *, *, #390, .F. ) ;
#1961 = CARTESIAN_POINT ( 'NONE',  ( 1.456385933836549018, 0.4000000000000000222, 1.150000000000000133 ) ) ;
#1962 = FACE_OUTER_BOUND ( 'NONE', #3079, .T. ) ;
#1963 = DIRECTION ( 'NONE',  ( 3.336006684570783101E-16, 0.000000000000000000, -1.000000000000000000 ) ) ;
#1964 = VERTEX_POINT ( 'NONE', #735 ) ;
#1965 = AXIS2_PLACEMENT_3D ( 'NONE', #4310, #308, #2406 ) ;
#1966 = DIRECTION ( 'NONE',  ( 0.000000000000000000, 1.000000000000000000, -0.000000000000000000 ) ) ;
#1967 = LINE ( 'NONE', #2381, #1865 ) ;
#1968 = CARTESIAN_POINT ( 'NONE',  ( -1.600000000000000311, 0.9000000000000000222, 1.149999999999999911 ) ) ;
#1969 = VECTOR ( 'NONE', #1129, 1000.000000000000000 ) ;
#1970 = LINE ( 'NONE', #3078, #1887 ) ;
#1971 = CIRCLE ( 'NONE', #1419, 0.1750000000000000167 ) ;
#1972 = VERTEX_POINT ( 'NONE', #1565 ) ;
#1973 = ORIENTED_EDGE ( 'NONE', *, *, #3919, .F. ) ;
#1974 = ORIENTED_EDGE ( 'NONE', *, *, #2519, .T. ) ;
#1975 = DIRECTION ( 'NONE',  ( 0.000000000000000000, 0.000000000000000000, 1.000000000000000000 ) ) ;
#1976 = VERTEX_POINT ( 'NONE', #1592 ) ;
#1977 = CARTESIAN_POINT ( 'NONE',  ( 0.5999999999999998668, 0.3999999999999999667, -1.149999999999999911 ) ) ;
#1978 = PLANE ( 'NONE',  #3056 ) ;
#1979 = EDGE_CURVE ( 'NONE', #4742, #3834, #783, .T. ) ;
#1980 = AXIS2_PLACEMENT_3D ( 'NONE', #3663, #320, #2864 ) ;
#1981 = EDGE_LOOP ( 'NONE', ( #4392, #365, #872, #2169 ) ) ;
#1982 = FACE_OUTER_BOUND ( 'NONE', #1265, .T. ) ;
#1983 = CARTESIAN_POINT ( 'NONE',  ( -1.424999999999999822, 0.000000000000000000, -1.249999999999999556 ) ) ;
#1984 = AXIS2_PLACEMENT_3D ( 'NONE', #255, #2395, #4303 ) ;
#1985 = VERTEX_POINT ( 'NONE', #450 ) ;
#1986 = FACE_OUTER_BOUND ( 'NONE', #4690, .T. ) ;
#1987 = VECTOR ( 'NONE', #2918, 1000.000000000000000 ) ;
#1988 = CARTESIAN_POINT ( 'NONE',  ( -1.424999999999999600, 0.4000000000000000222, 1.249999999999999556 ) ) ;
#1989 =( NAMED_UNIT ( * ) SI_UNIT ( $, .STERADIAN. ) SOLID_ANGLE_UNIT ( ) );
#1990 = EDGE_CURVE ( 'NONE', #3124, #443, #84, .T. ) ;
#1991 = CARTESIAN_POINT ( 'NONE',  ( 1.500000000000000444, 0.4000000000000000222, -1.106385933836548263 ) ) ;
#1992 = CARTESIAN_POINT ( 'NONE',  ( -1.599999999999999867, 0.4000000000000000222, -1.074999999999999512 ) ) ;
#1993 = ORIENTED_EDGE ( 'NONE', *, *, #3575, .T. ) ;
#1994 = ORIENTED_EDGE ( 'NONE', *, *, #2934, .T. ) ;
#1995 = DIRECTION ( 'NONE',  ( -1.000000000000000000, 0.000000000000000000, 0.000000000000000000 ) ) ;
#1996 = EDGE_CURVE ( 'NONE', #2817, #489, #848, .T. ) ;
#1997 = CARTESIAN_POINT ( 'NONE',  ( 1.199999999999999734, 1.149999999999999911, -1.000000000000000000 ) ) ;
#1998 = EDGE_LOOP ( 'NONE', ( #513, #754, #1878, #1925 ) ) ;
#1999 = LINE ( 'NONE', #1977, #4054 ) ;
#2000 = ORIENTED_EDGE ( 'NONE', *, *, #4741, .F. ) ;
#2001 = DIRECTION ( 'NONE',  ( 0.000000000000000000, 0.000000000000000000, -1.000000000000000000 ) ) ;
#2002 = EDGE_CURVE ( 'NONE', #3093, #319, #1262, .T. ) ;
#2003 = ORIENTED_EDGE ( 'NONE', *, *, #2641, .F. ) ;
#2004 = DIRECTION ( 'NONE',  ( 0.000000000000000000, 0.000000000000000000, -1.000000000000000000 ) ) ;
#2005 = CARTESIAN_POINT ( 'NONE',  ( -1.599999999999999867, 0.4000000000000000222, -1.250000000000000000 ) ) ;
#2006 = SURFACE_SIDE_STYLE ('',( #112 ) ) ;
#2007 = EDGE_CURVE ( 'NONE', #4102, #1103, #2705, .T. ) ;
#2008 = CLOSED_SHELL ( 'NONE', ( #526, #1857, #2745, #1559 ) ) ;
#2009 = DIRECTION ( 'NONE',  ( -0.000000000000000000, -1.000000000000000000, -0.000000000000000000 ) ) ;
#2010 = CARTESIAN_POINT ( 'NONE',  ( 1.500000000000000000, 1.650000000000000355, 0.5000000000000000000 ) ) ;
#2011 = DIRECTION ( 'NONE',  ( 0.000000000000000000, 0.000000000000000000, 1.000000000000000000 ) ) ;
#2012 = CIRCLE ( 'NONE', #1308, 0.3000000000000000444 ) ;
#2013 = CYLINDRICAL_SURFACE ( 'NONE', #4522, 0.1000000000000002554 ) ;
#2014 = VECTOR ( 'NONE', #3169, 1000.000000000000000 ) ;
#2015 = EDGE_CURVE ( 'NONE', #4, #3710, #2494, .T. ) ;
#2016 = EDGE_CURVE ( 'NONE', #2057, #1176, #1538, .T. ) ;
#2017 = VECTOR ( 'NONE', #4553, 1000.000000000000000 ) ;
#2018 = CARTESIAN_POINT ( 'NONE',  ( -1.499999999999999778, 1.100000000000000089, -0.8499999999999999778 ) ) ;
#2019 = DIRECTION ( 'NONE',  ( -0.000000000000000000, -1.000000000000000000, -0.000000000000000000 ) ) ;
#2020 = AXIS2_PLACEMENT_3D ( 'NONE', #1003, #673, #2474 ) ;
#2021 = ORIENTED_EDGE ( 'NONE', *, *, #547, .T. ) ;
#2022 = AXIS2_PLACEMENT_3D ( 'NONE', #1375, #1752, #3822 ) ;
#2023 = CIRCLE ( 'NONE', #4649, 0.1000000000000000472 ) ;
#2024 = AXIS2_PLACEMENT_3D ( 'NONE', #615, #2085, #4281 ) ;
#2025 = DIRECTION ( 'NONE',  ( 0.000000000000000000, 0.000000000000000000, -1.000000000000000000 ) ) ;
#2026 = LINE ( 'NONE', #2434, #4485 ) ;
#2027 = AXIS2_PLACEMENT_3D ( 'NONE', #1757, #1009, #2531 ) ;
#2028 = ORIENTED_EDGE ( 'NONE', *, *, #3937, .F. ) ;
#2029 = DIRECTION ( 'NONE',  ( 0.000000000000000000, -1.000000000000000000, 0.000000000000000000 ) ) ;
#2030 = VECTOR ( 'NONE', #2689, 1000.000000000000000 ) ;
#2031 = FACE_OUTER_BOUND ( 'NONE', #3033, .T. ) ;
#2032 = ORIENTED_EDGE ( 'NONE', *, *, #3219, .T. ) ;
#2033 = PLANE ( 'NONE',  #1562 ) ;
#2034 = VERTEX_POINT ( 'NONE', #1983 ) ;
#2035 = LINE ( 'NONE', #1322, #454 ) ;
#2036 = ADVANCED_FACE ( 'NONE', ( #827 ), #4088, .T. ) ;
#2037 = VECTOR ( 'NONE', #3544, 1000.000000000000000 ) ;
#2038 = DIRECTION ( 'NONE',  ( -0.000000000000000000, -1.000000000000000000, -0.000000000000000000 ) ) ;
#2039 = DIRECTION ( 'NONE',  ( 0.000000000000000000, 0.000000000000000000, 1.000000000000000000 ) ) ;
#2040 = CARTESIAN_POINT ( 'NONE',  ( 1.599999999999999867, 0.4000000000000000222, 1.250000000000000000 ) ) ;
#2041 = LINE ( 'NONE', #3920, #1083 ) ;
#2042 = VECTOR ( 'NONE', #3030, 1000.000000000000000 ) ;
#2043 = LINE ( 'NONE', #619, #1791 ) ;
#2044 = FACE_OUTER_BOUND ( 'NONE', #3972, .T. ) ;
#2045 = EDGE_LOOP ( 'NONE', ( #765, #1361, #1655, #545 ) ) ;
#2046 = ORIENTED_EDGE ( 'NONE', *, *, #223, .F. ) ;
#2047 = VECTOR ( 'NONE', #627, 1000.000000000000000 ) ;
#2048 = DIRECTION ( 'NONE',  ( -1.000000000000000000, 0.000000000000000000, 0.000000000000000000 ) ) ;
#2049 = AXIS2_PLACEMENT_3D ( 'NONE', #2052, #3112, #1684 ) ;
#2050 = DIRECTION ( 'NONE',  ( -0.000000000000000000, -1.000000000000000000, -0.000000000000000000 ) ) ;
#2051 = ORIENTED_EDGE ( 'NONE', *, *, #3295, .T. ) ;
#2052 = CARTESIAN_POINT ( 'NONE',  ( -0.5999999999999998668, 0.4000000000000000222, 1.149999999999999911 ) ) ;
#2053 = VERTEX_POINT ( 'NONE', #2325 ) ;
#2054 = DIRECTION ( 'NONE',  ( -2.532041056836032961E-16, 0.000000000000000000, 1.000000000000000000 ) ) ;
#2055 = VERTEX_POINT ( 'NONE', #877 ) ;
#2056 = DIRECTION ( 'NONE',  ( 3.336006684570783101E-16, 0.000000000000000000, -1.000000000000000000 ) ) ;
#2057 = VERTEX_POINT ( 'NONE', #2254 ) ;
#2058 = DIRECTION ( 'NONE',  ( 0.000000000000000000, 0.000000000000000000, 1.000000000000000000 ) ) ;
#2059 = EDGE_CURVE ( 'NONE', #2602, #2319, #520, .T. ) ;
#2060 = VECTOR ( 'NONE', #1366, 1000.000000000000000 ) ;
#2061 = CARTESIAN_POINT ( 'NONE',  ( 1.399999999999999689, 0.9000000000000000222, 0.8499999999999999778 ) ) ;
#2062 = CARTESIAN_POINT ( 'NONE',  ( 1.500000000000000000, 0.000000000000000000, 1.106385933836549151 ) ) ;
#2063 = EDGE_CURVE ( 'NONE', #2079, #1313, #160, .T. ) ;
#2064 = DIRECTION ( 'NONE',  ( 1.000000000000000000, -0.000000000000000000, 0.000000000000000000 ) ) ;
#2065 = AXIS2_PLACEMENT_3D ( 'NONE', #2353, #4551, #546 ) ;
#2066 = CARTESIAN_POINT ( 'NONE',  ( 1.599999999999999867, 0.9000000000000000222, 1.149999999999999911 ) ) ;
#2067 = EDGE_CURVE ( 'NONE', #3885, #1394, #808, .T. ) ;
#2068 = DIRECTION ( 'NONE',  ( 0.000000000000000000, 1.000000000000000000, 0.000000000000000000 ) ) ;
#2069 = VERTEX_POINT ( 'NONE', #4473 ) ;
#2070 = EDGE_CURVE ( 'NONE', #1459, #1754, #1202, .T. ) ;
#2071 = EDGE_CURVE ( 'NONE', #3307, #1174, #2302, .T. ) ;
#2072 = PLANE ( 'NONE',  #1233 ) ;
#2073 = CARTESIAN_POINT ( 'NONE',  ( -1.199999999999999512, 1.100000000000000089, 1.100000000000000089 ) ) ;
#2074 = VERTEX_POINT ( 'NONE', #4502 ) ;
#2075 = DIRECTION ( 'NONE',  ( 0.000000000000000000, 0.000000000000000000, 1.000000000000000000 ) ) ;
#2076 = ORIENTED_EDGE ( 'NONE', *, *, #2067, .F. ) ;
#2077 = CYLINDRICAL_SURFACE ( 'NONE', #787, 0.1750000000000000167 ) ;
#2078 = EDGE_CURVE ( 'NONE', #3866, #4742, #3887, .T. ) ;
#2079 = VERTEX_POINT ( 'NONE', #1183 ) ;
#2080 = EDGE_CURVE ( 'NONE', #1713, #4416, #2687, .T. ) ;
#2081 = DIRECTION ( 'NONE',  ( -0.000000000000000000, -1.000000000000000000, -0.000000000000000000 ) ) ;
#2082 = VERTEX_POINT ( 'NONE', #4168 ) ;
#2083 = LINE ( 'NONE', #2818, #602 ) ;
#2084 = LINE ( 'NONE', #237, #3407 ) ;
#2085 = DIRECTION ( 'NONE',  ( -0.000000000000000000, 1.000000000000000000, -0.000000000000000000 ) ) ;
#2086 = CARTESIAN_POINT ( 'NONE',  ( -1.599999999999999867, 0.4000000000000000222, 1.250000000000000000 ) ) ;
#2087 = CARTESIAN_POINT ( 'NONE',  ( -1.349999999999999645, 1.199999999999999956, -0.8499999999999999778 ) ) ;
#2088 = COLOUR_RGB ( '',0.7960784313725489669, 0.8235294117647058432, 0.9372549019607843146 ) ;
#2089 = DIRECTION ( 'NONE',  ( 0.000000000000000000, -1.000000000000000000, 0.000000000000000000 ) ) ;
#2090 = CARTESIAN_POINT ( 'NONE',  ( 0.5999999999999998668, 0.4000000000000000222, 1.149999999999999911 ) ) ;
#2091 = ORIENTED_EDGE ( 'NONE', *, *, #192, .T. ) ;
#2092 = ADVANCED_FACE ( 'NONE', ( #2665 ), #3768, .T. ) ;
#2093 = VECTOR ( 'NONE', #3266, 1000.000000000000000 ) ;
#2094 = DIRECTION ( 'NONE',  ( 1.275531967630005245E-16, -0.000000000000000000, 1.000000000000000000 ) ) ;
#2095 = DIRECTION ( 'NONE',  ( 0.000000000000000000, -1.000000000000000000, 0.000000000000000000 ) ) ;
#2096 = DIRECTION ( 'NONE',  ( -0.000000000000000000, -1.000000000000000000, 0.000000000000000000 ) ) ;
#2097 = ORIENTED_EDGE ( 'NONE', *, *, #2580, .F. ) ;
#2098 = LINE ( 'NONE', #272, #1741 ) ;
#2099 = VECTOR ( 'NONE', #2877, 1000.000000000000000 ) ;
#2100 = ORIENTED_EDGE ( 'NONE', *, *, #864, .T. ) ;
#2101 = DIRECTION ( 'NONE',  ( 0.000000000000000000, 0.000000000000000000, -1.000000000000000000 ) ) ;
#2102 = VECTOR ( 'NONE', #4192, 999.9999999999998863 ) ;
#2103 = CIRCLE ( 'NONE', #4111, 0.1410590277777777068 ) ;
#2104 = AXIS2_PLACEMENT_3D ( 'NONE', #3413, #68, #3344 ) ;
#2105 = CIRCLE ( 'NONE', #1712, 0.1750000000000000167 ) ;
#2106 = ORIENTED_EDGE ( 'NONE', *, *, #2695, .T. ) ;
#2107 = VECTOR ( 'NONE', #2647, 1000.000000000000000 ) ;
#2108 = CARTESIAN_POINT ( 'NONE',  ( 1.500000000000000444, 0.000000000000000000, -1.106385933836548263 ) ) ;
#2109 = ORIENTED_EDGE ( 'NONE', *, *, #2898, .F. ) ;
#2110 = FACE_OUTER_BOUND ( 'NONE', #2291, .T. ) ;
#2111 = ADVANCED_FACE ( 'NONE', ( #3432 ), #4214, .T. ) ;
#2112 = FACE_OUTER_BOUND ( 'NONE', #4159, .T. ) ;
#2113 = LINE ( 'NONE', #4259, #3037 ) ;
#2114 = DIRECTION ( 'NONE',  ( 0.000000000000000000, 1.000000000000000000, 0.000000000000000000 ) ) ;
#2115 = DIRECTION ( 'NONE',  ( 0.000000000000000000, 0.000000000000000000, -1.000000000000000000 ) ) ;
#2116 = CARTESIAN_POINT ( 'NONE',  ( -1.021874999999999423, 1.149999999999999911, 0.7031249999999962252 ) ) ;
#2117 = VERTEX_POINT ( 'NONE', #4645 ) ;
#2118 = CIRCLE ( 'NONE', #1965, 0.1000000000000000472 ) ;
#2119 = AXIS2_PLACEMENT_3D ( 'NONE', #3551, #195, #616 ) ;
#2120 = CARTESIAN_POINT ( 'NONE',  ( 1.499999999999999778, 0.9000000000000000222, 1.250000000000000000 ) ) ;
#2121 = ORIENTED_EDGE ( 'NONE', *, *, #1258, .T. ) ;
#2122 = EDGE_CURVE ( 'NONE', #508, #3287, #1320, .T. ) ;
#2123 = CARTESIAN_POINT ( 'NONE',  ( -1.399999999999999467, 0.9000000000000000222, 0.8499999999999999778 ) ) ;
#2124 = ORIENTED_EDGE ( 'NONE', *, *, #375, .F. ) ;
#2125 = LINE ( 'NONE', #4387, #31 ) ;
#2126 = VERTEX_POINT ( 'NONE', #211 ) ;
#2127 = CARTESIAN_POINT ( 'NONE',  ( -1.599999999999999867, 1.650000000000000355, 1.250000000000000000 ) ) ;
#2128 = EDGE_CURVE ( 'NONE', #3062, #517, #611, .T. ) ;
#2129 = LINE ( 'NONE', #4716, #2361 ) ;
#2130 = VERTEX_POINT ( 'NONE', #2108 ) ;
#2131 = CARTESIAN_POINT ( 'NONE',  ( -1.199999999999999512, 0.9000000000000000222, 1.050000000000000044 ) ) ;
#2132 = LINE ( 'NONE', #1790, #4747 ) ;
#2133 = CARTESIAN_POINT ( 'NONE',  ( 1.500000000000000000, 0.000000000000000000, 0.5000000000000000000 ) ) ;
#2134 = ADVANCED_FACE ( 'NONE', ( #2376, #4276 ), #2033, .F. ) ;
#2135 = VECTOR ( 'NONE', #3063, 1000.000000000000000 ) ;
#2136 = DIRECTION ( 'NONE',  ( 0.000000000000000000, -1.000000000000000000, 0.000000000000000000 ) ) ;
#2137 = DIRECTION ( 'NONE',  ( 0.000000000000000000, -1.000000000000000000, 0.000000000000000000 ) ) ;
#2138 = ADVANCED_FACE ( 'NONE', ( #1687 ), #3160, .T. ) ;
#2139 = ORIENTED_EDGE ( 'NONE', *, *, #4175, .T. ) ;
#2140 = PLANE ( 'NONE',  #2020 ) ;
#2141 = ORIENTED_EDGE ( 'NONE', *, *, #3050, .T. ) ;
#2142 = FACE_OUTER_BOUND ( 'NONE', #3516, .T. ) ;
#2143 = VERTEX_POINT ( 'NONE', #1276 ) ;
#2144 = CARTESIAN_POINT ( 'NONE',  ( 1.450000000000000178, 1.100000000000000089, -0.8499999999999999778 ) ) ;
#2145 = ADVANCED_FACE ( 'NONE', ( #1338 ), #568, .F. ) ;
#2146 = VERTEX_POINT ( 'NONE', #3473 ) ;
#2147 = ORIENTED_EDGE ( 'NONE', *, *, #1738, .F. ) ;
#2148 = PLANE ( 'NONE',  #1980 ) ;
#2149 = ORIENTED_EDGE ( 'NONE', *, *, #2299, .T. ) ;
#2150 = CARTESIAN_POINT ( 'NONE',  ( -1.199999999999999512, 1.100000000000000089, 0.8499999999999999778 ) ) ;
#2151 = EDGE_CURVE ( 'NONE', #1516, #3496, #2766, .T. ) ;
#2152 = ORIENTED_EDGE ( 'NONE', *, *, #1950, .T. ) ;
#2153 = DIRECTION ( 'NONE',  ( -0.000000000000000000, -1.000000000000000000, 0.000000000000000000 ) ) ;
#2154 = CARTESIAN_POINT ( 'NONE',  ( 1.500000000000000000, 1.650000000000000355, -0.5000000000000000000 ) ) ;
#2155 = DIRECTION ( 'NONE',  ( -0.000000000000000000, -1.000000000000000000, 0.000000000000000000 ) ) ;
#2156 = DIRECTION ( 'NONE',  ( 0.000000000000000000, 0.000000000000000000, -1.000000000000000000 ) ) ;
#2157 = EDGE_CURVE ( 'NONE', #1811, #3470, #4300, .T. ) ;
#2158 = ORIENTED_EDGE ( 'NONE', *, *, #4312, .F. ) ;
#2159 = FACE_OUTER_BOUND ( 'NONE', #56, .T. ) ;
#2160 = CARTESIAN_POINT ( 'NONE',  ( -1.500000000000000000, 0.000000000000000000, -0.5000000000000000000 ) ) ;
#2161 = DIRECTION ( 'NONE',  ( -1.000000000000000000, 0.000000000000000000, 0.000000000000000000 ) ) ;
#2162 = EDGE_LOOP ( 'NONE', ( #3642, #2631, #621, #3349 ) ) ;
#2163 = DIRECTION ( 'NONE',  ( 2.532041056836033454E-16, 0.000000000000000000, -1.000000000000000000 ) ) ;
#2164 = AXIS2_PLACEMENT_3D ( 'NONE', #3778, #1550, #3806 ) ;
#2165 = VECTOR ( 'NONE', #833, 1000.000000000000000 ) ;
#2166 = ORIENTED_EDGE ( 'NONE', *, *, #2851, .F. ) ;
#2167 = DIRECTION ( 'NONE',  ( 0.000000000000000000, 0.000000000000000000, -1.000000000000000000 ) ) ;
#2168 = CIRCLE ( 'NONE', #2775, 0.2499999999999998890 ) ;
#2169 = ORIENTED_EDGE ( 'NONE', *, *, #4066, .F. ) ;
#2170 = CIRCLE ( 'NONE', #99, 0.04999999999999991257 ) ;
#2171 = ORIENTED_EDGE ( 'NONE', *, *, #3159, .T. ) ;
#2172 = LINE ( 'NONE', #4418, #142 ) ;
#2173 = AXIS2_PLACEMENT_3D ( 'NONE', #3346, #1877, #2572 ) ;
#2174 = AXIS2_PLACEMENT_3D ( 'NONE', #3673, #1094, #1842 ) ;
#2175 = ORIENTED_EDGE ( 'NONE', *, *, #4668, .F. ) ;
#2176 = CARTESIAN_POINT ( 'NONE',  ( -1.199999999999999512, 1.050000000000000044, 1.149999999999999911 ) ) ;
#2177 = AXIS2_PLACEMENT_3D ( 'NONE', #1357, #2096, #3975 ) ;
#2178 = AXIS2_PLACEMENT_3D ( 'NONE', #4072, #2211, #3678 ) ;
#2179 = ORIENTED_EDGE ( 'NONE', *, *, #4630, .T. ) ;
#2180 = DIRECTION ( 'NONE',  ( 0.000000000000000000, -1.000000000000000000, 0.000000000000000000 ) ) ;
#2181 = DIRECTION ( 'NONE',  ( -0.000000000000000000, -1.000000000000000000, -0.000000000000000000 ) ) ;
#2182 = ADVANCED_FACE ( 'NONE', ( #1716 ), #2729, .T. ) ;
#2183 = FACE_OUTER_BOUND ( 'NONE', #1367, .T. ) ;
#2184 = DIRECTION ( 'NONE',  ( 0.000000000000000000, -1.000000000000000000, 0.000000000000000000 ) ) ;
#2185 = FACE_OUTER_BOUND ( 'NONE', #1180, .T. ) ;
#2186 = ORIENTED_EDGE ( 'NONE', *, *, #1777, .F. ) ;
#2187 = CIRCLE ( 'NONE', #1648, 0.1749999999999998224 ) ;
#2188 = EDGE_CURVE ( 'NONE', #759, #3377, #4670, .T. ) ;
#2189 = DIRECTION ( 'NONE',  ( 0.000000000000000000, 0.000000000000000000, 1.000000000000000000 ) ) ;
#2190 = CARTESIAN_POINT ( 'NONE',  ( -1.599999999999999867, 0.4000000000000000222, 1.250000000000000000 ) ) ;
#2191 = VERTEX_POINT ( 'NONE', #2461 ) ;
#2192 = CARTESIAN_POINT ( 'NONE',  ( -1.599999999999999867, 0.000000000000000000, -1.250000000000000000 ) ) ;
#2193 = AXIS2_PLACEMENT_3D ( 'NONE', #2517, #4063, #666 ) ;
#2194 = ORIENTED_EDGE ( 'NONE', *, *, #2830, .F. ) ;
#2195 = DIRECTION ( 'NONE',  ( 0.000000000000000000, 1.000000000000000000, -0.000000000000000000 ) ) ;
#2196 = AXIS2_PLACEMENT_3D ( 'NONE', #219, #2137, #1285 ) ;
#2197 = EDGE_CURVE ( 'NONE', #4311, #1059, #1402, .T. ) ;
#2198 = ORIENTED_EDGE ( 'NONE', *, *, #4427, .T. ) ;
#2199 = ORIENTED_EDGE ( 'NONE', *, *, #4432, .F. ) ;
#2200 = CARTESIAN_POINT ( 'NONE',  ( 1.599999999999999867, 0.4000000000000000222, 1.250000000000000000 ) ) ;
#2201 = EDGE_LOOP ( 'NONE', ( #1922, #1145, #1828, #2950 ) ) ;
#2202 = DIRECTION ( 'NONE',  ( -0.000000000000000000, -1.000000000000000000, -0.000000000000000000 ) ) ;
#2203 = DIRECTION ( 'NONE',  ( 0.000000000000000000, 0.000000000000000000, 1.000000000000000000 ) ) ;
#2204 = CIRCLE ( 'NONE', #359, 0.04999999999999991257 ) ;
#2205 = CARTESIAN_POINT ( 'NONE',  ( 1.500000000000000000, 0.000000000000000000, 1.106385933836549151 ) ) ;
#2206 = DIRECTION ( 'NONE',  ( 0.000000000000000000, 0.000000000000000000, 1.000000000000000000 ) ) ;
#2207 = DIRECTION ( 'NONE',  ( 1.000000000000000000, 0.000000000000000000, 1.156482317317878391E-14 ) ) ;
#2208 = DIRECTION ( 'NONE',  ( 0.000000000000000000, 0.000000000000000000, 1.000000000000000000 ) ) ;
#2209 = ORIENTED_EDGE ( 'NONE', *, *, #2059, .T. ) ;
#2210 = EDGE_CURVE ( 'NONE', #2055, #4293, #632, .T. ) ;
#2211 = DIRECTION ( 'NONE',  ( 0.000000000000000000, 0.000000000000000000, 1.000000000000000000 ) ) ;
#2212 = CARTESIAN_POINT ( 'NONE',  ( 0.6000000000000000888, 0.4000000000000000222, 0.5000000000000000000 ) ) ;
#2213 = CARTESIAN_POINT ( 'NONE',  ( 1.425000000000000044, 0.000000000000000000, -1.249999999999999112 ) ) ;
#2214 = AXIS2_PLACEMENT_3D ( 'NONE', #156, #423, #1609 ) ;
#2215 = CYLINDRICAL_SURFACE ( 'NONE', #1943, 0.1999999999999999833 ) ;
#2216 = VERTEX_POINT ( 'NONE', #1740 ) ;
#2217 = CARTESIAN_POINT ( 'NONE',  ( 1.199999999999999734, 1.100000000000000089, -1.050000000000000044 ) ) ;
#2218 = ADVANCED_FACE ( 'NONE', ( #2394 ), #3207, .F. ) ;
#2219 = VERTEX_POINT ( 'NONE', #3140 ) ;
#2220 = EDGE_CURVE ( 'NONE', #916, #1081, #2187, .T. ) ;
#2221 = AXIS2_PLACEMENT_3D ( 'NONE', #3264, #3312, #428 ) ;
#2222 = ORIENTED_EDGE ( 'NONE', *, *, #3713, .F. ) ;
#2223 = VECTOR ( 'NONE', #4518, 1000.000000000000000 ) ;
#2224 = VERTEX_POINT ( 'NONE', #2419 ) ;
#2225 = FACE_OUTER_BOUND ( 'NONE', #1321, .T. ) ;
#2226 = ORIENTED_EDGE ( 'NONE', *, *, #109, .F. ) ;
#2227 = LINE ( 'NONE', #38, #1354 ) ;
#2228 = EDGE_CURVE ( 'NONE', #4438, #2219, #3890, .T. ) ;
#2229 = ORIENTED_EDGE ( 'NONE', *, *, #1471, .T. ) ;
#2230 = LINE ( 'NONE', #3263, #430 ) ;
#2231 = LINE ( 'NONE', #3695, #3524 ) ;
#2232 = EDGE_CURVE ( 'NONE', #2758, #3151, #1589, .T. ) ;
#2233 = CARTESIAN_POINT ( 'NONE',  ( -1.456385933836549018, 1.650000000000000355, 1.149999999999999689 ) ) ;
#2234 = DIRECTION ( 'NONE',  ( 5.782411586589291769E-15, 0.000000000000000000, -1.000000000000000000 ) ) ;
#2235 = ORIENTED_EDGE ( 'NONE', *, *, #2070, .F. ) ;
#2236 = EDGE_CURVE ( 'NONE', #1850, #1879, #4347, .T. ) ;
#2237 = DIRECTION ( 'NONE',  ( -1.000000000000000000, -0.000000000000000000, -2.532041056836032961E-16 ) ) ;
#2238 = CARTESIAN_POINT ( 'NONE',  ( 1.199999999999999734, 1.050000000000000044, -1.100000000000000089 ) ) ;
#2239 = CARTESIAN_POINT ( 'NONE',  ( 1.199999999999999734, 1.050000000000000044, 1.149999999999999689 ) ) ;
#2240 = ORIENTED_EDGE ( 'NONE', *, *, #4367, .F. ) ;
#2241 = ORIENTED_EDGE ( 'NONE', *, *, #952, .F. ) ;
#2242 = STYLED_ITEM ( 'NONE', ( #4591 ), #39 ) ;
#2243 = DIRECTION ( 'NONE',  ( 0.000000000000000000, 0.000000000000000000, -1.000000000000000000 ) ) ;
#2244 = AXIS2_PLACEMENT_3D ( 'NONE', #3237, #4725, #2753 ) ;
#2245 = LINE ( 'NONE', #2320, #3527 ) ;
#2246 = AXIS2_PLACEMENT_3D ( 'NONE', #2837, #4318, #1304 ) ;
#2247 = ORIENTED_EDGE ( 'NONE', *, *, #1889, .T. ) ;
#2248 = LINE ( 'NONE', #3718, #3751 ) ;
#2249 = CIRCLE ( 'NONE', #3168, 0.2000000000000002054 ) ;
#2250 = EDGE_CURVE ( 'NONE', #3464, #3083, #2839, .T. ) ;
#2251 = ORIENTED_EDGE ( 'NONE', *, *, #4704, .F. ) ;
#2252 = CARTESIAN_POINT ( 'NONE',  ( -1.600000000000000311, 0.9000000000000000222, -0.4000000000000000222 ) ) ;
#2253 = VECTOR ( 'NONE', #2189, 1000.000000000000000 ) ;
#2254 = CARTESIAN_POINT ( 'NONE',  ( 1.599999999999999867, 0.4000000000000000222, 1.074999999999999956 ) ) ;
#2255 = CARTESIAN_POINT ( 'NONE',  ( -1.399999999999999467, 1.199999999999999956, 0.8499999999999999778 ) ) ;
#2256 = ADVANCED_FACE ( 'NONE', ( #4763 ), #660, .F. ) ;
#2257 = VECTOR ( 'NONE', #326, 1000.000000000000000 ) ;
#2258 = AXIS2_PLACEMENT_3D ( 'NONE', #2871, #1139, #432 ) ;
#2259 = AXIS2_PLACEMENT_3D ( 'NONE', #1043, #3692, #2516 ) ;
#2260 = DIRECTION ( 'NONE',  ( -0.000000000000000000, -1.000000000000000000, -0.000000000000000000 ) ) ;
#2261 = VECTOR ( 'NONE', #250, 1000.000000000000000 ) ;
#2262 =( NAMED_UNIT ( * ) PLANE_ANGLE_UNIT ( ) SI_UNIT ( $, .RADIAN. ) );
#2263 = CARTESIAN_POINT ( 'NONE',  ( -1.599999999999999867, 0.4000000000000000222, -1.074999999999999512 ) ) ;
#2264 = DIRECTION ( 'NONE',  ( 0.000000000000000000, -1.000000000000000000, 0.000000000000000000 ) ) ;
#2265 =( NAMED_UNIT ( * ) PLANE_ANGLE_UNIT ( ) SI_UNIT ( $, .RADIAN. ) );
#2266 = DIRECTION ( 'NONE',  ( 0.000000000000000000, -1.000000000000000000, 0.000000000000000000 ) ) ;
#2267 = CARTESIAN_POINT ( 'NONE',  ( 1.456385933836549018, 0.000000000000000000, -1.150000000000000133 ) ) ;
#2268 = VERTEX_POINT ( 'NONE', #4744 ) ;
#2269 = ORIENTED_EDGE ( 'NONE', *, *, #2188, .T. ) ;
#2270 = AXIS2_PLACEMENT_3D ( 'NONE', #474, #497, #1963 ) ;
#2271 = ORIENTED_EDGE ( 'NONE', *, *, #4337, .F. ) ;
#2272 = CARTESIAN_POINT ( 'NONE',  ( 1.599999999999999867, 0.9000000000000000222, 0.000000000000000000 ) ) ;
#2273 = ORIENTED_EDGE ( 'NONE', *, *, #1237, .F. ) ;
#2274 = DIRECTION ( 'NONE',  ( 0.000000000000000000, 0.000000000000000000, -1.000000000000000000 ) ) ;
#2275 = ORIENTED_EDGE ( 'NONE', *, *, #1522, .F. ) ;
#2276 = CARTESIAN_POINT ( 'NONE',  ( -1.600000000000000311, 0.9000000000000000222, 0.000000000000000000 ) ) ;
#2277 = VECTOR ( 'NONE', #1576, 1000.000000000000000 ) ;
#2278 = ORIENTED_EDGE ( 'NONE', *, *, #1503, .T. ) ;
#2279 = CYLINDRICAL_SURFACE ( 'NONE', #1631, 0.04999999999999991257 ) ;
#2280 = DIRECTION ( 'NONE',  ( 0.000000000000000000, 0.000000000000000000, -1.000000000000000000 ) ) ;
#2281 = VECTOR ( 'NONE', #294, 1000.000000000000000 ) ;
#2282 = CARTESIAN_POINT ( 'NONE',  ( -1.199999999999999512, 1.100000000000000089, 0.8499999999999999778 ) ) ;
#2283 = CARTESIAN_POINT ( 'NONE',  ( -0.5999999999999998668, 0.4000000000000000222, 1.149999999999999911 ) ) ;
#2284 = ADVANCED_FACE ( 'NONE', ( #7 ), #2148, .T. ) ;
#2285 = ADVANCED_FACE ( 'NONE', ( #2225 ), #1080, .F. ) ;
#2286 = CARTESIAN_POINT ( 'NONE',  ( 0.5999999999999998668, 0.000000000000000000, 1.149999999999999911 ) ) ;
#2287 = DIRECTION ( 'NONE',  ( 0.000000000000000000, 0.000000000000000000, 1.000000000000000000 ) ) ;
#2288 = CARTESIAN_POINT ( 'NONE',  ( 1.600000000000000311, 0.000000000000000000, -1.074999999999999067 ) ) ;
#2289 = CARTESIAN_POINT ( 'NONE',  ( 1.599999999999999867, 0.000000000000000000, 1.250000000000000000 ) ) ;
#2290 = ORIENTED_EDGE ( 'NONE', *, *, #2862, .T. ) ;
#2291 = EDGE_LOOP ( 'NONE', ( #3132, #2739, #59, #3474, #926, #1000, #3252, #2781, #2350, #3904 ) ) ;
#2292 = AXIS2_PLACEMENT_3D ( 'NONE', #2841, #4255, #4322 ) ;
#2293 = ORIENTED_EDGE ( 'NONE', *, *, #2568, .T. ) ;
#2294 = ORIENTED_EDGE ( 'NONE', *, *, #3676, .F. ) ;
#2295 = DIRECTION ( 'NONE',  ( -0.000000000000000000, -1.000000000000000000, -0.000000000000000000 ) ) ;
#2296 = ORIENTED_EDGE ( 'NONE', *, *, #4513, .F. ) ;
#2297 = DIRECTION ( 'NONE',  ( 0.000000000000000000, 0.000000000000000000, -1.000000000000000000 ) ) ;
#2298 = AXIS2_PLACEMENT_3D ( 'NONE', #2463, #3505, #2058 ) ;
#2299 = EDGE_CURVE ( 'NONE', #823, #2935, #3435, .T. ) ;
#2300 = ORIENTED_EDGE ( 'NONE', *, *, #1088, .T. ) ;
#2301 = DIRECTION ( 'NONE',  ( -1.000000000000000000, 0.000000000000000000, -0.000000000000000000 ) ) ;
#2302 = LINE ( 'NONE', #2615, #1959 ) ;
#2303 = PRESENTATION_STYLE_ASSIGNMENT (( #2327 ) ) ;
#2304 = ADVANCED_FACE ( 'NONE', ( #4320 ), #1039, .F. ) ;
#2305 = EDGE_CURVE ( 'NONE', #3057, #2343, #2129, .T. ) ;
#2306 = CARTESIAN_POINT ( 'NONE',  ( -1.599999999999999867, 0.4000000000000000222, -1.250000000000000000 ) ) ;
#2307 = FACE_OUTER_BOUND ( 'NONE', #4687, .T. ) ;
#2308 = SURFACE_SIDE_STYLE ('',( #1520 ) ) ;
#2309 = FILL_AREA_STYLE_COLOUR ( '', #3329 ) ;
#2310 = LINE ( 'NONE', #3828, #2882 ) ;
#2311 = CARTESIAN_POINT ( 'NONE',  ( -1.600000000000000311, 0.000000000000000000, -0.000000000000000000 ) ) ;
#2312 = PLANE ( 'NONE',  #2164 ) ;
#2313 = CARTESIAN_POINT ( 'NONE',  ( 1.424999999999999822, 0.000000000000000000, 1.250000000000000000 ) ) ;
#2314 = SURFACE_STYLE_USAGE ( .BOTH. , #2980 ) ;
#2315 = ORIENTED_EDGE ( 'NONE', *, *, #1380, .T. ) ;
#2316 = ORIENTED_EDGE ( 'NONE', *, *, #1070, .F. ) ;
#2317 = ADVANCED_FACE ( 'NONE', ( #1460 ), #1015, .F. ) ;
#2318 = EDGE_LOOP ( 'NONE', ( #678, #4246, #35, #2651 ) ) ;
#2319 = VERTEX_POINT ( 'NONE', #683 ) ;
#2320 = CARTESIAN_POINT ( 'NONE',  ( 1.399999999999999689, 1.100000000000000089, 0.8499999999999999778 ) ) ;
#2321 = ORIENTED_EDGE ( 'NONE', *, *, #2592, .T. ) ;
#2322 = DIRECTION ( 'NONE',  ( 0.000000000000000000, 0.000000000000000000, -1.000000000000000000 ) ) ;
#2323 = ORIENTED_EDGE ( 'NONE', *, *, #4139, .T. ) ;
#2324 = DIRECTION ( 'NONE',  ( -1.000000000000000000, 0.000000000000000000, 3.336006684570783101E-16 ) ) ;
#2325 = CARTESIAN_POINT ( 'NONE',  ( -0.5999999999999998668, 0.000000000000000000, 1.149999999999999911 ) ) ;
#2326 = ORIENTED_EDGE ( 'NONE', *, *, #3773, .T. ) ;
#2327 = SURFACE_STYLE_USAGE ( .BOTH. , #521 ) ;
#2328 = VECTOR ( 'NONE', #4098, 1000.000000000000000 ) ;
#2329 = VECTOR ( 'NONE', #1693, 1000.000000000000000 ) ;
#2330 = VECTOR ( 'NONE', #2629, 1000.000000000000000 ) ;
#2331 = EDGE_CURVE ( 'NONE', #2990, #3978, #55, .T. ) ;
#2332 = DIRECTION ( 'NONE',  ( 4.818676322157796389E-16, -0.000000000000000000, 1.000000000000000000 ) ) ;
#2333 = VECTOR ( 'NONE', #246, 1000.000000000000000 ) ;
#2334 = FACE_OUTER_BOUND ( 'NONE', #4466, .T. ) ;
#2335 = VECTOR ( 'NONE', #386, 1000.000000000000000 ) ;
#2336 = VECTOR ( 'NONE', #3385, 1000.000000000000000 ) ;
#2337 = CIRCLE ( 'NONE', #1475, 0.04999999999999991257 ) ;
#2338 = VECTOR ( 'NONE', #1691, 1000.000000000000000 ) ;
#2339 = EDGE_CURVE ( 'NONE', #889, #184, #2172, .T. ) ;
#2340 = CARTESIAN_POINT ( 'NONE',  ( 1.199999999999999734, 1.050000000000000044, -0.8499999999999999778 ) ) ;
#2341 = PLANE ( 'NONE',  #810 ) ;
#2342 = ORIENTED_EDGE ( 'NONE', *, *, #2726, .T. ) ;
#2343 = VERTEX_POINT ( 'NONE', #1413 ) ;
#2344 = ORIENTED_EDGE ( 'NONE', *, *, #1288, .T. ) ;
#2345 = ORIENTED_EDGE ( 'NONE', *, *, #4071, .F. ) ;
#2346 = DIRECTION ( 'NONE',  ( 0.000000000000000000, 0.000000000000000000, 1.000000000000000000 ) ) ;
#2347 = ORIENTED_EDGE ( 'NONE', *, *, #952, .T. ) ;
#2348 = LINE ( 'NONE', #3378, #2135 ) ;
#2349 = EDGE_CURVE ( 'NONE', #11, #1956, #4369, .T. ) ;
#2350 = ORIENTED_EDGE ( 'NONE', *, *, #725, .T. ) ;
#2351 = CARTESIAN_POINT ( 'NONE',  ( 1.500000000000000000, 0.000000000000000000, 0.5000000000000000000 ) ) ;
#2352 = CARTESIAN_POINT ( 'NONE',  ( -0.8000000000000000444, 0.4000000000000000222, 0.5000000000000000000 ) ) ;
#2353 = CARTESIAN_POINT ( 'NONE',  ( -1.199999999999999512, 1.199999999999999956, 0.8499999999999999778 ) ) ;
#2354 = CIRCLE ( 'NONE', #2656, 0.1750000000000004607 ) ;
#2355 = DIRECTION ( 'NONE',  ( 0.000000000000000000, 1.000000000000000000, 0.000000000000000000 ) ) ;
#2356 = FACE_OUTER_BOUND ( 'NONE', #3182, .T. ) ;
#2357 = DIRECTION ( 'NONE',  ( -0.000000000000000000, -1.000000000000000000, -0.000000000000000000 ) ) ;
#2358 = SURFACE_SIDE_STYLE ('',( #1259 ) ) ;
#2359 = DIRECTION ( 'NONE',  ( 0.000000000000000000, 0.000000000000000000, -1.000000000000000000 ) ) ;
#2360 = EDGE_CURVE ( 'NONE', #1273, #534, #1118, .T. ) ;
#2361 = VECTOR ( 'NONE', #728, 1000.000000000000000 ) ;
#2362 = LINE ( 'NONE', #4203, #1330 ) ;
#2363 = VECTOR ( 'NONE', #3630, 1000.000000000000000 ) ;
#2364 = ORIENTED_EDGE ( 'NONE', *, *, #447, .T. ) ;
#2365 = EDGE_CURVE ( 'NONE', #3535, #1754, #4004, .T. ) ;
#2366 = PRODUCT_DEFINITION_CONTEXT ( 'detailed design', #4270, 'design' ) ;
#2367 = DIRECTION ( 'NONE',  ( -1.000000000000000000, 0.000000000000000000, -0.000000000000000000 ) ) ;
#2368 = EDGE_CURVE ( 'NONE', #1819, #4, #395, .T. ) ;
#2369 = DIRECTION ( 'NONE',  ( -1.156482317317878391E-14, 0.000000000000000000, -1.000000000000000000 ) ) ;
#2370 = ORIENTED_EDGE ( 'NONE', *, *, #3357, .F. ) ;
#2371 = LINE ( 'NONE', #4294, #212 ) ;
#2372 = DIRECTION ( 'NONE',  ( 0.000000000000000000, -1.000000000000000000, 0.000000000000000000 ) ) ;
#2373 = ORIENTED_EDGE ( 'NONE', *, *, #2151, .F. ) ;
#2374 = CARTESIAN_POINT ( 'NONE',  ( -1.599999999999999867, 0.000000000000000000, -1.250000000000000000 ) ) ;
#2375 = EDGE_CURVE ( 'NONE', #147, #1215, #358, .T. ) ;
#2376 = FACE_OUTER_BOUND ( 'NONE', #1885, .T. ) ;
#2377 = EDGE_LOOP ( 'NONE', ( #315, #1486, #439, #3831, #4229, #1224, #3225, #4003, #53 ) ) ;
#2378 = SURFACE_STYLE_FILL_AREA ( #65 ) ;
#2379 = EDGE_CURVE ( 'NONE', #1512, #1081, #4445, .T. ) ;
#2380 = CARTESIAN_POINT ( 'NONE',  ( -0.5999999999999998668, 0.4000000000000000222, 1.149999999999999911 ) ) ;
#2381 = CARTESIAN_POINT ( 'NONE',  ( 1.500000000000000000, 0.4000000000000000222, -0.5000000000000000000 ) ) ;
#2382 = EDGE_CURVE ( 'NONE', #2034, #4133, #2966, .T. ) ;
#2383 = DIRECTION ( 'NONE',  ( -0.000000000000000000, -1.000000000000000000, -0.000000000000000000 ) ) ;
#2384 = DIRECTION ( 'NONE',  ( -0.000000000000000000, 1.000000000000000000, -0.000000000000000000 ) ) ;
#2385 = CARTESIAN_POINT ( 'NONE',  ( -1.600000000000000311, 0.9000000000000000222, -1.149999999999999911 ) ) ;
#2386 = ORIENTED_EDGE ( 'NONE', *, *, #2532, .F. ) ;
#2387 = ORIENTED_EDGE ( 'NONE', *, *, #4147, .F. ) ;
#2388 = CARTESIAN_POINT ( 'NONE',  ( -1.599999999999999867, 0.000000000000000000, 1.250000000000000000 ) ) ;
#2389 = EDGE_CURVE ( 'NONE', #1843, #2034, #1955, .T. ) ;
#2390 = VERTEX_POINT ( 'NONE', #3007 ) ;
#2391 = CARTESIAN_POINT ( 'NONE',  ( 1.500000000000000000, 1.650000000000000355, 0.5000000000000000000 ) ) ;
#2392 = DIRECTION ( 'NONE',  ( 0.000000000000000000, 0.000000000000000000, -1.000000000000000000 ) ) ;
#2393 = EDGE_LOOP ( 'NONE', ( #4059, #1772, #1132, #3883, #1831, #1594 ) ) ;
#2394 = FACE_OUTER_BOUND ( 'NONE', #3261, .T. ) ;
#2395 = DIRECTION ( 'NONE',  ( -0.000000000000000000, 1.000000000000000000, 0.000000000000000000 ) ) ;
#2396 = AXIS2_PLACEMENT_3D ( 'NONE', #268, #1995, #3853 ) ;
#2397 = EDGE_CURVE ( 'NONE', #1964, #2911, #3376, .T. ) ;
#2398 = DIRECTION ( 'NONE',  ( -0.000000000000000000, -1.000000000000000000, 0.000000000000000000 ) ) ;
#2399 = DIRECTION ( 'NONE',  ( -0.000000000000000000, -0.000000000000000000, 1.000000000000000000 ) ) ;
#2400 = AXIS2_PLACEMENT_3D ( 'NONE', #2831, #361, #290 ) ;
#2401 = EDGE_CURVE ( 'NONE', #3640, #569, #2245, .T. ) ;
#2402 = AXIS2_PLACEMENT_3D ( 'NONE', #2447, #283, #576 ) ;
#2403 = FACE_OUTER_BOUND ( 'NONE', #1014, .T. ) ;
#2404 = AXIS2_PLACEMENT_3D ( 'NONE', #3495, #2369, #961 ) ;
#2405 = CARTESIAN_POINT ( 'NONE',  ( -1.399999999999999467, 1.100000000000000089, -0.8499999999999999778 ) ) ;
#2406 = DIRECTION ( 'NONE',  ( 0.000000000000000000, 0.000000000000000000, -1.000000000000000000 ) ) ;
#2407 = ORIENTED_EDGE ( 'NONE', *, *, #2228, .T. ) ;
#2408 = ORIENTED_EDGE ( 'NONE', *, *, #4404, .T. ) ;
#2409 = AXIS2_PLACEMENT_3D ( 'NONE', #2388, #2412, #3515 ) ;
#2410 = CIRCLE ( 'NONE', #3100, 0.1000000000000002554 ) ;
#2411 = SURFACE_STYLE_FILL_AREA ( #3130 ) ;
#2412 = DIRECTION ( 'NONE',  ( 0.000000000000000000, -1.000000000000000000, 0.000000000000000000 ) ) ;
#2413 = AXIS2_PLACEMENT_3D ( 'NONE', #1748, #2089, #2115 ) ;
#2414 = ORIENTED_EDGE ( 'NONE', *, *, #1349, .F. ) ;
#2415 = DIRECTION ( 'NONE',  ( 0.000000000000000000, -1.000000000000000000, 0.000000000000000000 ) ) ;
#2416 = VERTEX_POINT ( 'NONE', #4492 ) ;
#2417 = DIRECTION ( 'NONE',  ( -1.000000000000000000, 0.000000000000000000, -7.596123170508101842E-16 ) ) ;
#2418 = ORIENTED_EDGE ( 'NONE', *, *, #2987, .T. ) ;
#2419 = CARTESIAN_POINT ( 'NONE',  ( 1.499999999999999778, 0.000000000000000000, 1.250000000000000000 ) ) ;
#2420 = EDGE_LOOP ( 'NONE', ( #2076, #252, #4108, #321 ) ) ;
#2421 = DIRECTION ( 'NONE',  ( 0.000000000000000000, 0.000000000000000000, -1.000000000000000000 ) ) ;
#2422 = EDGE_CURVE ( 'NONE', #4336, #2533, #4134, .T. ) ;
#2423 = CARTESIAN_POINT ( 'NONE',  ( -1.199999999999999512, 1.199999999999999956, -1.050000000000000044 ) ) ;
#2424 = CARTESIAN_POINT ( 'NONE',  ( -1.199999999999999512, 1.100000000000000089, 1.049999999999999822 ) ) ;
#2425 = CIRCLE ( 'NONE', #45, 0.1750000000000000167 ) ;
#2426 = DIRECTION ( 'NONE',  ( -1.000000000000000000, 0.000000000000000000, -9.035018104045873159E-17 ) ) ;
#2427 = EDGE_CURVE ( 'NONE', #3283, #2069, #3763, .T. ) ;
#2428 = VECTOR ( 'NONE', #714, 1000.000000000000000 ) ;
#2429 = CARTESIAN_POINT ( 'NONE',  ( 1.599999999999999867, 0.3999999999999999667, 1.074999999999999956 ) ) ;
#2430 = FACE_OUTER_BOUND ( 'NONE', #4542, .T. ) ;
#2431 = ORIENTED_EDGE ( 'NONE', *, *, #3742, .F. ) ;
#2432 = EDGE_CURVE ( 'NONE', #3856, #3666, #78, .T. ) ;
#2433 = VERTEX_POINT ( 'NONE', #3788 ) ;
#2434 = CARTESIAN_POINT ( 'NONE',  ( 1.500000000000000000, 1.650000000000000355, 1.106385933836549151 ) ) ;
#2435 = ORIENTED_EDGE ( 'NONE', *, *, #2934, .F. ) ;
#2436 = DIRECTION ( 'NONE',  ( 0.000000000000000000, 0.000000000000000000, -1.000000000000000000 ) ) ;
#2437 = ORIENTED_EDGE ( 'NONE', *, *, #1950, .F. ) ;
#2438 = LINE ( 'NONE', #1707, #867 ) ;
#2439 = ORIENTED_EDGE ( 'NONE', *, *, #2824, .T. ) ;
#2440 = DIRECTION ( 'NONE',  ( 0.000000000000000000, -0.000000000000000000, 1.000000000000000000 ) ) ;
#2441 = ORIENTED_EDGE ( 'NONE', *, *, #2236, .F. ) ;
#2442 = CIRCLE ( 'NONE', #2214, 0.1410590277777777068 ) ;
#2443 = CARTESIAN_POINT ( 'NONE',  ( -1.600000000000000311, 0.9000000000000000222, 0.4000000000000000222 ) ) ;
#2444 = CARTESIAN_POINT ( 'NONE',  ( -1.456385933836549018, 0.000000000000000000, 1.149999999999999689 ) ) ;
#2445 = CARTESIAN_POINT ( 'NONE',  ( -0.5999999999999998668, 0.3999999999999999667, 1.149999999999999911 ) ) ;
#2446 = EDGE_CURVE ( 'NONE', #147, #1642, #869, .T. ) ;
#2447 = CARTESIAN_POINT ( 'NONE',  ( 1.599999999999999867, 0.3999999999999999667, 1.250000000000000000 ) ) ;
#2448 = LINE ( 'NONE', #1726, #2483 ) ;
#2449 = VECTOR ( 'NONE', #1149, 1000.000000000000000 ) ;
#2450 = DIRECTION ( 'NONE',  ( 0.000000000000000000, 0.000000000000000000, 1.000000000000000000 ) ) ;
#2451 = ORIENTED_EDGE ( 'NONE', *, *, #4011, .F. ) ;
#2452 = EDGE_CURVE ( 'NONE', #3948, #486, #490, .T. ) ;
#2453 = SURFACE_STYLE_FILL_AREA ( #1245 ) ;
#2454 = DIRECTION ( 'NONE',  ( 0.000000000000000000, -1.000000000000000000, 0.000000000000000000 ) ) ;
#2455 = CARTESIAN_POINT ( 'NONE',  ( -1.199999999999999512, 1.149999999999999911, -1.050000000000000044 ) ) ;
#2456 = ORIENTED_EDGE ( 'NONE', *, *, #3490, .T. ) ;
#2457 = DIRECTION ( 'NONE',  ( -0.000000000000000000, -1.000000000000000000, -0.000000000000000000 ) ) ;
#2458 = ORIENTED_EDGE ( 'NONE', *, *, #2620, .F. ) ;
#2459 = LINE ( 'NONE', #1641, #2261 ) ;
#2460 = VERTEX_POINT ( 'NONE', #2660 ) ;
#2461 = CARTESIAN_POINT ( 'NONE',  ( -1.500000000000000000, 0.4000000000000000222, -0.5000000000000000000 ) ) ;
#2462 = ORIENTED_EDGE ( 'NONE', *, *, #981, .F. ) ;
#2463 = CARTESIAN_POINT ( 'NONE',  ( -1.599999999999999867, 0.4000000000000000222, 1.250000000000000000 ) ) ;
#2464 = ORIENTED_EDGE ( 'NONE', *, *, #550, .T. ) ;
#2465 = CYLINDRICAL_SURFACE ( 'NONE', #1549, 0.1410590277777777068 ) ;
#2466 = CARTESIAN_POINT ( 'NONE',  ( 1.199999999999999734, 1.100000000000000089, 1.050000000000000044 ) ) ;
#2467 = DIRECTION ( 'NONE',  ( -0.000000000000000000, 1.000000000000000000, -0.000000000000000000 ) ) ;
#2468 = CYLINDRICAL_SURFACE ( 'NONE', #3877, 0.1750000000000000167 ) ;
#2469 = DIRECTION ( 'NONE',  ( -0.000000000000000000, -1.000000000000000000, -0.000000000000000000 ) ) ;
#2470 = ORIENTED_EDGE ( 'NONE', *, *, #1990, .F. ) ;
#2471 = AXIS2_PLACEMENT_3D ( 'NONE', #523, #113, #1163 ) ;
#2472 = EDGE_CURVE ( 'NONE', #3107, #4446, #3677, .T. ) ;
#2473 = FILL_AREA_STYLE ('',( #1404 ) ) ;
#2474 = DIRECTION ( 'NONE',  ( 0.000000000000000000, 0.000000000000000000, 1.000000000000000000 ) ) ;
#2475 = LINE ( 'NONE', #1428, #332 ) ;
#2476 = EDGE_LOOP ( 'NONE', ( #3594, #1407, #1042, #2767 ) ) ;
#2477 = CARTESIAN_POINT ( 'NONE',  ( -1.424999999999999822, 0.3999999999999999667, 1.249999999999999556 ) ) ;
#2478 = VERTEX_POINT ( 'NONE', #2701 ) ;
#2479 = CARTESIAN_POINT ( 'NONE',  ( 1.599999999999999867, 0.000000000000000000, 1.250000000000000000 ) ) ;
#2480 = AXIS2_PLACEMENT_3D ( 'NONE', #2614, #1564, #1537 ) ;
#2481 = CIRCLE ( 'NONE', #2859, 0.1999999999999999833 ) ;
#2482 = AXIS2_PLACEMENT_3D ( 'NONE', #2952, #2570, #4046 ) ;
#2483 = VECTOR ( 'NONE', #3125, 1000.000000000000000 ) ;
#2484 = ORIENTED_EDGE ( 'NONE', *, *, #4290, .F. ) ;
#2485 = ORIENTED_EDGE ( 'NONE', *, *, #1530, .T. ) ;
#2486 = DIRECTION ( 'NONE',  ( -0.000000000000000000, -1.000000000000000000, -0.000000000000000000 ) ) ;
#2487 = EDGE_LOOP ( 'NONE', ( #3699, #1078, #3906, #202 ) ) ;
#2488 = CARTESIAN_POINT ( 'NONE',  ( -1.500000000000000000, 0.000000000000000000, -1.106385933836548707 ) ) ;
#2489 = EDGE_CURVE ( 'NONE', #3392, #3068, #1197, .T. ) ;
#2490 = EDGE_CURVE ( 'NONE', #1128, #3390, #469, .T. ) ;
#2491 = ORIENTED_EDGE ( 'NONE', *, *, #3727, .T. ) ;
#2492 = CARTESIAN_POINT ( 'NONE',  ( 1.599999999999999867, 0.9000000000000000222, -1.149999999999999911 ) ) ;
#2493 = FACE_OUTER_BOUND ( 'NONE', #4106, .T. ) ;
#2494 = CIRCLE ( 'NONE', #3028, 0.1750000000000004607 ) ;
#2495 = LINE ( 'NONE', #3340, #2093 ) ;
#2496 = CARTESIAN_POINT ( 'NONE',  ( 1.399999999999999689, 1.100000000000000089, -0.8499999999999999778 ) ) ;
#2497 = ORIENTED_EDGE ( 'NONE', *, *, #1012, .T. ) ;
#2498 = CIRCLE ( 'NONE', #352, 0.1000000000000000472 ) ;
#2499 = CIRCLE ( 'NONE', #2799, 0.1000000000000001027 ) ;
#2500 = CARTESIAN_POINT ( 'NONE',  ( 1.599999999999999867, -1.250000000000000000, 1.250000000000000000 ) ) ;
#2501 = FACE_OUTER_BOUND ( 'NONE', #1628, .T. ) ;
#2502 = CARTESIAN_POINT ( 'NONE',  ( -1.021874999999999423, 1.149999999999999911, 0.7031249999999962252 ) ) ;
#2503 = VERTEX_POINT ( 'NONE', #4186 ) ;
#2504 = FACE_OUTER_BOUND ( 'NONE', #4252, .T. ) ;
#2505 = VERTEX_POINT ( 'NONE', #1489 ) ;
#2506 = CARTESIAN_POINT ( 'NONE',  ( -1.599999999999999867, 0.4000000000000000222, -1.250000000000000000 ) ) ;
#2507 = ADVANCED_FACE ( 'NONE', ( #2610 ), #2962, .T. ) ;
#2508 = AXIS2_PLACEMENT_3D ( 'NONE', #677, #2904, #4316 ) ;
#2509 = ORIENTED_EDGE ( 'NONE', *, *, #2080, .F. ) ;
#2510 = CARTESIAN_POINT ( 'NONE',  ( 1.599999999999999867, 0.4000000000000000222, -1.250000000000000000 ) ) ;
#2511 = ORIENTED_EDGE ( 'NONE', *, *, #4454, .F. ) ;
#2512 = FACE_OUTER_BOUND ( 'NONE', #1104, .T. ) ;
#2513 = EDGE_CURVE ( 'NONE', #2191, #3892, #1513, .T. ) ;
#2514 = EDGE_CURVE ( 'NONE', #1059, #3710, #4467, .T. ) ;
#2515 = VERTEX_POINT ( 'NONE', #4109 ) ;
#2516 = DIRECTION ( 'NONE',  ( -0.7071067811865477948, 0.000000000000000000, -0.7071067811865473507 ) ) ;
#2517 = CARTESIAN_POINT ( 'NONE',  ( 1.599999999999999867, 0.4000000000000000222, 1.250000000000000000 ) ) ;
#2518 = CARTESIAN_POINT ( 'NONE',  ( 1.456385933836549018, 0.3999999999999999667, -1.150000000000000133 ) ) ;
#2519 = EDGE_CURVE ( 'NONE', #3689, #2130, #3738, .T. ) ;
#2520 = CIRCLE ( 'NONE', #451, 0.1410590277777777068 ) ;
#2521 = LINE ( 'NONE', #2233, #4187 ) ;
#2522 = DIRECTION ( 'NONE',  ( 5.782411586589291769E-15, 0.000000000000000000, -1.000000000000000000 ) ) ;
#2523 = EDGE_LOOP ( 'NONE', ( #840, #3208, #1049, #1579 ) ) ;
#2524 = VECTOR ( 'NONE', #1688, 1000.000000000000000 ) ;
#2525 = SURFACE_SIDE_STYLE ('',( #1050 ) ) ;
#2526 = DIRECTION ( 'NONE',  ( 0.000000000000000000, 0.000000000000000000, 1.000000000000000000 ) ) ;
#2527 = FACE_OUTER_BOUND ( 'NONE', #20, .T. ) ;
#2528 = ORIENTED_EDGE ( 'NONE', *, *, #623, .F. ) ;
#2529 = CARTESIAN_POINT ( 'NONE',  ( -0.5999999999999998668, 1.650000000000000355, -1.149999999999999911 ) ) ;
#2530 = EDGE_LOOP ( 'NONE', ( #3545, #4299, #233, #3707 ) ) ;
#2531 = DIRECTION ( 'NONE',  ( 0.000000000000000000, 0.000000000000000000, 1.000000000000000000 ) ) ;
#2532 = EDGE_CURVE ( 'NONE', #3794, #3068, #1532, .T. ) ;
#2533 = VERTEX_POINT ( 'NONE', #963 ) ;
#2534 = DIRECTION ( 'NONE',  ( 3.336006684570783101E-16, 0.000000000000000000, -1.000000000000000000 ) ) ;
#2535 = EDGE_LOOP ( 'NONE', ( #2675, #4488, #2886, #875 ) ) ;
#2536 = DIRECTION ( 'NONE',  ( 0.000000000000000000, 0.000000000000000000, 1.000000000000000000 ) ) ;
#2537 = ORIENTED_EDGE ( 'NONE', *, *, #1588, .T. ) ;
#2538 = DIRECTION ( 'NONE',  ( -0.000000000000000000, -1.000000000000000000, -0.000000000000000000 ) ) ;
#2539 = DIRECTION ( 'NONE',  ( -0.000000000000000000, -1.000000000000000000, -0.000000000000000000 ) ) ;
#2540 = CARTESIAN_POINT ( 'NONE',  ( 1.499999999999999778, 0.9000000000000000222, 1.250000000000000000 ) ) ;
#2541 = DIRECTION ( 'NONE',  ( 0.000000000000000000, 0.000000000000000000, 1.000000000000000000 ) ) ;
#2542 = CARTESIAN_POINT ( 'NONE',  ( 1.599999999999999867, 0.4000000000000000222, 1.074999999999999956 ) ) ;
#2543 = ORIENTED_EDGE ( 'NONE', *, *, #1312, .F. ) ;
#2544 = ADVANCED_FACE ( 'NONE', ( #893 ), #911, .F. ) ;
#2545 = CARTESIAN_POINT ( 'NONE',  ( -1.499999999999999778, 1.650000000000000355, -1.250000000000000444 ) ) ;
#2546 = FACE_OUTER_BOUND ( 'NONE', #2577, .T. ) ;
#2547 = ORIENTED_EDGE ( 'NONE', *, *, #3210, .F. ) ;
#2548 = LINE ( 'NONE', #1033, #2363 ) ;
#2549 = COLOUR_RGB ( '',0.9686274509803921573, 0.8784313725490195957, 0.5999999999999999778 ) ;
#2550 = CIRCLE ( 'NONE', #4643, 0.1749999999999998224 ) ;
#2551 = ORIENTED_EDGE ( 'NONE', *, *, #4312, .T. ) ;
#2552 = DIRECTION ( 'NONE',  ( 0.000000000000000000, 0.000000000000000000, -1.000000000000000000 ) ) ;
#2553 = AXIS2_PLACEMENT_3D ( 'NONE', #4530, #2260, #86 ) ;
#2554 = ORIENTED_EDGE ( 'NONE', *, *, #547, .F. ) ;
#2555 = CIRCLE ( 'NONE', #2177, 0.1000000000000001027 ) ;
#2556 = CARTESIAN_POINT ( 'NONE',  ( -1.199999999999999289, 1.100000000000000089, 1.149999999999999911 ) ) ;
#2557 = ORIENTED_EDGE ( 'NONE', *, *, #199, .T. ) ;
#2558 = CARTESIAN_POINT ( 'NONE',  ( 0.5999999999999998668, 0.3999999999999999667, -1.149999999999999911 ) ) ;
#2559 = ADVANCED_FACE ( 'NONE', ( #248 ), #1269, .T. ) ;
#2560 =( GEOMETRIC_REPRESENTATION_CONTEXT ( 3 ) GLOBAL_UNCERTAINTY_ASSIGNED_CONTEXT ( ( #1243 ) ) GLOBAL_UNIT_ASSIGNED_CONTEXT ( ( #2601, #1168, #3705 ) ) REPRESENTATION_CONTEXT ( 'NONE', 'WORKASPACE' ) );
#2561 = VECTOR ( 'NONE', #835, 1000.000000000000000 ) ;
#2562 = CARTESIAN_POINT ( 'NONE',  ( 1.199999999999999734, 1.100000000000000089, 1.050000000000000044 ) ) ;
#2563 = CARTESIAN_POINT ( 'NONE',  ( -1.199999999999999512, 1.199999999999999956, -0.8499999999999999778 ) ) ;
#2564 = EDGE_CURVE ( 'NONE', #3514, #2503, #2204, .T. ) ;
#2565 = EDGE_CURVE ( 'NONE', #4370, #3491, #1999, .T. ) ;
#2566 = LINE ( 'NONE', #1793, #3940 ) ;
#2567 = DIRECTION ( 'NONE',  ( -0.000000000000000000, 1.000000000000000000, -0.000000000000000000 ) ) ;
#2568 = EDGE_CURVE ( 'NONE', #1608, #1665, #178, .T. ) ;
#2569 = ORIENTED_EDGE ( 'NONE', *, *, #339, .T. ) ;
#2570 = DIRECTION ( 'NONE',  ( 0.000000000000000000, -1.000000000000000000, 0.000000000000000000 ) ) ;
#2571 = EDGE_CURVE ( 'NONE', #1389, #2889, #2807, .T. ) ;
#2572 = DIRECTION ( 'NONE',  ( 0.000000000000000000, 0.000000000000000000, 1.000000000000000000 ) ) ;
#2573 = DIRECTION ( 'NONE',  ( 1.000000000000000000, 0.000000000000000000, -1.156482317317878391E-14 ) ) ;
#2574 = ORIENTED_EDGE ( 'NONE', *, *, #1018, .F. ) ;
#2575 = DIRECTION ( 'NONE',  ( 0.000000000000000000, 0.000000000000000000, -1.000000000000000000 ) ) ;
#2576 = VECTOR ( 'NONE', #1815, 1000.000000000000000 ) ;
#2577 = EDGE_LOOP ( 'NONE', ( #927, #2838, #1847, #2909 ) ) ;
#2578 = ADVANCED_FACE ( 'NONE', ( #4663 ), #1704, .F. ) ;
#2579 = ORIENTED_EDGE ( 'NONE', *, *, #880, .T. ) ;
#2580 = EDGE_CURVE ( 'NONE', #4416, #557, #1814, .T. ) ;
#2581 = DIRECTION ( 'NONE',  ( 0.000000000000000000, 0.000000000000000000, 1.000000000000000000 ) ) ;
#2582 = DIRECTION ( 'NONE',  ( -0.000000000000000000, 1.000000000000000000, -0.000000000000000000 ) ) ;
#2583 = ORIENTED_EDGE ( 'NONE', *, *, #1676, .T. ) ;
#2584 = DIRECTION ( 'NONE',  ( 0.000000000000000000, -1.000000000000000000, 0.000000000000000000 ) ) ;
#2585 = ORIENTED_EDGE ( 'NONE', *, *, #3982, .F. ) ;
#2586 = CARTESIAN_POINT ( 'NONE',  ( 1.599999999999999867, 1.650000000000000355, 1.149999999999999911 ) ) ;
#2587 = AXIS2_PLACEMENT_3D ( 'NONE', #1801, #4709, #316 ) ;
#2588 = CARTESIAN_POINT ( 'NONE',  ( 1.599999999999999867, 0.4000000000000000222, -1.250000000000000000 ) ) ;
#2589 = EDGE_CURVE ( 'NONE', #4336, #587, #3086, .T. ) ;
#2590 = CARTESIAN_POINT ( 'NONE',  ( -1.456385933836549018, 0.4000000000000000222, 1.149999999999999689 ) ) ;
#2591 = CYLINDRICAL_SURFACE ( 'NONE', #3555, 0.1000000000000000472 ) ;
#2592 = EDGE_CURVE ( 'NONE', #4544, #4693, #4601, .T. ) ;
#2593 = SURFACE_STYLE_USAGE ( .BOTH. , #2308 ) ;
#2594 = DIRECTION ( 'NONE',  ( 0.000000000000000000, 0.000000000000000000, 1.000000000000000000 ) ) ;
#2595 = EDGE_LOOP ( 'NONE', ( #2491, #298, #610, #604 ) ) ;
#2596 = VECTOR ( 'NONE', #1854, 1000.000000000000000 ) ;
#2597 = CARTESIAN_POINT ( 'NONE',  ( -0.5999999999999998668, 0.000000000000000000, 1.149999999999999911 ) ) ;
#2598 = CYLINDRICAL_SURFACE ( 'NONE', #4398, 0.1750000000000000167 ) ;
#2599 = LINE ( 'NONE', #4074, #1782 ) ;
#2600 = VECTOR ( 'NONE', #1491, 1000.000000000000000 ) ;
#2601 =( LENGTH_UNIT ( ) NAMED_UNIT ( * ) SI_UNIT ( .MILLI., .METRE. ) );
#2602 = VERTEX_POINT ( 'NONE', #228 ) ;
#2603 = LINE ( 'NONE', #1968, #1661 ) ;
#2604 = VERTEX_POINT ( 'NONE', #3857 ) ;
#2605 = AXIS2_PLACEMENT_3D ( 'NONE', #3018, #4216, #1934 ) ;
#2606 = ORIENTED_EDGE ( 'NONE', *, *, #1433, .F. ) ;
#2607 = EDGE_CURVE ( 'NONE', #2604, #2935, #207, .T. ) ;
#2608 = DIRECTION ( 'NONE',  ( -0.000000000000000000, -0.000000000000000000, -1.000000000000000000 ) ) ;
#2609 = ORIENTED_EDGE ( 'NONE', *, *, #2305, .T. ) ;
#2610 = FACE_OUTER_BOUND ( 'NONE', #4512, .T. ) ;
#2611 = ORIENTED_EDGE ( 'NONE', *, *, #162, .T. ) ;
#2612 = CARTESIAN_POINT ( 'NONE',  ( 0.6000000000000000888, 0.000000000000000000, 0.5000000000000000000 ) ) ;
#2613 = ORIENTED_EDGE ( 'NONE', *, *, #3542, .T. ) ;
#2614 = CARTESIAN_POINT ( 'NONE',  ( -1.599999999999999867, 1.650000000000000355, 1.074999999999999512 ) ) ;
#2615 = CARTESIAN_POINT ( 'NONE',  ( 1.424999999999999822, -1.250000000000000000, 1.250000000000000000 ) ) ;
#2616 = DIRECTION ( 'NONE',  ( 0.000000000000000000, 0.000000000000000000, 1.000000000000000000 ) ) ;
#2617 = FACE_OUTER_BOUND ( 'NONE', #4266, .T. ) ;
#2618 = CARTESIAN_POINT ( 'NONE',  ( 0.5999999999999998668, -1.250000000000000000, 1.149999999999999911 ) ) ;
#2619 = ORIENTED_EDGE ( 'NONE', *, *, #1028, .T. ) ;
#2620 = EDGE_CURVE ( 'NONE', #1638, #4438, #1971, .T. ) ;
#2621 = DIRECTION ( 'NONE',  ( 0.000000000000000000, -1.000000000000000000, 0.000000000000000000 ) ) ;
#2622 =( NAMED_UNIT ( * ) SI_UNIT ( $, .STERADIAN. ) SOLID_ANGLE_UNIT ( ) );
#2623 = DIRECTION ( 'NONE',  ( -5.782411586589291769E-15, 0.000000000000000000, 1.000000000000000000 ) ) ;
#2624 = CARTESIAN_POINT ( 'NONE',  ( 1.199999999999999734, 1.100000000000000089, 0.8499999999999999778 ) ) ;
#2625 = ORIENTED_EDGE ( 'NONE', *, *, #880, .F. ) ;
#2626 = ORIENTED_EDGE ( 'NONE', *, *, #2914, .F. ) ;
#2627 = EDGE_CURVE ( 'NONE', #3307, #540, #2371, .T. ) ;
#2628 = VERTEX_POINT ( 'NONE', #539 ) ;
#2629 = DIRECTION ( 'NONE',  ( 0.000000000000000000, -1.000000000000000000, 0.000000000000000000 ) ) ;
#2630 = CIRCLE ( 'NONE', #4324, 0.3000000000000000444 ) ;
#2631 = ORIENTED_EDGE ( 'NONE', *, *, #739, .T. ) ;
#2632 = CARTESIAN_POINT ( 'NONE',  ( -1.424999999999999822, 1.650000000000000355, 1.249999999999999556 ) ) ;
#2633 = EDGE_LOOP ( 'NONE', ( #3923, #565, #413, #80 ) ) ;
#2634 = CARTESIAN_POINT ( 'NONE',  ( -1.424999999999999822, 0.4000000000000000222, -1.249999999999999556 ) ) ;
#2635 = VECTOR ( 'NONE', #3826, 1000.000000000000000 ) ;
#2636 = ORIENTED_EDGE ( 'NONE', *, *, #434, .F. ) ;
#2637 = CARTESIAN_POINT ( 'NONE',  ( 0.6000000000000000888, 0.4000000000000000222, -0.5000000000000000000 ) ) ;
#2638 = ADVANCED_FACE ( 'NONE', ( #986 ), #3886, .F. ) ;
#2639 = DIRECTION ( 'NONE',  ( -0.000000000000000000, -1.000000000000000000, -0.000000000000000000 ) ) ;
#2640 = CARTESIAN_POINT ( 'NONE',  ( 1.199999999999999734, 1.100000000000000089, -1.050000000000000044 ) ) ;
#2641 = EDGE_CURVE ( 'NONE', #3093, #4619, #3835, .T. ) ;
#2642 = CARTESIAN_POINT ( 'NONE',  ( 1.199999999999999734, 1.100000000000000089, -1.149999999999999911 ) ) ;
#2643 = CARTESIAN_POINT ( 'NONE',  ( -1.399999999999999467, 0.9000000000000000222, -0.8499999999999999778 ) ) ;
#2644 = VECTOR ( 'NONE', #2552, 1000.000000000000000 ) ;
#2645 = FILL_AREA_STYLE ('',( #1571 ) ) ;
#2646 = LINE ( 'NONE', #882, #4407 ) ;
#2647 = DIRECTION ( 'NONE',  ( 3.336006684570783101E-16, 0.000000000000000000, -1.000000000000000000 ) ) ;
#2648 = CARTESIAN_POINT ( 'NONE',  ( 1.599999999999999867, 0.4000000000000000222, 1.250000000000000000 ) ) ;
#2649 = DIRECTION ( 'NONE',  ( 0.000000000000000000, 0.000000000000000000, -1.000000000000000000 ) ) ;
#2650 = EDGE_LOOP ( 'NONE', ( #4684, #2611, #3739, #3358 ) ) ;
#2651 = ORIENTED_EDGE ( 'NONE', *, *, #1805, .T. ) ;
#2652 = VECTOR ( 'NONE', #2280, 1000.000000000000000 ) ;
#2653 = PRODUCT ( 'ECS-TXO-3225MV-500-TR', 'ECS-TXO-3225MV-500-TR', '', ( #4633 ) ) ;
#2654 = UNCERTAINTY_MEASURE_WITH_UNIT (LENGTH_MEASURE( 1.000000000000000082E-05 ), #3769, 'distance_accuracy_value', 'NONE');
#2655 = EDGE_LOOP ( 'NONE', ( #3045, #417, #1424, #1219 ) ) ;
#2656 = AXIS2_PLACEMENT_3D ( 'NONE', #3616, #379, #2891 ) ;
#2657 = CARTESIAN_POINT ( 'NONE',  ( -1.449999999999999512, 1.050000000000000044, -0.8499999999999999778 ) ) ;
#2658 = ADVANCED_FACE ( 'NONE', ( #3928 ), #1314, .T. ) ;
#2659 = ORIENTED_EDGE ( 'NONE', *, *, #3126, .F. ) ;
#2660 = CARTESIAN_POINT ( 'NONE',  ( 1.199999999999999734, 0.9000000000000000222, -1.050000000000000044 ) ) ;
#2661 = ORIENTED_EDGE ( 'NONE', *, *, #3658, .T. ) ;
#2662 = DIRECTION ( 'NONE',  ( 0.000000000000000000, 0.000000000000000000, 1.000000000000000000 ) ) ;
#2663 = AXIS2_PLACEMENT_3D ( 'NONE', #978, #2778, #2450 ) ;
#2664 = CARTESIAN_POINT ( 'NONE',  ( 1.456385933836549018, 0.000000000000000000, 1.150000000000000133 ) ) ;
#2665 = FACE_OUTER_BOUND ( 'NONE', #2162, .T. ) ;
#2666 = SURFACE_STYLE_USAGE ( .BOTH. , #2006 ) ;
#2667 = EDGE_CURVE ( 'NONE', #1890, #1679, #1430, .T. ) ;
#2668 = AXIS2_PLACEMENT_3D ( 'NONE', #4208, #3497, #3539 ) ;
#2669 = CARTESIAN_POINT ( 'NONE',  ( -0.6000000000000000888, 0.4000000000000000222, 0.6999999999999998446 ) ) ;
#2670 = EDGE_CURVE ( 'NONE', #2717, #1310, #3655, .T. ) ;
#2671 = DIRECTION ( 'NONE',  ( 0.000000000000000000, 0.000000000000000000, -1.000000000000000000 ) ) ;
#2672 = CARTESIAN_POINT ( 'NONE',  ( 0.5999999999999998668, 0.4000000000000000222, -1.149999999999999911 ) ) ;
#2673 = FACE_OUTER_BOUND ( 'NONE', #396, .T. ) ;
#2674 = ORIENTED_EDGE ( 'NONE', *, *, #3431, .F. ) ;
#2675 = ORIENTED_EDGE ( 'NONE', *, *, #1084, .F. ) ;
#2676 = VECTOR ( 'NONE', #1929, 1000.000000000000000 ) ;
#2677 = ORIENTED_EDGE ( 'NONE', *, *, #3773, .F. ) ;
#2678 = CARTESIAN_POINT ( 'NONE',  ( 1.499999999999999778, 0.9000000000000000222, -1.250000000000000000 ) ) ;
#2679 = EDGE_LOOP ( 'NONE', ( #1196, #422 ) ) ;
#2680 = DIRECTION ( 'NONE',  ( 0.000000000000000000, 0.000000000000000000, -1.000000000000000000 ) ) ;
#2681 = VERTEX_POINT ( 'NONE', #364 ) ;
#2682 = DIRECTION ( 'NONE',  ( 0.000000000000000000, 1.000000000000000000, 0.000000000000000000 ) ) ;
#2683 =( GEOMETRIC_REPRESENTATION_CONTEXT ( 3 ) GLOBAL_UNCERTAINTY_ASSIGNED_CONTEXT ( ( #2654 ) ) GLOBAL_UNIT_ASSIGNED_CONTEXT ( ( #3769, #3799, #1228 ) ) REPRESENTATION_CONTEXT ( 'NONE', 'WORKASPACE' ) );
#2684 = EDGE_CURVE ( 'NONE', #34, #4031, #131, .T. ) ;
#2685 = ORIENTED_EDGE ( 'NONE', *, *, #1223, .T. ) ;
#2686 = DIRECTION ( 'NONE',  ( -3.336006684570783101E-16, 0.000000000000000000, 1.000000000000000000 ) ) ;
#2687 = LINE ( 'NONE', #3360, #2795 ) ;
#2688 = CARTESIAN_POINT ( 'NONE',  ( -1.599999999999999867, 0.4000000000000000222, -1.074999999999999512 ) ) ;
#2689 = DIRECTION ( 'NONE',  ( -1.000000000000000000, -0.000000000000000000, -0.000000000000000000 ) ) ;
#2690 = DIRECTION ( 'NONE',  ( 0.000000000000000000, -0.000000000000000000, 1.000000000000000000 ) ) ;
#2691 = CARTESIAN_POINT ( 'NONE',  ( -1.599999999999999867, 0.000000000000000000, 1.074999999999999512 ) ) ;
#2692 = EDGE_CURVE ( 'NONE', #759, #508, #1773, .T. ) ;
#2693 = ORIENTED_EDGE ( 'NONE', *, *, #3532, .T. ) ;
#2694 = CARTESIAN_POINT ( 'NONE',  ( 1.424999999999999822, 0.4000000000000000222, 1.250000000000000000 ) ) ;
#2695 = EDGE_CURVE ( 'NONE', #3494, #1124, #4026, .T. ) ;
#2696 = ORIENTED_EDGE ( 'NONE', *, *, #2490, .F. ) ;
#2697 = ORIENTED_EDGE ( 'NONE', *, *, #1, .T. ) ;
#2698 = ORIENTED_EDGE ( 'NONE', *, *, #2774, .F. ) ;
#2699 = DIRECTION ( 'NONE',  ( 0.000000000000000000, -1.000000000000000000, 0.000000000000000000 ) ) ;
#2700 = EDGE_LOOP ( 'NONE', ( #2273, #3559, #3798, #278 ) ) ;
#2701 = CARTESIAN_POINT ( 'NONE',  ( -1.399999999999999467, 0.9000000000000000222, 0.8499999999999999778 ) ) ;
#2702 = CARTESIAN_POINT ( 'NONE',  ( -0.6000000000000000888, 1.650000000000000355, 0.6999999999999998446 ) ) ;
#2703 = ORIENTED_EDGE ( 'NONE', *, *, #3362, .T. ) ;
#2704 = DIRECTION ( 'NONE',  ( 0.000000000000000000, 0.000000000000000000, -1.000000000000000000 ) ) ;
#2705 = LINE ( 'NONE', #1911, #4592 ) ;
#2706 = EDGE_LOOP ( 'NONE', ( #2032, #3080, #1377, #3039 ) ) ;
#2707 = AXIS2_PLACEMENT_3D ( 'NONE', #3436, #1597, #1914 ) ;
#2708 = VECTOR ( 'NONE', #3115, 1000.000000000000000 ) ;
#2709 = PLANE ( 'NONE',  #325 ) ;
#2710 = FACE_OUTER_BOUND ( 'NONE', #2727, .T. ) ;
#2711 = PLANE ( 'NONE',  #4574 ) ;
#2712 = PLANE ( 'NONE',  #4184 ) ;
#2713 = AXIS2_PLACEMENT_3D ( 'NONE', #4423, #4767, #1813 ) ;
#2714 = VECTOR ( 'NONE', #1722, 1000.000000000000000 ) ;
#2715 = AXIS2_PLACEMENT_3D ( 'NONE', #91, #2264, #1548 ) ;
#2716 = AXIS2_PLACEMENT_3D ( 'NONE', #1057, #1804, #724 ) ;
#2717 = VERTEX_POINT ( 'NONE', #3567 ) ;
#2718 = CARTESIAN_POINT ( 'NONE',  ( -1.500000000000000000, 0.4000000000000000222, 1.106385933836548707 ) ) ;
#2719 = ORIENTED_EDGE ( 'NONE', *, *, #4288, .F. ) ;
#2720 = ORIENTED_EDGE ( 'NONE', *, *, #477, .T. ) ;
#2721 = CARTESIAN_POINT ( 'NONE',  ( 0.000000000000000000, 0.9000000000000000222, -1.250000000000000000 ) ) ;
#2722 = ORIENTED_EDGE ( 'NONE', *, *, #138, .F. ) ;
#2723 = DIRECTION ( 'NONE',  ( 0.000000000000000000, 0.000000000000000000, -1.000000000000000000 ) ) ;
#2724 = EDGE_CURVE ( 'NONE', #3124, #4205, #1578, .T. ) ;
#2725 = DIRECTION ( 'NONE',  ( -0.000000000000000000, 1.000000000000000000, -0.000000000000000000 ) ) ;
#2726 = EDGE_CURVE ( 'NONE', #3390, #1985, #4285, .T. ) ;
#2727 = EDGE_LOOP ( 'NONE', ( #2840, #37, #3055, #104, #964, #1384, #4035, #4296, #3462 ) ) ;
#2728 = CYLINDRICAL_SURFACE ( 'NONE', #3171, 0.1749999999999998224 ) ;
#2729 = PLANE ( 'NONE',  #578 ) ;
#2730 = CIRCLE ( 'NONE', #733, 0.3000000000000000444 ) ;
#2731 = DIRECTION ( 'NONE',  ( 0.000000000000000000, 0.000000000000000000, -1.000000000000000000 ) ) ;
#2732 = CIRCLE ( 'NONE', #2193, 0.1750000000000000167 ) ;
#2733 = EDGE_CURVE ( 'NONE', #517, #3392, #4342, .T. ) ;
#2734 = CARTESIAN_POINT ( 'NONE',  ( 1.399999999999999689, 1.149999999999999911, 0.8499999999999999778 ) ) ;
#2735 = CARTESIAN_POINT ( 'NONE',  ( -1.199999999999999512, 1.050000000000000044, 0.8499999999999999778 ) ) ;
#2736 = EDGE_CURVE ( 'NONE', #4594, #4773, #2928, .T. ) ;
#2737 = CARTESIAN_POINT ( 'NONE',  ( 1.599999999999999867, 1.650000000000000355, 1.074999999999999956 ) ) ;
#2738 = EDGE_LOOP ( 'NONE', ( #846, #392, #1767, #3001, #842, #4384 ) ) ;
#2739 = ORIENTED_EDGE ( 'NONE', *, *, #1711, .T. ) ;
#2740 = LINE ( 'NONE', #4225, #3548 ) ;
#2741 = LINE ( 'NONE', #3814, #2333 ) ;
#2742 = ORIENTED_EDGE ( 'NONE', *, *, #3431, .T. ) ;
#2743 = CARTESIAN_POINT ( 'NONE',  ( 1.450000000000000178, 1.050000000000000044, -0.8499999999999999778 ) ) ;
#2744 = DIRECTION ( 'NONE',  ( 7.596123170508101842E-16, 0.000000000000000000, -1.000000000000000000 ) ) ;
#2745 = ADVANCED_FACE ( 'NONE', ( #2142 ), #3590, .T. ) ;
#2746 = VECTOR ( 'NONE', #1222, 1000.000000000000000 ) ;
#2747 = ORIENTED_EDGE ( 'NONE', *, *, #977, .T. ) ;
#2748 = CARTESIAN_POINT ( 'NONE',  ( -1.600000000000000311, 0.9000000000000000222, 0.000000000000000000 ) ) ;
#2749 = FACE_OUTER_BOUND ( 'NONE', #3486, .T. ) ;
#2750 = CARTESIAN_POINT ( 'NONE',  ( 1.599999999999999867, 0.000000000000000000, -1.149999999999999911 ) ) ;
#2751 = CARTESIAN_POINT ( 'NONE',  ( 0.000000000000000000, 0.9000000000000000222, 0.000000000000000000 ) ) ;
#2752 = LINE ( 'NONE', #3578, #639 ) ;
#2753 = DIRECTION ( 'NONE',  ( 3.336006684570783101E-16, 0.000000000000000000, 1.000000000000000000 ) ) ;
#2754 = CARTESIAN_POINT ( 'NONE',  ( 1.199999999999999734, 1.100000000000000089, 0.8499999999999999778 ) ) ;
#2755 = LINE ( 'NONE', #242, #584 ) ;
#2756 = SHAPE_DEFINITION_REPRESENTATION ( #3728, #232 ) ;
#2757 = EDGE_LOOP ( 'NONE', ( #4265, #772, #1555, #771 ) ) ;
#2758 = VERTEX_POINT ( 'NONE', #3607 ) ;
#2759 = ORIENTED_EDGE ( 'NONE', *, *, #4710, .F. ) ;
#2760 = CARTESIAN_POINT ( 'NONE',  ( 1.500000000000000000, 0.3999999999999999667, 0.5000000000000000000 ) ) ;
#2761 = ORIENTED_EDGE ( 'NONE', *, *, #981, .T. ) ;
#2762 = CARTESIAN_POINT ( 'NONE',  ( 1.199999999999999734, 1.149999999999999911, 1.000000000000000000 ) ) ;
#2763 = CARTESIAN_POINT ( 'NONE',  ( -1.456385933836549018, 1.650000000000000355, 1.149999999999999689 ) ) ;
#2764 = EDGE_CURVE ( 'NONE', #3305, #2990, #3123, .T. ) ;
#2765 = ORIENTED_EDGE ( 'NONE', *, *, #4661, .T. ) ;
#2766 = LINE ( 'NONE', #915, #3498 ) ;
#2767 = ORIENTED_EDGE ( 'NONE', *, *, #1724, .T. ) ;
#2768 = CARTESIAN_POINT ( 'NONE',  ( 0.5999999999999998668, 0.4000000000000000222, -1.149999999999999911 ) ) ;
#2769 = DIRECTION ( 'NONE',  ( -1.000000000000000000, -0.000000000000000000, -0.000000000000000000 ) ) ;
#2770 = PLANE ( 'NONE',  #2119 ) ;
#2771 = PRESENTATION_LAYER_ASSIGNMENT (  '', '', ( #323 ) ) ;
#2772 = VECTOR ( 'NONE', #2426, 1000.000000000000000 ) ;
#2773 = LINE ( 'NONE', #240, #2772 ) ;
#2774 = EDGE_CURVE ( 'NONE', #1536, #557, #4411, .T. ) ;
#2775 = AXIS2_PLACEMENT_3D ( 'NONE', #811, #4504, #3770 ) ;
#2776 = VECTOR ( 'NONE', #205, 1000.000000000000000 ) ;
#2777 = DIRECTION ( 'NONE',  ( 0.000000000000000000, 0.000000000000000000, -1.000000000000000000 ) ) ;
#2778 = DIRECTION ( 'NONE',  ( -1.000000000000000000, 0.000000000000000000, 0.000000000000000000 ) ) ;
#2779 = CIRCLE ( 'NONE', #3558, 0.1410590277777777068 ) ;
#2780 = VERTEX_POINT ( 'NONE', #1102 ) ;
#2781 = ORIENTED_EDGE ( 'NONE', *, *, #572, .T. ) ;
#2782 = VECTOR ( 'NONE', #1799, 1000.000000000000000 ) ;
#2783 = VECTOR ( 'NONE', #3869, 1000.000000000000000 ) ;
#2784 = ORIENTED_EDGE ( 'NONE', *, *, #4464, .T. ) ;
#2785 = EDGE_CURVE ( 'NONE', #1008, #1062, #2098, .T. ) ;
#2786 = CARTESIAN_POINT ( 'NONE',  ( 1.599999999999999867, 0.9000000000000000222, -1.149999999999999911 ) ) ;
#2787 = ORIENTED_EDGE ( 'NONE', *, *, #2016, .F. ) ;
#2788 = DIRECTION ( 'NONE',  ( 1.000000000000000000, 0.000000000000000000, 0.000000000000000000 ) ) ;
#2789 = EDGE_CURVE ( 'NONE', #3948, #1306, #2548, .T. ) ;
#2790 = ORIENTED_EDGE ( 'NONE', *, *, #3802, .F. ) ;
#2791 = CARTESIAN_POINT ( 'NONE',  ( 1.499999999999999778, 1.100000000000000089, 0.8499999999999999778 ) ) ;
#2792 = ORIENTED_EDGE ( 'NONE', *, *, #1724, .F. ) ;
#2793 = DIRECTION ( 'NONE',  ( -0.000000000000000000, -1.000000000000000000, 0.000000000000000000 ) ) ;
#2794 = ADVANCED_FACE ( 'NONE', ( #2504 ), #1735, .F. ) ;
#2795 = VECTOR ( 'NONE', #1158, 1000.000000000000000 ) ;
#2796 = DIRECTION ( 'NONE',  ( -3.336006684570783101E-16, 0.000000000000000000, 1.000000000000000000 ) ) ;
#2797 = DIRECTION ( 'NONE',  ( 0.000000000000000000, 0.000000000000000000, 1.000000000000000000 ) ) ;
#2798 = LINE ( 'NONE', #3213, #4194 ) ;
#2799 = AXIS2_PLACEMENT_3D ( 'NONE', #4751, #3644, #354 ) ;
#2800 = CARTESIAN_POINT ( 'NONE',  ( -1.199999999999999512, 0.9000000000000000222, -0.8499999999999999778 ) ) ;
#2801 = EDGE_CURVE ( 'NONE', #247, #2515, #4685, .T. ) ;
#2802 = CIRCLE ( 'NONE', #959, 0.04999999999999991257 ) ;
#2803 = EDGE_CURVE ( 'NONE', #1586, #1629, #1005, .T. ) ;
#2804 = CARTESIAN_POINT ( 'NONE',  ( -1.599999999999999867, 0.3999999999999999667, 1.074999999999999512 ) ) ;
#2805 = DIRECTION ( 'NONE',  ( 0.000000000000000000, -1.000000000000000000, 0.000000000000000000 ) ) ;
#2806 = ORIENTED_EDGE ( 'NONE', *, *, #305, .F. ) ;
#2807 = CIRCLE ( 'NONE', #744, 0.05000000000000002359 ) ;
#2808 = CARTESIAN_POINT ( 'NONE',  ( 1.424999999999999822, 0.3999999999999999667, 1.250000000000000000 ) ) ;
#2809 = CARTESIAN_POINT ( 'NONE',  ( -1.199999999999999512, 1.149999999999999911, -0.8499999999999999778 ) ) ;
#2810 = PLANE ( 'NONE',  #3406 ) ;
#2811 = ORIENTED_EDGE ( 'NONE', *, *, #447, .F. ) ;
#2812 = DIRECTION ( 'NONE',  ( 0.000000000000000000, -1.000000000000000000, 0.000000000000000000 ) ) ;
#2813 = VERTEX_POINT ( 'NONE', #2123 ) ;
#2814 = CARTESIAN_POINT ( 'NONE',  ( 1.449999999999999734, 1.100000000000000089, 0.8499999999999999778 ) ) ;
#2815 = ORIENTED_EDGE ( 'NONE', *, *, #1610, .T. ) ;
#2816 = CARTESIAN_POINT ( 'NONE',  ( -0.5999999999999998668, 0.4000000000000000222, -1.149999999999999911 ) ) ;
#2817 = VERTEX_POINT ( 'NONE', #1755 ) ;
#2818 = CARTESIAN_POINT ( 'NONE',  ( 1.599999999999999867, 0.000000000000000000, 0.000000000000000000 ) ) ;
#2819 = VECTOR ( 'NONE', #2534, 1000.000000000000000 ) ;
#2820 = AXIS2_PLACEMENT_3D ( 'NONE', #1462, #2536, #397 ) ;
#2821 = DIRECTION ( 'NONE',  ( 0.000000000000000000, 0.000000000000000000, 1.000000000000000000 ) ) ;
#2822 = DIRECTION ( 'NONE',  ( 0.7071067811865473507, 0.000000000000000000, -0.7071067811865477948 ) ) ;
#2823 = DIRECTION ( 'NONE',  ( 0.000000000000000000, 0.000000000000000000, -1.000000000000000000 ) ) ;
#2824 = EDGE_CURVE ( 'NONE', #4293, #706, #1055, .T. ) ;
#2825 = EDGE_CURVE ( 'NONE', #2268, #2681, #2603, .T. ) ;
#2826 = AXIS2_PLACEMENT_3D ( 'NONE', #4197, #4578, #2731 ) ;
#2827 = FACE_OUTER_BOUND ( 'NONE', #2931, .T. ) ;
#2828 = DIRECTION ( 'NONE',  ( 0.000000000000000000, 1.000000000000000000, 0.000000000000000000 ) ) ;
#2829 = ORIENTED_EDGE ( 'NONE', *, *, #3994, .F. ) ;
#2830 = EDGE_CURVE ( 'NONE', #3491, #1972, #2310, .T. ) ;
#2831 = CARTESIAN_POINT ( 'NONE',  ( 0.5999999999999998668, 1.650000000000000355, 1.149999999999999911 ) ) ;
#2832 = LINE ( 'NONE', #4314, #100 ) ;
#2833 = DIRECTION ( 'NONE',  ( 0.000000000000000000, 0.000000000000000000, -1.000000000000000000 ) ) ;
#2834 = EDGE_LOOP ( 'NONE', ( #1851, #2792, #2408, #3706 ) ) ;
#2835 = DIRECTION ( 'NONE',  ( 0.000000000000000000, 0.000000000000000000, -1.000000000000000000 ) ) ;
#2836 = ORIENTED_EDGE ( 'NONE', *, *, #433, .F. ) ;
#2837 = CARTESIAN_POINT ( 'NONE',  ( -0.5999999999999998668, 1.650000000000000355, 1.149999999999999911 ) ) ;
#2838 = ORIENTED_EDGE ( 'NONE', *, *, #2305, .F. ) ;
#2839 = LINE ( 'NONE', #4391, #743 ) ;
#2840 = ORIENTED_EDGE ( 'NONE', *, *, #2627, .F. ) ;
#2841 = CARTESIAN_POINT ( 'NONE',  ( 1.199999999999999734, 1.199999999999999956, -0.8499999999999999778 ) ) ;
#2842 = LINE ( 'NONE', #1468, #792 ) ;
#2843 = CARTESIAN_POINT ( 'NONE',  ( -1.500000000000000000, 1.650000000000000355, -1.106385933836548707 ) ) ;
#2844 = ADVANCED_FACE ( 'NONE', ( #2334 ), #2013, .F. ) ;
#2845 = DIRECTION ( 'NONE',  ( 0.000000000000000000, 0.000000000000000000, 1.000000000000000000 ) ) ;
#2846 = LINE ( 'NONE', #976, #4412 ) ;
#2847 = EDGE_CURVE ( 'NONE', #1414, #1429, #1600, .T. ) ;
#2848 = LINE ( 'NONE', #3881, #120 ) ;
#2849 = AXIS2_PLACEMENT_3D ( 'NONE', #2018, #4657, #1695 ) ;
#2850 = ORIENTED_EDGE ( 'NONE', *, *, #1871, .F. ) ;
#2851 = EDGE_CURVE ( 'NONE', #2319, #2079, #3075, .T. ) ;
#2852 = DIRECTION ( 'NONE',  ( 1.000000000000000000, 0.000000000000000000, 0.000000000000000000 ) ) ;
#2853 = PLANE ( 'NONE',  #2022 ) ;
#2854 = ORIENTED_EDGE ( 'NONE', *, *, #494, .T. ) ;
#2855 = DIRECTION ( 'NONE',  ( 0.000000000000000000, -1.000000000000000000, 0.000000000000000000 ) ) ;
#2856 = VERTEX_POINT ( 'NONE', #1573 ) ;
#2857 = CARTESIAN_POINT ( 'NONE',  ( -1.500000000000000000, 0.000000000000000000, 0.5000000000000000000 ) ) ;
#2858 = VECTOR ( 'NONE', #1252, 1000.000000000000000 ) ;
#2859 = AXIS2_PLACEMENT_3D ( 'NONE', #1477, #1499, #2594 ) ;
#2860 = EDGE_CURVE ( 'NONE', #1394, #2460, #1620, .T. ) ;
#2861 = ORIENTED_EDGE ( 'NONE', *, *, #1689, .F. ) ;
#2862 = EDGE_CURVE ( 'NONE', #3691, #1850, #2012, .T. ) ;
#2863 = ORIENTED_EDGE ( 'NONE', *, *, #3647, .T. ) ;
#2864 = DIRECTION ( 'NONE',  ( 1.000000000000000000, 0.000000000000000000, 2.532041056836032961E-16 ) ) ;
#2865 = ORIENTED_EDGE ( 'NONE', *, *, #4501, .F. ) ;
#2866 = FACE_BOUND ( 'NONE', #4762, .T. ) ;
#2867 = CARTESIAN_POINT ( 'NONE',  ( 1.599999999999999867, 0.4000000000000000222, 1.250000000000000000 ) ) ;
#2868 = LINE ( 'NONE', #3723, #3553 ) ;
#2869 = VECTOR ( 'NONE', #3722, 1000.000000000000000 ) ;
#2870 = CARTESIAN_POINT ( 'NONE',  ( 1.599999999999999867, 0.000000000000000000, 0.2999999999999999334 ) ) ;
#2871 = CARTESIAN_POINT ( 'NONE',  ( -1.021874999999999423, 1.149999999999999911, 0.7031249999999962252 ) ) ;
#2872 = ORIENTED_EDGE ( 'NONE', *, *, #1509, .T. ) ;
#2873 = AXIS2_PLACEMENT_3D ( 'NONE', #2090, #4658, #3534 ) ;
#2874 = EDGE_CURVE ( 'NONE', #532, #2034, #551, .T. ) ;
#2875 = PLANE ( 'NONE',  #4730 ) ;
#2876 = ADVANCED_FACE ( 'NONE', ( #1234 ), #2712, .T. ) ;
#2877 = DIRECTION ( 'NONE',  ( -0.000000000000000000, -1.000000000000000000, -0.000000000000000000 ) ) ;
#2878 = ORIENTED_EDGE ( 'NONE', *, *, #3278, .T. ) ;
#2879 = DIRECTION ( 'NONE',  ( -0.000000000000000000, -1.000000000000000000, -0.000000000000000000 ) ) ;
#2880 = VERTEX_POINT ( 'NONE', #4586 ) ;
#2881 = CARTESIAN_POINT ( 'NONE',  ( -0.6000000000000000888, 1.650000000000000355, -0.5000000000000000000 ) ) ;
#2882 = VECTOR ( 'NONE', #853, 1000.000000000000000 ) ;
#2883 = ORIENTED_EDGE ( 'NONE', *, *, #2801, .F. ) ;
#2884 = EDGE_CURVE ( 'NONE', #319, #1890, #3482, .T. ) ;
#2885 = CARTESIAN_POINT ( 'NONE',  ( 1.349999999999999867, 1.149999999999999911, -0.8499999999999999778 ) ) ;
#2886 = ORIENTED_EDGE ( 'NONE', *, *, #2389, .T. ) ;
#2887 = DIRECTION ( 'NONE',  ( 1.000000000000000000, 0.000000000000000000, -2.532041056836032961E-16 ) ) ;
#2888 = EDGE_CURVE ( 'NONE', #3494, #3124, #2630, .T. ) ;
#2889 = VERTEX_POINT ( 'NONE', #528 ) ;
#2890 = CARTESIAN_POINT ( 'NONE',  ( 1.500000000000000444, 0.4000000000000000222, -1.106385933836548263 ) ) ;
#2891 = DIRECTION ( 'NONE',  ( 0.000000000000000000, 0.000000000000000000, 1.000000000000000000 ) ) ;
#2892 = CARTESIAN_POINT ( 'NONE',  ( -1.456385933836549018, 0.000000000000000000, 1.149999999999999689 ) ) ;
#2893 = AXIS2_PLACEMENT_3D ( 'NONE', #1041, #2584, #1856 ) ;
#2894 = CARTESIAN_POINT ( 'NONE',  ( 1.199999999999999734, 1.050000000000000044, -0.8499999999999999778 ) ) ;
#2895 = DIRECTION ( 'NONE',  ( -0.000000000000000000, -1.000000000000000000, 0.000000000000000000 ) ) ;
#2896 = VERTEX_POINT ( 'NONE', #1991 ) ;
#2897 = AXIS2_PLACEMENT_3D ( 'NONE', #3914, #2793, #2421 ) ;
#2898 = EDGE_CURVE ( 'NONE', #1307, #1679, #166, .T. ) ;
#2899 = VECTOR ( 'NONE', #4162, 1000.000000000000000 ) ;
#2900 = LINE ( 'NONE', #340, #4477 ) ;
#2901 = CARTESIAN_POINT ( 'NONE',  ( 1.500000000000000000, 0.4000000000000000222, 1.106385933836549151 ) ) ;
#2902 = PLANE ( 'NONE',  #3481 ) ;
#2903 = ORIENTED_EDGE ( 'NONE', *, *, #3493, .T. ) ;
#2904 = DIRECTION ( 'NONE',  ( 0.000000000000000000, 1.000000000000000000, 0.000000000000000000 ) ) ;
#2905 = ORIENTED_EDGE ( 'NONE', *, *, #4144, .F. ) ;
#2906 = LINE ( 'NONE', #3253, #3333 ) ;
#2907 = ORIENTED_EDGE ( 'NONE', *, *, #2785, .T. ) ;
#2908 = EDGE_CURVE ( 'NONE', #4205, #4547, #324, .T. ) ;
#2909 = ORIENTED_EDGE ( 'NONE', *, *, #1152, .T. ) ;
#2910 = DIRECTION ( 'NONE',  ( 0.000000000000000000, 0.000000000000000000, -1.000000000000000000 ) ) ;
#2911 = VERTEX_POINT ( 'NONE', #479 ) ;
#2912 = CARTESIAN_POINT ( 'NONE',  ( -1.199999999999999512, 1.050000000000000044, 1.149999999999999911 ) ) ;
#2913 = EDGE_CURVE ( 'NONE', #3640, #3885, #388, .T. ) ;
#2914 = EDGE_CURVE ( 'NONE', #2817, #1516, #1621, .T. ) ;
#2915 = ORIENTED_EDGE ( 'NONE', *, *, #4552, .F. ) ;
#2916 = DIRECTION ( 'NONE',  ( 0.000000000000000000, 1.000000000000000000, -0.000000000000000000 ) ) ;
#2917 = FACE_OUTER_BOUND ( 'NONE', #1606, .T. ) ;
#2918 = DIRECTION ( 'NONE',  ( -0.000000000000000000, -1.000000000000000000, -0.000000000000000000 ) ) ;
#2919 = CARTESIAN_POINT ( 'NONE',  ( 0.6000000000000000888, 1.650000000000000355, -0.5000000000000000000 ) ) ;
#2920 = LINE ( 'NONE', #3292, #3403 ) ;
#2921 = ADVANCED_FACE ( 'NONE', ( #1282 ), #3322, .T. ) ;
#2922 = EDGE_LOOP ( 'NONE', ( #3323, #2872, #3002, #4665 ) ) ;
#2923 = VECTOR ( 'NONE', #585, 1000.000000000000000 ) ;
#2924 = SURFACE_STYLE_USAGE ( .BOTH. , #3586 ) ;
#2925 = CARTESIAN_POINT ( 'NONE',  ( -1.599999999999999867, 0.3999999999999999667, -1.074999999999999512 ) ) ;
#2926 = DIRECTION ( 'NONE',  ( 0.000000000000000000, 0.000000000000000000, -1.000000000000000000 ) ) ;
#2927 = ORIENTED_EDGE ( 'NONE', *, *, #4019, .T. ) ;
#2928 = LINE ( 'NONE', #3955, #3198 ) ;
#2929 = CIRCLE ( 'NONE', #3552, 0.1750000000000000167 ) ;
#2930 = VECTOR ( 'NONE', #4356, 1000.000000000000000 ) ;
#2931 = EDGE_LOOP ( 'NONE', ( #3499, #940, #485, #1659 ) ) ;
#2932 = FACE_OUTER_BOUND ( 'NONE', #3664, .T. ) ;
#2933 = VECTOR ( 'NONE', #3720, 1000.000000000000000 ) ;
#2934 = EDGE_CURVE ( 'NONE', #486, #2813, #904, .T. ) ;
#2935 = VERTEX_POINT ( 'NONE', #1210 ) ;
#2936 = AXIS2_PLACEMENT_3D ( 'NONE', #2289, #4075, #3755 ) ;
#2937 = ORIENTED_EDGE ( 'NONE', *, *, #3210, .T. ) ;
#2938 = DIRECTION ( 'NONE',  ( 0.000000000000000000, -0.000000000000000000, 1.000000000000000000 ) ) ;
#2939 = VERTEX_POINT ( 'NONE', #2691 ) ;
#2940 = CARTESIAN_POINT ( 'NONE',  ( 1.199999999999999734, 1.199999999999999956, -0.8499999999999999778 ) ) ;
#2941 = CIRCLE ( 'NONE', #1246, 0.1750000000000000167 ) ;
#2942 = EDGE_CURVE ( 'NONE', #2813, #3470, #855, .T. ) ;
#2943 = EDGE_LOOP ( 'NONE', ( #4166, #3454, #696, #4696, #1075, #4346 ) ) ;
#2944 = CARTESIAN_POINT ( 'NONE',  ( -1.500000000000000000, 1.650000000000000355, 0.5000000000000000000 ) ) ;
#2945 = CARTESIAN_POINT ( 'NONE',  ( -0.6000000000000000888, 0.3999999999999999667, 0.6999999999999998446 ) ) ;
#2946 = ADVANCED_FACE ( 'NONE', ( #2493 ), #4654, .T. ) ;
#2947 = CARTESIAN_POINT ( 'NONE',  ( -1.199999999999999512, 1.100000000000000089, 0.8499999999999999778 ) ) ;
#2948 = FACE_OUTER_BOUND ( 'NONE', #4129, .T. ) ;
#2949 = CARTESIAN_POINT ( 'NONE',  ( 1.456385933836549018, 0.000000000000000000, -1.150000000000000133 ) ) ;
#2950 = ORIENTED_EDGE ( 'NONE', *, *, #2368, .F. ) ;
#2951 = PRODUCT_RELATED_PRODUCT_CATEGORY ( 'part', '', ( #2653 ) ) ;
#2952 = CARTESIAN_POINT ( 'NONE',  ( 1.599999999999999867, 0.000000000000000000, 1.250000000000000000 ) ) ;
#2953 = FACE_OUTER_BOUND ( 'NONE', #343, .T. ) ;
#2954 = LINE ( 'NONE', #3297, #3941 ) ;
#2955 =( LENGTH_UNIT ( ) NAMED_UNIT ( * ) SI_UNIT ( .MILLI., .METRE. ) );
#2956 = ORIENTED_EDGE ( 'NONE', *, *, #4139, .F. ) ;
#2957 = CARTESIAN_POINT ( 'NONE',  ( -1.199999999999999512, 1.050000000000000044, -0.8499999999999999778 ) ) ;
#2958 = VECTOR ( 'NONE', #1692, 1000.000000000000000 ) ;
#2959 = ORIENTED_EDGE ( 'NONE', *, *, #4532, .F. ) ;
#2960 = ORIENTED_EDGE ( 'NONE', *, *, #1212, .T. ) ;
#2961 = VERTEX_POINT ( 'NONE', #996 ) ;
#2962 = PLANE ( 'NONE',  #230 ) ;
#2963 = EDGE_LOOP ( 'NONE', ( #389, #3331, #76, #4732, #2464, #1170, #3995, #2551 ) ) ;
#2964 = CARTESIAN_POINT ( 'NONE',  ( 1.500000000000000000, 0.4000000000000000222, 1.106385933836549151 ) ) ;
#2965 = ORIENTED_EDGE ( 'NONE', *, *, #725, .F. ) ;
#2966 = CIRCLE ( 'NONE', #4440, 0.1750000000000000167 ) ;
#2967 = CARTESIAN_POINT ( 'NONE',  ( -1.199999999999999289, 0.9000000000000000222, 1.050000000000000044 ) ) ;
#2968 = DIRECTION ( 'NONE',  ( 0.000000000000000000, 0.000000000000000000, 1.000000000000000000 ) ) ;
#2969 = DIRECTION ( 'NONE',  ( 0.000000000000000000, 0.000000000000000000, 1.000000000000000000 ) ) ;
#2970 = DIRECTION ( 'NONE',  ( -1.000000000000000000, 0.000000000000000000, 9.035018104045874392E-17 ) ) ;
#2971 = EDGE_CURVE ( 'NONE', #4381, #3976, #1540, .T. ) ;
#2972 = FACE_OUTER_BOUND ( 'NONE', #4086, .T. ) ;
#2973 = CARTESIAN_POINT ( 'NONE',  ( 1.425000000000000266, 0.3999999999999999667, -1.249999999999999112 ) ) ;
#2974 = CARTESIAN_POINT ( 'NONE',  ( -1.599999999999999423, 0.4000000000000000222, -1.150000000000000355 ) ) ;
#2975 = EDGE_CURVE ( 'NONE', #1824, #4410, #1674, .T. ) ;
#2976 = ORIENTED_EDGE ( 'NONE', *, *, #2851, .T. ) ;
#2977 = DIRECTION ( 'NONE',  ( 0.000000000000000000, -1.000000000000000000, 0.000000000000000000 ) ) ;
#2978 = CARTESIAN_POINT ( 'NONE',  ( -1.599999999999999867, 0.3999999999999999667, 1.250000000000000000 ) ) ;
#2979 = CARTESIAN_POINT ( 'NONE',  ( -1.599999999999999867, 1.650000000000000355, -1.074999999999999512 ) ) ;
#2980 = SURFACE_SIDE_STYLE ('',( #838 ) ) ;
#2981 = ORIENTED_EDGE ( 'NONE', *, *, #3847, .T. ) ;
#2982 = VERTEX_POINT ( 'NONE', #4308 ) ;
#2983 = ORIENTED_EDGE ( 'NONE', *, *, #533, .T. ) ;
#2984 = DIRECTION ( 'NONE',  ( 0.000000000000000000, 0.000000000000000000, -1.000000000000000000 ) ) ;
#2985 = ORIENTED_EDGE ( 'NONE', *, *, #4011, .T. ) ;
#2986 = DIRECTION ( 'NONE',  ( 1.000000000000000000, 0.000000000000000000, 0.000000000000000000 ) ) ;
#2987 = EDGE_CURVE ( 'NONE', #774, #4289, #1348, .T. ) ;
#2988 = ORIENTED_EDGE ( 'NONE', *, *, #2564, .T. ) ;
#2989 = DIRECTION ( 'NONE',  ( 0.000000000000000000, 0.000000000000000000, 1.000000000000000000 ) ) ;
#2990 = VERTEX_POINT ( 'NONE', #2087 ) ;
#2991 = CARTESIAN_POINT ( 'NONE',  ( -0.5999999999999998668, 0.3999999999999999667, -1.149999999999999911 ) ) ;
#2992 = DIRECTION ( 'NONE',  ( 0.000000000000000000, 0.000000000000000000, 1.000000000000000000 ) ) ;
#2993 = EDGE_CURVE ( 'NONE', #653, #1665, #3509, .T. ) ;
#2994 = DIRECTION ( 'NONE',  ( -0.000000000000000000, -1.000000000000000000, -0.000000000000000000 ) ) ;
#2995 = CARTESIAN_POINT ( 'NONE',  ( -1.600000000000000311, 0.9000000000000000222, -1.250000000000000000 ) ) ;
#2996 = EDGE_CURVE ( 'NONE', #517, #3794, #4238, .T. ) ;
#2997 = FACE_OUTER_BOUND ( 'NONE', #440, .T. ) ;
#2998 = CARTESIAN_POINT ( 'NONE',  ( -1.600000000000000311, 0.9000000000000000222, -0.2999999999999999334 ) ) ;
#2999 = CARTESIAN_POINT ( 'NONE',  ( -1.199999999999999512, 0.9000000000000000222, 1.149999999999999911 ) ) ;
#3000 = ORIENTED_EDGE ( 'NONE', *, *, #4007, .T. ) ;
#3001 = ORIENTED_EDGE ( 'NONE', *, *, #1002, .T. ) ;
#3002 = ORIENTED_EDGE ( 'NONE', *, *, #3391, .T. ) ;
#3003 =( GEOMETRIC_REPRESENTATION_CONTEXT ( 3 ) GLOBAL_UNCERTAINTY_ASSIGNED_CONTEXT ( ( #149 ) ) GLOBAL_UNIT_ASSIGNED_CONTEXT ( ( #4176, #2265, #2622 ) ) REPRESENTATION_CONTEXT ( 'NONE', 'WORKASPACE' ) );
#3004 = CARTESIAN_POINT ( 'NONE',  ( -0.8000000000000000444, 1.650000000000000355, 0.5000000000000000000 ) ) ;
#3005 = VECTOR ( 'NONE', #3774, 1000.000000000000000 ) ;
#3006 = ORIENTED_EDGE ( 'NONE', *, *, #1849, .F. ) ;
#3007 = CARTESIAN_POINT ( 'NONE',  ( -1.499999999999999778, 0.3999999999999999667, -1.250000000000000444 ) ) ;
#3008 = VECTOR ( 'NONE', #1207, 1000.000000000000000 ) ;
#3009 = ORIENTED_EDGE ( 'NONE', *, *, #1294, .F. ) ;
#3010 = DIRECTION ( 'NONE',  ( 1.000000000000000000, -0.000000000000000000, 3.336006684570783101E-16 ) ) ;
#3011 = EDGE_CURVE ( 'NONE', #4659, #1150, #2773, .T. ) ;
#3012 = EDGE_CURVE ( 'NONE', #2990, #498, #2041, .T. ) ;
#3013 = VECTOR ( 'NONE', #909, 1000.000000000000000 ) ;
#3014 = ORIENTED_EDGE ( 'NONE', *, *, #998, .F. ) ;
#3015 = DIRECTION ( 'NONE',  ( -0.000000000000000000, -0.000000000000000000, -1.000000000000000000 ) ) ;
#3016 = PLANE ( 'NONE',  #1019 ) ;
#3017 = DIRECTION ( 'NONE',  ( -0.000000000000000000, 1.000000000000000000, -0.000000000000000000 ) ) ;
#3018 = CARTESIAN_POINT ( 'NONE',  ( -1.600000000000000311, 0.9000000000000000222, 1.250000000000000000 ) ) ;
#3019 = VECTOR ( 'NONE', #625, 1000.000000000000000 ) ;
#3020 = VECTOR ( 'NONE', #2686, 1000.000000000000000 ) ;
#3021 = AXIS2_PLACEMENT_3D ( 'NONE', #238, #194, #4554 ) ;
#3022 = CARTESIAN_POINT ( 'NONE',  ( 1.199999999999999734, 1.100000000000000089, -0.8499999999999999778 ) ) ;
#3023 = DIRECTION ( 'NONE',  ( 0.000000000000000000, 0.000000000000000000, -1.000000000000000000 ) ) ;
#3024 = AXIS2_PLACEMENT_3D ( 'NONE', #4761, #1432, #4344 ) ;
#3025 = PLANE ( 'NONE',  #1473 ) ;
#3026 = MECHANICAL_DESIGN_GEOMETRIC_PRESENTATION_REPRESENTATION (  '', ( #3638 ), #1872 ) ;
#3027 = CARTESIAN_POINT ( 'NONE',  ( 1.456385933836549018, 1.650000000000000355, 1.150000000000000133 ) ) ;
#3028 = AXIS2_PLACEMENT_3D ( 'NONE', #1226, #3381, #1613 ) ;
#3029 = DIRECTION ( 'NONE',  ( 0.000000000000000000, -1.000000000000000000, 0.000000000000000000 ) ) ;
#3030 = DIRECTION ( 'NONE',  ( -0.000000000000000000, -1.000000000000000000, -0.000000000000000000 ) ) ;
#3031 = DIRECTION ( 'NONE',  ( 0.000000000000000000, -1.000000000000000000, 0.000000000000000000 ) ) ;
#3032 = ORIENTED_EDGE ( 'NONE', *, *, #4679, .T. ) ;
#3033 = EDGE_LOOP ( 'NONE', ( #684, #2619, #466, #4682 ) ) ;
#3034 = EDGE_CURVE ( 'NONE', #1728, #3535, #3939, .T. ) ;
#3035 = AXIS2_PLACEMENT_3D ( 'NONE', #3746, #1892, #2992 ) ;
#3036 = ORIENTED_EDGE ( 'NONE', *, *, #2908, .T. ) ;
#3037 = VECTOR ( 'NONE', #2399, 1000.000000000000000 ) ;
#3038 = CARTESIAN_POINT ( 'NONE',  ( 1.599999999999999867, 0.9000000000000000222, 0.000000000000000000 ) ) ;
#3039 = ORIENTED_EDGE ( 'NONE', *, *, #1874, .F. ) ;
#3040 = DIRECTION ( 'NONE',  ( 0.000000000000000000, 0.000000000000000000, -1.000000000000000000 ) ) ;
#3041 = ORIENTED_EDGE ( 'NONE', *, *, #3295, .F. ) ;
#3042 = LINE ( 'NONE', #824, #4613 ) ;
#3043 = VECTOR ( 'NONE', #2469, 1000.000000000000000 ) ;
#3044 = EDGE_CURVE ( 'NONE', #1811, #1928, #1746, .T. ) ;
#3045 = ORIENTED_EDGE ( 'NONE', *, *, #1708, .F. ) ;
#3046 = DIRECTION ( 'NONE',  ( -1.000000000000000000, 0.000000000000000000, -0.000000000000000000 ) ) ;
#3047 = CARTESIAN_POINT ( 'NONE',  ( -1.599999999999999867, 0.4000000000000000222, 1.250000000000000000 ) ) ;
#3048 =( LENGTH_UNIT ( ) NAMED_UNIT ( * ) SI_UNIT ( .MILLI., .METRE. ) );
#3049 = AXIS2_PLACEMENT_3D ( 'NONE', #934, #3907, #607 ) ;
#3050 = EDGE_CURVE ( 'NONE', #823, #2515, #617, .T. ) ;
#3051 =( NAMED_UNIT ( * ) PLANE_ANGLE_UNIT ( ) SI_UNIT ( $, .RADIAN. ) );
#3052 = DIRECTION ( 'NONE',  ( 0.000000000000000000, 0.000000000000000000, 1.000000000000000000 ) ) ;
#3053 = CARTESIAN_POINT ( 'NONE',  ( -1.599999999999999423, 0.3999999999999999667, -1.150000000000000355 ) ) ;
#3054 = LINE ( 'NONE', #4221, #1036 ) ;
#3055 = ORIENTED_EDGE ( 'NONE', *, *, #1116, .F. ) ;
#3056 = AXIS2_PLACEMENT_3D ( 'NONE', #471, #1908, #4520 ) ;
#3057 = VERTEX_POINT ( 'NONE', #1723 ) ;
#3058 = EDGE_CURVE ( 'NONE', #906, #2126, #251, .T. ) ;
#3059 = CARTESIAN_POINT ( 'NONE',  ( -1.500000000000000000, 0.3999999999999999667, 1.106385933836548485 ) ) ;
#3060 = ORIENTED_EDGE ( 'NONE', *, *, #4280, .F. ) ;
#3061 = DIRECTION ( 'NONE',  ( 0.000000000000000000, 0.000000000000000000, -1.000000000000000000 ) ) ;
#3062 = VERTEX_POINT ( 'NONE', #922 ) ;
#3063 = DIRECTION ( 'NONE',  ( -1.000000000000000000, -0.000000000000000000, -0.000000000000000000 ) ) ;
#3064 = VECTOR ( 'NONE', #4543, 1000.000000000000000 ) ;
#3065 = ORIENTED_EDGE ( 'NONE', *, *, #690, .T. ) ;
#3066 = PLANE ( 'NONE',  #2480 ) ;
#3067 = DIRECTION ( 'NONE',  ( -0.000000000000000000, 1.000000000000000000, -0.000000000000000000 ) ) ;
#3068 = VERTEX_POINT ( 'NONE', #2133 ) ;
#3069 = PLANE ( 'NONE',  #760 ) ;
#3070 = EDGE_CURVE ( 'NONE', #1110, #3204, #704, .T. ) ;
#3071 = ADVANCED_FACE ( 'NONE', ( #1023 ), #644, .T. ) ;
#3072 = LINE ( 'NONE', #1939, #705 ) ;
#3073 = CYLINDRICAL_SURFACE ( 'NONE', #3716, 0.1000000000000000472 ) ;
#3074 = FACE_OUTER_BOUND ( 'NONE', #960, .T. ) ;
#3075 = LINE ( 'NONE', #4051, #1161 ) ;
#3076 = EDGE_CURVE ( 'NONE', #4594, #889, #2550, .T. ) ;
#3077 = ADVANCED_FACE ( 'NONE', ( #4328 ), #1764, .F. ) ;
#3078 = CARTESIAN_POINT ( 'NONE',  ( -0.5999999999999998668, 1.650000000000000355, 1.149999999999999911 ) ) ;
#3079 = EDGE_LOOP ( 'NONE', ( #3815, #4188, #4161, #1611 ) ) ;
#3080 = ORIENTED_EDGE ( 'NONE', *, *, #360, .F. ) ;
#3081 = ADVANCED_FACE ( 'NONE', ( #2403 ), #329, .T. ) ;
#3082 = UNCERTAINTY_MEASURE_WITH_UNIT (LENGTH_MEASURE( 1.000000000000000082E-05 ), #1187, 'distance_accuracy_value', 'NONE');
#3083 = VERTEX_POINT ( 'NONE', #4452 ) ;
#3084 = LINE ( 'NONE', #3154, #1780 ) ;
#3085 = ORIENTED_EDGE ( 'NONE', *, *, #151, .T. ) ;
#3086 = LINE ( 'NONE', #4567, #3741 ) ;
#3087 = DIRECTION ( 'NONE',  ( 0.000000000000000000, -1.000000000000000000, 0.000000000000000000 ) ) ;
#3088 = ADVANCED_FACE ( 'NONE', ( #401 ), #1816, .F. ) ;
#3089 = CLOSED_SHELL ( 'NONE', ( #3518, #870, #809, #3183, #975, #1283, #3593, #3750, #3805, #2092, #3903 ) ) ;
#3090 = ORIENTED_EDGE ( 'NONE', *, *, #3309, .F. ) ;
#3091 = LINE ( 'NONE', #3974, #2708 ) ;
#3092 = CARTESIAN_POINT ( 'NONE',  ( 1.399999999999999689, 0.9000000000000000222, 0.8499999999999999778 ) ) ;
#3093 = VERTEX_POINT ( 'NONE', #2590 ) ;
#3094 = LINE ( 'NONE', #2640, #3675 ) ;
#3095 = EDGE_CURVE ( 'NONE', #2082, #4370, #380, .T. ) ;
#3096 = VECTOR ( 'NONE', #3981, 1000.000000000000000 ) ;
#3097 = DIRECTION ( 'NONE',  ( 0.000000000000000000, 1.000000000000000000, -0.000000000000000000 ) ) ;
#3098 = CARTESIAN_POINT ( 'NONE',  ( 1.199999999999999734, 1.100000000000000089, -0.8499999999999999778 ) ) ;
#3099 = DIRECTION ( 'NONE',  ( 0.7071067811865477948, -0.000000000000000000, 0.7071067811865473507 ) ) ;
#3100 = AXIS2_PLACEMENT_3D ( 'NONE', #3430, #496, #3401 ) ;
#3101 = AXIS2_PLACEMENT_3D ( 'NONE', #3242, #4729, #1400 ) ;
#3102 = VECTOR ( 'NONE', #4150, 1000.000000000000000 ) ;
#3103 = VECTOR ( 'NONE', #3970, 999.9999999999998863 ) ;
#3104 = EDGE_LOOP ( 'NONE', ( #1382, #4302, #1903, #1040 ) ) ;
#3105 = AXIS2_PLACEMENT_3D ( 'NONE', #3827, #2398, #1672 ) ;
#3106 = FACE_OUTER_BOUND ( 'NONE', #2420, .T. ) ;
#3107 = VERTEX_POINT ( 'NONE', #44 ) ;
#3108 = EDGE_LOOP ( 'NONE', ( #4368, #6, #3466, #1952, #3589, #985, #3321, #4519, #1194 ) ) ;
#3109 = ORIENTED_EDGE ( 'NONE', *, *, #657, .F. ) ;
#3110 = LINE ( 'NONE', #1636, #2776 ) ;
#3111 = ORIENTED_EDGE ( 'NONE', *, *, #3713, .T. ) ;
#3112 = DIRECTION ( 'NONE',  ( 1.000000000000000000, 0.000000000000000000, -4.818676322157796389E-16 ) ) ;
#3113 = DIRECTION ( 'NONE',  ( 0.000000000000000000, 0.000000000000000000, -1.000000000000000000 ) ) ;
#3114 = ORIENTED_EDGE ( 'NONE', *, *, #2987, .F. ) ;
#3115 = DIRECTION ( 'NONE',  ( -3.336006684570783101E-16, -0.000000000000000000, -1.000000000000000000 ) ) ;
#3116 = DIRECTION ( 'NONE',  ( -0.000000000000000000, 0.000000000000000000, 1.000000000000000000 ) ) ;
#3117 = AXIS2_PLACEMENT_3D ( 'NONE', #1167, #1625, #2649 ) ;
#3118 = CARTESIAN_POINT ( 'NONE',  ( 1.499999999999999778, 0.9000000000000000222, -1.250000000000000000 ) ) ;
#3119 = VECTOR ( 'NONE', #4424, 1000.000000000000000 ) ;
#3120 = FACE_OUTER_BOUND ( 'NONE', #4155, .T. ) ;
#3121 = DIRECTION ( 'NONE',  ( -1.000000000000000000, 0.000000000000000000, 0.000000000000000000 ) ) ;
#3122 = DIRECTION ( 'NONE',  ( 0.000000000000000000, 0.000000000000000000, 1.000000000000000000 ) ) ;
#3123 = CIRCLE ( 'NONE', #1119, 0.1500000000000000777 ) ;
#3124 = VERTEX_POINT ( 'NONE', #1495 ) ;
#3125 = DIRECTION ( 'NONE',  ( -0.000000000000000000, -1.000000000000000000, -0.000000000000000000 ) ) ;
#3126 = EDGE_CURVE ( 'NONE', #3496, #2053, #2868, .T. ) ;
#3127 = CARTESIAN_POINT ( 'NONE',  ( 1.599999999999999867, 0.3999999999999999667, 1.149999999999999911 ) ) ;
#3128 = EDGE_LOOP ( 'NONE', ( #4389, #2456, #2106, #2247 ) ) ;
#3129 = ORIENTED_EDGE ( 'NONE', *, *, #1294, .T. ) ;
#3130 = FILL_AREA_STYLE ('',( #4243 ) ) ;
#3131 = DIRECTION ( 'NONE',  ( 0.000000000000000000, 0.000000000000000000, -1.000000000000000000 ) ) ;
#3132 = ORIENTED_EDGE ( 'NONE', *, *, #4655, .T. ) ;
#3133 = CARTESIAN_POINT ( 'NONE',  ( 1.349999999999999867, 1.199999999999999956, -0.8499999999999999778 ) ) ;
#3134 = ORIENTED_EDGE ( 'NONE', *, *, #2427, .F. ) ;
#3135 = PLANE ( 'NONE',  #3800 ) ;
#3136 = ADVANCED_FACE ( 'NONE', ( #737 ), #1046, .T. ) ;
#3137 = AXIS2_PLACEMENT_3D ( 'NONE', #4006, #3260, #4746 ) ;
#3138 = ORIENTED_EDGE ( 'NONE', *, *, #3924, .F. ) ;
#3139 = ADVANCED_FACE ( 'NONE', ( #1113 ), #1137, .F. ) ;
#3140 = CARTESIAN_POINT ( 'NONE',  ( -1.456385933836548574, 0.000000000000000000, -1.150000000000000577 ) ) ;
#3141 = COLOUR_RGB ( '',0.9686274509803921573, 0.8784313725490195957, 0.5999999999999999778 ) ;
#3142 = DIRECTION ( 'NONE',  ( -1.000000000000000000, 0.000000000000000000, -7.596123170508101842E-16 ) ) ;
#3143 = DIRECTION ( 'NONE',  ( 0.000000000000000000, 1.000000000000000000, -0.000000000000000000 ) ) ;
#3144 = CARTESIAN_POINT ( 'NONE',  ( 1.399999999999999689, 1.199999999999999956, 0.8499999999999999778 ) ) ;
#3145 = CARTESIAN_POINT ( 'NONE',  ( 1.599999999999999867, 0.000000000000000000, 0.5000000000000001110 ) ) ;
#3146 = CARTESIAN_POINT ( 'NONE',  ( 1.399999999999999689, 1.199999999999999956, -0.8499999999999999778 ) ) ;
#3147 = EDGE_CURVE ( 'NONE', #2503, #1353, #2231, .T. ) ;
#3148 = CARTESIAN_POINT ( 'NONE',  ( 1.456385933836549018, 0.000000000000000000, 1.150000000000000133 ) ) ;
#3149 = DIRECTION ( 'NONE',  ( 0.000000000000000000, 0.000000000000000000, 1.000000000000000000 ) ) ;
#3150 = ORIENTED_EDGE ( 'NONE', *, *, #3425, .F. ) ;
#3151 = VERTEX_POINT ( 'NONE', #4425 ) ;
#3152 =( LENGTH_UNIT ( ) NAMED_UNIT ( * ) SI_UNIT ( .MILLI., .METRE. ) );
#3153 = EDGE_CURVE ( 'NONE', #4446, #2478, #4397, .T. ) ;
#3154 = CARTESIAN_POINT ( 'NONE',  ( 0.6000000000000000888, 0.4000000000000000222, 0.5000000000000000000 ) ) ;
#3155 = ORIENTED_EDGE ( 'NONE', *, *, #4165, .T. ) ;
#3156 = DIRECTION ( 'NONE',  ( 0.000000000000000000, 0.000000000000000000, -1.000000000000000000 ) ) ;
#3157 = PLANE ( 'NONE',  #4497 ) ;
#3158 = ORIENTED_EDGE ( 'NONE', *, *, #3490, .F. ) ;
#3159 = EDGE_CURVE ( 'NONE', #486, #1811, #4301, .T. ) ;
#3160 = PLANE ( 'NONE',  #3187 ) ;
#3161 = DIRECTION ( 'NONE',  ( 0.000000000000000000, 0.000000000000000000, 1.000000000000000000 ) ) ;
#3162 = AXIS2_PLACEMENT_3D ( 'NONE', #2721, #2025, #2367 ) ;
#3163 = ADVANCED_FACE ( 'NONE', ( #2183 ), #1792, .T. ) ;
#3164 = CARTESIAN_POINT ( 'NONE',  ( 1.456385933836549018, 0.000000000000000000, -1.150000000000000133 ) ) ;
#3165 = CARTESIAN_POINT ( 'NONE',  ( -1.199999999999999289, 1.149999999999999911, 1.050000000000000044 ) ) ;
#3166 = CARTESIAN_POINT ( 'NONE',  ( -1.500000000000000222, 0.9000000000000000222, -1.250000000000000000 ) ) ;
#3167 = DIRECTION ( 'NONE',  ( 0.000000000000000000, 0.000000000000000000, 1.000000000000000000 ) ) ;
#3168 = AXIS2_PLACEMENT_3D ( 'NONE', #775, #1195, #2581 ) ;
#3169 = DIRECTION ( 'NONE',  ( -0.000000000000000000, 1.000000000000000000, -0.000000000000000000 ) ) ;
#3170 = DIRECTION ( 'NONE',  ( 0.000000000000000000, 0.000000000000000000, -1.000000000000000000 ) ) ;
#3171 = AXIS2_PLACEMENT_3D ( 'NONE', #898, #2095, #3564 ) ;
#3172 = VERTEX_POINT ( 'NONE', #2518 ) ;
#3173 = VERTEX_POINT ( 'NONE', #355 ) ;
#3174 = VECTOR ( 'NONE', #1371, 1000.000000000000000 ) ;
#3175 = AXIS2_PLACEMENT_3D ( 'NONE', #2443, #3143, #594 ) ;
#3176 = CARTESIAN_POINT ( 'NONE',  ( 1.199999999999999734, 1.100000000000000089, -1.050000000000000044 ) ) ;
#3177 = ADVANCED_FACE ( 'NONE', ( #4752 ), #4377, .F. ) ;
#3178 = VERTEX_POINT ( 'NONE', #4770 ) ;
#3179 = CARTESIAN_POINT ( 'NONE',  ( 1.599999999999999867, 0.000000000000000000, -1.250000000000000000 ) ) ;
#3180 = ORIENTED_EDGE ( 'NONE', *, *, #1355, .F. ) ;
#3181 = FACE_OUTER_BOUND ( 'NONE', #1251, .T. ) ;
#3182 = EDGE_LOOP ( 'NONE', ( #3389, #3429, #1140, #2547 ) ) ;
#3183 = ADVANCED_FACE ( 'NONE', ( #1862 ), #1444, .T. ) ;
#3184 = EDGE_CURVE ( 'NONE', #468, #448, #3361, .T. ) ;
#3185 = DIRECTION ( 'NONE',  ( 0.000000000000000000, 0.000000000000000000, 1.000000000000000000 ) ) ;
#3186 = CARTESIAN_POINT ( 'NONE',  ( -1.199999999999999289, 0.9000000000000000222, 1.050000000000000044 ) ) ;
#3187 = AXIS2_PLACEMENT_3D ( 'NONE', #899, #3116, #3865 ) ;
#3188 = EDGE_CURVE ( 'NONE', #868, #3151, #1067, .T. ) ;
#3189 = LINE ( 'NONE', #1721, #4030 ) ;
#3190 = DIRECTION ( 'NONE',  ( -0.000000000000000000, -1.000000000000000000, -0.000000000000000000 ) ) ;
#3191 = VECTOR ( 'NONE', #4010, 1000.000000000000000 ) ;
#3192 = DIRECTION ( 'NONE',  ( 0.000000000000000000, 0.000000000000000000, -1.000000000000000000 ) ) ;
#3193 = ADVANCED_FACE ( 'NONE', ( #689 ), #3069, .F. ) ;
#3194 = DIRECTION ( 'NONE',  ( -0.000000000000000000, -1.000000000000000000, -0.000000000000000000 ) ) ;
#3195 = DIRECTION ( 'NONE',  ( 0.000000000000000000, 0.000000000000000000, 1.000000000000000000 ) ) ;
#3196 = ORIENTED_EDGE ( 'NONE', *, *, #1528, .F. ) ;
#3197 = AXIS2_PLACEMENT_3D ( 'NONE', #3639, #3983, #3595 ) ;
#3198 = VECTOR ( 'NONE', #3250, 1000.000000000000000 ) ;
#3199 = PLANE ( 'NONE',  #3162 ) ;
#3200 = PLANE ( 'NONE',  #4334 ) ;
#3201 = DIRECTION ( 'NONE',  ( 0.000000000000000000, 0.000000000000000000, -1.000000000000000000 ) ) ;
#3202 = ORIENTED_EDGE ( 'NONE', *, *, #3727, .F. ) ;
#3203 = DIRECTION ( 'NONE',  ( -0.000000000000000000, -1.000000000000000000, -0.000000000000000000 ) ) ;
#3204 = VERTEX_POINT ( 'NONE', #4527 ) ;
#3205 = CYLINDRICAL_SURFACE ( 'NONE', #1396, 0.1750000000000000167 ) ;
#3206 = ORIENTED_EDGE ( 'NONE', *, *, #1979, .T. ) ;
#3207 = CYLINDRICAL_SURFACE ( 'NONE', #1327, 0.1750000000000000167 ) ;
#3208 = ORIENTED_EDGE ( 'NONE', *, *, #4042, .F. ) ;
#3209 = CARTESIAN_POINT ( 'NONE',  ( 1.424999999999999822, 0.000000000000000000, 1.250000000000000000 ) ) ;
#3210 = EDGE_CURVE ( 'NONE', #498, #4468, #4070, .T. ) ;
#3211 = MANIFOLD_SOLID_BREP ( 'Boss-Extrude9[1]', #87 ) ;
#3212 = DIRECTION ( 'NONE',  ( 0.000000000000000000, -1.000000000000000000, 0.000000000000000000 ) ) ;
#3213 = CARTESIAN_POINT ( 'NONE',  ( -1.599999999999999867, 0.4000000000000000222, 1.074999999999999512 ) ) ;
#3214 = EDGE_CURVE ( 'NONE', #4659, #2460, #3094, .T. ) ;
#3215 = DIRECTION ( 'NONE',  ( 1.000000000000000000, 0.000000000000000000, 0.000000000000000000 ) ) ;
#3216 = VECTOR ( 'NONE', #3289, 1000.000000000000000 ) ;
#3217 = CARTESIAN_POINT ( 'NONE',  ( 1.199999999999999734, 1.050000000000000044, 1.100000000000000089 ) ) ;
#3218 = DIRECTION ( 'NONE',  ( 0.000000000000000000, 0.000000000000000000, 1.000000000000000000 ) ) ;
#3219 = EDGE_CURVE ( 'NONE', #4468, #3107, #1135, .T. ) ;
#3220 = ORIENTED_EDGE ( 'NONE', *, *, #4042, .T. ) ;
#3221 = ADVANCED_FACE ( 'NONE', ( #1986 ), #3824, .F. ) ;
#3222 = FILL_AREA_STYLE_COLOUR ( '', #2549 ) ;
#3223 = CARTESIAN_POINT ( 'NONE',  ( 1.599999999999999867, 0.000000000000000000, 1.074999999999999956 ) ) ;
#3224 = CARTESIAN_POINT ( 'NONE',  ( 0.5999999999999998668, 0.4000000000000000222, 1.149999999999999911 ) ) ;
#3225 = ORIENTED_EDGE ( 'NONE', *, *, #519, .F. ) ;
#3226 = CARTESIAN_POINT ( 'NONE',  ( -1.199999999999999512, 1.100000000000000089, 1.149999999999999911 ) ) ;
#3227 = ORIENTED_EDGE ( 'NONE', *, *, #373, .F. ) ;
#3228 = CARTESIAN_POINT ( 'NONE',  ( 1.600000000000000311, 0.4000000000000000222, -1.074999999999999067 ) ) ;
#3229 = ORIENTED_EDGE ( 'NONE', *, *, #3251, .T. ) ;
#3230 = DIRECTION ( 'NONE',  ( 0.000000000000000000, 0.000000000000000000, -1.000000000000000000 ) ) ;
#3231 = ORIENTED_EDGE ( 'NONE', *, *, #2975, .T. ) ;
#3232 = DIRECTION ( 'NONE',  ( -1.000000000000000000, 0.000000000000000000, 2.532041056836032961E-16 ) ) ;
#3233 = MANIFOLD_SOLID_BREP ( 'Fillet2', #1379 ) ;
#3234 = PLANE ( 'NONE',  #1866 ) ;
#3235 = CARTESIAN_POINT ( 'NONE',  ( 0.6000000000000000888, 0.4000000000000000222, 0.5000000000000000000 ) ) ;
#3236 = ADVANCED_FACE ( 'NONE', ( #1159 ), #4143, .F. ) ;
#3237 = CARTESIAN_POINT ( 'NONE',  ( 0.5999999999999998668, 0.4000000000000000222, -1.149999999999999911 ) ) ;
#3238 = CLOSED_SHELL ( 'NONE', ( #3246, #2578, #3878, #418, #668, #3193, #2794, #157, #21, #67, #367 ) ) ;
#3239 = AXIS2_PLACEMENT_3D ( 'NONE', #2648, #93, #1189 ) ;
#3240 = CARTESIAN_POINT ( 'NONE',  ( -1.456385933836549018, 0.3999999999999999667, 1.149999999999999689 ) ) ;
#3241 = AXIS2_PLACEMENT_3D ( 'NONE', #2800, #951, #3192 ) ;
#3242 = CARTESIAN_POINT ( 'NONE',  ( -1.599999999999999867, 0.3999999999999999667, -1.250000000000000000 ) ) ;
#3243 = CIRCLE ( 'NONE', #1093, 0.1750000000000000167 ) ;
#3244 = EDGE_LOOP ( 'NONE', ( #4430, #2373, #2626, #1071 ) ) ;
#3245 = VECTOR ( 'NONE', #3015, 1000.000000000000000 ) ;
#3246 = ADVANCED_FACE ( 'NONE', ( #1912 ), #3382, .F. ) ;
#3247 =( LENGTH_UNIT ( ) NAMED_UNIT ( * ) SI_UNIT ( .MILLI., .METRE. ) );
#3248 = FACE_OUTER_BOUND ( 'NONE', #1318, .T. ) ;
#3249 = ORIENTED_EDGE ( 'NONE', *, *, #4585, .F. ) ;
#3250 = DIRECTION ( 'NONE',  ( -0.000000000000000000, -1.000000000000000000, -0.000000000000000000 ) ) ;
#3251 = EDGE_CURVE ( 'NONE', #2216, #1176, #3936, .T. ) ;
#3252 = ORIENTED_EDGE ( 'NONE', *, *, #2002, .T. ) ;
#3253 = CARTESIAN_POINT ( 'NONE',  ( 1.199999999999999734, 1.199999999999999956, -1.050000000000000044 ) ) ;
#3254 = AXIS2_PLACEMENT_3D ( 'NONE', #426, #473, #2968 ) ;
#3255 = AXIS2_PLACEMENT_3D ( 'NONE', #1280, #1966, #4218 ) ;
#3256 = AXIS2_PLACEMENT_3D ( 'NONE', #3467, #2744, #2417 ) ;
#3257 = ORIENTED_EDGE ( 'NONE', *, *, #995, .T. ) ;
#3258 = DIRECTION ( 'NONE',  ( 1.000000000000000000, 0.000000000000000000, 0.000000000000000000 ) ) ;
#3259 = ORIENTED_EDGE ( 'NONE', *, *, #856, .F. ) ;
#3260 = DIRECTION ( 'NONE',  ( -0.000000000000000000, 1.000000000000000000, -0.000000000000000000 ) ) ;
#3261 = EDGE_LOOP ( 'NONE', ( #1333, #376, #1645, #801 ) ) ;
#3262 = PLANE ( 'NONE',  #2713 ) ;
#3263 = CARTESIAN_POINT ( 'NONE',  ( 1.599999999999999867, 0.9000000000000000222, 0.2999999999999999334 ) ) ;
#3264 = CARTESIAN_POINT ( 'NONE',  ( 1.599999999999999867, 0.4000000000000000222, 1.250000000000000000 ) ) ;
#3265 = AXIS2_PLACEMENT_3D ( 'NONE', #2005, #1295, #254 ) ;
#3266 = DIRECTION ( 'NONE',  ( 1.000000000000000000, 0.000000000000000000, 7.596123170508101842E-16 ) ) ;
#3267 = CARTESIAN_POINT ( 'NONE',  ( 1.599999999999999867, 0.4000000000000000222, 1.074999999999999956 ) ) ;
#3268 = VERTEX_POINT ( 'NONE', #3867 ) ;
#3269 = CIRCLE ( 'NONE', #4353, 0.1750000000000006828 ) ;
#3270 = ADVANCED_FACE ( 'NONE', ( #2110 ), #236, .F. ) ;
#3271 =( LENGTH_UNIT ( ) NAMED_UNIT ( * ) SI_UNIT ( .MILLI., .METRE. ) );
#3272 = CARTESIAN_POINT ( 'NONE',  ( 1.456385933836549018, 0.4000000000000000222, 1.150000000000000133 ) ) ;
#3273 = DIRECTION ( 'NONE',  ( -0.000000000000000000, -1.000000000000000000, 0.000000000000000000 ) ) ;
#3274 = EDGE_LOOP ( 'NONE', ( #1409, #742, #3927, #2109, #3681, #4005, #2199, #2907 ) ) ;
#3275 = CARTESIAN_POINT ( 'NONE',  ( 0.000000000000000000, 0.000000000000000000, 1.250000000000000000 ) ) ;
#3276 = EDGE_LOOP ( 'NONE', ( #2300, #2441, #3180, #4524 ) ) ;
#3277 = CARTESIAN_POINT ( 'NONE',  ( -1.500000000000000000, 0.4000000000000000222, -1.106385933836548707 ) ) ;
#3278 = EDGE_CURVE ( 'NONE', #4093, #4544, #2035, .T. ) ;
#3279 = ADVANCED_FACE ( 'NONE', ( #1718 ), #3574, .F. ) ;
#3280 = AXIS2_PLACEMENT_3D ( 'NONE', #3179, #4228, #2075 ) ;
#3281 = VERTEX_POINT ( 'NONE', #1297 ) ;
#3282 = CARTESIAN_POINT ( 'NONE',  ( -1.500000000000000000, 0.000000000000000000, -0.5000000000000000000 ) ) ;
#3283 = VERTEX_POINT ( 'NONE', #3186 ) ;
#3284 = FACE_OUTER_BOUND ( 'NONE', #1431, .T. ) ;
#3285 = EDGE_CURVE ( 'NONE', #1976, #317, #1058, .T. ) ;
#3286 = ADVANCED_FACE ( 'NONE', ( #917 ), #613, .F. ) ;
#3287 = VERTEX_POINT ( 'NONE', #1670 ) ;
#3288 = FACE_OUTER_BOUND ( 'NONE', #803, .T. ) ;
#3289 = DIRECTION ( 'NONE',  ( -0.000000000000000000, -1.000000000000000000, -0.000000000000000000 ) ) ;
#3290 = CIRCLE ( 'NONE', #2292, 0.1500000000000000777 ) ;
#3291 = CARTESIAN_POINT ( 'NONE',  ( -1.424999999999999822, 0.3999999999999999667, -1.249999999999999556 ) ) ;
#3292 = CARTESIAN_POINT ( 'NONE',  ( -1.500000000000000000, 0.3999999999999999667, 0.5000000000000000000 ) ) ;
#3293 = ORIENTED_EDGE ( 'NONE', *, *, #2975, .F. ) ;
#3294 = VECTOR ( 'NONE', #3990, 1000.000000000000000 ) ;
#3295 = EDGE_CURVE ( 'NONE', #1235, #751, #4375, .T. ) ;
#3296 =( NAMED_UNIT ( * ) SI_UNIT ( $, .STERADIAN. ) SOLID_ANGLE_UNIT ( ) );
#3297 = CARTESIAN_POINT ( 'NONE',  ( -0.8000000000000000444, 0.3999999999999999667, 0.5000000000000000000 ) ) ;
#3298 = CARTESIAN_POINT ( 'NONE',  ( 1.500000000000000000, -1.250000000000000000, 1.106385933836549151 ) ) ;
#3299 = ORIENTED_EDGE ( 'NONE', *, *, #618, .T. ) ;
#3300 = DIRECTION ( 'NONE',  ( 0.000000000000000000, -1.000000000000000000, 0.000000000000000000 ) ) ;
#3301 = EDGE_LOOP ( 'NONE', ( #2152, #1358, #3889, #2583 ) ) ;
#3302 = DIRECTION ( 'NONE',  ( 0.000000000000000000, 0.000000000000000000, -1.000000000000000000 ) ) ;
#3303 = ADVANCED_FACE ( 'NONE', ( #2749 ), #1434, .T. ) ;
#3304 = EDGE_LOOP ( 'NONE', ( #4185, #3787, #3980, #931 ) ) ;
#3305 = VERTEX_POINT ( 'NONE', #3546 ) ;
#3306 = DIRECTION ( 'NONE',  ( -9.035018104045874392E-17, 0.000000000000000000, -1.000000000000000000 ) ) ;
#3307 = VERTEX_POINT ( 'NONE', #3209 ) ;
#3308 = FACE_OUTER_BOUND ( 'NONE', #726, .T. ) ;
#3309 = EDGE_CURVE ( 'NONE', #4693, #1235, #2083, .T. ) ;
#3310 = LINE ( 'NONE', #2586, #408 ) ;
#3311 = DIRECTION ( 'NONE',  ( 0.000000000000000000, 0.000000000000000000, -1.000000000000000000 ) ) ;
#3312 = DIRECTION ( 'NONE',  ( -0.000000000000000000, -1.000000000000000000, -0.000000000000000000 ) ) ;
#3313 = CARTESIAN_POINT ( 'NONE',  ( 1.456385933836549018, 0.000000000000000000, 1.150000000000000133 ) ) ;
#3314 = CARTESIAN_POINT ( 'NONE',  ( 1.425000000000000044, 0.000000000000000000, -1.249999999999999112 ) ) ;
#3315 = LINE ( 'NONE', #17, #101 ) ;
#3316 = ORIENTED_EDGE ( 'NONE', *, *, #1352, .T. ) ;
#3317 = LINE ( 'NONE', #767, #3330 ) ;
#3318 = LINE ( 'NONE', #1481, #854 ) ;
#3319 = DIRECTION ( 'NONE',  ( 0.000000000000000000, -1.000000000000000000, 0.000000000000000000 ) ) ;
#3320 = FILL_AREA_STYLE_COLOUR ( '', #4648 ) ;
#3321 = ORIENTED_EDGE ( 'NONE', *, *, #4710, .T. ) ;
#3322 = CYLINDRICAL_SURFACE ( 'NONE', #4016, 0.05000000000000002359 ) ;
#3323 = ORIENTED_EDGE ( 'NONE', *, *, #339, .F. ) ;
#3324 = VECTOR ( 'NONE', #2266, 1000.000000000000000 ) ;
#3325 = ORIENTED_EDGE ( 'NONE', *, *, #2692, .F. ) ;
#3326 = ORIENTED_EDGE ( 'NONE', *, *, #4045, .F. ) ;
#3327 = DIRECTION ( 'NONE',  ( 0.000000000000000000, 0.000000000000000000, -1.000000000000000000 ) ) ;
#3328 = AXIS2_PLACEMENT_3D ( 'NONE', #2809, #4572, #2004 ) ;
#3329 = COLOUR_RGB ( '',1.000000000000000000, 1.000000000000000000, 1.000000000000000000 ) ;
#3330 = VECTOR ( 'NONE', #2237, 1000.000000000000000 ) ;
#3331 = ORIENTED_EDGE ( 'NONE', *, *, #2067, .T. ) ;
#3332 = PLANE ( 'NONE',  #674 ) ;
#3333 = VECTOR ( 'NONE', #3633, 1000.000000000000000 ) ;
#3334 = ADVANCED_FACE ( 'NONE', ( #4234 ), #4279, .F. ) ;
#3335 = ORIENTED_EDGE ( 'NONE', *, *, #3214, .T. ) ;
#3336 = DIRECTION ( 'NONE',  ( -0.000000000000000000, -0.000000000000000000, -1.000000000000000000 ) ) ;
#3337 = CARTESIAN_POINT ( 'NONE',  ( -1.456385933836548574, 0.000000000000000000, -1.150000000000000577 ) ) ;
#3338 = CARTESIAN_POINT ( 'NONE',  ( -1.199999999999999512, 1.050000000000000044, -1.149999999999999467 ) ) ;
#3339 = DIRECTION ( 'NONE',  ( 0.000000000000000000, -1.000000000000000000, 0.000000000000000000 ) ) ;
#3340 = CARTESIAN_POINT ( 'NONE',  ( -1.456385933836548574, 0.000000000000000000, -1.150000000000000577 ) ) ;
#3341 = CARTESIAN_POINT ( 'NONE',  ( -1.600000000000000311, 0.000000000000000000, -0.5000000000000001110 ) ) ;
#3342 = ORIENTED_EDGE ( 'NONE', *, *, #460, .T. ) ;
#3343 = EDGE_CURVE ( 'NONE', #1127, #1313, #662, .T. ) ;
#3344 = DIRECTION ( 'NONE',  ( 0.000000000000000000, 0.000000000000000000, 1.000000000000000000 ) ) ;
#3345 = CARTESIAN_POINT ( 'NONE',  ( 0.6000000000000000888, 0.000000000000000000, 0.5000000000000000000 ) ) ;
#3346 = CARTESIAN_POINT ( 'NONE',  ( -1.599999999999999867, 0.3999999999999999667, 1.250000000000000000 ) ) ;
#3347 = AXIS2_PLACEMENT_3D ( 'NONE', #3440, #1948, #4177 ) ;
#3348 = DIRECTION ( 'NONE',  ( 4.818676322157796389E-16, 0.000000000000000000, 1.000000000000000000 ) ) ;
#3349 = ORIENTED_EDGE ( 'NONE', *, *, #4677, .F. ) ;
#3350 = VECTOR ( 'NONE', #4119, 1000.000000000000000 ) ;
#3351 = ORIENTED_EDGE ( 'NONE', *, *, #4528, .F. ) ;
#3352 = VERTEX_POINT ( 'NONE', #4694 ) ;
#3353 = DIRECTION ( 'NONE',  ( 0.000000000000000000, 1.000000000000000000, 0.000000000000000000 ) ) ;
#3354 = DIRECTION ( 'NONE',  ( 1.000000000000000000, -0.000000000000000000, -0.000000000000000000 ) ) ;
#3355 = EDGE_LOOP ( 'NONE', ( #48, #3760, #2431, #1581 ) ) ;
#3356 = CARTESIAN_POINT ( 'NONE',  ( -1.599999999999999867, 0.000000000000000000, -1.074999999999999512 ) ) ;
#3357 = EDGE_CURVE ( 'NONE', #4410, #2961, #570, .T. ) ;
#3358 = ORIENTED_EDGE ( 'NONE', *, *, #4700, .F. ) ;
#3359 = FACE_OUTER_BOUND ( 'NONE', #3274, .T. ) ;
#3360 = CARTESIAN_POINT ( 'NONE',  ( 1.499999999999999778, 1.650000000000000355, -1.250000000000000000 ) ) ;
#3361 = LINE ( 'NONE', #2892, #3294 ) ;
#3362 = EDGE_CURVE ( 'NONE', #2935, #1590, #3290, .T. ) ;
#3363 = DIRECTION ( 'NONE',  ( 0.000000000000000000, 0.000000000000000000, -1.000000000000000000 ) ) ;
#3364 = CARTESIAN_POINT ( 'NONE',  ( 1.424999999999999822, 1.650000000000000355, 1.250000000000000000 ) ) ;
#3365 = DIRECTION ( 'NONE',  ( 1.000000000000000000, 0.000000000000000000, 9.035018104045873159E-17 ) ) ;
#3366 = VECTOR ( 'NONE', #3909, 1000.000000000000000 ) ;
#3367 = CARTESIAN_POINT ( 'NONE',  ( -1.199999999999999512, 1.100000000000000089, -1.099999999999999645 ) ) ;
#3368 = CARTESIAN_POINT ( 'NONE',  ( 1.599999999999999867, 0.4000000000000000222, 1.074999999999999956 ) ) ;
#3369 = DIRECTION ( 'NONE',  ( 0.000000000000000000, 1.000000000000000000, 0.000000000000000000 ) ) ;
#3370 = CARTESIAN_POINT ( 'NONE',  ( -0.5999999999999998668, 0.3999999999999999667, 1.149999999999999911 ) ) ;
#3371 = ORIENTED_EDGE ( 'NONE', *, *, #3570, .F. ) ;
#3372 = ORIENTED_EDGE ( 'NONE', *, *, #3044, .T. ) ;
#3373 = ORIENTED_EDGE ( 'NONE', *, *, #4439, .T. ) ;
#3374 = FACE_OUTER_BOUND ( 'NONE', #4315, .T. ) ;
#3375 = ORIENTED_EDGE ( 'NONE', *, *, #3626, .F. ) ;
#3376 = LINE ( 'NONE', #3816, #284 ) ;
#3377 = VERTEX_POINT ( 'NONE', #190 ) ;
#3378 = CARTESIAN_POINT ( 'NONE',  ( 0.6000000000000000888, 0.000000000000000000, -0.5000000000000000000 ) ) ;
#3379 = ORIENTED_EDGE ( 'NONE', *, *, #2571, .T. ) ;
#3380 = LINE ( 'NONE', #4548, #2102 ) ;
#3381 = DIRECTION ( 'NONE',  ( 0.000000000000000000, -1.000000000000000000, 0.000000000000000000 ) ) ;
#3382 = PLANE ( 'NONE',  #4615 ) ;
#3383 = DIRECTION ( 'NONE',  ( -0.000000000000000000, -1.000000000000000000, 0.000000000000000000 ) ) ;
#3384 = EDGE_CURVE ( 'NONE', #3892, #4215, #4534, .T. ) ;
#3385 = DIRECTION ( 'NONE',  ( -0.000000000000000000, -1.000000000000000000, -0.000000000000000000 ) ) ;
#3386 = CARTESIAN_POINT ( 'NONE',  ( 1.199999999999999734, 0.9000000000000000222, 0.8499999999999999778 ) ) ;
#3387 = DIRECTION ( 'NONE',  ( -0.000000000000000000, 1.000000000000000000, -0.000000000000000000 ) ) ;
#3388 = CARTESIAN_POINT ( 'NONE',  ( -1.600000000000000311, 0.9000000000000000222, -0.5000000000000001110 ) ) ;
#3389 = ORIENTED_EDGE ( 'NONE', *, *, #3742, .T. ) ;
#3390 = VERTEX_POINT ( 'NONE', #2488 ) ;
#3391 = EDGE_CURVE ( 'NONE', #2889, #2069, #593, .T. ) ;
#3392 = VERTEX_POINT ( 'NONE', #2612 ) ;
#3393 =( GEOMETRIC_REPRESENTATION_CONTEXT ( 3 ) GLOBAL_UNCERTAINTY_ASSIGNED_CONTEXT ( ( #4158 ) ) GLOBAL_UNIT_ASSIGNED_CONTEXT ( ( #3271, #718, #3296 ) ) REPRESENTATION_CONTEXT ( 'NONE', 'WORKASPACE' ) );
#3394 = AXIS2_PLACEMENT_3D ( 'NONE', #974, #2114, #3167 ) ;
#3395 = EDGE_LOOP ( 'NONE', ( #4386, #806, #1073, #3683 ) ) ;
#3396 = CARTESIAN_POINT ( 'NONE',  ( -1.500000000000000000, 0.4000000000000000222, -0.5000000000000000000 ) ) ;
#3397 = VECTOR ( 'NONE', #134, 1000.000000000000000 ) ;
#3398 = EDGE_LOOP ( 'NONE', ( #2229, #123, #2905, #2609 ) ) ;
#3399 = CARTESIAN_POINT ( 'NONE',  ( 1.500000000000000444, 0.3999999999999999667, -1.106385933836548041 ) ) ;
#3400 = EDGE_LOOP ( 'NONE', ( #368, #4537, #2121, #1490 ) ) ;
#3401 = DIRECTION ( 'NONE',  ( 0.000000000000000000, 0.000000000000000000, 1.000000000000000000 ) ) ;
#3402 = CIRCLE ( 'NONE', #2173, 0.1750000000000004607 ) ;
#3403 = VECTOR ( 'NONE', #764, 1000.000000000000000 ) ;
#3404 = CARTESIAN_POINT ( 'NONE',  ( 1.199999999999999734, 1.100000000000000089, 1.149999999999999689 ) ) ;
#3405 = CARTESIAN_POINT ( 'NONE',  ( 1.599999999999999867, 0.4000000000000000222, 1.250000000000000000 ) ) ;
#3406 = AXIS2_PLACEMENT_3D ( 'NONE', #2502, #1053, #3998 ) ;
#3407 = VECTOR ( 'NONE', #2796, 1000.000000000000000 ) ;
#3408 = CARTESIAN_POINT ( 'NONE',  ( -0.5999999999999998668, 0.3999999999999999667, -1.149999999999999911 ) ) ;
#3409 = CYLINDRICAL_SURFACE ( 'NONE', #2471, 0.1999999999999999833 ) ;
#3410 = CARTESIAN_POINT ( 'NONE',  ( -1.499999999999999778, 0.3999999999999999667, 1.249999999999999556 ) ) ;
#3411 = CARTESIAN_POINT ( 'NONE',  ( -0.6000000000000000888, 0.4000000000000000222, 0.6999999999999998446 ) ) ;
#3412 = ADVANCED_FACE ( 'NONE', ( #4349 ), #1439, .T. ) ;
#3413 = CARTESIAN_POINT ( 'NONE',  ( 1.500000000000000000, -1.250000000000000000, 0.5000000000000000000 ) ) ;
#3414 = PRESENTATION_STYLE_ASSIGNMENT (( #4535 ) ) ;
#3415 = CARTESIAN_POINT ( 'NONE',  ( 1.399999999999999689, 1.100000000000000089, 0.8499999999999999778 ) ) ;
#3416 = APPLICATION_PROTOCOL_DEFINITION ( 'draft international standard', 'automotive_design', 1998, #4270 ) ;
#3417 = ORIENTED_EDGE ( 'NONE', *, *, #2446, .F. ) ;
#3418 = ORIENTED_EDGE ( 'NONE', *, *, #4579, .T. ) ;
#3419 = VECTOR ( 'NONE', #235, 1000.000000000000000 ) ;
#3420 = ORIENTED_EDGE ( 'NONE', *, *, #18, .F. ) ;
#3421 = AXIS2_PLACEMENT_3D ( 'NONE', #2588, #1443, #3967 ) ;
#3422 = FACE_OUTER_BOUND ( 'NONE', #510, .T. ) ;
#3423 = ORIENTED_EDGE ( 'NONE', *, *, #3626, .T. ) ;
#3424 = DIRECTION ( 'NONE',  ( 0.000000000000000000, 0.000000000000000000, 1.000000000000000000 ) ) ;
#3425 = EDGE_CURVE ( 'NONE', #347, #2604, #4148, .T. ) ;
#3426 = EDGE_LOOP ( 'NONE', ( #3540, #1085, #1454, #1337 ) ) ;
#3427 = CARTESIAN_POINT ( 'NONE',  ( -0.8000000000000000444, 0.000000000000000000, 0.5000000000000000000 ) ) ;
#3428 = AXIS2_PLACEMENT_3D ( 'NONE', #2737, #815, #3461 ) ;
#3429 = ORIENTED_EDGE ( 'NONE', *, *, #2472, .F. ) ;
#3430 = CARTESIAN_POINT ( 'NONE',  ( -1.599999999999999867, 0.4000000000000000222, 1.250000000000000000 ) ) ;
#3431 = EDGE_CURVE ( 'NONE', #1824, #4101, #1063, .T. ) ;
#3432 = FACE_OUTER_BOUND ( 'NONE', #243, .T. ) ;
#3433 = ORIENTED_EDGE ( 'NONE', *, *, #1272, .F. ) ;
#3434 = ADVANCED_FACE ( 'NONE', ( #2512 ), #1109, .F. ) ;
#3435 = CIRCLE ( 'NONE', #1575, 0.04999999999999991257 ) ;
#3436 = CARTESIAN_POINT ( 'NONE',  ( -1.600000000000000311, 0.000000000000000000, -0.4000000000000000222 ) ) ;
#3437 = LINE ( 'NONE', #4172, #2030 ) ;
#3438 = FACE_OUTER_BOUND ( 'NONE', #4117, .T. ) ;
#3439 = DIRECTION ( 'NONE',  ( 0.000000000000000000, 1.000000000000000000, 0.000000000000000000 ) ) ;
#3440 = CARTESIAN_POINT ( 'NONE',  ( -1.500000000000000000, 0.4000000000000000222, -0.5000000000000000000 ) ) ;
#3441 = ORIENTED_EDGE ( 'NONE', *, *, #18, .T. ) ;
#3442 = VECTOR ( 'NONE', #1437, 1000.000000000000000 ) ;
#3443 = AXIS2_PLACEMENT_3D ( 'NONE', #1534, #1561, #4114 ) ;
#3444 = ORIENTED_EDGE ( 'NONE', *, *, #1237, .T. ) ;
#3445 = DIRECTION ( 'NONE',  ( -0.000000000000000000, 1.000000000000000000, -0.000000000000000000 ) ) ;
#3446 = EDGE_CURVE ( 'NONE', #4773, #184, #64, .T. ) ;
#3447 = ORIENTED_EDGE ( 'NONE', *, *, #253, .F. ) ;
#3448 = CARTESIAN_POINT ( 'NONE',  ( 1.199999999999999734, 1.100000000000000089, 0.8499999999999999778 ) ) ;
#3449 = LINE ( 'NONE', #2276, #3986 ) ;
#3450 = AXIS2_PLACEMENT_3D ( 'NONE', #2154, #1089, #4038 ) ;
#3451 = ORIENTED_EDGE ( 'NONE', *, *, #4432, .T. ) ;
#3452 = CARTESIAN_POINT ( 'NONE',  ( -1.599999999999999867, 0.4000000000000000222, -1.250000000000000000 ) ) ;
#3453 = CARTESIAN_POINT ( 'NONE',  ( 0.5999999999999998668, 0.000000000000000000, -1.149999999999999911 ) ) ;
#3454 = ORIENTED_EDGE ( 'NONE', *, *, #477, .F. ) ;
#3455 = DIRECTION ( 'NONE',  ( 3.336006684570783594E-16, 0.000000000000000000, -1.000000000000000000 ) ) ;
#3456 = ADVANCED_FACE ( 'NONE', ( #4371 ), #1810, .F. ) ;
#3457 = CARTESIAN_POINT ( 'NONE',  ( 1.399999999999999689, 1.149999999999999911, 0.8499999999999999778 ) ) ;
#3458 = DIRECTION ( 'NONE',  ( -7.151895266605915284E-16, -0.000000000000000000, 1.000000000000000000 ) ) ;
#3459 = CARTESIAN_POINT ( 'NONE',  ( -1.424999999999999822, 0.000000000000000000, -1.249999999999999556 ) ) ;
#3460 = ORIENTED_EDGE ( 'NONE', *, *, #4560, .F. ) ;
#3461 = DIRECTION ( 'NONE',  ( -0.000000000000000000, 0.000000000000000000, -1.000000000000000000 ) ) ;
#3462 = ORIENTED_EDGE ( 'NONE', *, *, #244, .F. ) ;
#3463 = ORIENTED_EDGE ( 'NONE', *, *, #373, .T. ) ;
#3464 = VERTEX_POINT ( 'NONE', #685 ) ;
#3465 = CARTESIAN_POINT ( 'NONE',  ( -1.456385933836549018, 0.4000000000000000222, 1.149999999999999689 ) ) ;
#3466 = ORIENTED_EDGE ( 'NONE', *, *, #3582, .T. ) ;
#3467 = CARTESIAN_POINT ( 'NONE',  ( -1.456385933836548574, 1.650000000000000355, -1.150000000000000577 ) ) ;
#3468 = EDGE_CURVE ( 'NONE', #1176, #4178, #4766, .T. ) ;
#3469 = MECHANICAL_DESIGN_GEOMETRIC_PRESENTATION_REPRESENTATION (  '', ( #4323 ), #1079 ) ;
#3470 = VERTEX_POINT ( 'NONE', #2131 ) ;
#3471 = AXIS2_PLACEMENT_3D ( 'NONE', #2881, #3609, #318 ) ;
#3472 = DIRECTION ( 'NONE',  ( 0.000000000000000000, -0.000000000000000000, -1.000000000000000000 ) ) ;
#3473 = CARTESIAN_POINT ( 'NONE',  ( 1.199999999999999512, 0.9000000000000000222, 1.049999999999999822 ) ) ;
#3474 = ORIENTED_EDGE ( 'NONE', *, *, #2914, .T. ) ;
#3475 = CARTESIAN_POINT ( 'NONE',  ( 1.199999999999999734, 1.199999999999999956, 1.050000000000000044 ) ) ;
#3476 = CIRCLE ( 'NONE', #1385, 0.04999999999999991257 ) ;
#3477 = EDGE_CURVE ( 'NONE', #2126, #1976, #2227, .T. ) ;
#3478 = FACE_OUTER_BOUND ( 'NONE', #860, .T. ) ;
#3479 = DIRECTION ( 'NONE',  ( 0.000000000000000000, -1.000000000000000000, 0.000000000000000000 ) ) ;
#3480 = DIRECTION ( 'NONE',  ( -0.000000000000000000, -1.000000000000000000, -0.000000000000000000 ) ) ;
#3481 = AXIS2_PLACEMENT_3D ( 'NONE', #675, #2161, #3628 ) ;
#3482 = LINE ( 'NONE', #196, #3005 ) ;
#3483 = CIRCLE ( 'NONE', #3328, 0.2000000000000002054 ) ;
#3484 =( GEOMETRIC_REPRESENTATION_CONTEXT ( 3 ) GLOBAL_UNCERTAINTY_ASSIGNED_CONTEXT ( ( #3082 ) ) GLOBAL_UNIT_ASSIGNED_CONTEXT ( ( #1187, #3051, #1989 ) ) REPRESENTATION_CONTEXT ( 'NONE', 'WORKASPACE' ) );
#3485 = VECTOR ( 'NONE', #459, 1000.000000000000000 ) ;
#3486 = EDGE_LOOP ( 'NONE', ( #756, #3591, #4352, #2806 ) ) ;
#3487 = DIRECTION ( 'NONE',  ( 0.000000000000000000, 0.000000000000000000, -1.000000000000000000 ) ) ;
#3488 = AXIS2_PLACEMENT_3D ( 'NONE', #740, #382, #1841 ) ;
#3489 = LINE ( 'NONE', #200, #3733 ) ;
#3490 = EDGE_CURVE ( 'NONE', #4742, #3494, #1082, .T. ) ;
#3491 = VERTEX_POINT ( 'NONE', #2558 ) ;
#3492 = EDGE_LOOP ( 'NONE', ( #4495, #2625, #472, #2296, #4498, #1479 ) ) ;
#3493 = EDGE_CURVE ( 'NONE', #3491, #3172, #1834, .T. ) ;
#3494 = VERTEX_POINT ( 'NONE', #2176 ) ;
#3495 = CARTESIAN_POINT ( 'NONE',  ( 1.425000000000000266, 1.650000000000000355, -1.249999999999999112 ) ) ;
#3496 = VERTEX_POINT ( 'NONE', #3641 ) ;
#3497 = DIRECTION ( 'NONE',  ( -0.000000000000000000, -1.000000000000000000, 0.000000000000000000 ) ) ;
#3498 = VECTOR ( 'NONE', #2081, 1000.000000000000000 ) ;
#3499 = ORIENTED_EDGE ( 'NONE', *, *, #2733, .F. ) ;
#3500 = CARTESIAN_POINT ( 'NONE',  ( -1.599999999999999867, 1.650000000000000355, 1.250000000000000000 ) ) ;
#3501 = ORIENTED_EDGE ( 'NONE', *, *, #4517, .T. ) ;
#3502 = DIRECTION ( 'NONE',  ( -0.000000000000000000, -1.000000000000000000, -0.000000000000000000 ) ) ;
#3503 = CIRCLE ( 'NONE', #4590, 0.1500000000000000777 ) ;
#3504 = ORIENTED_EDGE ( 'NONE', *, *, #2197, .F. ) ;
#3505 = DIRECTION ( 'NONE',  ( -0.000000000000000000, 1.000000000000000000, 0.000000000000000000 ) ) ;
#3506 = DIRECTION ( 'NONE',  ( 0.000000000000000000, 0.000000000000000000, -1.000000000000000000 ) ) ;
#3507 = LINE ( 'NONE', #3144, #2338 ) ;
#3508 = DIRECTION ( 'NONE',  ( 0.000000000000000000, -1.000000000000000000, 0.000000000000000000 ) ) ;
#3509 = LINE ( 'NONE', #3898, #89 ) ;
#3510 = VECTOR ( 'NONE', #2879, 1000.000000000000000 ) ;
#3511 = DIRECTION ( 'NONE',  ( 0.000000000000000000, 0.000000000000000000, -1.000000000000000000 ) ) ;
#3512 = LINE ( 'NONE', #3971, #4749 ) ;
#3513 = ORIENTED_EDGE ( 'NONE', *, *, #1369, .T. ) ;
#3514 = VERTEX_POINT ( 'NONE', #350 ) ;
#3515 = DIRECTION ( 'NONE',  ( 0.000000000000000000, 0.000000000000000000, 1.000000000000000000 ) ) ;
#3516 = EDGE_LOOP ( 'NONE', ( #4130, #4182 ) ) ;
#3517 = DIRECTION ( 'NONE',  ( -0.000000000000000000, -1.000000000000000000, -0.000000000000000000 ) ) ;
#3518 = ADVANCED_FACE ( 'NONE', ( #3284 ), #3332, .T. ) ;
#3519 = ORIENTED_EDGE ( 'NONE', *, *, #110, .T. ) ;
#3520 = DIRECTION ( 'NONE',  ( -0.000000000000000000, 0.000000000000000000, 1.000000000000000000 ) ) ;
#3521 = AXIS2_PLACEMENT_3D ( 'NONE', #779, #1250, #2989 ) ;
#3522 = ORIENTED_EDGE ( 'NONE', *, *, #3357, .T. ) ;
#3523 = CARTESIAN_POINT ( 'NONE',  ( -1.199999999999999512, 0.9000000000000000222, -0.8499999999999999778 ) ) ;
#3524 = VECTOR ( 'NONE', #784, 1000.000000000000000 ) ;
#3525 = EDGE_LOOP ( 'NONE', ( #907, #3371, #2983, #606 ) ) ;
#3526 = DIRECTION ( 'NONE',  ( 0.000000000000000000, -0.000000000000000000, -1.000000000000000000 ) ) ;
#3527 = VECTOR ( 'NONE', #3061, 1000.000000000000000 ) ;
#3528 = CARTESIAN_POINT ( 'NONE',  ( -1.499999999999999778, 0.000000000000000000, -1.250000000000000444 ) ) ;
#3529 = CARTESIAN_POINT ( 'NONE',  ( 1.199999999999999734, 0.9000000000000000222, 0.8499999999999999778 ) ) ;
#3530 = LINE ( 'NONE', #3871, #4667 ) ;
#3531 = CARTESIAN_POINT ( 'NONE',  ( 0.6000000000000000888, 0.3999999999999999667, 0.5000000000000000000 ) ) ;
#3532 = EDGE_CURVE ( 'NONE', #4227, #271, #3690, .T. ) ;
#3533 = CARTESIAN_POINT ( 'NONE',  ( 1.599999999999999867, 1.650000000000000355, 1.250000000000000000 ) ) ;
#3534 = DIRECTION ( 'NONE',  ( -3.336006684570783101E-16, 0.000000000000000000, 1.000000000000000000 ) ) ;
#3535 = VERTEX_POINT ( 'NONE', #2964 ) ;
#3536 = CARTESIAN_POINT ( 'NONE',  ( 1.499999999999999778, -1.250000000000000000, 1.250000000000000000 ) ) ;
#3537 = CARTESIAN_POINT ( 'NONE',  ( 1.500000000000000000, 0.000000000000000000, -0.5000000000000000000 ) ) ;
#3538 = VERTEX_POINT ( 'NONE', #730 ) ;
#3539 = DIRECTION ( 'NONE',  ( -1.301042606982604059E-14, 0.000000000000000000, 1.000000000000000000 ) ) ;
#3540 = ORIENTED_EDGE ( 'NONE', *, *, #1258, .F. ) ;
#3541 = FACE_OUTER_BOUND ( 'NONE', #425, .T. ) ;
#3542 = EDGE_CURVE ( 'NONE', #534, #34, #301, .T. ) ;
#3543 = ORIENTED_EDGE ( 'NONE', *, *, #3034, .T. ) ;
#3544 = DIRECTION ( 'NONE',  ( -0.000000000000000000, -1.000000000000000000, -0.000000000000000000 ) ) ;
#3545 = ORIENTED_EDGE ( 'NONE', *, *, #2490, .T. ) ;
#3546 = CARTESIAN_POINT ( 'NONE',  ( -1.199999999999999512, 1.199999999999999956, -1.000000000000000222 ) ) ;
#3547 = ADVANCED_FACE ( 'NONE', ( #3308, #2866 ), #9, .T. ) ;
#3548 = VECTOR ( 'NONE', #908, 1000.000000000000000 ) ;
#3549 = DIRECTION ( 'NONE',  ( 1.000000000000000000, -0.000000000000000000, -2.532041056836032961E-16 ) ) ;
#3550 = LINE ( 'NONE', #2444, #4112 ) ;
#3551 = CARTESIAN_POINT ( 'NONE',  ( 1.599999999999999867, 0.9000000000000000222, 0.000000000000000000 ) ) ;
#3552 = AXIS2_PLACEMENT_3D ( 'NONE', #2978, #3029, #4480 ) ;
#3553 = VECTOR ( 'NONE', #4089, 1000.000000000000000 ) ;
#3554 = DIRECTION ( 'NONE',  ( -5.782411586589291769E-15, 0.000000000000000000, -1.000000000000000000 ) ) ;
#3555 = AXIS2_PLACEMENT_3D ( 'NONE', #3696, #738, #763 ) ;
#3556 = DIRECTION ( 'NONE',  ( -0.000000000000000000, -1.000000000000000000, -0.000000000000000000 ) ) ;
#3557 = PLANE ( 'NONE',  #2873 ) ;
#3558 = AXIS2_PLACEMENT_3D ( 'NONE', #3622, #333, #1795 ) ;
#3559 = ORIENTED_EDGE ( 'NONE', *, *, #2128, .T. ) ;
#3560 = ADVANCED_FACE ( 'NONE', ( #1390 ), #3792, .F. ) ;
#3561 = VECTOR ( 'NONE', #1737, 1000.000000000000000 ) ;
#3562 = AXIS2_PLACEMENT_3D ( 'NONE', #4374, #2916, #1442 ) ;
#3563 = FACE_OUTER_BOUND ( 'NONE', #2633, .T. ) ;
#3564 = DIRECTION ( 'NONE',  ( 0.000000000000000000, 0.000000000000000000, -1.000000000000000000 ) ) ;
#3565 = CARTESIAN_POINT ( 'NONE',  ( 1.599999999999999867, 0.9000000000000000222, -0.2999999999999999334 ) ) ;
#3566 = VERTEX_POINT ( 'NONE', #4189 ) ;
#3567 = CARTESIAN_POINT ( 'NONE',  ( -1.600000000000000311, 0.9000000000000000222, 0.2999999999999999334 ) ) ;
#3568 = ORIENTED_EDGE ( 'NONE', *, *, #3070, .F. ) ;
#3569 = PLANE ( 'NONE',  #191 ) ;
#3570 = EDGE_CURVE ( 'NONE', #3173, #4079, #515, .T. ) ;
#3571 = ORIENTED_EDGE ( 'NONE', *, *, #1456, .T. ) ;
#3572 = DIRECTION ( 'NONE',  ( -1.000000000000000000, 0.000000000000000000, 0.000000000000000000 ) ) ;
#3573 = ORIENTED_EDGE ( 'NONE', *, *, #2157, .F. ) ;
#3574 = PLANE ( 'NONE',  #1596 ) ;
#3575 = EDGE_CURVE ( 'NONE', #3858, #3984, #3042, .T. ) ;
#3576 = ORIENTED_EDGE ( 'NONE', *, *, #1871, .T. ) ;
#3577 = DIRECTION ( 'NONE',  ( -1.000000000000000000, 0.000000000000000000, 0.000000000000000000 ) ) ;
#3578 = CARTESIAN_POINT ( 'NONE',  ( -1.500000000000000000, 0.4000000000000000222, 0.5000000000000000000 ) ) ;
#3579 = AXIS2_PLACEMENT_3D ( 'NONE', #2086, #3190, #4282 ) ;
#3580 = DIRECTION ( 'NONE',  ( 0.000000000000000000, -0.000000000000000000, 1.000000000000000000 ) ) ;
#3581 = EDGE_CURVE ( 'NONE', #4446, #3978, #4136, .T. ) ;
#3582 = EDGE_CURVE ( 'NONE', #2416, #910, #2348, .T. ) ;
#3583 = LINE ( 'NONE', #4263, #2014 ) ;
#3584 = CARTESIAN_POINT ( 'NONE',  ( 1.199999999999999734, 1.199999999999999956, 0.8499999999999999778 ) ) ;
#3585 = EDGE_LOOP ( 'NONE', ( #914, #3782, #2511, #2484 ) ) ;
#3586 = SURFACE_SIDE_STYLE ('',( #4338 ) ) ;
#3587 = DIRECTION ( 'NONE',  ( 0.000000000000000000, 0.000000000000000000, -1.000000000000000000 ) ) ;
#3588 = EDGE_CURVE ( 'NONE', #3464, #3689, #758, .T. ) ;
#3589 = ORIENTED_EDGE ( 'NONE', *, *, #583, .T. ) ;
#3590 = PLANE ( 'NONE',  #2508 ) ;
#3591 = ORIENTED_EDGE ( 'NONE', *, *, #3362, .F. ) ;
#3592 = DIRECTION ( 'NONE',  ( 0.000000000000000000, 1.000000000000000000, -0.000000000000000000 ) ) ;
#3593 = ADVANCED_FACE ( 'NONE', ( #3740 ), #1978, .T. ) ;
#3594 = ORIENTED_EDGE ( 'NONE', *, *, #680, .F. ) ;
#3595 = DIRECTION ( 'NONE',  ( 1.000000000000000000, 0.000000000000000000, -0.000000000000000000 ) ) ;
#3596 = ORIENTED_EDGE ( 'NONE', *, *, #4366, .T. ) ;
#3597 = DIRECTION ( 'NONE',  ( 0.000000000000000000, 0.000000000000000000, 1.000000000000000000 ) ) ;
#3598 = ORIENTED_EDGE ( 'NONE', *, *, #309, .F. ) ;
#3599 = CARTESIAN_POINT ( 'NONE',  ( 0.5999999999999998668, 0.4000000000000000222, 1.149999999999999911 ) ) ;
#3600 = CARTESIAN_POINT ( 'NONE',  ( 1.450000000000000178, 1.050000000000000044, -0.8499999999999999778 ) ) ;
#3601 = DIRECTION ( 'NONE',  ( 0.000000000000000000, -1.000000000000000000, 0.000000000000000000 ) ) ;
#3602 = CARTESIAN_POINT ( 'NONE',  ( 1.199999999999999734, 1.199999999999999956, 1.000000000000000000 ) ) ;
#3603 = ORIENTED_EDGE ( 'NONE', *, *, #856, .T. ) ;
#3604 = FACE_OUTER_BOUND ( 'NONE', #3395, .T. ) ;
#3605 = LINE ( 'NONE', #3565, #256 ) ;
#3606 = ORIENTED_EDGE ( 'NONE', *, *, #4290, .T. ) ;
#3607 = CARTESIAN_POINT ( 'NONE',  ( 1.599999999999999867, 0.4000000000000000222, 1.149999999999999911 ) ) ;
#3608 = ORIENTED_EDGE ( 'NONE', *, *, #583, .F. ) ;
#3609 = DIRECTION ( 'NONE',  ( 0.000000000000000000, 0.000000000000000000, 1.000000000000000000 ) ) ;
#3610 = ORIENTED_EDGE ( 'NONE', *, *, #1837, .F. ) ;
#3611 = DIRECTION ( 'NONE',  ( -1.000000000000000000, 0.000000000000000000, 9.035018104045874392E-17 ) ) ;
#3612 = ORIENTED_EDGE ( 'NONE', *, *, #1096, .T. ) ;
#3613 = DIRECTION ( 'NONE',  ( 0.000000000000000000, 0.000000000000000000, -1.000000000000000000 ) ) ;
#3614 = ORIENTED_EDGE ( 'NONE', *, *, #4304, .T. ) ;
#3615 = LINE ( 'NONE', #4750, #2257 ) ;
#3616 = CARTESIAN_POINT ( 'NONE',  ( -1.599999999999999867, 0.000000000000000000, 1.250000000000000000 ) ) ;
#3617 = DIRECTION ( 'NONE',  ( 0.000000000000000000, 0.000000000000000000, -1.000000000000000000 ) ) ;
#3618 = ADVANCED_FACE ( 'NONE', ( #4496 ), #1151, .F. ) ;
#3619 = STYLED_ITEM ( 'NONE', ( #3414 ), #121 ) ;
#3620 = CARTESIAN_POINT ( 'NONE',  ( 1.199999999999999734, 1.199999999999999956, -0.8499999999999999778 ) ) ;
#3621 = VECTOR ( 'NONE', #3099, 999.9999999999998863 ) ;
#3622 = CARTESIAN_POINT ( 'NONE',  ( -1.021874999999999423, 1.149999999999999911, 0.7031249999999962252 ) ) ;
#3623 = VECTOR ( 'NONE', #1765, 1000.000000000000000 ) ;
#3624 = ORIENTED_EDGE ( 'NONE', *, *, #4464, .F. ) ;
#3625 = VECTOR ( 'NONE', #891, 1000.000000000000000 ) ;
#3626 = EDGE_CURVE ( 'NONE', #3858, #2628, #4545, .T. ) ;
#3627 = DIRECTION ( 'NONE',  ( 0.000000000000000000, 0.000000000000000000, 1.000000000000000000 ) ) ;
#3628 = DIRECTION ( 'NONE',  ( 0.000000000000000000, 0.000000000000000000, 1.000000000000000000 ) ) ;
#3629 = ORIENTED_EDGE ( 'NONE', *, *, #2607, .F. ) ;
#3630 = DIRECTION ( 'NONE',  ( -0.000000000000000000, -1.000000000000000000, -0.000000000000000000 ) ) ;
#3631 = VECTOR ( 'NONE', #984, 1000.000000000000000 ) ;
#3632 = ORIENTED_EDGE ( 'NONE', *, *, #2565, .T. ) ;
#3633 = DIRECTION ( 'NONE',  ( -0.000000000000000000, -1.000000000000000000, -0.000000000000000000 ) ) ;
#3634 = EDGE_CURVE ( 'NONE', #821, #3093, #3818, .T. ) ;
#3635 = VECTOR ( 'NONE', #826, 1000.000000000000000 ) ;
#3636 = AXIS2_PLACEMENT_3D ( 'NONE', #1690, #573, #2821 ) ;
#3637 = ORIENTED_EDGE ( 'NONE', *, *, #509, .F. ) ;
#3638 = STYLED_ITEM ( 'NONE', ( #3697 ), #171 ) ;
#3639 = CARTESIAN_POINT ( 'NONE',  ( -0.6000000000000000888, 0.4000000000000000222, -0.5000000000000000000 ) ) ;
#3640 = VERTEX_POINT ( 'NONE', #1587 ) ;
#3641 = CARTESIAN_POINT ( 'NONE',  ( -0.6000000000000000888, 0.000000000000000000, 0.6999999999999998446 ) ) ;
#3642 = ORIENTED_EDGE ( 'NONE', *, *, #2824, .F. ) ;
#3643 = LINE ( 'NONE', #353, #3945 ) ;
#3644 = DIRECTION ( 'NONE',  ( -0.000000000000000000, -1.000000000000000000, 0.000000000000000000 ) ) ;
#3645 = DIRECTION ( 'NONE',  ( 0.000000000000000000, 1.000000000000000000, 0.000000000000000000 ) ) ;
#3646 = PLANE ( 'NONE',  #1700 ) ;
#3647 = EDGE_CURVE ( 'NONE', #1638, #1909, #4164, .T. ) ;
#3648 = PLANE ( 'NONE',  #429 ) ;
#3649 = EDGE_LOOP ( 'NONE', ( #2836, #2747, #1563, #3460 ) ) ;
#3650 = CIRCLE ( 'NONE', #1569, 0.1999999999999999833 ) ;
#3651 = EDGE_CURVE ( 'NONE', #1215, #1239, #3449, .T. ) ;
#3652 = DIRECTION ( 'NONE',  ( 1.000000000000000000, 0.000000000000000000, 0.000000000000000000 ) ) ;
#3653 = DIRECTION ( 'NONE',  ( 0.000000000000000000, 0.000000000000000000, 1.000000000000000000 ) ) ;
#3654 = ORIENTED_EDGE ( 'NONE', *, *, #663, .T. ) ;
#3655 = LINE ( 'NONE', #1359, #3510 ) ;
#3656 = ORIENTED_EDGE ( 'NONE', *, *, #1627, .T. ) ;
#3657 = DIRECTION ( 'NONE',  ( 0.000000000000000000, 0.000000000000000000, 1.000000000000000000 ) ) ;
#3658 = EDGE_CURVE ( 'NONE', #3281, #2982, #2442, .T. ) ;
#3659 = VECTOR ( 'NONE', #2486, 1000.000000000000000 ) ;
#3660 = VECTOR ( 'NONE', #4269, 1000.000000000000000 ) ;
#3661 = EDGE_LOOP ( 'NONE', ( #778, #3656, #1198, #369, #4231, #1335, #4491, #1873, #626 ) ) ;
#3662 = EDGE_CURVE ( 'NONE', #1931, #2433, #1957, .T. ) ;
#3663 = CARTESIAN_POINT ( 'NONE',  ( 1.456385933836549018, 1.650000000000000355, 1.150000000000000133 ) ) ;
#3664 = EDGE_LOOP ( 'NONE', ( #4515, #3999, #2458, #2863 ) ) ;
#3665 = CARTESIAN_POINT ( 'NONE',  ( 1.424999999999999822, 0.3999999999999999667, 1.250000000000000000 ) ) ;
#3666 = VERTEX_POINT ( 'NONE', #3427 ) ;
#3667 = FACE_OUTER_BOUND ( 'NONE', #4611, .T. ) ;
#3668 = CARTESIAN_POINT ( 'NONE',  ( 1.199999999999999734, 1.100000000000000089, -0.8499999999999999778 ) ) ;
#3669 = CARTESIAN_POINT ( 'NONE',  ( -1.021874999999999423, 1.149999999999999911, 0.7031249999999962252 ) ) ;
#3670 = VECTOR ( 'NONE', #372, 1000.000000000000000 ) ;
#3671 = DIRECTION ( 'NONE',  ( -0.000000000000000000, 1.000000000000000000, 0.000000000000000000 ) ) ;
#3672 = FACE_OUTER_BOUND ( 'NONE', #797, .T. ) ;
#3673 = CARTESIAN_POINT ( 'NONE',  ( -1.199999999999999512, 1.199999999999999956, -1.050000000000000044 ) ) ;
#3674 = EDGE_LOOP ( 'NONE', ( #2956, #3632, #4758, #723 ) ) ;
#3675 = VECTOR ( 'NONE', #879, 1000.000000000000000 ) ;
#3676 = EDGE_CURVE ( 'NONE', #4227, #1956, #4569, .T. ) ;
#3677 = CIRCLE ( 'NONE', #148, 0.1999999999999999833 ) ;
#3678 = DIRECTION ( 'NONE',  ( 1.000000000000000000, 0.000000000000000000, -0.000000000000000000 ) ) ;
#3679 = LINE ( 'NONE', #2545, #3324 ) ;
#3680 = DIRECTION ( 'NONE',  ( -0.000000000000000000, 1.000000000000000000, -0.000000000000000000 ) ) ;
#3681 = ORIENTED_EDGE ( 'NONE', *, *, #1732, .F. ) ;
#3682 = DIRECTION ( 'NONE',  ( 0.000000000000000000, 1.000000000000000000, 0.000000000000000000 ) ) ;
#3683 = ORIENTED_EDGE ( 'NONE', *, *, #1530, .F. ) ;
#3684 = ORIENTED_EDGE ( 'NONE', *, *, #1077, .F. ) ;
#3685 = DIRECTION ( 'NONE',  ( -0.000000000000000000, -1.000000000000000000, -0.000000000000000000 ) ) ;
#3686 = EDGE_CURVE ( 'NONE', #2126, #906, #2520, .T. ) ;
#3687 = ORIENTED_EDGE ( 'NONE', *, *, #2874, .T. ) ;
#3688 = CARTESIAN_POINT ( 'NONE',  ( 1.199999999999999956, 1.050000000000000044, -1.149999999999999911 ) ) ;
#3689 = VERTEX_POINT ( 'NONE', #3399 ) ;
#3690 = LINE ( 'NONE', #4034, #2600 ) ;
#3691 = VERTEX_POINT ( 'NONE', #129 ) ;
#3692 = DIRECTION ( 'NONE',  ( 0.7071067811865473507, 0.000000000000000000, -0.7071067811865477948 ) ) ;
#3693 = EDGE_CURVE ( 'NONE', #540, #4178, #2248, .T. ) ;
#3694 = DIRECTION ( 'NONE',  ( 0.000000000000000000, 0.000000000000000000, -1.000000000000000000 ) ) ;
#3695 = CARTESIAN_POINT ( 'NONE',  ( 1.499999999999999778, 1.100000000000000089, -0.8499999999999999778 ) ) ;
#3696 = CARTESIAN_POINT ( 'NONE',  ( 1.599999999999999867, 0.9000000000000000222, -1.250000000000000000 ) ) ;
#3697 = PRESENTATION_STYLE_ASSIGNMENT (( #2593 ) ) ;
#3698 = DIRECTION ( 'NONE',  ( -0.000000000000000000, -1.000000000000000000, 0.000000000000000000 ) ) ;
#3699 = ORIENTED_EDGE ( 'NONE', *, *, #2589, .F. ) ;
#3700 = COLOUR_RGB ( '',0.9686274509803921573, 0.8784313725490195957, 0.5999999999999999778 ) ;
#3701 = VECTOR ( 'NONE', #306, 1000.000000000000000 ) ;
#3702 = CARTESIAN_POINT ( 'NONE',  ( 1.599999999999999867, 0.000000000000000000, -1.250000000000000000 ) ) ;
#3703 = CARTESIAN_POINT ( 'NONE',  ( 1.456385933836549018, 1.650000000000000355, -1.150000000000000133 ) ) ;
#3704 = CARTESIAN_POINT ( 'NONE',  ( 1.500000000000000000, 0.000000000000000000, 0.5000000000000000000 ) ) ;
#3705 =( NAMED_UNIT ( * ) SI_UNIT ( $, .STERADIAN. ) SOLID_ANGLE_UNIT ( ) );
#3706 = ORIENTED_EDGE ( 'NONE', *, *, #2789, .T. ) ;
#3707 = ORIENTED_EDGE ( 'NONE', *, *, #4274, .T. ) ;
#3708 = VECTOR ( 'NONE', #3761, 1000.000000000000000 ) ;
#3709 = CIRCLE ( 'NONE', #4193, 0.04999999999999991257 ) ;
#3710 = VERTEX_POINT ( 'NONE', #3356 ) ;
#3711 = CARTESIAN_POINT ( 'NONE',  ( 1.600000000000001199, 0.9000000000000000222, -0.4000000000000000222 ) ) ;
#3712 = CIRCLE ( 'NONE', #1863, 0.1750000000000000167 ) ;
#3713 = EDGE_CURVE ( 'NONE', #2224, #1193, #60, .T. ) ;
#3714 = CARTESIAN_POINT ( 'NONE',  ( -0.6000000000000000888, 0.3999999999999999667, -0.5000000000000000000 ) ) ;
#3715 = MECHANICAL_DESIGN_GEOMETRIC_PRESENTATION_REPRESENTATION (  '', ( #793 ), #3484 ) ;
#3716 = AXIS2_PLACEMENT_3D ( 'NONE', #902, #3479, #215 ) ;
#3717 = ORIENTED_EDGE ( 'NONE', *, *, #311, .T. ) ;
#3718 = CARTESIAN_POINT ( 'NONE',  ( 1.499999999999999778, -1.250000000000000000, 1.250000000000000000 ) ) ;
#3719 = CIRCLE ( 'NONE', #4733, 0.1750000000000000167 ) ;
#3720 = DIRECTION ( 'NONE',  ( 1.000000000000000000, 0.000000000000000000, 0.000000000000000000 ) ) ;
#3721 = FACE_OUTER_BOUND ( 'NONE', #2943, .T. ) ;
#3722 = DIRECTION ( 'NONE',  ( 0.000000000000000000, 0.000000000000000000, 1.000000000000000000 ) ) ;
#3723 = CARTESIAN_POINT ( 'NONE',  ( -0.5999999999999998668, 0.000000000000000000, 1.149999999999999911 ) ) ;
#3724 = ADVANCED_FACE ( 'NONE', ( #3541 ), #609, .T. ) ;
#3725 = CARTESIAN_POINT ( 'NONE',  ( 0.6000000000000000888, 0.000000000000000000, 0.5000000000000000000 ) ) ;
#3726 = CARTESIAN_POINT ( 'NONE',  ( 1.599999999999999867, 0.9000000000000000222, 0.2999999999999999334 ) ) ;
#3727 = EDGE_CURVE ( 'NONE', #3287, #1128, #2459, .T. ) ;
#3728 = PRODUCT_DEFINITION_SHAPE ( 'NONE', 'NONE',  #403 ) ;
#3729 = ADVANCED_FACE ( 'NONE', ( #894 ), #4249, .T. ) ;
#3730 = LINE ( 'NONE', #1188, #3102 ) ;
#3731 = DIRECTION ( 'NONE',  ( -0.000000000000000000, 1.000000000000000000, -0.000000000000000000 ) ) ;
#3732 = DIRECTION ( 'NONE',  ( -0.000000000000000000, 1.000000000000000000, -0.000000000000000000 ) ) ;
#3733 = VECTOR ( 'NONE', #1657, 1000.000000000000000 ) ;
#3734 = VERTEX_POINT ( 'NONE', #2814 ) ;
#3735 = ORIENTED_EDGE ( 'NONE', *, *, #1747, .T. ) ;
#3736 = ORIENTED_EDGE ( 'NONE', *, *, #3446, .T. ) ;
#3737 = EDGE_LOOP ( 'NONE', ( #3109, #4442, #4737, #1584 ) ) ;
#3738 = LINE ( 'NONE', #444, #2899 ) ;
#3739 = ORIENTED_EDGE ( 'NONE', *, *, #599, .T. ) ;
#3740 = FACE_OUTER_BOUND ( 'NONE', #2535, .T. ) ;
#3741 = VECTOR ( 'NONE', #2415, 1000.000000000000000 ) ;
#3742 = EDGE_CURVE ( 'NONE', #498, #4446, #174, .T. ) ;
#3743 = EDGE_LOOP ( 'NONE', ( #2976, #32, #2046, #2209 ) ) ;
#3744 = LINE ( 'NONE', #4499, #1236 ) ;
#3745 = CARTESIAN_POINT ( 'NONE',  ( -1.199999999999999512, 1.050000000000000044, -1.099999999999999645 ) ) ;
#3746 = CARTESIAN_POINT ( 'NONE',  ( 1.199999999999999734, 1.050000000000000044, 0.8499999999999999778 ) ) ;
#3747 = DIRECTION ( 'NONE',  ( -0.000000000000000000, 1.000000000000000000, -0.000000000000000000 ) ) ;
#3748 = DIRECTION ( 'NONE',  ( 0.000000000000000000, 0.000000000000000000, -1.000000000000000000 ) ) ;
#3749 = PLANE ( 'NONE',  #186 ) ;
#3750 = ADVANCED_FACE ( 'NONE', ( #2031 ), #2077, .T. ) ;
#3751 = VECTOR ( 'NONE', #1886, 1000.000000000000000 ) ;
#3752 = LINE ( 'NONE', #1141, #3485 ) ;
#3753 = DIRECTION ( 'NONE',  ( 0.000000000000000000, 0.000000000000000000, 1.000000000000000000 ) ) ;
#3754 = CARTESIAN_POINT ( 'NONE',  ( 1.599999999999999867, 0.4000000000000000222, 1.149999999999999911 ) ) ;
#3755 = DIRECTION ( 'NONE',  ( 0.000000000000000000, 0.000000000000000000, -1.000000000000000000 ) ) ;
#3756 = AXIS2_PLACEMENT_3D ( 'NONE', #4625, #4673, #3161 ) ;
#3757 = ORIENTED_EDGE ( 'NONE', *, *, #1944, .F. ) ;
#3758 = ORIENTED_EDGE ( 'NONE', *, *, #1223, .F. ) ;
#3759 = UNCERTAINTY_MEASURE_WITH_UNIT (LENGTH_MEASURE( 1.000000000000000082E-05 ), #3247, 'distance_accuracy_value', 'NONE');
#3760 = ORIENTED_EDGE ( 'NONE', *, *, #3581, .F. ) ;
#3761 = DIRECTION ( 'NONE',  ( 1.000000000000000000, -0.000000000000000000, 0.000000000000000000 ) ) ;
#3762 = ORIENTED_EDGE ( 'NONE', *, *, #1435, .F. ) ;
#3763 = LINE ( 'NONE', #127, #3064 ) ;
#3764 = ORIENTED_EDGE ( 'NONE', *, *, #1528, .T. ) ;
#3765 = CARTESIAN_POINT ( 'NONE',  ( -1.399999999999999467, 1.149999999999999911, -0.8499999999999999778 ) ) ;
#3766 = ORIENTED_EDGE ( 'NONE', *, *, #2724, .T. ) ;
#3767 = PLANE ( 'NONE',  #3254 ) ;
#3768 = PLANE ( 'NONE',  #2270 ) ;
#3769 =( LENGTH_UNIT ( ) NAMED_UNIT ( * ) SI_UNIT ( .MILLI., .METRE. ) );
#3770 = DIRECTION ( 'NONE',  ( 0.000000000000000000, 0.000000000000000000, 1.000000000000000000 ) ) ;
#3771 = CARTESIAN_POINT ( 'NONE',  ( -1.500000000000000000, 1.650000000000000355, 0.5000000000000000000 ) ) ;
#3772 = PRESENTATION_STYLE_ASSIGNMENT (( #1572 ) ) ;
#3773 = EDGE_CURVE ( 'NONE', #991, #1353, #2438, .T. ) ;
#3774 = DIRECTION ( 'NONE',  ( -0.000000000000000000, -1.000000000000000000, -0.000000000000000000 ) ) ;
#3775 = ADVANCED_FACE ( 'NONE', ( #3181 ), #3569, .T. ) ;
#3776 = EDGE_CURVE ( 'NONE', #102, #1459, #1685, .T. ) ;
#3777 = DIRECTION ( 'NONE',  ( 0.000000000000000000, 1.000000000000000000, 0.000000000000000000 ) ) ;
#3778 = CARTESIAN_POINT ( 'NONE',  ( 1.456385933836549018, 1.650000000000000355, -1.150000000000000133 ) ) ;
#3779 = CYLINDRICAL_SURFACE ( 'NONE', #3117, 0.1999999999999999833 ) ;
#3780 = PRESENTATION_STYLE_ASSIGNMENT (( #2314 ) ) ;
#3781 = ORIENTED_EDGE ( 'NONE', *, *, #4307, .T. ) ;
#3782 = ORIENTED_EDGE ( 'NONE', *, *, #2862, .F. ) ;
#3783 = PRESENTATION_LAYER_ASSIGNMENT (  '', '', ( #2242 ) ) ;
#3784 = EDGE_CURVE ( 'NONE', #1964, #1901, #274, .T. ) ;
#3785 = EDGE_LOOP ( 'NONE', ( #2927, #3111, #3821, #2985, #1809, #4343, #3612, #371, #2344 ) ) ;
#3786 = AXIS2_PLACEMENT_3D ( 'NONE', #3669, #4012, #2206 ) ;
#3787 = ORIENTED_EDGE ( 'NONE', *, *, #2365, .F. ) ;
#3788 = CARTESIAN_POINT ( 'NONE',  ( -0.6000000000000000888, 0.000000000000000000, 0.6999999999999998446 ) ) ;
#3789 = ADVANCED_FACE ( 'NONE', ( #965 ), #3205, .T. ) ;
#3790 = AXIS2_PLACEMENT_3D ( 'NONE', #1953, #3685, #2243 ) ;
#3791 = ORIENTED_EDGE ( 'NONE', *, *, #203, .F. ) ;
#3792 = PLANE ( 'NONE',  #529 ) ;
#3793 = VECTOR ( 'NONE', #1506, 1000.000000000000000 ) ;
#3794 = VERTEX_POINT ( 'NONE', #1271 ) ;
#3795 = CARTESIAN_POINT ( 'NONE',  ( -1.500000000000000000, 1.650000000000000355, -0.5000000000000000000 ) ) ;
#3796 = VECTOR ( 'NONE', #51, 1000.000000000000000 ) ;
#3797 = DIRECTION ( 'NONE',  ( -3.336006684570783101E-16, -0.000000000000000000, -1.000000000000000000 ) ) ;
#3798 = ORIENTED_EDGE ( 'NONE', *, *, #2733, .T. ) ;
#3799 =( NAMED_UNIT ( * ) PLANE_ANGLE_UNIT ( ) SI_UNIT ( $, .RADIAN. ) );
#3800 = AXIS2_PLACEMENT_3D ( 'NONE', #589, #913, #4620 ) ;
#3801 = CIRCLE ( 'NONE', #1634, 0.04999999999999991257 ) ;
#3802 = EDGE_CURVE ( 'NONE', #1216, #1155, #3243, .T. ) ;
#3803 = DIRECTION ( 'NONE',  ( 0.000000000000000000, -0.000000000000000000, -1.000000000000000000 ) ) ;
#3804 = DIRECTION ( 'NONE',  ( 0.000000000000000000, 0.000000000000000000, -1.000000000000000000 ) ) ;
#3805 = ADVANCED_FACE ( 'NONE', ( #1666 ), #4210, .T. ) ;
#3806 = DIRECTION ( 'NONE',  ( -1.000000000000000000, 0.000000000000000000, 2.532041056836032961E-16 ) ) ;
#3807 = DIRECTION ( 'NONE',  ( 0.000000000000000000, 0.000000000000000000, 1.000000000000000000 ) ) ;
#3808 = DIRECTION ( 'NONE',  ( 0.000000000000000000, 0.000000000000000000, 1.000000000000000000 ) ) ;
#3809 = ORIENTED_EDGE ( 'NONE', *, *, #1849, .T. ) ;
#3810 = EDGE_LOOP ( 'NONE', ( #2883, #2636, #3134, #780, #1883, #492, #1106, #2179 ) ) ;
#3811 = UNCERTAINTY_MEASURE_WITH_UNIT (LENGTH_MEASURE( 1.000000000000000082E-05 ), #4040, 'distance_accuracy_value', 'NONE');
#3812 = ORIENTED_EDGE ( 'NONE', *, *, #4607, .F. ) ;
#3813 = AXIS2_PLACEMENT_3D ( 'NONE', #3668, #1112, #2969 ) ;
#3814 = CARTESIAN_POINT ( 'NONE',  ( -0.6000000000000000888, 0.000000000000000000, -0.5000000000000000000 ) ) ;
#3815 = ORIENTED_EDGE ( 'NONE', *, *, #1445, .T. ) ;
#3816 = CARTESIAN_POINT ( 'NONE',  ( 1.456385933836549018, 0.4000000000000000222, 1.150000000000000133 ) ) ;
#3817 = ORIENTED_EDGE ( 'NONE', *, *, #2774, .T. ) ;
#3818 = LINE ( 'NONE', #81, #2746 ) ;
#3819 = ADVANCED_FACE ( 'NONE', ( #3888 ), #3135, .T. ) ;
#3820 = ADVANCED_FACE ( 'NONE', ( #1292 ), #3157, .T. ) ;
#3821 = ORIENTED_EDGE ( 'NONE', *, *, #4704, .T. ) ;
#3822 = DIRECTION ( 'NONE',  ( 0.000000000000000000, 0.000000000000000000, -1.000000000000000000 ) ) ;
#3823 = DIRECTION ( 'NONE',  ( 0.000000000000000000, 0.000000000000000000, 1.000000000000000000 ) ) ;
#3824 = CYLINDRICAL_SURFACE ( 'NONE', #2605, 0.1000000000000000472 ) ;
#3825 = AXIS2_PLACEMENT_3D ( 'NONE', #1664, #1291, #2788 ) ;
#3826 = DIRECTION ( 'NONE',  ( -0.000000000000000000, -1.000000000000000000, -0.000000000000000000 ) ) ;
#3827 = CARTESIAN_POINT ( 'NONE',  ( 1.599999999999999867, 0.000000000000000000, 1.250000000000000000 ) ) ;
#3828 = CARTESIAN_POINT ( 'NONE',  ( 0.5999999999999998668, 1.650000000000000355, -1.149999999999999911 ) ) ;
#3829 = LINE ( 'NONE', #1992, #1654 ) ;
#3830 = EDGE_LOOP ( 'NONE', ( #3114, #4050, #4179, #1172 ) ) ;
#3831 = ORIENTED_EDGE ( 'NONE', *, *, #4517, .F. ) ;
#3832 = ADVANCED_FACE ( 'NONE', ( #1315 ), #4115, .T. ) ;
#3833 = CYLINDRICAL_SURFACE ( 'NONE', #1535, 0.1000000000000000472 ) ;
#3834 = VERTEX_POINT ( 'NONE', #4272 ) ;
#3835 = LINE ( 'NONE', #3465, #4678 ) ;
#3836 = ORIENTED_EDGE ( 'NONE', *, *, #1719, .T. ) ;
#3837 = CARTESIAN_POINT ( 'NONE',  ( -1.349999999999999645, 1.149999999999999911, 0.8499999999999999778 ) ) ;
#3838 = EDGE_CURVE ( 'NONE', #1127, #4594, #4365, .T. ) ;
#3839 = ORIENTED_EDGE ( 'NONE', *, *, #1116, .T. ) ;
#3840 = DIRECTION ( 'NONE',  ( -1.000000000000000000, 0.000000000000000000, 0.000000000000000000 ) ) ;
#3841 = CARTESIAN_POINT ( 'NONE',  ( -0.6000000000000000888, 0.4000000000000000222, -0.5000000000000000000 ) ) ;
#3842 = ORIENTED_EDGE ( 'NONE', *, *, #2382, .T. ) ;
#3843 = EDGE_CURVE ( 'NONE', #4102, #3307, #2105, .T. ) ;
#3844 = PLANE ( 'NONE',  #3880 ) ;
#3845 = CARTESIAN_POINT ( 'NONE',  ( -1.600000000000000311, 0.000000000000000000, -0.2999999999999999334 ) ) ;
#3846 = DIRECTION ( 'NONE',  ( 7.228014483236695569E-16, 0.000000000000000000, 1.000000000000000000 ) ) ;
#3847 = EDGE_CURVE ( 'NONE', #1148, #2057, #3719, .T. ) ;
#3848 = ORIENTED_EDGE ( 'NONE', *, *, #132, .T. ) ;
#3849 = CYLINDRICAL_SURFACE ( 'NONE', #4198, 0.1000000000000000472 ) ;
#3850 = DIRECTION ( 'NONE',  ( -0.000000000000000000, 1.000000000000000000, 0.000000000000000000 ) ) ;
#3851 = ORIENTED_EDGE ( 'NONE', *, *, #623, .T. ) ;
#3852 = ORIENTED_EDGE ( 'NONE', *, *, #1374, .F. ) ;
#3853 = DIRECTION ( 'NONE',  ( 0.000000000000000000, 0.000000000000000000, 1.000000000000000000 ) ) ;
#3854 = EDGE_CURVE ( 'NONE', #3734, #3514, #654, .T. ) ;
#3855 = DIRECTION ( 'NONE',  ( 0.000000000000000000, 0.000000000000000000, 1.000000000000000000 ) ) ;
#3856 = VERTEX_POINT ( 'NONE', #2857 ) ;
#3857 = CARTESIAN_POINT ( 'NONE',  ( 1.349999999999999867, 1.199999999999999956, 0.8499999999999999778 ) ) ;
#3858 = VERTEX_POINT ( 'NONE', #679 ) ;
#3859 = CARTESIAN_POINT ( 'NONE',  ( 1.456385933836549018, 0.4000000000000000222, 1.150000000000000133 ) ) ;
#3860 = VECTOR ( 'NONE', #4151, 1000.000000000000000 ) ;
#3861 = VECTOR ( 'NONE', #3873, 1000.000000000000000 ) ;
#3862 = EDGE_CURVE ( 'NONE', #2216, #933, #2125, .T. ) ;
#3863 = VERTEX_POINT ( 'NONE', #3228 ) ;
#3864 = VECTOR ( 'NONE', #3445, 1000.000000000000000 ) ;
#3865 = DIRECTION ( 'NONE',  ( 1.000000000000000000, 0.000000000000000000, 0.000000000000000000 ) ) ;
#3866 = VERTEX_POINT ( 'NONE', #4712 ) ;
#3867 = CARTESIAN_POINT ( 'NONE',  ( -1.500000000000000000, 0.000000000000000000, 1.106385933836548707 ) ) ;
#3868 = AXIS2_PLACEMENT_3D ( 'NONE', #2282, #4505, #3023 ) ;
#3869 = DIRECTION ( 'NONE',  ( 0.000000000000000000, -1.000000000000000000, 0.000000000000000000 ) ) ;
#3870 = CARTESIAN_POINT ( 'NONE',  ( 0.5999999999999998668, 0.000000000000000000, 1.149999999999999911 ) ) ;
#3871 = CARTESIAN_POINT ( 'NONE',  ( 1.499999999999999778, 0.4000000000000000222, 1.250000000000000000 ) ) ;
#3872 = CIRCLE ( 'NONE', #2936, 0.1750000000000000167 ) ;
#3873 = DIRECTION ( 'NONE',  ( 1.000000000000000000, 0.000000000000000000, 0.000000000000000000 ) ) ;
#3874 = VECTOR ( 'NONE', #687, 1000.000000000000000 ) ;
#3875 = CIRCLE ( 'NONE', #3021, 0.1999999999999999833 ) ;
#3876 = ADVANCED_FACE ( 'NONE', ( #4002 ), #4414, .T. ) ;
#3877 = AXIS2_PLACEMENT_3D ( 'NONE', #1677, #3194, #2777 ) ;
#3878 = ADVANCED_FACE ( 'NONE', ( #1383 ), #1410, .T. ) ;
#3879 = DIRECTION ( 'NONE',  ( 0.000000000000000000, -1.000000000000000000, 0.000000000000000000 ) ) ;
#3880 = AXIS2_PLACEMENT_3D ( 'NONE', #1598, #4652, #3803 ) ;
#3881 = CARTESIAN_POINT ( 'NONE',  ( -1.199999999999999289, 1.199999999999999956, 1.050000000000000044 ) ) ;
#3882 = ORIENTED_EDGE ( 'NONE', *, *, #4307, .F. ) ;
#3883 = ORIENTED_EDGE ( 'NONE', *, *, #2568, .F. ) ;
#3884 = ORIENTED_EDGE ( 'NONE', *, *, #1471, .F. ) ;
#3885 = VERTEX_POINT ( 'NONE', #699 ) ;
#3886 = CYLINDRICAL_SURFACE ( 'NONE', #1191, 0.1000000000000001027 ) ;
#3887 = CIRCLE ( 'NONE', #3035, 0.3000000000000000444 ) ;
#3888 = FACE_OUTER_BOUND ( 'NONE', #3810, .T. ) ;
#3889 = ORIENTED_EDGE ( 'NONE', *, *, #4655, .F. ) ;
#3890 = LINE ( 'NONE', #299, #3659 ) ;
#3891 = VECTOR ( 'NONE', #1696, 1000.000000000000000 ) ;
#3892 = VERTEX_POINT ( 'NONE', #3277 ) ;
#3893 = DIRECTION ( 'NONE',  ( 0.000000000000000000, -1.000000000000000000, 0.000000000000000000 ) ) ;
#3894 = ADVANCED_FACE ( 'NONE', ( #2932 ), #1035, .F. ) ;
#3895 = CARTESIAN_POINT ( 'NONE',  ( -1.021874999999999423, 1.199999999999999956, 0.7031249999999962252 ) ) ;
#3896 = DIRECTION ( 'NONE',  ( -7.151895266605915284E-16, 0.000000000000000000, 1.000000000000000000 ) ) ;
#3897 = CARTESIAN_POINT ( 'NONE',  ( -1.500000000000000000, 0.000000000000000000, -0.5000000000000000000 ) ) ;
#3898 = CARTESIAN_POINT ( 'NONE',  ( 1.599999999999999867, 0.000000000000000000, 0.000000000000000000 ) ) ;
#3899 = AXIS2_PLACEMENT_3D ( 'NONE', #2192, #1823, #2575 ) ;
#3900 = CARTESIAN_POINT ( 'NONE',  ( 1.599999999999999867, 0.000000000000000000, 1.250000000000000000 ) ) ;
#3901 = CARTESIAN_POINT ( 'NONE',  ( 1.599999999999999867, 0.4000000000000000222, -1.250000000000000000 ) ) ;
#3902 = ORIENTED_EDGE ( 'NONE', *, *, #328, .F. ) ;
#3903 = ADVANCED_FACE ( 'NONE', ( #3 ), #1825, .T. ) ;
#3904 = ORIENTED_EDGE ( 'NONE', *, *, #4330, .T. ) ;
#3905 = CARTESIAN_POINT ( 'NONE',  ( 1.599999999999999867, 0.000000000000000000, -0.2999999999999999334 ) ) ;
#3906 = ORIENTED_EDGE ( 'NONE', *, *, #850, .T. ) ;
#3907 = DIRECTION ( 'NONE',  ( -1.000000000000000000, 0.000000000000000000, 0.000000000000000000 ) ) ;
#3908 = ORIENTED_EDGE ( 'NONE', *, *, #4235, .F. ) ;
#3909 = DIRECTION ( 'NONE',  ( -1.000000000000000000, -0.000000000000000000, -0.000000000000000000 ) ) ;
#3910 = VECTOR ( 'NONE', #2887, 1000.000000000000000 ) ;
#3911 = ORIENTED_EDGE ( 'NONE', *, *, #2726, .F. ) ;
#3912 = DIRECTION ( 'NONE',  ( -1.000000000000000000, 0.000000000000000000, 0.000000000000000000 ) ) ;
#3913 = ORIENTED_EDGE ( 'NONE', *, *, #690, .F. ) ;
#3914 = CARTESIAN_POINT ( 'NONE',  ( 1.199999999999999734, 1.149999999999999911, -0.8499999999999999778 ) ) ;
#3915 = VECTOR ( 'NONE', #2986, 1000.000000000000000 ) ;
#3916 = CARTESIAN_POINT ( 'NONE',  ( -1.424999999999999822, 0.000000000000000000, 1.249999999999999556 ) ) ;
#3917 = DIRECTION ( 'NONE',  ( 0.000000000000000000, 1.000000000000000000, -0.000000000000000000 ) ) ;
#3918 = DIRECTION ( 'NONE',  ( -0.000000000000000000, -0.000000000000000000, -1.000000000000000000 ) ) ;
#3919 = EDGE_CURVE ( 'NONE', #201, #4708, #2906, .T. ) ;
#3920 = CARTESIAN_POINT ( 'NONE',  ( -1.349999999999999645, 1.199999999999999956, 0.8499999999999999778 ) ) ;
#3921 = DIRECTION ( 'NONE',  ( 0.000000000000000000, -1.000000000000000000, 0.000000000000000000 ) ) ;
#3922 = CARTESIAN_POINT ( 'NONE',  ( -1.199999999999999512, 1.050000000000000044, -0.8499999999999999778 ) ) ;
#3923 = ORIENTED_EDGE ( 'NONE', *, *, #2071, .F. ) ;
#3924 = EDGE_CURVE ( 'NONE', #4410, #1756, #4097, .T. ) ;
#3925 = ADVANCED_FACE ( 'NONE', ( #366 ), #1455, .T. ) ;
#3926 = DIRECTION ( 'NONE',  ( 1.000000000000000000, 0.000000000000000000, 2.532041056836032961E-16 ) ) ;
#3927 = ORIENTED_EDGE ( 'NONE', *, *, #2667, .T. ) ;
#3928 = FACE_OUTER_BOUND ( 'NONE', #1286, .T. ) ;
#3929 = ORIENTED_EDGE ( 'NONE', *, *, #4288, .T. ) ;
#3930 = CARTESIAN_POINT ( 'NONE',  ( -1.599999999999999867, 1.650000000000000355, -1.250000000000000000 ) ) ;
#3931 = ADVANCED_FACE ( 'NONE', ( #218 ), #2468, .F. ) ;
#3932 = ORIENTED_EDGE ( 'NONE', *, *, #4513, .T. ) ;
#3933 = ADVANCED_FACE ( 'NONE', ( #287 ), #4239, .F. ) ;
#3934 = DIRECTION ( 'NONE',  ( 0.000000000000000000, 0.000000000000000000, 1.000000000000000000 ) ) ;
#3935 = ORIENTED_EDGE ( 'NONE', *, *, #2063, .T. ) ;
#3936 = LINE ( 'NONE', #970, #2524 ) ;
#3937 = EDGE_CURVE ( 'NONE', #222, #3281, #3583, .T. ) ;
#3938 = LINE ( 'NONE', #261, #4273 ) ;
#3939 = LINE ( 'NONE', #3969, #1464 ) ;
#3940 = VECTOR ( 'NONE', #3601, 1000.000000000000000 ) ;
#3941 = VECTOR ( 'NONE', #3652, 1000.000000000000000 ) ;
#3942 = CARTESIAN_POINT ( 'NONE',  ( -1.500000000000000000, 1.650000000000000355, 1.106385933836548707 ) ) ;
#3943 = AXIS2_PLACEMENT_3D ( 'NONE', #2190, #1406, #3653 ) ;
#3944 = CARTESIAN_POINT ( 'NONE',  ( 1.399999999999999689, 0.9000000000000000222, -0.8499999999999999778 ) ) ;
#3945 = VECTOR ( 'NONE', #1789, 1000.000000000000000 ) ;
#3946 = VECTOR ( 'NONE', #2234, 1000.000000000000000 ) ;
#3947 = VECTOR ( 'NONE', #2769, 1000.000000000000000 ) ;
#3948 = VERTEX_POINT ( 'NONE', #2405 ) ;
#3949 = CIRCLE ( 'NONE', #1869, 0.1999999999999999833 ) ;
#3950 = EDGE_CURVE ( 'NONE', #2082, #2416, #2043, .T. ) ;
#3951 = PRESENTATION_STYLE_ASSIGNMENT (( #2924 ) ) ;
#3952 = FACE_OUTER_BOUND ( 'NONE', #4057, .T. ) ;
#3953 = CARTESIAN_POINT ( 'NONE',  ( -1.456385933836548574, 0.4000000000000000222, -1.150000000000000577 ) ) ;
#3954 = ORIENTED_EDGE ( 'NONE', *, *, #3285, .T. ) ;
#3955 = CARTESIAN_POINT ( 'NONE',  ( 1.456385933836549018, 0.4000000000000000222, -1.150000000000000133 ) ) ;
#3956 = ORIENTED_EDGE ( 'NONE', *, *, #305, .T. ) ;
#3957 = DIRECTION ( 'NONE',  ( 0.000000000000000000, -1.000000000000000000, 0.000000000000000000 ) ) ;
#3958 = ORIENTED_EDGE ( 'NONE', *, *, #1319, .F. ) ;
#3959 = VECTOR ( 'NONE', #4195, 1000.000000000000000 ) ;
#3960 = EDGE_CURVE ( 'NONE', #889, #2961, #954, .T. ) ;
#3961 = VERTEX_POINT ( 'NONE', #2066 ) ;
#3962 = DIRECTION ( 'NONE',  ( 1.000000000000000000, 0.000000000000000000, 0.000000000000000000 ) ) ;
#3963 = ORIENTED_EDGE ( 'NONE', *, *, #1880, .F. ) ;
#3964 = DIRECTION ( 'NONE',  ( 7.596123170508101842E-16, 0.000000000000000000, -1.000000000000000000 ) ) ;
#3965 = ADVANCED_FACE ( 'NONE', ( #4331 ), #4680, .T. ) ;
#3966 = AXIS2_PLACEMENT_3D ( 'NONE', #170, #837, #4536 ) ;
#3967 = DIRECTION ( 'NONE',  ( 0.000000000000000000, 0.000000000000000000, 1.000000000000000000 ) ) ;
#3968 = AXIS2_PLACEMENT_3D ( 'NONE', #136, #427, #63 ) ;
#3969 = CARTESIAN_POINT ( 'NONE',  ( 1.500000000000000000, 0.4000000000000000222, 0.5000000000000000000 ) ) ;
#3970 = DIRECTION ( 'NONE',  ( 0.7071067811865477948, -0.000000000000000000, 0.7071067811865473507 ) ) ;
#3971 = CARTESIAN_POINT ( 'NONE',  ( -1.399999999999999467, 0.9000000000000000222, 0.8499999999999999778 ) ) ;
#3972 = EDGE_LOOP ( 'NONE', ( #2364, #3259, #3812, #3220 ) ) ;
#3973 = PLANE ( 'NONE',  #2400 ) ;
#3974 = CARTESIAN_POINT ( 'NONE',  ( 0.5999999999999998668, 0.000000000000000000, -1.149999999999999911 ) ) ;
#3975 = DIRECTION ( 'NONE',  ( -1.301042606982604059E-14, 0.000000000000000000, 1.000000000000000000 ) ) ;
#3976 = VERTEX_POINT ( 'NONE', #2429 ) ;
#3977 = CARTESIAN_POINT ( 'NONE',  ( -0.5999999999999998668, 0.4000000000000000222, -1.149999999999999911 ) ) ;
#3978 = VERTEX_POINT ( 'NONE', #1350 ) ;
#3979 = DIRECTION ( 'NONE',  ( -0.000000000000000000, -1.000000000000000000, -0.000000000000000000 ) ) ;
#3980 = ORIENTED_EDGE ( 'NONE', *, *, #3034, .F. ) ;
#3981 = DIRECTION ( 'NONE',  ( 5.782411586589291769E-15, -0.000000000000000000, 1.000000000000000000 ) ) ;
#3982 = EDGE_CURVE ( 'NONE', #1850, #3566, #2846, .T. ) ;
#3983 = DIRECTION ( 'NONE',  ( 0.000000000000000000, -0.000000000000000000, 1.000000000000000000 ) ) ;
#3984 = VERTEX_POINT ( 'NONE', #2804 ) ;
#3985 = DIRECTION ( 'NONE',  ( 0.000000000000000000, 0.000000000000000000, -1.000000000000000000 ) ) ;
#3986 = VECTOR ( 'NONE', #2322, 1000.000000000000000 ) ;
#3987 = ORIENTED_EDGE ( 'NONE', *, *, #132, .F. ) ;
#3988 = CARTESIAN_POINT ( 'NONE',  ( -1.199999999999999512, 1.100000000000000089, -1.099999999999999645 ) ) ;
#3989 = AXIS2_PLACEMENT_3D ( 'NONE', #4120, #3747, #452 ) ;
#3990 = DIRECTION ( 'NONE',  ( -1.000000000000000000, -0.000000000000000000, -2.532041056836032961E-16 ) ) ;
#3991 = ADVANCED_FACE ( 'NONE', ( #2827 ), #4309, .T. ) ;
#3992 = CARTESIAN_POINT ( 'NONE',  ( -1.456385933836548574, 0.000000000000000000, -1.150000000000000577 ) ) ;
#3993 = CARTESIAN_POINT ( 'NONE',  ( 1.599999999999999867, 0.3999999999999999667, -1.149999999999999911 ) ) ;
#3994 = EDGE_CURVE ( 'NONE', #4436, #3268, #997, .T. ) ;
#3995 = ORIENTED_EDGE ( 'NONE', *, *, #2942, .T. ) ;
#3996 =( NAMED_UNIT ( * ) SI_UNIT ( $, .STERADIAN. ) SOLID_ANGLE_UNIT ( ) );
#3997 = CARTESIAN_POINT ( 'NONE',  ( -1.600000000000000311, 0.9000000000000000222, -0.5000000000000001110 ) ) ;
#3998 = DIRECTION ( 'NONE',  ( 0.000000000000000000, -0.000000000000000000, 1.000000000000000000 ) ) ;
#3999 = ORIENTED_EDGE ( 'NONE', *, *, #2228, .F. ) ;
#4000 = DIRECTION ( 'NONE',  ( 0.000000000000000000, -1.000000000000000000, 0.000000000000000000 ) ) ;
#4001 = ORIENTED_EDGE ( 'NONE', *, *, #3468, .T. ) ;
#4002 = FACE_OUTER_BOUND ( 'NONE', #213, .T. ) ;
#4003 = ORIENTED_EDGE ( 'NONE', *, *, #2684, .F. ) ;
#4004 = LINE ( 'NONE', #348, #4521 ) ;
#4005 = ORIENTED_EDGE ( 'NONE', *, *, #3188, .F. ) ;
#4006 = CARTESIAN_POINT ( 'NONE',  ( 1.599999999999999867, 0.4000000000000000222, 1.250000000000000000 ) ) ;
#4007 = EDGE_CURVE ( 'NONE', #4742, #2117, #2337, .T. ) ;
#4008 = ORIENTED_EDGE ( 'NONE', *, *, #2236, .T. ) ;
#4009 = LINE ( 'NONE', #377, #4493 ) ;
#4010 = DIRECTION ( 'NONE',  ( 1.000000000000000000, 0.000000000000000000, 0.000000000000000000 ) ) ;
#4011 = EDGE_CURVE ( 'NONE', #799, #2074, #4701, .T. ) ;
#4012 = DIRECTION ( 'NONE',  ( -0.000000000000000000, 1.000000000000000000, -0.000000000000000000 ) ) ;
#4013 = MECHANICAL_DESIGN_GEOMETRIC_PRESENTATION_REPRESENTATION (  '', ( #2242 ), #1006 ) ;
#4014 = COLOUR_RGB ( '',0.9686274509803921573, 0.8784313725490195957, 0.5999999999999999778 ) ;
#4015 = DIRECTION ( 'NONE',  ( 1.000000000000000000, -0.000000000000000000, -0.000000000000000000 ) ) ;
#4016 = AXIS2_PLACEMENT_3D ( 'NONE', #4220, #502, #115 ) ;
#4017 = LINE ( 'NONE', #2618, #4277 ) ;
#4018 = VECTOR ( 'NONE', #2207, 1000.000000000000000 ) ;
#4019 = EDGE_CURVE ( 'NONE', #2143, #2224, #262, .T. ) ;
#4020 = EDGE_LOOP ( 'NONE', ( #177, #4566, #2661, #2147 ) ) ;
#4021 = ADVANCED_FACE ( 'NONE', ( #600 ), #3849, .F. ) ;
#4022 = CIRCLE ( 'NONE', #2258, 0.1410590277777777068 ) ;
#4023 = DIRECTION ( 'NONE',  ( 1.000000000000000000, 0.000000000000000000, 2.532041056836033454E-16 ) ) ;
#4024 = FACE_OUTER_BOUND ( 'NONE', #3304, .T. ) ;
#4025 = ORIENTED_EDGE ( 'NONE', *, *, #4585, .T. ) ;
#4026 = LINE ( 'NONE', #3226, #4137 ) ;
#4027 = CIRCLE ( 'NONE', #2409, 0.1750000000000004607 ) ;
#4028 = ORIENTED_EDGE ( 'NONE', *, *, #2764, .F. ) ;
#4029 = CARTESIAN_POINT ( 'NONE',  ( 1.599999999999999867, 0.4000000000000000222, 1.250000000000000000 ) ) ;
#4030 = VECTOR ( 'NONE', #972, 1000.000000000000000 ) ;
#4031 = VERTEX_POINT ( 'NONE', #265 ) ;
#4032 = CARTESIAN_POINT ( 'NONE',  ( 1.599999999999999867, 0.4000000000000000222, -1.250000000000000000 ) ) ;
#4033 = EDGE_LOOP ( 'NONE', ( #664, #2787, #693, #2316, #2959, #897, #3882, #1736, #2186 ) ) ;
#4034 = CARTESIAN_POINT ( 'NONE',  ( 0.5999999999999998668, 0.000000000000000000, 1.149999999999999911 ) ) ;
#4035 = ORIENTED_EDGE ( 'NONE', *, *, #1747, .F. ) ;
#4036 = CYLINDRICAL_SURFACE ( 'NONE', #116, 0.1410590277777777068 ) ;
#4037 = EDGE_CURVE ( 'NONE', #1754, #653, #2941, .T. ) ;
#4038 = DIRECTION ( 'NONE',  ( 7.151895266605915284E-16, 0.000000000000000000, -1.000000000000000000 ) ) ;
#4039 = DIRECTION ( 'NONE',  ( 0.000000000000000000, 0.000000000000000000, -1.000000000000000000 ) ) ;
#4040 =( LENGTH_UNIT ( ) NAMED_UNIT ( * ) SI_UNIT ( .MILLI., .METRE. ) );
#4041 = CARTESIAN_POINT ( 'NONE',  ( -1.199999999999999512, 0.9000000000000000222, 0.8499999999999999778 ) ) ;
#4042 = EDGE_CURVE ( 'NONE', #1901, #1064, #2448, .T. ) ;
#4043 = ORIENTED_EDGE ( 'NONE', *, *, #4589, .F. ) ;
#4044 = TOROIDAL_SURFACE ( 'NONE', #1186, 0.2499999999999999445, 0.05000000000000000278 ) ;
#4045 = EDGE_CURVE ( 'NONE', #1928, #3640, #3949, .T. ) ;
#4046 = DIRECTION ( 'NONE',  ( 0.000000000000000000, 0.000000000000000000, -1.000000000000000000 ) ) ;
#4047 = DIRECTION ( 'NONE',  ( -0.000000000000000000, -1.000000000000000000, -0.000000000000000000 ) ) ;
#4048 = CARTESIAN_POINT ( 'NONE',  ( -1.500000000000000000, 0.000000000000000000, 0.5000000000000000000 ) ) ;
#4049 = CARTESIAN_POINT ( 'NONE',  ( -0.5999999999999998668, 0.000000000000000000, -1.149999999999999911 ) ) ;
#4050 = ORIENTED_EDGE ( 'NONE', *, *, #1958, .T. ) ;
#4051 = CARTESIAN_POINT ( 'NONE',  ( 0.6000000000000000888, 0.000000000000000000, -0.5000000000000000000 ) ) ;
#4052 = EDGE_LOOP ( 'NONE', ( #3375, #1993, #1667, #4212 ) ) ;
#4053 = AXIS2_PLACEMENT_3D ( 'NONE', #1781, #2938, #3258 ) ;
#4054 = VECTOR ( 'NONE', #4247, 1000.000000000000000 ) ;
#4055 = ADVANCED_FACE ( 'NONE', ( #1068 ), #1622, .T. ) ;
#4056 = VERTEX_POINT ( 'NONE', #3240 ) ;
#4057 = EDGE_LOOP ( 'NONE', ( #3418, #1034, #886, #2485, #3316, #3687, #3842, #542, #966 ) ) ;
#4058 = DIRECTION ( 'NONE',  ( -0.000000000000000000, 1.000000000000000000, -0.000000000000000000 ) ) ;
#4059 = ORIENTED_EDGE ( 'NONE', *, *, #151, .F. ) ;
#4060 = DIRECTION ( 'NONE',  ( -1.000000000000000000, -0.000000000000000000, 9.035018104045874392E-17 ) ) ;
#4061 = ORIENTED_EDGE ( 'NONE', *, *, #657, .T. ) ;
#4062 = PLANE ( 'NONE',  #3562 ) ;
#4063 = DIRECTION ( 'NONE',  ( 0.000000000000000000, -1.000000000000000000, 0.000000000000000000 ) ) ;
#4064 = DIRECTION ( 'NONE',  ( -0.000000000000000000, -1.000000000000000000, -0.000000000000000000 ) ) ;
#4065 = VECTOR ( 'NONE', #2725, 1000.000000000000000 ) ;
#4066 = EDGE_CURVE ( 'NONE', #3666, #2433, #4399, .T. ) ;
#4067 = PLANE ( 'NONE',  #930 ) ;
#4068 = LINE ( 'NONE', #2263, #3946 ) ;
#4069 = ORIENTED_EDGE ( 'NONE', *, *, #2472, .T. ) ;
#4070 = CIRCLE ( 'NONE', #2065, 0.1500000000000000777 ) ;
#4071 = EDGE_CURVE ( 'NONE', #1779, #4056, #1025, .T. ) ;
#4072 = CARTESIAN_POINT ( 'NONE',  ( 0.6000000000000000888, 0.4000000000000000222, -0.5000000000000000000 ) ) ;
#4073 = DIRECTION ( 'NONE',  ( 0.000000000000000000, 0.000000000000000000, 1.000000000000000000 ) ) ;
#4074 = CARTESIAN_POINT ( 'NONE',  ( -1.499999999999999778, 1.650000000000000355, 1.249999999999999556 ) ) ;
#4075 = DIRECTION ( 'NONE',  ( 0.000000000000000000, -1.000000000000000000, 0.000000000000000000 ) ) ;
#4076 = VERTEX_POINT ( 'NONE', #711 ) ;
#4077 = ADVANCED_FACE ( 'NONE', ( #1817, #2948 ), #4067, .F. ) ;
#4078 = ORIENTED_EDGE ( 'NONE', *, *, #4622, .T. ) ;
#4079 = VERTEX_POINT ( 'NONE', #404 ) ;
#4080 = PLANE ( 'NONE',  #1013 ) ;
#4081 = ORIENTED_EDGE ( 'NONE', *, *, #5, .F. ) ;
#4082 = DIRECTION ( 'NONE',  ( 0.000000000000000000, 0.000000000000000000, 1.000000000000000000 ) ) ;
#4083 = ORIENTED_EDGE ( 'NONE', *, *, #2452, .T. ) ;
#4084 = DIRECTION ( 'NONE',  ( -2.532041056836032961E-16, 0.000000000000000000, -1.000000000000000000 ) ) ;
#4085 = EDGE_CURVE ( 'NONE', #4133, #706, #2495, .T. ) ;
#4086 = EDGE_LOOP ( 'NONE', ( #2722, #2370, #957, #3932 ) ) ;
#4087 = CARTESIAN_POINT ( 'NONE',  ( 0.6000000000000000888, 0.4000000000000000222, 0.5000000000000000000 ) ) ;
#4088 = PLANE ( 'NONE',  #197 ) ;
#4089 = DIRECTION ( 'NONE',  ( 4.818676322157796389E-16, -0.000000000000000000, 1.000000000000000000 ) ) ;
#4090 = ADVANCED_FACE ( 'NONE', ( #4428 ), #3646, .F. ) ;
#4091 = CYLINDRICAL_SURFACE ( 'NONE', #2553, 0.3000000000000000444 ) ;
#4092 = CARTESIAN_POINT ( 'NONE',  ( -0.6000000000000000888, 0.4000000000000000222, 0.6999999999999998446 ) ) ;
#4093 = VERTEX_POINT ( 'NONE', #2870 ) ;
#4094 = CLOSED_SHELL ( 'NONE', ( #2036, #3334, #4169, #3876, #636, #3925, #3820, #3789, #2507, #2844, #766, #4350 ) ) ;
#4095 = AXIS2_PLACEMENT_3D ( 'NONE', #2563, #4064, #762 ) ;
#4096 = CARTESIAN_POINT ( 'NONE',  ( -1.599999999999999867, 1.650000000000000355, 1.074999999999999512 ) ) ;
#4097 = CIRCLE ( 'NONE', #571, 0.1000000000000000472 ) ;
#4098 = DIRECTION ( 'NONE',  ( 0.000000000000000000, -1.000000000000000000, 0.000000000000000000 ) ) ;
#4099 = LINE ( 'NONE', #1482, #3796 ) ;
#4100 = CARTESIAN_POINT ( 'NONE',  ( 1.425000000000000266, 0.000000000000000000, -1.249999999999999112 ) ) ;
#4101 = VERTEX_POINT ( 'NONE', #4357 ) ;
#4102 = VERTEX_POINT ( 'NONE', #3313 ) ;
#4103 = ADVANCED_FACE ( 'NONE', ( #2972 ), #2591, .F. ) ;
#4104 = VECTOR ( 'NONE', #4015, 1000.000000000000000 ) ;
#4105 = EDGE_CURVE ( 'NONE', #2390, #1843, #381, .T. ) ;
#4106 = EDGE_LOOP ( 'NONE', ( #2698, #3519, #206, #686 ) ) ;
#4107 = CYLINDRICAL_SURFACE ( 'NONE', #3790, 0.1000000000000001027 ) ;
#4108 = ORIENTED_EDGE ( 'NONE', *, *, #2401, .T. ) ;
#4109 = CARTESIAN_POINT ( 'NONE',  ( 1.399999999999999689, 0.9000000000000000222, -0.8499999999999999778 ) ) ;
#4110 = AXIS2_PLACEMENT_3D ( 'NONE', #1275, #4735, #3926 ) ;
#4111 = AXIS2_PLACEMENT_3D ( 'NONE', #1324, #282, #2011 ) ;
#4112 = VECTOR ( 'NONE', #260, 1000.000000000000000 ) ;
#4113 = EDGE_LOOP ( 'NONE', ( #1734, #1217, #4417, #2326 ) ) ;
#4114 = DIRECTION ( 'NONE',  ( 1.000000000000000000, 0.000000000000000000, -1.807003620809174878E-16 ) ) ;
#4115 = TOROIDAL_SURFACE ( 'NONE', #2027, 0.2500000000000000555, 0.05000000000000000278 ) ;
#4116 = ADVANCED_FACE ( 'NONE', ( #1047 ), #46, .F. ) ;
#4117 = EDGE_LOOP ( 'NONE', ( #1373, #2414, #1582, #3335 ) ) ;
#4118 = PLANE ( 'NONE',  #24 ) ;
#4119 = DIRECTION ( 'NONE',  ( -0.000000000000000000, -1.000000000000000000, -0.000000000000000000 ) ) ;
#4120 = CARTESIAN_POINT ( 'NONE',  ( -1.021874999999999423, 1.149999999999999911, 0.7031249999999962252 ) ) ;
#4121 = EDGE_CURVE ( 'NONE', #4056, #448, #2521, .T. ) ;
#4122 = CARTESIAN_POINT ( 'NONE',  ( 1.500000000000000000, 0.4000000000000000222, 0.5000000000000000000 ) ) ;
#4123 = LINE ( 'NONE', #2643, #3008 ) ;
#4124 = LINE ( 'NONE', #1896, #1392 ) ;
#4125 = CARTESIAN_POINT ( 'NONE',  ( 1.500000000000000000, 0.000000000000000000, 0.5000000000000000000 ) ) ;
#4126 = FILL_AREA_STYLE_COLOUR ( '', #4014 ) ;
#4127 = LINE ( 'NONE', #2718, #2042 ) ;
#4128 = AXIS2_PLACEMENT_3D ( 'NONE', #858, #3850, #3807 ) ;
#4129 = EDGE_LOOP ( 'NONE', ( #4711, #3129, #4764, #2703, #150, #4722, #1412, #2937 ) ) ;
#4130 = ORIENTED_EDGE ( 'NONE', *, *, #3058, .T. ) ;
#4131 = ORIENTED_EDGE ( 'NONE', *, *, #3854, .T. ) ;
#4132 = DIRECTION ( 'NONE',  ( 0.000000000000000000, -0.000000000000000000, 1.000000000000000000 ) ) ;
#4133 = VERTEX_POINT ( 'NONE', #3992 ) ;
#4134 = LINE ( 'NONE', #3714, #832 ) ;
#4135 = ORIENTED_EDGE ( 'NONE', *, *, #739, .F. ) ;
#4136 = LINE ( 'NONE', #3765, #4298 ) ;
#4137 = VECTOR ( 'NONE', #4385, 1000.000000000000000 ) ;
#4138 = VECTOR ( 'NONE', #2029, 1000.000000000000000 ) ;
#4139 = EDGE_CURVE ( 'NONE', #4370, #910, #1868, .T. ) ;
#4140 = ORIENTED_EDGE ( 'NONE', *, *, #2232, .F. ) ;
#4141 = CYLINDRICAL_SURFACE ( 'NONE', #941, 0.1000000000000001027 ) ;
#4142 = CARTESIAN_POINT ( 'NONE',  ( 1.500000000000000000, 0.4000000000000000222, -0.5000000000000000000 ) ) ;
#4143 = CYLINDRICAL_SURFACE ( 'NONE', #3989, 0.1410590277777777068 ) ;
#4144 = EDGE_CURVE ( 'NONE', #3057, #2817, #1497, .T. ) ;
#4145 = CYLINDRICAL_SURFACE ( 'NONE', #710, 0.1999999999999999833 ) ;
#4146 = CARTESIAN_POINT ( 'NONE',  ( -1.199999999999999512, 1.100000000000000089, 0.8499999999999999778 ) ) ;
#4147 = EDGE_CURVE ( 'NONE', #2055, #4133, #2566, .T. ) ;
#4148 = CIRCLE ( 'NONE', #2820, 0.04999999999999991257 ) ;
#4149 = EDGE_CURVE ( 'NONE', #3978, #1110, #1446, .T. ) ;
#4150 = DIRECTION ( 'NONE',  ( 0.000000000000000000, 0.000000000000000000, -1.000000000000000000 ) ) ;
#4151 = DIRECTION ( 'NONE',  ( -3.336006684570783101E-16, -0.000000000000000000, -1.000000000000000000 ) ) ;
#4152 = CARTESIAN_POINT ( 'NONE',  ( -1.199999999999999512, 1.100000000000000089, -1.050000000000000044 ) ) ;
#4153 = CARTESIAN_POINT ( 'NONE',  ( -1.599999999999999867, 0.000000000000000000, 1.250000000000000000 ) ) ;
#4154 = AXIS2_PLACEMENT_3D ( 'NONE', #1397, #1893, #3617 ) ;
#4155 = EDGE_LOOP ( 'NONE', ( #2386, #3501, #310, #4635 ) ) ;
#4156 = ORIENTED_EDGE ( 'NONE', *, *, #782, .T. ) ;
#4157 = VECTOR ( 'NONE', #3354, 1000.000000000000000 ) ;
#4158 = UNCERTAINTY_MEASURE_WITH_UNIT (LENGTH_MEASURE( 1.000000000000000082E-05 ), #3271, 'distance_accuracy_value', 'NONE');
#4159 = EDGE_LOOP ( 'NONE', ( #2149, #3629, #3150, #4564 ) ) ;
#4160 = DIRECTION ( 'NONE',  ( -1.000000000000000000, 0.000000000000000000, 0.000000000000000000 ) ) ;
#4161 = ORIENTED_EDGE ( 'NONE', *, *, #4007, .F. ) ;
#4162 = DIRECTION ( 'NONE',  ( 0.000000000000000000, -1.000000000000000000, 0.000000000000000000 ) ) ;
#4163 = ORIENTED_EDGE ( 'NONE', *, *, #4165, .F. ) ;
#4164 = LINE ( 'NONE', #2634, #980 ) ;
#4165 = EDGE_CURVE ( 'NONE', #1879, #2503, #1541, .T. ) ;
#4166 = ORIENTED_EDGE ( 'NONE', *, *, #1263, .T. ) ;
#4167 = DIRECTION ( 'NONE',  ( -0.000000000000000000, 0.000000000000000000, 1.000000000000000000 ) ) ;
#4168 = CARTESIAN_POINT ( 'NONE',  ( 1.500000000000000000, 0.3999999999999999667, -0.5000000000000000000 ) ) ;
#4169 = ADVANCED_FACE ( 'NONE', ( #2307 ), #2709, .T. ) ;
#4170 = EDGE_CURVE ( 'NONE', #34, #1193, #139, .T. ) ;
#4171 = CYLINDRICAL_SURFACE ( 'NONE', #4253, 0.2000000000000002054 ) ;
#4172 = CARTESIAN_POINT ( 'NONE',  ( 0.6000000000000000888, 0.4000000000000000222, -0.5000000000000000000 ) ) ;
#4173 = FACE_OUTER_BOUND ( 'NONE', #415, .T. ) ;
#4174 = DIRECTION ( 'NONE',  ( -0.000000000000000000, -1.000000000000000000, -0.000000000000000000 ) ) ;
#4175 = EDGE_CURVE ( 'NONE', #1642, #1452, #4479, .T. ) ;
#4176 =( LENGTH_UNIT ( ) NAMED_UNIT ( * ) SI_UNIT ( .MILLI., .METRE. ) );
#4177 = DIRECTION ( 'NONE',  ( 0.000000000000000000, 0.000000000000000000, 1.000000000000000000 ) ) ;
#4178 = VERTEX_POINT ( 'NONE', #476 ) ;
#4179 = ORIENTED_EDGE ( 'NONE', *, *, #3676, .T. ) ;
#4180 = CLOSED_SHELL ( 'NONE', ( #182, #4116, #3163, #3775, #736, #124, #918, #4523, #302, #2946, #3965 ) ) ;
#4181 = EDGE_CURVE ( 'NONE', #1059, #507, #3072, .T. ) ;
#4182 = ORIENTED_EDGE ( 'NONE', *, *, #3686, .T. ) ;
#4183 = DIRECTION ( 'NONE',  ( 1.000000000000000000, 0.000000000000000000, 0.000000000000000000 ) ) ;
#4184 = AXIS2_PLACEMENT_3D ( 'NONE', #2217, #1125, #1941 ) ;
#4185 = ORIENTED_EDGE ( 'NONE', *, *, #2070, .T. ) ;
#4186 = CARTESIAN_POINT ( 'NONE',  ( 1.499999999999999778, 1.050000000000000044, -0.8499999999999999778 ) ) ;
#4187 = VECTOR ( 'NONE', #4771, 1000.000000000000000 ) ;
#4188 = ORIENTED_EDGE ( 'NONE', *, *, #4366, .F. ) ;
#4189 = CARTESIAN_POINT ( 'NONE',  ( -1.199999999999999512, 0.9000000000000000222, -1.149999999999999467 ) ) ;
#4190 = VECTOR ( 'NONE', #2573, 1000.000000000000000 ) ;
#4191 = ORIENTED_EDGE ( 'NONE', *, *, #2789, .F. ) ;
#4192 = DIRECTION ( 'NONE',  ( 0.7071067811865477948, -0.000000000000000000, 0.7071067811865473507 ) ) ;
#4193 = AXIS2_PLACEMENT_3D ( 'NONE', #2238, #1525, #1142 ) ;
#4194 = VECTOR ( 'NONE', #3480, 1000.000000000000000 ) ;
#4195 = DIRECTION ( 'NONE',  ( 0.000000000000000000, 0.000000000000000000, 1.000000000000000000 ) ) ;
#4196 = ORIENTED_EDGE ( 'NONE', *, *, #3950, .F. ) ;
#4197 = CARTESIAN_POINT ( 'NONE',  ( -1.199999999999999289, 1.149999999999999911, 1.000000000000000000 ) ) ;
#4198 = AXIS2_PLACEMENT_3D ( 'NONE', #3533, #241, #3511 ) ;
#4199 = LINE ( 'NONE', #1895, #1858 ) ;
#4200 = PLANE ( 'NONE',  #794 ) ;
#4201 = CARTESIAN_POINT ( 'NONE',  ( 1.599999999999999867, 0.9000000000000000222, 0.000000000000000000 ) ) ;
#4202 = ADVANCED_FACE ( 'NONE', ( #2356 ), #4568, .T. ) ;
#4203 = CARTESIAN_POINT ( 'NONE',  ( 0.5999999999999998668, 0.000000000000000000, 1.149999999999999911 ) ) ;
#4204 = ORIENTED_EDGE ( 'NONE', *, *, #2210, .F. ) ;
#4205 = VERTEX_POINT ( 'NONE', #163 ) ;
#4206 = LINE ( 'NONE', #4636, #1153 ) ;
#4207 = EDGE_LOOP ( 'NONE', ( #956, #2100, #4514, #3568 ) ) ;
#4208 = CARTESIAN_POINT ( 'NONE',  ( 1.600000000000001199, 0.000000000000000000, -0.4000000000000000222 ) ) ;
#4209 = EDGE_LOOP ( 'NONE', ( #2742, #729, #4043, #2815 ) ) ;
#4210 = PLANE ( 'NONE',  #3256 ) ;
#4211 = ADVANCED_FACE ( 'NONE', ( #1519 ), #3409, .T. ) ;
#4212 = ORIENTED_EDGE ( 'NONE', *, *, #4304, .F. ) ;
#4213 = FACE_OUTER_BOUND ( 'NONE', #29, .T. ) ;
#4214 = PLANE ( 'NONE',  #3265 ) ;
#4215 = VERTEX_POINT ( 'NONE', #2688 ) ;
#4216 = DIRECTION ( 'NONE',  ( -0.000000000000000000, -1.000000000000000000, -0.000000000000000000 ) ) ;
#4217 = AXIS2_PLACEMENT_3D ( 'NONE', #2200, #2582, #2910 ) ;
#4218 = DIRECTION ( 'NONE',  ( 0.000000000000000000, 0.000000000000000000, 1.000000000000000000 ) ) ;
#4219 = DIRECTION ( 'NONE',  ( -0.000000000000000000, -1.000000000000000000, -0.000000000000000000 ) ) ;
#4220 = CARTESIAN_POINT ( 'NONE',  ( -1.199999999999999512, 1.149999999999999911, -1.000000000000000222 ) ) ;
#4221 = CARTESIAN_POINT ( 'NONE',  ( 0.5999999999999998668, 1.650000000000000355, 1.149999999999999911 ) ) ;
#4222 = ORIENTED_EDGE ( 'NONE', *, *, #2670, .F. ) ;
#4223 = ORIENTED_EDGE ( 'NONE', *, *, #2942, .F. ) ;
#4224 = ADVANCED_FACE ( 'NONE', ( #457 ), #4171, .F. ) ;
#4225 = CARTESIAN_POINT ( 'NONE',  ( 1.600000000000000311, 0.4000000000000000222, -1.074999999999999067 ) ) ;
#4226 = ADVANCED_FACE ( 'NONE', ( #2617 ), #4091, .T. ) ;
#4227 = VERTEX_POINT ( 'NONE', #3725 ) ;
#4228 = DIRECTION ( 'NONE',  ( -0.000000000000000000, 1.000000000000000000, -0.000000000000000000 ) ) ;
#4229 = ORIENTED_EDGE ( 'NONE', *, *, #2996, .F. ) ;
#4230 = CARTESIAN_POINT ( 'NONE',  ( 1.599999999999999867, 1.650000000000000355, 1.250000000000000000 ) ) ;
#4231 = ORIENTED_EDGE ( 'NONE', *, *, #3838, .T. ) ;
#4232 = CARTESIAN_POINT ( 'NONE',  ( -1.456385933836548574, 0.3999999999999999667, -1.150000000000000577 ) ) ;
#4233 = ORIENTED_EDGE ( 'NONE', *, *, #162, .F. ) ;
#4234 = FACE_OUTER_BOUND ( 'NONE', #630, .T. ) ;
#4235 = EDGE_CURVE ( 'NONE', #1306, #2813, #4123, .T. ) ;
#4236 = DIRECTION ( 'NONE',  ( 0.000000000000000000, 0.000000000000000000, 1.000000000000000000 ) ) ;
#4237 = CARTESIAN_POINT ( 'NONE',  ( 1.424999999999999822, 0.000000000000000000, 1.250000000000000000 ) ) ;
#4238 = LINE ( 'NONE', #3531, #3701 ) ;
#4239 = PLANE ( 'NONE',  #2849 ) ;
#4240 = CARTESIAN_POINT ( 'NONE',  ( -1.399999999999999467, 0.9000000000000000222, -0.8499999999999999778 ) ) ;
#4241 = ORIENTED_EDGE ( 'NONE', *, *, #3391, .F. ) ;
#4242 = ORIENTED_EDGE ( 'NONE', *, *, #3588, .T. ) ;
#4243 = FILL_AREA_STYLE_COLOUR ( '', #3700 ) ;
#4244 = CARTESIAN_POINT ( 'NONE',  ( 1.199999999999999734, 1.149999999999999911, 1.000000000000000000 ) ) ;
#4245 = ADVANCED_FACE ( 'NONE', ( #812 ), #1542, .T. ) ;
#4246 = ORIENTED_EDGE ( 'NONE', *, *, #3843, .T. ) ;
#4247 = DIRECTION ( 'NONE',  ( -3.336006684570783101E-16, -0.000000000000000000, -1.000000000000000000 ) ) ;
#4248 = ORIENTED_EDGE ( 'NONE', *, *, #4621, .T. ) ;
#4249 = CYLINDRICAL_SURFACE ( 'NONE', #798, 0.1750000000000000167 ) ;
#4250 = AXIS2_PLACEMENT_3D ( 'NONE', #2340, #26, #2287 ) ;
#4251 = AXIS2_PLACEMENT_3D ( 'NONE', #4146, #3682, #1484 ) ;
#4252 = EDGE_LOOP ( 'NONE', ( #3762, #3839, #1117, #3781 ) ) ;
#4253 = AXIS2_PLACEMENT_3D ( 'NONE', #4453, #2994, #4475 ) ;
#4254 = DIRECTION ( 'NONE',  ( 0.000000000000000000, -1.000000000000000000, 0.000000000000000000 ) ) ;
#4255 = DIRECTION ( 'NONE',  ( 0.000000000000000000, 1.000000000000000000, -0.000000000000000000 ) ) ;
#4256 = VECTOR ( 'NONE', #2050, 1000.000000000000000 ) ;
#4257 = CIRCLE ( 'NONE', #1546, 0.04999999999999991257 ) ;
#4258 = LINE ( 'NONE', #2423, #4415 ) ;
#4259 = CARTESIAN_POINT ( 'NONE',  ( 1.499999999999999778, 1.050000000000000044, 0.8499999999999999778 ) ) ;
#4260 = VECTOR ( 'NONE', #3348, 1000.000000000000000 ) ;
#4261 = CARTESIAN_POINT ( 'NONE',  ( -1.021874999999999423, 1.199999999999999956, 0.7031249999999962252 ) ) ;
#4262 = VECTOR ( 'NONE', #971, 1000.000000000000000 ) ;
#4263 = CARTESIAN_POINT ( 'NONE',  ( -1.021874999999999423, 1.149999999999999911, 0.5620659722222184351 ) ) ;
#4264 = FACE_OUTER_BOUND ( 'NONE', #3585, .T. ) ;
#4265 = ORIENTED_EDGE ( 'NONE', *, *, #1445, .F. ) ;
#4266 = EDGE_LOOP ( 'NONE', ( #2719, #3155, #4341, #4025 ) ) ;
#4267 = FACE_OUTER_BOUND ( 'NONE', #4623, .T. ) ;
#4268 = ORIENTED_EDGE ( 'NONE', *, *, #864, .F. ) ;
#4269 = DIRECTION ( 'NONE',  ( -0.000000000000000000, -1.000000000000000000, -0.000000000000000000 ) ) ;
#4270 = APPLICATION_CONTEXT ( 'automotive_design' ) ;
#4271 = VECTOR ( 'NONE', #990, 1000.000000000000000 ) ;
#4272 = CARTESIAN_POINT ( 'NONE',  ( 1.199999999999999734, 0.9000000000000000222, 1.149999999999999689 ) ) ;
#4273 = VECTOR ( 'NONE', #4698, 1000.000000000000000 ) ;
#4274 = EDGE_CURVE ( 'NONE', #2191, #1128, #4199, .T. ) ;
#4275 = EDGE_LOOP ( 'NONE', ( #126, #1438, #3954, #1796 ) ) ;
#4276 = FACE_BOUND ( 'NONE', #2963, .T. ) ;
#4277 = VECTOR ( 'NONE', #2567, 1000.000000000000000 ) ;
#4278 = ORIENTED_EDGE ( 'NONE', *, *, #1012, .F. ) ;
#4279 = PLANE ( 'NONE',  #1984 ) ;
#4280 = EDGE_CURVE ( 'NONE', #3514, #1697, #857, .T. ) ;
#4281 = DIRECTION ( 'NONE',  ( 0.000000000000000000, 0.000000000000000000, 1.000000000000000000 ) ) ;
#4282 = DIRECTION ( 'NONE',  ( 0.000000000000000000, 0.000000000000000000, -1.000000000000000000 ) ) ;
#4283 = CARTESIAN_POINT ( 'NONE',  ( -1.199999999999999289, 1.100000000000000089, 1.050000000000000044 ) ) ;
#4284 = EDGE_CURVE ( 'NONE', #1510, #4101, #1624, .T. ) ;
#4285 = CIRCLE ( 'NONE', #3899, 0.1750000000000004607 ) ;
#4286 = DIRECTION ( 'NONE',  ( -1.000000000000000000, 0.000000000000000000, 0.000000000000000000 ) ) ;
#4287 = PLANE ( 'NONE',  #2663 ) ;
#4288 = EDGE_CURVE ( 'NONE', #1879, #1680, #1938, .T. ) ;
#4289 = VERTEX_POINT ( 'NONE', #4122 ) ;
#4290 = EDGE_CURVE ( 'NONE', #398, #2856, #2168, .T. ) ;
#4291 = CARTESIAN_POINT ( 'NONE',  ( 1.456385933836549018, 0.000000000000000000, -1.150000000000000133 ) ) ;
#4292 = DIRECTION ( 'NONE',  ( -0.000000000000000000, -1.000000000000000000, -0.000000000000000000 ) ) ;
#4293 = VERTEX_POINT ( 'NONE', #3408 ) ;
#4294 = CARTESIAN_POINT ( 'NONE',  ( 1.499999999999999778, 0.000000000000000000, 1.250000000000000000 ) ) ;
#4295 = AXIS2_PLACEMENT_3D ( 'NONE', #2510, #4691, #370 ) ;
#4296 = ORIENTED_EDGE ( 'NONE', *, *, #3862, .F. ) ;
#4297 = DIRECTION ( 'NONE',  ( 1.000000000000000000, 0.000000000000000000, 0.000000000000000000 ) ) ;
#4298 = VECTOR ( 'NONE', #2297, 1000.000000000000000 ) ;
#4299 = ORIENTED_EDGE ( 'NONE', *, *, #1725, .F. ) ;
#4300 = LINE ( 'NONE', #188, #2037 ) ;
#4301 = CIRCLE ( 'NONE', #1751, 0.1999999999999999833 ) ;
#4302 = ORIENTED_EDGE ( 'NONE', *, *, #3862, .T. ) ;
#4303 = DIRECTION ( 'NONE',  ( 0.000000000000000000, 0.000000000000000000, 1.000000000000000000 ) ) ;
#4304 = EDGE_CURVE ( 'NONE', #2628, #2939, #475, .T. ) ;
#4305 = DIRECTION ( 'NONE',  ( 0.000000000000000000, 0.000000000000000000, -1.000000000000000000 ) ) ;
#4306 = LINE ( 'NONE', #2466, #503 ) ;
#4307 = EDGE_CURVE ( 'NONE', #1103, #11, #41, .T. ) ;
#4308 = CARTESIAN_POINT ( 'NONE',  ( -1.021874999999999423, 1.199999999999999956, 0.8441840277777739043 ) ) ;
#4309 = PLANE ( 'NONE',  #1637 ) ;
#4310 = CARTESIAN_POINT ( 'NONE',  ( -1.599999999999999867, 0.000000000000000000, -1.250000000000000000 ) ) ;
#4311 = VERTEX_POINT ( 'NONE', #4471 ) ;
#4312 = EDGE_CURVE ( 'NONE', #3470, #2146, #1492, .T. ) ;
#4313 = DIRECTION ( 'NONE',  ( -0.000000000000000000, 1.000000000000000000, -0.000000000000000000 ) ) ;
#4314 = CARTESIAN_POINT ( 'NONE',  ( 0.000000000000000000, 0.000000000000000000, -1.250000000000000000 ) ) ;
#4315 = EDGE_LOOP ( 'NONE', ( #2321, #3433, #1341, #2765 ) ) ;
#4316 = DIRECTION ( 'NONE',  ( 0.000000000000000000, -0.000000000000000000, 1.000000000000000000 ) ) ;
#4317 = ORIENTED_EDGE ( 'NONE', *, *, #3188, .T. ) ;
#4318 = DIRECTION ( 'NONE',  ( 1.000000000000000000, 0.000000000000000000, -4.818676322157796389E-16 ) ) ;
#4319 = ORIENTED_EDGE ( 'NONE', *, *, #5, .T. ) ;
#4320 = FACE_OUTER_BOUND ( 'NONE', #3128, .T. ) ;
#4321 = ORIENTED_EDGE ( 'NONE', *, *, #998, .T. ) ;
#4322 = DIRECTION ( 'NONE',  ( 0.000000000000000000, 0.000000000000000000, -1.000000000000000000 ) ) ;
#4323 = STYLED_ITEM ( 'NONE', ( #672 ), #66 ) ;
#4324 = AXIS2_PLACEMENT_3D ( 'NONE', #2735, #1260, #3122 ) ;
#4325 = VECTOR ( 'NONE', #296, 1000.000000000000000 ) ;
#4326 = PLANE ( 'NONE',  #2259 ) ;
#4327 = DIRECTION ( 'NONE',  ( -1.000000000000000000, -0.000000000000000000, -0.000000000000000000 ) ) ;
#4328 = FACE_OUTER_BOUND ( 'NONE', #1485, .T. ) ;
#4329 = VECTOR ( 'NONE', #2608, 1000.000000000000000 ) ;
#4330 = EDGE_CURVE ( 'NONE', #2681, #2880, #1156, .T. ) ;
#4331 = FACE_OUTER_BOUND ( 'NONE', #420, .T. ) ;
#4332 = AXIS2_PLACEMENT_3D ( 'NONE', #4610, #3808, #1577 ) ;
#4333 = CARTESIAN_POINT ( 'NONE',  ( 0.5999999999999998668, 0.000000000000000000, -1.149999999999999911 ) ) ;
#4334 = AXIS2_PLACEMENT_3D ( 'NONE', #2374, #291, #3472 ) ;
#4335 = VECTOR ( 'NONE', #3212, 1000.000000000000000 ) ;
#4336 = VERTEX_POINT ( 'NONE', #1133 ) ;
#4337 = EDGE_CURVE ( 'NONE', #507, #2505, #3744, .T. ) ;
#4338 = SURFACE_STYLE_FILL_AREA ( #2473 ) ;
#4339 = CARTESIAN_POINT ( 'NONE',  ( 0.6000000000000000888, 0.000000000000000000, -0.5000000000000000000 ) ) ;
#4340 = LINE ( 'NONE', #3224, #3019 ) ;
#4341 = ORIENTED_EDGE ( 'NONE', *, *, #3147, .T. ) ;
#4342 = LINE ( 'NONE', #1453, #438 ) ;
#4343 = ORIENTED_EDGE ( 'NONE', *, *, #2489, .T. ) ;
#4344 = DIRECTION ( 'NONE',  ( 0.000000000000000000, 0.000000000000000000, 1.000000000000000000 ) ) ;
#4345 = ORIENTED_EDGE ( 'NONE', *, *, #1719, .F. ) ;
#4346 = ORIENTED_EDGE ( 'NONE', *, *, #1503, .F. ) ;
#4347 = LINE ( 'NONE', #3688, #3442 ) ;
#4348 = ORIENTED_EDGE ( 'NONE', *, *, #3588, .F. ) ;
#4349 = FACE_OUTER_BOUND ( 'NONE', #700, .T. ) ;
#4350 = ADVANCED_FACE ( 'NONE', ( #1829 ), #631, .T. ) ;
#4351 = EDGE_CURVE ( 'NONE', #557, #3083, #4390, .T. ) ;
#4352 = ORIENTED_EDGE ( 'NONE', *, *, #2299, .F. ) ;
#4353 = AXIS2_PLACEMENT_3D ( 'NONE', #3901, #2805, #3149 ) ;
#4354 = DIRECTION ( 'NONE',  ( 1.000000000000000000, -0.000000000000000000, 0.000000000000000000 ) ) ;
#4355 = PLANE ( 'NONE',  #3421 ) ;
#4356 = DIRECTION ( 'NONE',  ( -1.000000000000000000, -0.000000000000000000, 0.000000000000000000 ) ) ;
#4357 = CARTESIAN_POINT ( 'NONE',  ( -1.499999999999999778, 0.4000000000000000222, -1.250000000000000444 ) ) ;
#4358 = LINE ( 'NONE', #1048, #409 ) ;
#4359 = EDGE_LOOP ( 'NONE', ( #2387, #73, #2439, #1240 ) ) ;
#4360 = VECTOR ( 'NONE', #722, 1000.000000000000000 ) ;
#4361 = CYLINDRICAL_SURFACE ( 'NONE', #1391, 0.1750000000000004607 ) ;
#4362 = ORIENTED_EDGE ( 'NONE', *, *, #3050, .F. ) ;
#4363 = DIRECTION ( 'NONE',  ( -1.000000000000000000, 0.000000000000000000, -2.532041056836033454E-16 ) ) ;
#4364 = EDGE_LOOP ( 'NONE', ( #3299, #2175, #2865, #3758 ) ) ;
#4365 = LINE ( 'NONE', #1776, #4325 ) ;
#4366 = EDGE_CURVE ( 'NONE', #2117, #3734, #1937, .T. ) ;
#4367 = EDGE_CURVE ( 'NONE', #125, #2343, #1556, .T. ) ;
#4368 = ORIENTED_EDGE ( 'NONE', *, *, #522, .T. ) ;
#4369 = LINE ( 'NONE', #1061, #2819 ) ;
#4370 = VERTEX_POINT ( 'NONE', #1487 ) ;
#4371 = FACE_OUTER_BOUND ( 'NONE', #1998, .T. ) ;
#4372 = VECTOR ( 'NONE', #804, 1000.000000000000000 ) ;
#4373 = EDGE_LOOP ( 'NONE', ( #4470, #4248, #3373, #3138, #3293, #484, #4538, #1706, #2462, #351, #1833, #3902, #3451, #4644, #1529, #3576 ) ) ;
#4374 = CARTESIAN_POINT ( 'NONE',  ( 0.000000000000000000, 0.000000000000000000, 0.000000000000000000 ) ) ;
#4375 = CIRCLE ( 'NONE', #224, 0.1750000000000006828 ) ;
#4376 = CARTESIAN_POINT ( 'NONE',  ( 0.6000000000000000888, 0.000000000000000000, 0.5000000000000000000 ) ) ;
#4377 = CYLINDRICAL_SURFACE ( 'NONE', #2221, 0.1750000000000000167 ) ;
#4378 = ADVANCED_FACE ( 'NONE', ( #1852 ), #4080, .F. ) ;
#4379 = DIRECTION ( 'NONE',  ( -0.000000000000000000, -1.000000000000000000, -0.000000000000000000 ) ) ;
#4380 = CARTESIAN_POINT ( 'NONE',  ( 1.599999999999999867, 0.9000000000000000222, -0.2999999999999999334 ) ) ;
#4381 = VERTEX_POINT ( 'NONE', #419 ) ;
#4382 = LINE ( 'NONE', #2212, #1539 ) ;
#4383 = DIRECTION ( 'NONE',  ( 0.000000000000000000, -1.000000000000000000, 0.000000000000000000 ) ) ;
#4384 = ORIENTED_EDGE ( 'NONE', *, *, #494, .F. ) ;
#4385 = DIRECTION ( 'NONE',  ( -0.000000000000000000, -1.000000000000000000, -0.000000000000000000 ) ) ;
#4386 = ORIENTED_EDGE ( 'NONE', *, *, #2514, .F. ) ;
#4387 = CARTESIAN_POINT ( 'NONE',  ( 1.599999999999999867, 0.000000000000000000, 1.074999999999999956 ) ) ;
#4388 = EDGE_CURVE ( 'NONE', #4101, #1638, #753, .T. ) ;
#4389 = ORIENTED_EDGE ( 'NONE', *, *, #1979, .F. ) ;
#4390 = LINE ( 'NONE', #4743, #3096 ) ;
#4391 = CARTESIAN_POINT ( 'NONE',  ( 1.600000000000000311, 1.650000000000000355, -1.074999999999999067 ) ) ;
#4392 = ORIENTED_EDGE ( 'NONE', *, *, #4427, .F. ) ;
#4393 = DIRECTION ( 'NONE',  ( -0.000000000000000000, -1.000000000000000000, -0.000000000000000000 ) ) ;
#4394 = ORIENTED_EDGE ( 'NONE', *, *, #1826, .T. ) ;
#4395 = DIRECTION ( 'NONE',  ( -0.000000000000000000, -1.000000000000000000, -0.000000000000000000 ) ) ;
#4396 = PLANE ( 'NONE',  #4426 ) ;
#4397 = LINE ( 'NONE', #2255, #3216 ) ;
#4398 = AXIS2_PLACEMENT_3D ( 'NONE', #1918, #3387, #1524 ) ;
#4399 = LINE ( 'NONE', #1840, #3103 ) ;
#4400 = AXIS2_PLACEMENT_3D ( 'NONE', #4556, #3439, #3052 ) ;
#4401 = PLANE ( 'NONE',  #2174 ) ;
#4402 = AXIS2_PLACEMENT_3D ( 'NONE', #3022, #2355, #456 ) ;
#4403 = ORIENTED_EDGE ( 'NONE', *, *, #3044, .F. ) ;
#4404 = EDGE_CURVE ( 'NONE', #1150, #3948, #2249, .T. ) ;
#4405 = CIRCLE ( 'NONE', #1630, 0.1999999999999999833 ) ;
#4406 = AXIS2_PLACEMENT_3D ( 'NONE', #1100, #4383, #1122 ) ;
#4407 = VECTOR ( 'NONE', #165, 1000.000000000000000 ) ;
#4408 =( LENGTH_UNIT ( ) NAMED_UNIT ( * ) SI_UNIT ( .MILLI., .METRE. ) );
#4409 = LINE ( 'NONE', #3997, #2335 ) ;
#4410 = VERTEX_POINT ( 'NONE', #2678 ) ;
#4411 = LINE ( 'NONE', #1408, #2047 ) ;
#4412 = VECTOR ( 'NONE', #3556, 1000.000000000000000 ) ;
#4413 = ORIENTED_EDGE ( 'NONE', *, *, #2884, .F. ) ;
#4414 = PLANE ( 'NONE',  #2716 ) ;
#4415 = VECTOR ( 'NONE', #2357, 1000.000000000000000 ) ;
#4416 = VERTEX_POINT ( 'NONE', #1904 ) ;
#4417 = ORIENTED_EDGE ( 'NONE', *, *, #1374, .T. ) ;
#4418 = CARTESIAN_POINT ( 'NONE',  ( 1.425000000000000044, 0.4000000000000000222, -1.249999999999999112 ) ) ;
#4419 = ORIENTED_EDGE ( 'NONE', *, *, #3011, .F. ) ;
#4420 = CARTESIAN_POINT ( 'NONE',  ( 1.456385933836549018, 0.4000000000000000222, -1.150000000000000133 ) ) ;
#4421 = ADVANCED_FACE ( 'NONE', ( #3422 ), #4107, .F. ) ;
#4422 = EDGE_LOOP ( 'NONE', ( #4362, #4465, #2569, #4577 ) ) ;
#4423 = CARTESIAN_POINT ( 'NONE',  ( 0.6000000000000000888, -1.250000000000000000, 0.5000000000000000000 ) ) ;
#4424 = DIRECTION ( 'NONE',  ( -1.000000000000000000, 0.000000000000000000, -2.532041056836032961E-16 ) ) ;
#4425 = CARTESIAN_POINT ( 'NONE',  ( 1.499999999999999778, 0.4000000000000000222, 1.250000000000000000 ) ) ;
#4426 = AXIS2_PLACEMENT_3D ( 'NONE', #3235, #327, #1087 ) ;
#4427 = EDGE_CURVE ( 'NONE', #1800, #3666, #1583, .T. ) ;
#4428 = FACE_OUTER_BOUND ( 'NONE', #2523, .T. ) ;
#4429 = FACE_OUTER_BOUND ( 'NONE', #936, .T. ) ;
#4430 = ORIENTED_EDGE ( 'NONE', *, *, #773, .T. ) ;
#4431 = CARTESIAN_POINT ( 'NONE',  ( -1.399999999999999467, 1.100000000000000089, 0.8499999999999999778 ) ) ;
#4432 = EDGE_CURVE ( 'NONE', #1008, #868, #1882, .T. ) ;
#4433 = CARTESIAN_POINT ( 'NONE',  ( 1.599999999999999867, 0.4000000000000000222, -1.250000000000000000 ) ) ;
#4434 = PLANE ( 'NONE',  #1091 ) ;
#4435 = LINE ( 'NONE', #3298, #1547 ) ;
#4436 = VERTEX_POINT ( 'NONE', #3059 ) ;
#4437 = DIRECTION ( 'NONE',  ( 1.000000000000000000, -0.000000000000000000, 1.156482317317878391E-14 ) ) ;
#4438 = VERTEX_POINT ( 'NONE', #1924 ) ;
#4439 = EDGE_CURVE ( 'NONE', #2780, #1756, #1105, .T. ) ;
#4440 = AXIS2_PLACEMENT_3D ( 'NONE', #822, #1906, #2274 ) ;
#4441 = AXIS2_PLACEMENT_3D ( 'NONE', #697, #2855, #4738 ) ;
#4442 = ORIENTED_EDGE ( 'NONE', *, *, #1138, .T. ) ;
#4443 = ADVANCED_FACE ( 'NONE', ( #3374 ), #4489, .F. ) ;
#4444 = ORIENTED_EDGE ( 'NONE', *, *, #2422, .F. ) ;
#4445 = LINE ( 'NONE', #421, #1969 ) ;
#4446 = VERTEX_POINT ( 'NONE', #1173 ) ;
#4447 = CARTESIAN_POINT ( 'NONE',  ( -1.199999999999999512, 1.100000000000000089, -0.8499999999999999778 ) ) ;
#4448 = ORIENTED_EDGE ( 'NONE', *, *, #1867, .T. ) ;
#4449 = CARTESIAN_POINT ( 'NONE',  ( -1.599999999999999867, 0.4000000000000000222, 1.074999999999999512 ) ) ;
#4450 = CARTESIAN_POINT ( 'NONE',  ( 1.399999999999999689, 1.149999999999999911, -0.8499999999999999778 ) ) ;
#4451 = CARTESIAN_POINT ( 'NONE',  ( -1.424999999999999600, 0.000000000000000000, 1.249999999999999556 ) ) ;
#4452 = CARTESIAN_POINT ( 'NONE',  ( 1.600000000000000311, 0.000000000000000000, -1.074999999999999067 ) ) ;
#4453 = CARTESIAN_POINT ( 'NONE',  ( -1.199999999999999512, 1.100000000000000089, -0.8499999999999999778 ) ) ;
#4454 = EDGE_CURVE ( 'NONE', #2856, #3691, #3476, .T. ) ;
#4455 = LINE ( 'NONE', #4604, #1249 ) ;
#4456 = CARTESIAN_POINT ( 'NONE',  ( 1.425000000000000044, 0.3999999999999999667, -1.249999999999999112 ) ) ;
#4457 = ORIENTED_EDGE ( 'NONE', *, *, #923, .T. ) ;
#4458 =( GEOMETRIC_REPRESENTATION_CONTEXT ( 3 ) GLOBAL_UNCERTAINTY_ASSIGNED_CONTEXT ( ( #818 ) ) GLOBAL_UNIT_ASSIGNED_CONTEXT ( ( #3048, #1204, #4474 ) ) REPRESENTATION_CONTEXT ( 'NONE', 'WORKASPACE' ) );
#4459 = LINE ( 'NONE', #4096, #4656 ) ;
#4460 = CARTESIAN_POINT ( 'NONE',  ( 1.500000000000000000, 0.4000000000000000222, 0.5000000000000000000 ) ) ;
#4461 = DIRECTION ( 'NONE',  ( -0.000000000000000000, 1.000000000000000000, -0.000000000000000000 ) ) ;
#4462 = EDGE_LOOP ( 'NONE', ( #1101, #2613, #1296, #2222 ) ) ;
#4463 = ORIENTED_EDGE ( 'NONE', *, *, #2397, .F. ) ;
#4464 = EDGE_CURVE ( 'NONE', #3352, #443, #1605, .T. ) ;
#4465 = ORIENTED_EDGE ( 'NONE', *, *, #286, .T. ) ;
#4466 = EDGE_LOOP ( 'NONE', ( #3014, #4617, #3423, #3227 ) ) ;
#4467 = LINE ( 'NONE', #105, #2449 ) ;
#4468 = VERTEX_POINT ( 'NONE', #1702 ) ;
#4469 = CARTESIAN_POINT ( 'NONE',  ( -1.599999999999999867, 1.650000000000000355, 1.149999999999999689 ) ) ;
#4470 = ORIENTED_EDGE ( 'NONE', *, *, #2847, .T. ) ;
#4471 = CARTESIAN_POINT ( 'NONE',  ( -1.500000000000000000, 0.3999999999999999667, -1.106385933836548707 ) ) ;
#4472 = LINE ( 'NONE', #3337, #3635 ) ;
#4473 = CARTESIAN_POINT ( 'NONE',  ( 1.199999999999999734, 0.9000000000000000222, 1.050000000000000044 ) ) ;
#4474 =( NAMED_UNIT ( * ) SI_UNIT ( $, .STERADIAN. ) SOLID_ANGLE_UNIT ( ) );
#4475 = DIRECTION ( 'NONE',  ( 0.000000000000000000, 0.000000000000000000, -1.000000000000000000 ) ) ;
#4476 = DIRECTION ( 'NONE',  ( 0.000000000000000000, 0.000000000000000000, 1.000000000000000000 ) ) ;
#4477 = VECTOR ( 'NONE', #4047, 1000.000000000000000 ) ;
#4478 = CARTESIAN_POINT ( 'NONE',  ( -1.499999999999999556, 0.9000000000000000222, 0.8499999999999999778 ) ) ;
#4479 = CIRCLE ( 'NONE', #2707, 0.1000000000000001027 ) ;
#4480 = DIRECTION ( 'NONE',  ( 1.239088197126290669E-15, 0.000000000000000000, 1.000000000000000000 ) ) ;
#4481 = CARTESIAN_POINT ( 'NONE',  ( 1.456385933836549018, 0.000000000000000000, 1.150000000000000133 ) ) ;
#4482 = CARTESIAN_POINT ( 'NONE',  ( 1.199999999999999734, 0.9000000000000000222, -1.050000000000000044 ) ) ;
#4483 = ORIENTED_EDGE ( 'NONE', *, *, #3153, .F. ) ;
#4484 = ORIENTED_EDGE ( 'NONE', *, *, #110, .F. ) ;
#4485 = VECTOR ( 'NONE', #2699, 1000.000000000000000 ) ;
#4486 = EDGE_CURVE ( 'NONE', #933, #2057, #4593, .T. ) ;
#4487 = UNCERTAINTY_MEASURE_WITH_UNIT (LENGTH_MEASURE( 1.000000000000000082E-05 ), #4408, 'distance_accuracy_value', 'NONE');
#4488 = ORIENTED_EDGE ( 'NONE', *, *, #4105, .T. ) ;
#4489 = CYLINDRICAL_SURFACE ( 'NONE', #789, 0.1000000000000001027 ) ;
#4490 = CIRCLE ( 'NONE', #1317, 0.1750000000000000167 ) ;
#4491 = ORIENTED_EDGE ( 'NONE', *, *, #3960, .T. ) ;
#4492 = CARTESIAN_POINT ( 'NONE',  ( 1.500000000000000000, 0.000000000000000000, -0.5000000000000000000 ) ) ;
#4493 = VECTOR ( 'NONE', #2180, 1000.000000000000000 ) ;
#4494 = VECTOR ( 'NONE', #2671, 1000.000000000000000 ) ;
#4495 = ORIENTED_EDGE ( 'NONE', *, *, #3309, .T. ) ;
#4496 = FACE_OUTER_BOUND ( 'NONE', #245, .T. ) ;
#4497 = AXIS2_PLACEMENT_3D ( 'NONE', #2763, #2054, #4640 ) ;
#4498 = ORIENTED_EDGE ( 'NONE', *, *, #4439, .F. ) ;
#4499 = CARTESIAN_POINT ( 'NONE',  ( -1.599999999999999423, 1.650000000000000355, -1.150000000000000355 ) ) ;
#4500 = LINE ( 'NONE', #3795, #638 ) ;
#4501 = EDGE_CURVE ( 'NONE', #201, #1590, #2170, .T. ) ;
#4502 = CARTESIAN_POINT ( 'NONE',  ( 0.5999999999999998668, 0.000000000000000000, 1.149999999999999911 ) ) ;
#4503 = EDGE_CURVE ( 'NONE', #4381, #1216, #2026, .T. ) ;
#4504 = DIRECTION ( 'NONE',  ( 0.000000000000000000, 1.000000000000000000, 0.000000000000000000 ) ) ;
#4505 = DIRECTION ( 'NONE',  ( -0.000000000000000000, -1.000000000000000000, -0.000000000000000000 ) ) ;
#4506 = CARTESIAN_POINT ( 'NONE',  ( 1.599999999999999867, 0.9000000000000000222, 1.250000000000000000 ) ) ;
#4507 = VECTOR ( 'NONE', #1368, 1000.000000000000000 ) ;
#4508 = CYLINDRICAL_SURFACE ( 'NONE', #33, 0.1750000000000000167 ) ;
#4509 = PLANE ( 'NONE',  #3239 ) ;
#4510 = PLANE ( 'NONE',  #3428 ) ;
#4511 = VECTOR ( 'NONE', #4609, 1000.000000000000000 ) ;
#4512 = EDGE_LOOP ( 'NONE', ( #1247, #1448, #4321, #2554 ) ) ;
#4513 = EDGE_CURVE ( 'NONE', #1756, #702, #4541, .T. ) ;
#4514 = ORIENTED_EDGE ( 'NONE', *, *, #309, .T. ) ;
#4515 = ORIENTED_EDGE ( 'NONE', *, *, #1319, .T. ) ;
#4516 = DIRECTION ( 'NONE',  ( 0.000000000000000000, 0.000000000000000000, 1.000000000000000000 ) ) ;
#4517 = EDGE_CURVE ( 'NONE', #3794, #4381, #4616, .T. ) ;
#4518 = DIRECTION ( 'NONE',  ( -0.000000000000000000, -1.000000000000000000, -0.000000000000000000 ) ) ;
#4519 = ORIENTED_EDGE ( 'NONE', *, *, #2580, .T. ) ;
#4520 = DIRECTION ( 'NONE',  ( -1.000000000000000000, 0.000000000000000000, -1.156482317317878391E-14 ) ) ;
#4521 = VECTOR ( 'NONE', #1808, 1000.000000000000000 ) ;
#4522 = AXIS2_PLACEMENT_3D ( 'NONE', #30, #883, #3804 ) ;
#4523 = ADVANCED_FACE ( 'NONE', ( #4267 ), #176, .T. ) ;
#4524 = ORIENTED_EDGE ( 'NONE', *, *, #655, .F. ) ;
#4525 = DIRECTION ( 'NONE',  ( 0.000000000000000000, -1.000000000000000000, 0.000000000000000000 ) ) ;
#4526 = DIRECTION ( 'NONE',  ( -0.000000000000000000, 1.000000000000000000, 0.000000000000000000 ) ) ;
#4527 = CARTESIAN_POINT ( 'NONE',  ( -1.199999999999999512, 0.9000000000000000222, -1.050000000000000044 ) ) ;
#4528 = EDGE_CURVE ( 'NONE', #1310, #1642, #3110, .T. ) ;
#4529 = DIRECTION ( 'NONE',  ( -0.000000000000000000, 1.000000000000000000, -0.000000000000000000 ) ) ;
#4530 = CARTESIAN_POINT ( 'NONE',  ( 1.199999999999999734, 1.100000000000000089, -0.8499999999999999778 ) ) ;
#4531 = DIRECTION ( 'NONE',  ( 0.000000000000000000, 0.000000000000000000, -1.000000000000000000 ) ) ;
#4532 = EDGE_CURVE ( 'NONE', #1956, #4289, #3084, .T. ) ;
#4533 = CARTESIAN_POINT ( 'NONE',  ( 1.399999999999999689, 1.100000000000000089, 0.8499999999999999778 ) ) ;
#4534 = CIRCLE ( 'NONE', #221, 0.1750000000000004607 ) ;
#4535 = SURFACE_STYLE_USAGE ( .BOTH. , #1876 ) ;
#4536 = DIRECTION ( 'NONE',  ( -1.000000000000000000, 0.000000000000000000, 0.000000000000000000 ) ) ;
#4537 = ORIENTED_EDGE ( 'NONE', *, *, #4695, .T. ) ;
#4538 = ORIENTED_EDGE ( 'NONE', *, *, #3651, .F. ) ;
#4539 = VECTOR ( 'NONE', #3327, 1000.000000000000000 ) ;
#4540 = ORIENTED_EDGE ( 'NONE', *, *, #3784, .T. ) ;
#4541 = LINE ( 'NONE', #2786, #3013 ) ;
#4542 = EDGE_LOOP ( 'NONE', ( #2271, #3764, #1016, #1097 ) ) ;
#4543 = DIRECTION ( 'NONE',  ( 1.000000000000000000, 0.000000000000000000, 0.000000000000000000 ) ) ;
#4544 = VERTEX_POINT ( 'NONE', #3905 ) ;
#4545 = LINE ( 'NONE', #4469, #2676 ) ;
#4546 = ADVANCED_FACE ( 'NONE', ( #605 ), #1682, .T. ) ;
#4547 = VERTEX_POINT ( 'NONE', #2073 ) ;
#4548 = CARTESIAN_POINT ( 'NONE',  ( -0.6000000000000000888, 0.000000000000000000, 0.6999999999999998446 ) ) ;
#4549 = DIRECTION ( 'NONE',  ( -0.000000000000000000, -1.000000000000000000, -0.000000000000000000 ) ) ;
#4550 = ORIENTED_EDGE ( 'NONE', *, *, #618, .F. ) ;
#4551 = DIRECTION ( 'NONE',  ( 0.000000000000000000, 1.000000000000000000, -0.000000000000000000 ) ) ;
#4552 = EDGE_CURVE ( 'NONE', #2130, #2416, #586, .T. ) ;
#4553 = DIRECTION ( 'NONE',  ( 0.000000000000000000, -1.000000000000000000, 0.000000000000000000 ) ) ;
#4554 = DIRECTION ( 'NONE',  ( 0.000000000000000000, 0.000000000000000000, -1.000000000000000000 ) ) ;
#4555 = FILL_AREA_STYLE ('',( #2309 ) ) ;
#4556 = CARTESIAN_POINT ( 'NONE',  ( 1.199999999999999734, 0.9000000000000000222, -0.8499999999999999778 ) ) ;
#4557 = EDGE_CURVE ( 'NONE', #3691, #3352, #4565, .T. ) ;
#4558 = VERTEX_POINT ( 'NONE', #152 ) ;
#4559 = FACE_OUTER_BOUND ( 'NONE', #3737, .T. ) ;
#4560 = EDGE_CURVE ( 'NONE', #2939, #3268, #4027, .T. ) ;
#4561 = ORIENTED_EDGE ( 'NONE', *, *, #522, .F. ) ;
#4562 = EDGE_LOOP ( 'NONE', ( #1126, #2241, #1758, #1859, #2674, #3231, #3522, #721 ) ) ;
#4563 = CLOSED_SHELL ( 'NONE', ( #3139, #1616, #1794, #4443, #896, #4103, #10, #786, #717, #953, #2638, #2182, #3221, #825, #4378, #4421, #234, #622, #2218, #4641, #1927, #1298, #4090, #3177, #167, #1714, #3931, #885, #2544, #1660, #3286, #4612, #3270, #2317, #3560, #3279, #3894, #874, #1211, #2111, #2285, #2256, #3456, #3077, #511, #1580, #1897 ) ) ;
#4564 = ORIENTED_EDGE ( 'NONE', *, *, #286, .F. ) ;
#4565 = LINE ( 'NONE', #1267, #4256 ) ;
#4566 = ORIENTED_EDGE ( 'NONE', *, *, #3937, .T. ) ;
#4567 = CARTESIAN_POINT ( 'NONE',  ( -0.6000000000000000888, 1.650000000000000355, -0.5000000000000000000 ) ) ;
#4568 = TOROIDAL_SURFACE ( 'NONE', #4726, 0.1500000000000000500, 0.05000000000000000278 ) ;
#4569 = LINE ( 'NONE', #1199, #4065 ) ;
#4570 = VECTOR ( 'NONE', #412, 1000.000000000000000 ) ;
#4571 = ORIENTED_EDGE ( 'NONE', *, *, #3693, .F. ) ;
#4572 = DIRECTION ( 'NONE',  ( -0.000000000000000000, -1.000000000000000000, 0.000000000000000000 ) ) ;
#4573 = AXIS2_PLACEMENT_3D ( 'NONE', #1134, #1932, #83 ) ;
#4574 = AXIS2_PLACEMENT_3D ( 'NONE', #1232, #1940, #2690 ) ;
#4575 = CIRCLE ( 'NONE', #2024, 0.1000000000000002554 ) ;
#4576 = CARTESIAN_POINT ( 'NONE',  ( 1.500000000000000000, 0.000000000000000000, 0.5000000000000000000 ) ) ;
#4577 = ORIENTED_EDGE ( 'NONE', *, *, #2801, .T. ) ;
#4578 = DIRECTION ( 'NONE',  ( 1.000000000000000000, 0.000000000000000000, 0.000000000000000000 ) ) ;
#4579 = EDGE_CURVE ( 'NONE', #587, #1819, #2741, .T. ) ;
#4580 = VECTOR ( 'NONE', #988, 1000.000000000000000 ) ;
#4581 = AXIS2_PLACEMENT_3D ( 'NONE', #2751, #3097, #595 ) ;
#4582 = LINE ( 'NONE', #3916, #335 ) ;
#4583 = DIRECTION ( 'NONE',  ( -0.000000000000000000, 0.000000000000000000, -1.000000000000000000 ) ) ;
#4584 = CYLINDRICAL_SURFACE ( 'NONE', #1632, 0.1000000000000000472 ) ;
#4585 = EDGE_CURVE ( 'NONE', #1353, #1680, #103, .T. ) ;
#4586 = CARTESIAN_POINT ( 'NONE',  ( -1.599999999999999867, 0.4000000000000000222, 1.074999999999999512 ) ) ;
#4587 = LINE ( 'NONE', #1601, #2277 ) ;
#4588 = ORIENTED_EDGE ( 'NONE', *, *, #4170, .F. ) ;
#4589 = EDGE_CURVE ( 'NONE', #1239, #1510, #558, .T. ) ;
#4590 = AXIS2_PLACEMENT_3D ( 'NONE', #3584, #4632, #3170 ) ;
#4591 = PRESENTATION_STYLE_ASSIGNMENT (( #1331 ) ) ;
#4592 = VECTOR ( 'NONE', #3067, 1000.000000000000000 ) ;
#4593 = LINE ( 'NONE', #1662, #3864 ) ;
#4594 = VERTEX_POINT ( 'NONE', #4736 ) ;
#4595 = DIRECTION ( 'NONE',  ( -1.000000000000000000, 0.000000000000000000, 0.000000000000000000 ) ) ;
#4596 = EDGE_CURVE ( 'NONE', #1800, #1931, #2475, .T. ) ;
#4597 = DIRECTION ( 'NONE',  ( 0.000000000000000000, -0.000000000000000000, 1.000000000000000000 ) ) ;
#4598 = EDGE_LOOP ( 'NONE', ( #2294, #2693, #1514, #659 ) ) ;
#4599 = LINE ( 'NONE', #624, #1388 ) ;
#4600 = DIRECTION ( 'NONE',  ( 0.000000000000000000, 1.000000000000000000, 0.000000000000000000 ) ) ;
#4601 = CIRCLE ( 'NONE', #2668, 0.1000000000000001027 ) ;
#4602 = ORIENTED_EDGE ( 'NONE', *, *, #4560, .T. ) ;
#4603 = DIRECTION ( 'NONE',  ( 0.000000000000000000, 0.000000000000000000, -1.000000000000000000 ) ) ;
#4604 = CARTESIAN_POINT ( 'NONE',  ( 1.500000000000000000, 0.3999999999999999667, -0.5000000000000000000 ) ) ;
#4605 = DIRECTION ( 'NONE',  ( -0.7071067811865477948, 0.000000000000000000, -0.7071067811865473507 ) ) ;
#4606 = CARTESIAN_POINT ( 'NONE',  ( 1.424999999999999822, 0.4000000000000000222, 1.250000000000000000 ) ) ;
#4607 = EDGE_CURVE ( 'NONE', #1901, #819, #4340, .T. ) ;
#4608 = DIRECTION ( 'NONE',  ( -1.000000000000000000, 0.000000000000000000, -0.000000000000000000 ) ) ;
#4609 = DIRECTION ( 'NONE',  ( -1.000000000000000000, 0.000000000000000000, 0.000000000000000000 ) ) ;
#4610 = CARTESIAN_POINT ( 'NONE',  ( 0.000000000000000000, 0.000000000000000000, 0.000000000000000000 ) ) ;
#4611 = EDGE_LOOP ( 'NONE', ( #3987, #3041, #3090, #295, #844, #267, #4739, #1533, #2235, #1488, #2811, #3757, #3637, #300, #817, #1960, #2659, #581, #3884, #2240, #2437, #2854, #3717, #153, #2139, #2720, #3911, #2696, #3202, #208, #1037, #3958, #2347, #962, #1603, #1287, #2166 ) ) ;
#4612 = ADVANCED_FACE ( 'NONE', ( #2546 ), #2902, .F. ) ;
#4613 = VECTOR ( 'NONE', #873, 1000.000000000000000 ) ;
#4614 = EDGE_LOOP ( 'NONE', ( #2988, #4163, #445, #3060 ) ) ;
#4615 = AXIS2_PLACEMENT_3D ( 'NONE', #3405, #829, #3526 ) ;
#4616 = LINE ( 'NONE', #2760, #935 ) ;
#4617 = ORIENTED_EDGE ( 'NONE', *, *, #4741, .T. ) ;
#4618 = DIRECTION ( 'NONE',  ( 1.000000000000000000, 0.000000000000000000, 0.000000000000000000 ) ) ;
#4619 = VERTEX_POINT ( 'NONE', #1753 ) ;
#4620 = DIRECTION ( 'NONE',  ( 0.000000000000000000, -0.000000000000000000, -1.000000000000000000 ) ) ;
#4621 = EDGE_CURVE ( 'NONE', #1429, #2780, #2555, .T. ) ;
#4622 = EDGE_CURVE ( 'NONE', #4438, #759, #342, .T. ) ;
#4623 = EDGE_LOOP ( 'NONE', ( #464, #2091, #1004, #2759 ) ) ;
#4624 = CARTESIAN_POINT ( 'NONE',  ( 1.599999999999999867, 0.000000000000000000, -1.250000000000000000 ) ) ;
#4625 = CARTESIAN_POINT ( 'NONE',  ( -1.021874999999999423, 1.149999999999999911, 0.7031249999999962252 ) ) ;
#4626 = LINE ( 'NONE', #901, #4262 ) ;
#4627 = LINE ( 'NONE', #3165, #3947 ) ;
#4628 = CYLINDRICAL_SURFACE ( 'NONE', #3579, 0.1750000000000004607 ) ;
#4629 = DIRECTION ( 'NONE',  ( 0.000000000000000000, 0.000000000000000000, 1.000000000000000000 ) ) ;
#4630 = EDGE_CURVE ( 'NONE', #4708, #2515, #4405, .T. ) ;
#4631 = CARTESIAN_POINT ( 'NONE',  ( 1.425000000000000266, 0.4000000000000000222, -1.249999999999999112 ) ) ;
#4632 = DIRECTION ( 'NONE',  ( 0.000000000000000000, 1.000000000000000000, -0.000000000000000000 ) ) ;
#4633 = PRODUCT_CONTEXT ( 'NONE', #1449, 'mechanical' ) ;
#4634 = ORIENTED_EDGE ( 'NONE', *, *, #2250, .F. ) ;
#4635 = ORIENTED_EDGE ( 'NONE', *, *, #1096, .F. ) ;
#4636 = CARTESIAN_POINT ( 'NONE',  ( -1.449999999999999734, 1.100000000000000089, 0.8499999999999999778 ) ) ;
#4637 = CARTESIAN_POINT ( 'NONE',  ( -1.499999999999999778, 0.9000000000000000222, -0.8499999999999999778 ) ) ;
#4638 = ORIENTED_EDGE ( 'NONE', *, *, #1077, .T. ) ;
#4639 = CARTESIAN_POINT ( 'NONE',  ( -1.600000000000000311, 0.9000000000000000222, 0.4000000000000000222 ) ) ;
#4640 = DIRECTION ( 'NONE',  ( 1.000000000000000000, 0.000000000000000000, 2.532041056836032961E-16 ) ) ;
#4641 = ADVANCED_FACE ( 'NONE', ( #4024 ), #720, .F. ) ;
#4642 = AXIS2_PLACEMENT_3D ( 'NONE', #4433, #3731, #3753 ) ;
#4643 = AXIS2_PLACEMENT_3D ( 'NONE', #4699, #1370, #2845 ) ;
#4644 = ORIENTED_EDGE ( 'NONE', *, *, #1417, .F. ) ;
#4645 = CARTESIAN_POINT ( 'NONE',  ( 1.199999999999999734, 1.100000000000000089, 1.099999999999999645 ) ) ;
#4646 = EDGE_LOOP ( 'NONE', ( #1290, #1663, #3325, #2269 ) ) ;
#4647 = DIRECTION ( 'NONE',  ( 0.000000000000000000, 0.000000000000000000, -1.000000000000000000 ) ) ;
#4648 = COLOUR_RGB ( '',0.9686274509803921573, 0.8784313725490195957, 0.5999999999999999778 ) ;
#4649 = AXIS2_PLACEMENT_3D ( 'NONE', #2995, #525, #4476 ) ;
#4650 = ADVANCED_FACE ( 'NONE', ( #2527 ), #2810, .T. ) ;
#4651 = DIRECTION ( 'NONE',  ( 0.000000000000000000, 0.000000000000000000, -1.000000000000000000 ) ) ;
#4652 = DIRECTION ( 'NONE',  ( 0.000000000000000000, -1.000000000000000000, 0.000000000000000000 ) ) ;
#4653 = LINE ( 'NONE', #2843, #2714 ) ;
#4654 = PLANE ( 'NONE',  #785 ) ;
#4655 = EDGE_CURVE ( 'NONE', #2880, #4076, #938, .T. ) ;
#4656 = VECTOR ( 'NONE', #2621, 1000.000000000000000 ) ;
#4657 = DIRECTION ( 'NONE',  ( 1.000000000000000000, 0.000000000000000000, -1.275531967630005245E-16 ) ) ;
#4658 = DIRECTION ( 'NONE',  ( -1.000000000000000000, 0.000000000000000000, -3.336006684570783101E-16 ) ) ;
#4659 = VERTEX_POINT ( 'NONE', #3176 ) ;
#4660 =( NAMED_UNIT ( * ) SI_UNIT ( $, .STERADIAN. ) SOLID_ANGLE_UNIT ( ) );
#4661 = EDGE_CURVE ( 'NONE', #1429, #4544, #3605, .T. ) ;
#4662 = ORIENTED_EDGE ( 'NONE', *, *, #977, .F. ) ;
#4663 = FACE_OUTER_BOUND ( 'NONE', #3104, .T. ) ;
#4664 = VECTOR ( 'NONE', #3797, 1000.000000000000000 ) ;
#4665 = ORIENTED_EDGE ( 'NONE', *, *, #434, .T. ) ;
#4666 = CARTESIAN_POINT ( 'NONE',  ( 0.6000000000000000888, 1.650000000000000355, -0.5000000000000000000 ) ) ;
#4667 = VECTOR ( 'NONE', #3121, 1000.000000000000000 ) ;
#4668 = EDGE_CURVE ( 'NONE', #1590, #3305, #314, .T. ) ;
#4669 = ORIENTED_EDGE ( 'NONE', *, *, #4280, .T. ) ;
#4670 = LINE ( 'NONE', #2816, #4271 ) ;
#4671 = CIRCLE ( 'NONE', #1806, 0.1410590277777777068 ) ;
#4672 = VERTEX_POINT ( 'NONE', #2455 ) ;
#4673 = DIRECTION ( 'NONE',  ( 0.000000000000000000, 1.000000000000000000, 0.000000000000000000 ) ) ;
#4674 = DIRECTION ( 'NONE',  ( -1.000000000000000000, 0.000000000000000000, 0.000000000000000000 ) ) ;
#4675 = CARTESIAN_POINT ( 'NONE',  ( 1.199999999999999734, 0.9000000000000000222, -1.149999999999999911 ) ) ;
#4676 = DIRECTION ( 'NONE',  ( -0.000000000000000000, -0.000000000000000000, 1.000000000000000000 ) ) ;
#4677 = EDGE_CURVE ( 'NONE', #706, #587, #1733, .T. ) ;
#4678 = VECTOR ( 'NONE', #3517, 1000.000000000000000 ) ;
#4679 = EDGE_CURVE ( 'NONE', #1921, #1148, #4435, .T. ) ;
#4680 = CYLINDRICAL_SURFACE ( 'NONE', #2413, 0.1750000000000006828 ) ;
#4681 = DIRECTION ( 'NONE',  ( 0.000000000000000000, -1.000000000000000000, 0.000000000000000000 ) ) ;
#4682 = ORIENTED_EDGE ( 'NONE', *, *, #2382, .F. ) ;
#4683 = CARTESIAN_POINT ( 'NONE',  ( -1.021874999999999423, 1.199999999999999956, 0.5620659722222184351 ) ) ;
#4684 = ORIENTED_EDGE ( 'NONE', *, *, #4121, .F. ) ;
#4685 = LINE ( 'NONE', #1378, #1894 ) ;
#4686 = AXIS2_PLACEMENT_3D ( 'NONE', #1107, #4058, #755 ) ;
#4687 = EDGE_LOOP ( 'NONE', ( #2829, #3571, #3851, #4748 ) ) ;
#4688 = DIRECTION ( 'NONE',  ( 0.000000000000000000, 0.000000000000000000, -1.000000000000000000 ) ) ;
#4689 = VECTOR ( 'NONE', #2202, 1000.000000000000000 ) ;
#4690 = EDGE_LOOP ( 'NONE', ( #2965, #463, #1604, #1056 ) ) ;
#4691 = DIRECTION ( 'NONE',  ( -0.000000000000000000, -1.000000000000000000, -0.000000000000000000 ) ) ;
#4692 = STYLED_ITEM ( 'NONE', ( #2303 ), #3211 ) ;
#4693 = VERTEX_POINT ( 'NONE', #4775 ) ;
#4694 = CARTESIAN_POINT ( 'NONE',  ( -1.499999999999999778, 0.9000000000000000222, -0.8499999999999999778 ) ) ;
#4695 = EDGE_CURVE ( 'NONE', #1931, #1779, #1451, .T. ) ;
#4696 = ORIENTED_EDGE ( 'NONE', *, *, #3651, .T. ) ;
#4697 = CARTESIAN_POINT ( 'NONE',  ( -1.399999999999999467, 1.199999999999999956, 0.8499999999999999778 ) ) ;
#4698 = DIRECTION ( 'NONE',  ( -0.000000000000000000, -1.000000000000000000, -0.000000000000000000 ) ) ;
#4699 = CARTESIAN_POINT ( 'NONE',  ( 1.599999999999999867, 0.4000000000000000222, -1.250000000000000000 ) ) ;
#4700 = EDGE_CURVE ( 'NONE', #448, #555, #4490, .T. ) ;
#4701 = LINE ( 'NONE', #3148, #3174 ) ;
#4702 = CARTESIAN_POINT ( 'NONE',  ( 1.499999999999999556, 1.100000000000000089, 0.8499999999999999778 ) ) ;
#4703 = ORIENTED_EDGE ( 'NONE', *, *, #168, .F. ) ;
#4704 = EDGE_CURVE ( 'NONE', #1193, #799, #3872, .T. ) ;
#4705 = SURFACE_STYLE_USAGE ( .BOTH. , #2525 ) ;
#4706 = DIRECTION ( 'NONE',  ( -0.000000000000000000, -1.000000000000000000, 0.000000000000000000 ) ) ;
#4707 = CARTESIAN_POINT ( 'NONE',  ( 1.199999999999999734, 0.9000000000000000222, -0.8499999999999999778 ) ) ;
#4708 = VERTEX_POINT ( 'NONE', #4482 ) ;
#4709 = DIRECTION ( 'NONE',  ( 0.000000000000000000, 0.000000000000000000, -1.000000000000000000 ) ) ;
#4710 = EDGE_CURVE ( 'NONE', #1081, #4416, #462, .T. ) ;
#4711 = ORIENTED_EDGE ( 'NONE', *, *, #1874, .T. ) ;
#4712 = CARTESIAN_POINT ( 'NONE',  ( 1.499999999999999556, 1.050000000000000044, 0.8499999999999999778 ) ) ;
#4713 = ADVANCED_FACE ( 'NONE', ( #95 ), #2215, .F. ) ;
#4714 = EDGE_LOOP ( 'NONE', ( #249, #888, #681, #4540, #1739, #979, #3543, #4394, #3085 ) ) ;
#4715 = DIRECTION ( 'NONE',  ( 0.000000000000000000, -1.000000000000000000, 0.000000000000000000 ) ) ;
#4716 = CARTESIAN_POINT ( 'NONE',  ( -1.500000000000000000, 0.4000000000000000222, 0.5000000000000000000 ) ) ;
#4717 = ORIENTED_EDGE ( 'NONE', *, *, #4454, .T. ) ;
#4718 = DIRECTION ( 'NONE',  ( -0.000000000000000000, -1.000000000000000000, -0.000000000000000000 ) ) ;
#4719 =( GEOMETRIC_REPRESENTATION_CONTEXT ( 3 ) GLOBAL_UNCERTAINTY_ASSIGNED_CONTEXT ( ( #3759 ) ) GLOBAL_UNIT_ASSIGNED_CONTEXT ( ( #3247, #1099, #3996 ) ) REPRESENTATION_CONTEXT ( 'NONE', 'WORKASPACE' ) );
#4720 = VECTOR ( 'NONE', #4437, 1000.000000000000000 ) ;
#4721 = VECTOR ( 'NONE', #1326, 1000.000000000000000 ) ;
#4722 = ORIENTED_EDGE ( 'NONE', *, *, #2764, .T. ) ;
#4723 = LINE ( 'NONE', #2944, #4335 ) ;
#4724 = CARTESIAN_POINT ( 'NONE',  ( -1.424999999999999822, 0.000000000000000000, -1.249999999999999556 ) ) ;
#4725 = DIRECTION ( 'NONE',  ( -1.000000000000000000, 0.000000000000000000, 3.336006684570783101E-16 ) ) ;
#4726 = AXIS2_PLACEMENT_3D ( 'NONE', #1230, #3383, #3748 ) ;
#4727 = VECTOR ( 'NONE', #1845, 1000.000000000000000 ) ;
#4728 = DIRECTION ( 'NONE',  ( 0.000000000000000000, 0.000000000000000000, 1.000000000000000000 ) ) ;
#4729 = DIRECTION ( 'NONE',  ( -0.000000000000000000, 1.000000000000000000, -0.000000000000000000 ) ) ;
#4730 = AXIS2_PLACEMENT_3D ( 'NONE', #518, #3840, #1612 ) ;
#4731 = AXIS2_PLACEMENT_3D ( 'NONE', #3702, #407, #1875 ) ;
#4732 = ORIENTED_EDGE ( 'NONE', *, *, #680, .T. ) ;
#4733 = AXIS2_PLACEMENT_3D ( 'NONE', #4029, #3957, #3302 ) ;
#4734 =( NAMED_UNIT ( * ) PLANE_ANGLE_UNIT ( ) SI_UNIT ( $, .RADIAN. ) );
#4735 = DIRECTION ( 'NONE',  ( -2.532041056836032961E-16, 0.000000000000000000, 1.000000000000000000 ) ) ;
#4736 = CARTESIAN_POINT ( 'NONE',  ( 1.456385933836549018, 0.4000000000000000222, -1.150000000000000133 ) ) ;
#4737 = ORIENTED_EDGE ( 'NONE', *, *, #713, .T. ) ;
#4738 = DIRECTION ( 'NONE',  ( -1.239088197126290669E-15, 0.000000000000000000, 1.000000000000000000 ) ) ;
#4739 = ORIENTED_EDGE ( 'NONE', *, *, #2993, .F. ) ;
#4740 = DIRECTION ( 'NONE',  ( 0.000000000000000000, 0.000000000000000000, -1.000000000000000000 ) ) ;
#4741 = EDGE_CURVE ( 'NONE', #1629, #3858, #861, .T. ) ;
#4742 = VERTEX_POINT ( 'NONE', #2239 ) ;
#4743 = CARTESIAN_POINT ( 'NONE',  ( 1.600000000000000311, 0.000000000000000000, -1.074999999999999067 ) ) ;
#4744 = CARTESIAN_POINT ( 'NONE',  ( -1.600000000000000311, 0.9000000000000000222, 1.149999999999999911 ) ) ;
#4745 = ORIENTED_EDGE ( 'NONE', *, *, #3776, .T. ) ;
#4746 = DIRECTION ( 'NONE',  ( 0.000000000000000000, 0.000000000000000000, -1.000000000000000000 ) ) ;
#4747 = VECTOR ( 'NONE', #1494, 1000.000000000000000 ) ;
#4748 = ORIENTED_EDGE ( 'NONE', *, *, #995, .F. ) ;
#4749 = VECTOR ( 'NONE', #1372, 1000.000000000000000 ) ;
#4750 = CARTESIAN_POINT ( 'NONE',  ( 1.199999999999999734, 1.100000000000000089, 1.099999999999999645 ) ) ;
#4751 = CARTESIAN_POINT ( 'NONE',  ( 1.600000000000001199, 0.9000000000000000222, 0.4000000000000000222 ) ) ;
#4752 = FACE_OUTER_BOUND ( 'NONE', #1954, .T. ) ;
#4753 = CARTESIAN_POINT ( 'NONE',  ( 1.456385933836549018, 0.4000000000000000222, 1.150000000000000133 ) ) ;
#4754 = FACE_OUTER_BOUND ( 'NONE', #2679, .T. ) ;
#4755 = ORIENTED_EDGE ( 'NONE', *, *, #2002, .F. ) ;
#4756 = EDGE_CURVE ( 'NONE', #4619, #1890, #3712, .T. ) ;
#4757 = LINE ( 'NONE', #4048, #564 ) ;
#4758 = ORIENTED_EDGE ( 'NONE', *, *, #2830, .T. ) ;
#4759 = CARTESIAN_POINT ( 'NONE',  ( 1.456385933836549018, -1.250000000000000000, 1.150000000000000133 ) ) ;
#4760 = EDGE_LOOP ( 'NONE', ( #155, #590, #4061, #2790 ) ) ;
#4761 = CARTESIAN_POINT ( 'NONE',  ( 1.599999999999999867, -1.250000000000000000, 1.250000000000000000 ) ) ;
#4762 = EDGE_LOOP ( 'NONE', ( #658, #3326, #4403, #1436, #839, #661, #4419, #3963 ) ) ;
#4763 = FACE_OUTER_BOUND ( 'NONE', #98, .T. ) ;
#4764 = ORIENTED_EDGE ( 'NONE', *, *, #2607, .T. ) ;
#4765 = CARTESIAN_POINT ( 'NONE',  ( -1.599999999999999867, 0.4000000000000000222, 1.250000000000000000 ) ) ;
#4766 = CIRCLE ( 'NONE', #3137, 0.1000000000000000472 ) ;
#4767 = DIRECTION ( 'NONE',  ( -0.000000000000000000, 0.000000000000000000, 1.000000000000000000 ) ) ;
#4768 = MECHANICAL_DESIGN_GEOMETRIC_PRESENTATION_REPRESENTATION (  '', ( #4692 ), #2683 ) ;
#4769 = DIRECTION ( 'NONE',  ( 0.000000000000000000, -1.000000000000000000, 0.000000000000000000 ) ) ;
#4770 = CARTESIAN_POINT ( 'NONE',  ( -1.499999999999999778, 0.000000000000000000, 1.249999999999999556 ) ) ;
#4771 = DIRECTION ( 'NONE',  ( 0.000000000000000000, -1.000000000000000000, 0.000000000000000000 ) ) ;
#4772 = DIRECTION ( 'NONE',  ( 1.000000000000000000, -0.000000000000000000, -2.532041056836032961E-16 ) ) ;
#4773 = VERTEX_POINT ( 'NONE', #2267 ) ;
#4774 = DIRECTION ( 'NONE',  ( -0.000000000000000000, -0.000000000000000000, -1.000000000000000000 ) ) ;
#4775 = CARTESIAN_POINT ( 'NONE',  ( 1.599999999999999867, 0.000000000000000000, -0.5000000000000001110 ) ) ;
#4776 = ORIENTED_EDGE ( 'NONE', *, *, #3425, .T. ) ;
#4777 = DIRECTION ( 'NONE',  ( 0.000000000000000000, 0.000000000000000000, -1.000000000000000000 ) ) ;
ENDSEC;
END-ISO-10303-21;
