ISO-10303-21;
HEADER;
FILE_DESCRIPTION((''),'2;1');
FILE_NAME('1723104104','2021-05-05T',('gga'),(''),
'PRO/ENGINEER BY PARAMETRIC TECHNOLOGY CORPORATION, 2016010',
'PRO/ENGINEER BY PARAMETRIC TECHNOLOGY CORPORATION, 2016010','');
FILE_SCHEMA(('CONFIG_CONTROL_DESIGN'));
ENDSEC;
DATA;
#1=DIRECTION('',(1.E0,0.E0,0.E0));
#2=VECTOR('',#1,1.2E0);
#3=CARTESIAN_POINT('',(-6.4E0,-2.675E0,-1.6E0));
#4=LINE('',#3,#2);
#5=DIRECTION('',(0.E0,0.E0,1.E0));
#6=VECTOR('',#5,8.2E0);
#7=CARTESIAN_POINT('',(-5.2E0,-2.675E0,-1.6E0));
#8=LINE('',#7,#6);
#9=DIRECTION('',(1.E0,0.E0,0.E0));
#10=VECTOR('',#9,1.2E0);
#11=CARTESIAN_POINT('',(-6.4E0,-2.675E0,6.6E0));
#12=LINE('',#11,#10);
#13=DIRECTION('',(0.E0,0.E0,-1.E0));
#14=VECTOR('',#13,8.2E0);
#15=CARTESIAN_POINT('',(-6.4E0,-2.675E0,6.6E0));
#16=LINE('',#15,#14);
#17=DIRECTION('',(-1.E0,0.E0,0.E0));
#18=VECTOR('',#17,1.2E0);
#19=CARTESIAN_POINT('',(6.4E0,-2.675E0,6.6E0));
#20=LINE('',#19,#18);
#21=DIRECTION('',(0.E0,0.E0,-1.E0));
#22=VECTOR('',#21,8.2E0);
#23=CARTESIAN_POINT('',(5.2E0,-2.675E0,6.6E0));
#24=LINE('',#23,#22);
#25=DIRECTION('',(-1.E0,0.E0,0.E0));
#26=VECTOR('',#25,1.2E0);
#27=CARTESIAN_POINT('',(6.4E0,-2.675E0,-1.6E0));
#28=LINE('',#27,#26);
#29=DIRECTION('',(0.E0,0.E0,1.E0));
#30=VECTOR('',#29,8.2E0);
#31=CARTESIAN_POINT('',(6.4E0,-2.675E0,-1.6E0));
#32=LINE('',#31,#30);
#33=DIRECTION('',(0.E0,0.E0,1.E0));
#34=VECTOR('',#33,4.73E0);
#35=CARTESIAN_POINT('',(7.49E0,-2.675E0,-3.1E0));
#36=LINE('',#35,#34);
#37=DIRECTION('',(-1.E0,0.E0,0.E0));
#38=VECTOR('',#37,1.498E1);
#39=CARTESIAN_POINT('',(7.49E0,-2.675E0,-3.1E0));
#40=LINE('',#39,#38);
#41=DIRECTION('',(0.E0,0.E0,1.E0));
#42=VECTOR('',#41,4.73E0);
#43=CARTESIAN_POINT('',(-7.49E0,-2.675E0,-3.1E0));
#44=LINE('',#43,#42);
#45=DIRECTION('',(1.E0,0.E0,0.E0));
#46=VECTOR('',#45,1.16E0);
#47=CARTESIAN_POINT('',(-8.65E0,-2.675E0,1.63E0));
#48=LINE('',#47,#46);
#49=DIRECTION('',(0.E0,0.E0,1.E0));
#50=VECTOR('',#49,6.47E0);
#51=CARTESIAN_POINT('',(-8.65E0,-2.675E0,1.63E0));
#52=LINE('',#51,#50);
#53=DIRECTION('',(1.E0,0.E0,0.E0));
#54=VECTOR('',#53,1.73E1);
#55=CARTESIAN_POINT('',(-8.65E0,-2.675E0,8.1E0));
#56=LINE('',#55,#54);
#57=DIRECTION('',(0.E0,0.E0,-1.E0));
#58=VECTOR('',#57,6.47E0);
#59=CARTESIAN_POINT('',(8.65E0,-2.675E0,8.1E0));
#60=LINE('',#59,#58);
#61=DIRECTION('',(-1.E0,0.E0,0.E0));
#62=VECTOR('',#61,1.16E0);
#63=CARTESIAN_POINT('',(8.65E0,-2.675E0,1.63E0));
#64=LINE('',#63,#62);
#65=DIRECTION('',(0.E0,0.E0,1.E0));
#66=VECTOR('',#65,1.5E0);
#67=CARTESIAN_POINT('',(-7.5E0,-2.675E0,2.105E0));
#68=LINE('',#67,#66);
#69=DIRECTION('',(-1.E0,0.E0,0.E0));
#70=VECTOR('',#69,5.E-1);
#71=CARTESIAN_POINT('',(-7.5E0,-2.675E0,3.605E0));
#72=LINE('',#71,#70);
#73=DIRECTION('',(0.E0,0.E0,1.E0));
#74=VECTOR('',#73,1.5E0);
#75=CARTESIAN_POINT('',(-8.E0,-2.675E0,2.105E0));
#76=LINE('',#75,#74);
#77=DIRECTION('',(-1.E0,0.E0,0.E0));
#78=VECTOR('',#77,5.E-1);
#79=CARTESIAN_POINT('',(-7.5E0,-2.675E0,2.105E0));
#80=LINE('',#79,#78);
#81=DIRECTION('',(0.E0,0.E0,1.E0));
#82=VECTOR('',#81,1.5E0);
#83=CARTESIAN_POINT('',(7.5E0,-2.675E0,2.105E0));
#84=LINE('',#83,#82);
#85=DIRECTION('',(1.E0,0.E0,0.E0));
#86=VECTOR('',#85,5.E-1);
#87=CARTESIAN_POINT('',(7.5E0,-2.675E0,2.105E0));
#88=LINE('',#87,#86);
#89=DIRECTION('',(0.E0,0.E0,1.E0));
#90=VECTOR('',#89,1.5E0);
#91=CARTESIAN_POINT('',(8.E0,-2.675E0,2.105E0));
#92=LINE('',#91,#90);
#93=DIRECTION('',(1.E0,0.E0,0.E0));
#94=VECTOR('',#93,5.E-1);
#95=CARTESIAN_POINT('',(7.5E0,-2.675E0,3.605E0));
#96=LINE('',#95,#94);
#97=DIRECTION('',(0.E0,0.E0,-1.E0));
#98=VECTOR('',#97,2.126062346164E-1);
#99=CARTESIAN_POINT('',(-3.82E0,-2.675E0,4.232606234616E0));
#100=LINE('',#99,#98);
#101=CARTESIAN_POINT('',(-4.67E0,-2.675E0,4.02E0));
#102=DIRECTION('',(0.E0,-1.E0,0.E0));
#103=DIRECTION('',(0.E0,0.E0,-1.E0));
#104=AXIS2_PLACEMENT_3D('',#101,#102,#103);
#106=DIRECTION('',(-1.E0,0.E0,0.E0));
#107=VECTOR('',#106,2.126062346163E-1);
#108=CARTESIAN_POINT('',(-4.67E0,-2.675E0,3.17E0));
#109=LINE('',#108,#107);
#110=CARTESIAN_POINT('',(-4.882606234616E0,-2.675E0,3.07E0));
#111=DIRECTION('',(0.E0,-1.E0,0.E0));
#112=DIRECTION('',(0.E0,0.E0,1.E0));
#113=AXIS2_PLACEMENT_3D('',#110,#111,#112);
#115=CARTESIAN_POINT('',(-3.5E0,-2.675E0,2.85E0));
#116=DIRECTION('',(0.E0,-1.E0,0.E0));
#117=DIRECTION('',(-9.875758818688E-1,0.E0,1.571428571429E-1));
#118=AXIS2_PLACEMENT_3D('',#115,#116,#117);
#120=CARTESIAN_POINT('',(-4.882606234616E0,-2.675E0,2.63E0));
#121=DIRECTION('',(0.E0,-1.E0,0.E0));
#122=DIRECTION('',(-9.875758818688E-1,0.E0,-1.571428571429E-1));
#123=AXIS2_PLACEMENT_3D('',#120,#121,#122);
#125=DIRECTION('',(1.E0,0.E0,0.E0));
#126=VECTOR('',#125,2.126062346163E-1);
#127=CARTESIAN_POINT('',(-4.882606234616E0,-2.675E0,2.53E0));
#128=LINE('',#127,#126);
#129=CARTESIAN_POINT('',(-4.67E0,-2.675E0,1.68E0));
#130=DIRECTION('',(0.E0,-1.E0,0.E0));
#131=DIRECTION('',(1.E0,0.E0,0.E0));
#132=AXIS2_PLACEMENT_3D('',#129,#130,#131);
#134=DIRECTION('',(0.E0,0.E0,-1.E0));
#135=VECTOR('',#134,2.126062346164E-1);
#136=CARTESIAN_POINT('',(-3.82E0,-2.675E0,1.68E0));
#137=LINE('',#136,#135);
#138=CARTESIAN_POINT('',(-3.72E0,-2.675E0,1.467393765384E0));
#139=DIRECTION('',(0.E0,-1.E0,0.E0));
#140=DIRECTION('',(-1.E0,0.E0,2.220446049250E-14));
#141=AXIS2_PLACEMENT_3D('',#138,#139,#140);
#143=CARTESIAN_POINT('',(-3.5E0,-2.675E0,2.85E0));
#144=DIRECTION('',(0.E0,-1.E0,0.E0));
#145=DIRECTION('',(-1.571428571429E-1,0.E0,-9.875758818688E-1));
#146=AXIS2_PLACEMENT_3D('',#143,#144,#145);
#148=CARTESIAN_POINT('',(-3.28E0,-2.675E0,1.467393765384E0));
#149=DIRECTION('',(0.E0,-1.E0,0.E0));
#150=DIRECTION('',(1.571428571429E-1,0.E0,-9.875758818688E-1));
#151=AXIS2_PLACEMENT_3D('',#148,#149,#150);
#153=DIRECTION('',(0.E0,0.E0,1.E0));
#154=VECTOR('',#153,2.126062346164E-1);
#155=CARTESIAN_POINT('',(-3.18E0,-2.675E0,1.467393765384E0));
#156=LINE('',#155,#154);
#157=CARTESIAN_POINT('',(-2.33E0,-2.675E0,1.68E0));
#158=DIRECTION('',(0.E0,-1.E0,0.E0));
#159=DIRECTION('',(0.E0,0.E0,1.E0));
#160=AXIS2_PLACEMENT_3D('',#157,#158,#159);
#162=DIRECTION('',(1.E0,0.E0,0.E0));
#163=VECTOR('',#162,2.126062346163E-1);
#164=CARTESIAN_POINT('',(-2.33E0,-2.675E0,2.53E0));
#165=LINE('',#164,#163);
#166=CARTESIAN_POINT('',(-2.117393765384E0,-2.675E0,2.63E0));
#167=DIRECTION('',(0.E0,-1.E0,0.E0));
#168=DIRECTION('',(1.332267629550E-14,0.E0,-1.E0));
#169=AXIS2_PLACEMENT_3D('',#166,#167,#168);
#171=CARTESIAN_POINT('',(-3.5E0,-2.675E0,2.85E0));
#172=DIRECTION('',(0.E0,-1.E0,0.E0));
#173=DIRECTION('',(9.875758818688E-1,0.E0,-1.571428571429E-1));
#174=AXIS2_PLACEMENT_3D('',#171,#172,#173);
#176=CARTESIAN_POINT('',(-2.117393765384E0,-2.675E0,3.07E0));
#177=DIRECTION('',(0.E0,-1.E0,0.E0));
#178=DIRECTION('',(9.875758818688E-1,0.E0,1.571428571429E-1));
#179=AXIS2_PLACEMENT_3D('',#176,#177,#178);
#181=DIRECTION('',(-1.E0,0.E0,0.E0));
#182=VECTOR('',#181,2.126062346163E-1);
#183=CARTESIAN_POINT('',(-2.117393765384E0,-2.675E0,3.17E0));
#184=LINE('',#183,#182);
#185=CARTESIAN_POINT('',(-2.33E0,-2.675E0,4.02E0));
#186=DIRECTION('',(0.E0,-1.E0,0.E0));
#187=DIRECTION('',(-1.E0,0.E0,0.E0));
#188=AXIS2_PLACEMENT_3D('',#185,#186,#187);
#190=DIRECTION('',(0.E0,0.E0,1.E0));
#191=VECTOR('',#190,2.126062346164E-1);
#192=CARTESIAN_POINT('',(-3.18E0,-2.675E0,4.02E0));
#193=LINE('',#192,#191);
#194=CARTESIAN_POINT('',(-3.28E0,-2.675E0,4.232606234616E0));
#195=DIRECTION('',(0.E0,-1.E0,0.E0));
#196=DIRECTION('',(1.E0,0.E0,-1.776356839400E-14));
#197=AXIS2_PLACEMENT_3D('',#194,#195,#196);
#199=CARTESIAN_POINT('',(-3.5E0,-2.675E0,2.85E0));
#200=DIRECTION('',(0.E0,-1.E0,0.E0));
#201=DIRECTION('',(1.571428571429E-1,0.E0,9.875758818688E-1));
#202=AXIS2_PLACEMENT_3D('',#199,#200,#201);
#204=CARTESIAN_POINT('',(-3.72E0,-2.675E0,4.232606234616E0));
#205=DIRECTION('',(0.E0,-1.E0,0.E0));
#206=DIRECTION('',(-1.571428571429E-1,0.E0,9.875758818688E-1));
#207=AXIS2_PLACEMENT_3D('',#204,#205,#206);
#209=DIRECTION('',(0.E0,0.E0,-1.E0));
#210=VECTOR('',#209,2.126062346164E-1);
#211=CARTESIAN_POINT('',(3.82E0,-2.675E0,4.232606234616E0));
#212=LINE('',#211,#210);
#213=CARTESIAN_POINT('',(3.72E0,-2.675E0,4.232606234616E0));
#214=DIRECTION('',(0.E0,1.E0,0.E0));
#215=DIRECTION('',(1.571428571429E-1,0.E0,9.875758818688E-1));
#216=AXIS2_PLACEMENT_3D('',#213,#214,#215);
#218=CARTESIAN_POINT('',(3.5E0,-2.675E0,2.85E0));
#219=DIRECTION('',(0.E0,1.E0,0.E0));
#220=DIRECTION('',(-1.571428571429E-1,0.E0,9.875758818688E-1));
#221=AXIS2_PLACEMENT_3D('',#218,#219,#220);
#223=CARTESIAN_POINT('',(3.28E0,-2.675E0,4.232606234616E0));
#224=DIRECTION('',(0.E0,1.E0,0.E0));
#225=DIRECTION('',(-1.E0,0.E0,-1.776356839400E-14));
#226=AXIS2_PLACEMENT_3D('',#223,#224,#225);
#228=DIRECTION('',(0.E0,0.E0,1.E0));
#229=VECTOR('',#228,2.126062346164E-1);
#230=CARTESIAN_POINT('',(3.18E0,-2.675E0,4.02E0));
#231=LINE('',#230,#229);
#232=CARTESIAN_POINT('',(2.33E0,-2.675E0,4.02E0));
#233=DIRECTION('',(0.E0,1.E0,0.E0));
#234=DIRECTION('',(1.E0,0.E0,0.E0));
#235=AXIS2_PLACEMENT_3D('',#232,#233,#234);
#237=DIRECTION('',(1.E0,0.E0,0.E0));
#238=VECTOR('',#237,2.126062346163E-1);
#239=CARTESIAN_POINT('',(2.117393765384E0,-2.675E0,3.17E0));
#240=LINE('',#239,#238);
#241=CARTESIAN_POINT('',(2.117393765384E0,-2.675E0,3.07E0));
#242=DIRECTION('',(0.E0,1.E0,0.E0));
#243=DIRECTION('',(-9.875758818688E-1,0.E0,1.571428571429E-1));
#244=AXIS2_PLACEMENT_3D('',#241,#242,#243);
#246=CARTESIAN_POINT('',(3.5E0,-2.675E0,2.85E0));
#247=DIRECTION('',(0.E0,1.E0,0.E0));
#248=DIRECTION('',(-9.875758818688E-1,0.E0,-1.571428571429E-1));
#249=AXIS2_PLACEMENT_3D('',#246,#247,#248);
#251=CARTESIAN_POINT('',(2.117393765384E0,-2.675E0,2.63E0));
#252=DIRECTION('',(0.E0,1.E0,0.E0));
#253=DIRECTION('',(-1.332267629550E-14,0.E0,-1.E0));
#254=AXIS2_PLACEMENT_3D('',#251,#252,#253);
#256=DIRECTION('',(-1.E0,0.E0,0.E0));
#257=VECTOR('',#256,2.126062346163E-1);
#258=CARTESIAN_POINT('',(2.33E0,-2.675E0,2.53E0));
#259=LINE('',#258,#257);
#260=CARTESIAN_POINT('',(2.33E0,-2.675E0,1.68E0));
#261=DIRECTION('',(0.E0,1.E0,0.E0));
#262=DIRECTION('',(0.E0,0.E0,1.E0));
#263=AXIS2_PLACEMENT_3D('',#260,#261,#262);
#265=DIRECTION('',(0.E0,0.E0,1.E0));
#266=VECTOR('',#265,2.126062346164E-1);
#267=CARTESIAN_POINT('',(3.18E0,-2.675E0,1.467393765384E0));
#268=LINE('',#267,#266);
#269=CARTESIAN_POINT('',(3.28E0,-2.675E0,1.467393765384E0));
#270=DIRECTION('',(0.E0,1.E0,0.E0));
#271=DIRECTION('',(-1.571428571429E-1,0.E0,-9.875758818688E-1));
#272=AXIS2_PLACEMENT_3D('',#269,#270,#271);
#274=CARTESIAN_POINT('',(3.5E0,-2.675E0,2.85E0));
#275=DIRECTION('',(0.E0,1.E0,0.E0));
#276=DIRECTION('',(1.571428571429E-1,0.E0,-9.875758818688E-1));
#277=AXIS2_PLACEMENT_3D('',#274,#275,#276);
#279=CARTESIAN_POINT('',(3.72E0,-2.675E0,1.467393765384E0));
#280=DIRECTION('',(0.E0,1.E0,0.E0));
#281=DIRECTION('',(1.E0,0.E0,2.220446049250E-14));
#282=AXIS2_PLACEMENT_3D('',#279,#280,#281);
#284=DIRECTION('',(0.E0,0.E0,-1.E0));
#285=VECTOR('',#284,2.126062346163E-1);
#286=CARTESIAN_POINT('',(3.82E0,-2.675E0,1.68E0));
#287=LINE('',#286,#285);
#288=CARTESIAN_POINT('',(4.67E0,-2.675E0,1.68E0));
#289=DIRECTION('',(0.E0,1.E0,0.E0));
#290=DIRECTION('',(-1.E0,0.E0,0.E0));
#291=AXIS2_PLACEMENT_3D('',#288,#289,#290);
#293=DIRECTION('',(-1.E0,0.E0,0.E0));
#294=VECTOR('',#293,2.126062346163E-1);
#295=CARTESIAN_POINT('',(4.882606234616E0,-2.675E0,2.53E0));
#296=LINE('',#295,#294);
#297=CARTESIAN_POINT('',(4.882606234616E0,-2.675E0,2.63E0));
#298=DIRECTION('',(0.E0,1.E0,0.E0));
#299=DIRECTION('',(9.875758818688E-1,0.E0,-1.571428571429E-1));
#300=AXIS2_PLACEMENT_3D('',#297,#298,#299);
#302=CARTESIAN_POINT('',(3.5E0,-2.675E0,2.85E0));
#303=DIRECTION('',(0.E0,1.E0,0.E0));
#304=DIRECTION('',(9.875758818688E-1,0.E0,1.571428571429E-1));
#305=AXIS2_PLACEMENT_3D('',#302,#303,#304);
#307=CARTESIAN_POINT('',(4.882606234616E0,-2.675E0,3.07E0));
#308=DIRECTION('',(0.E0,1.E0,0.E0));
#309=DIRECTION('',(0.E0,0.E0,1.E0));
#310=AXIS2_PLACEMENT_3D('',#307,#308,#309);
#312=DIRECTION('',(1.E0,0.E0,0.E0));
#313=VECTOR('',#312,2.126062346163E-1);
#314=CARTESIAN_POINT('',(4.67E0,-2.675E0,3.17E0));
#315=LINE('',#314,#313);
#316=CARTESIAN_POINT('',(4.67E0,-2.675E0,4.02E0));
#317=DIRECTION('',(0.E0,1.E0,0.E0));
#318=DIRECTION('',(0.E0,0.E0,-1.E0));
#319=AXIS2_PLACEMENT_3D('',#316,#317,#318);
#321=DIRECTION('',(0.E0,-1.E0,0.E0));
#322=VECTOR('',#321,3.E-1);
#323=CARTESIAN_POINT('',(-6.4E0,-2.675E0,-1.6E0));
#324=LINE('',#323,#322);
#325=DIRECTION('',(0.E0,-1.E0,0.E0));
#326=VECTOR('',#325,3.E-1);
#327=CARTESIAN_POINT('',(-6.4E0,-2.675E0,6.6E0));
#328=LINE('',#327,#326);
#329=DIRECTION('',(0.E0,-1.E0,0.E0));
#330=VECTOR('',#329,3.E-1);
#331=CARTESIAN_POINT('',(-5.2E0,-2.675E0,6.6E0));
#332=LINE('',#331,#330);
#333=DIRECTION('',(0.E0,-1.E0,0.E0));
#334=VECTOR('',#333,3.E-1);
#335=CARTESIAN_POINT('',(-5.2E0,-2.675E0,-1.6E0));
#336=LINE('',#335,#334);
#337=DIRECTION('',(0.E0,0.E0,-1.E0));
#338=VECTOR('',#337,8.2E0);
#339=CARTESIAN_POINT('',(-6.4E0,-2.975E0,6.6E0));
#340=LINE('',#339,#338);
#341=DIRECTION('',(-1.E0,0.E0,0.E0));
#342=VECTOR('',#341,1.2E0);
#343=CARTESIAN_POINT('',(-5.2E0,-2.975E0,6.6E0));
#344=LINE('',#343,#342);
#345=DIRECTION('',(0.E0,0.E0,1.E0));
#346=VECTOR('',#345,8.2E0);
#347=CARTESIAN_POINT('',(-5.2E0,-2.975E0,-1.6E0));
#348=LINE('',#347,#346);
#349=DIRECTION('',(1.E0,0.E0,0.E0));
#350=VECTOR('',#349,1.2E0);
#351=CARTESIAN_POINT('',(-6.4E0,-2.975E0,-1.6E0));
#352=LINE('',#351,#350);
#353=DIRECTION('',(-1.E0,0.E0,0.E0));
#354=VECTOR('',#353,1.2E0);
#355=CARTESIAN_POINT('',(6.4E0,-2.975E0,6.6E0));
#356=LINE('',#355,#354);
#357=DIRECTION('',(0.E0,0.E0,1.E0));
#358=VECTOR('',#357,8.2E0);
#359=CARTESIAN_POINT('',(6.4E0,-2.975E0,-1.6E0));
#360=LINE('',#359,#358);
#361=DIRECTION('',(1.E0,0.E0,0.E0));
#362=VECTOR('',#361,1.2E0);
#363=CARTESIAN_POINT('',(5.2E0,-2.975E0,-1.6E0));
#364=LINE('',#363,#362);
#365=DIRECTION('',(0.E0,0.E0,-1.E0));
#366=VECTOR('',#365,8.2E0);
#367=CARTESIAN_POINT('',(5.2E0,-2.975E0,6.6E0));
#368=LINE('',#367,#366);
#369=DIRECTION('',(0.E0,-1.E0,0.E0));
#370=VECTOR('',#369,3.E-1);
#371=CARTESIAN_POINT('',(6.4E0,-2.675E0,6.6E0));
#372=LINE('',#371,#370);
#373=DIRECTION('',(0.E0,-1.E0,0.E0));
#374=VECTOR('',#373,3.E-1);
#375=CARTESIAN_POINT('',(6.4E0,-2.675E0,-1.6E0));
#376=LINE('',#375,#374);
#377=DIRECTION('',(0.E0,-1.E0,0.E0));
#378=VECTOR('',#377,3.E-1);
#379=CARTESIAN_POINT('',(5.2E0,-2.675E0,-1.6E0));
#380=LINE('',#379,#378);
#381=DIRECTION('',(0.E0,-1.E0,0.E0));
#382=VECTOR('',#381,3.E-1);
#383=CARTESIAN_POINT('',(5.2E0,-2.675E0,6.6E0));
#384=LINE('',#383,#382);
#385=DIRECTION('',(0.E0,1.E0,0.E0));
#386=VECTOR('',#385,3.7E0);
#387=CARTESIAN_POINT('',(7.49E0,-2.675E0,1.63E0));
#388=LINE('',#387,#386);
#389=DIRECTION('',(0.E0,1.566058943358E-1,-9.876611736113E-1));
#390=VECTOR('',#389,4.789091771933E0);
#391=CARTESIAN_POINT('',(7.49E0,1.025E0,1.63E0));
#392=LINE('',#391,#390);
#393=DIRECTION('',(0.E0,1.E0,0.E0));
#394=VECTOR('',#393,2.E0);
#395=CARTESIAN_POINT('',(8.E0,-2.5E0,1.63E0));
#396=LINE('',#395,#394);
#397=DIRECTION('',(1.E0,0.E0,0.E0));
#398=VECTOR('',#397,5.E-1);
#399=CARTESIAN_POINT('',(7.5E0,-2.5E0,1.63E0));
#400=LINE('',#399,#398);
#401=DIRECTION('',(0.E0,1.E0,0.E0));
#402=VECTOR('',#401,3.525E0);
#403=CARTESIAN_POINT('',(7.5E0,-2.5E0,1.63E0));
#404=LINE('',#403,#402);
#405=DIRECTION('',(0.E0,1.E0,0.E0));
#406=VECTOR('',#405,5.25E-1);
#407=CARTESIAN_POINT('',(8.E0,5.E-1,1.63E0));
#408=LINE('',#407,#406);
#409=DIRECTION('',(0.E0,-1.E0,0.E0));
#410=VECTOR('',#409,7.742071881607E-1);
#411=CARTESIAN_POINT('',(8.E0,1.774207188161E0,-3.095E0));
#412=LINE('',#411,#410);
#413=DIRECTION('',(0.E0,0.E0,1.E0));
#414=VECTOR('',#413,7.53E-1);
#415=CARTESIAN_POINT('',(8.E0,1.E0,-3.095E0));
#416=LINE('',#415,#414);
#417=DIRECTION('',(0.E0,-1.E0,0.E0));
#418=VECTOR('',#417,2.E0);
#419=CARTESIAN_POINT('',(8.E0,1.E0,-2.342E0));
#420=LINE('',#419,#418);
#421=DIRECTION('',(0.E0,0.E0,-1.E0));
#422=VECTOR('',#421,7.53E-1);
#423=CARTESIAN_POINT('',(8.E0,-1.E0,-2.342E0));
#424=LINE('',#423,#422);
#425=DIRECTION('',(0.E0,-1.E0,0.E0));
#426=VECTOR('',#425,1.5E0);
#427=CARTESIAN_POINT('',(8.E0,-1.E0,-3.095E0));
#428=LINE('',#427,#426);
#429=DIRECTION('',(0.E0,0.E0,1.E0));
#430=VECTOR('',#429,4.725E0);
#431=CARTESIAN_POINT('',(8.E0,-2.5E0,-3.095E0));
#432=LINE('',#431,#430);
#433=DIRECTION('',(0.E0,1.E0,0.E0));
#434=VECTOR('',#433,1.7E-1);
#435=CARTESIAN_POINT('',(8.E0,-5.E-1,7.4E0));
#436=LINE('',#435,#434);
#437=DIRECTION('',(0.E0,0.E0,1.E0));
#438=VECTOR('',#437,4.5E-1);
#439=CARTESIAN_POINT('',(8.E0,-3.3E-1,7.4E0));
#440=LINE('',#439,#438);
#441=DIRECTION('',(0.E0,1.E0,0.E0));
#442=VECTOR('',#441,6.6E-1);
#443=CARTESIAN_POINT('',(8.E0,-3.3E-1,7.85E0));
#444=LINE('',#443,#442);
#445=DIRECTION('',(0.E0,0.E0,-1.E0));
#446=VECTOR('',#445,4.5E-1);
#447=CARTESIAN_POINT('',(8.E0,3.3E-1,7.85E0));
#448=LINE('',#447,#446);
#449=DIRECTION('',(0.E0,1.E0,0.E0));
#450=VECTOR('',#449,1.7E-1);
#451=CARTESIAN_POINT('',(8.E0,3.3E-1,7.4E0));
#452=LINE('',#451,#450);
#453=DIRECTION('',(0.E0,-1.E0,0.E0));
#454=VECTOR('',#453,2.225E0);
#455=CARTESIAN_POINT('',(8.E0,-2.675E0,2.105E0));
#456=LINE('',#455,#454);
#457=DIRECTION('',(0.E0,-9.805806756909E-1,1.961161351382E-1));
#458=VECTOR('',#457,1.019803902719E0);
#459=CARTESIAN_POINT('',(8.E0,-4.9E0,2.105E0));
#460=LINE('',#459,#458);
#461=DIRECTION('',(0.E0,0.E0,1.E0));
#462=VECTOR('',#461,1.1E0);
#463=CARTESIAN_POINT('',(8.E0,-5.9E0,2.305E0));
#464=LINE('',#463,#462);
#465=DIRECTION('',(0.E0,9.805806756909E-1,1.961161351382E-1));
#466=VECTOR('',#465,1.019803902719E0);
#467=CARTESIAN_POINT('',(8.E0,-5.9E0,3.405E0));
#468=LINE('',#467,#466);
#469=DIRECTION('',(0.E0,1.E0,0.E0));
#470=VECTOR('',#469,2.225E0);
#471=CARTESIAN_POINT('',(8.E0,-4.9E0,3.605E0));
#472=LINE('',#471,#470);
#473=DIRECTION('',(0.E0,1.566058943358E-1,-9.876611736113E-1));
#474=VECTOR('',#473,4.784029307058E0);
#475=CARTESIAN_POINT('',(8.E0,1.025E0,1.63E0));
#476=LINE('',#475,#474);
#477=DIRECTION('',(-1.E0,0.E0,0.E0));
#478=VECTOR('',#477,6.5E-1);
#479=CARTESIAN_POINT('',(8.65E0,1.025E0,1.63E0));
#480=LINE('',#479,#478);
#481=DIRECTION('',(-1.E0,2.220446049250E-14,0.E0));
#482=VECTOR('',#481,1.E-2);
#483=CARTESIAN_POINT('',(7.5E0,1.025E0,1.63E0));
#484=LINE('',#483,#482);
#485=DIRECTION('',(0.E0,1.566058943358E-1,-9.876611736113E-1));
#486=VECTOR('',#485,4.784029307058E0);
#487=CARTESIAN_POINT('',(7.5E0,1.025E0,1.63E0));
#488=LINE('',#487,#486);
#489=DIRECTION('',(1.E0,0.E0,0.E0));
#490=VECTOR('',#489,5.E-1);
#491=CARTESIAN_POINT('',(7.5E0,1.774207188161E0,-3.095E0));
#492=LINE('',#491,#490);
#493=DIRECTION('',(0.E0,1.E0,0.E0));
#494=VECTOR('',#493,2.175E0);
#495=CARTESIAN_POINT('',(8.65E0,-2.675E0,1.63E0));
#496=LINE('',#495,#494);
#497=DIRECTION('',(0.E0,1.E0,0.E0));
#498=VECTOR('',#497,2.175E0);
#499=CARTESIAN_POINT('',(8.65E0,-2.675E0,8.1E0));
#500=LINE('',#499,#498);
#501=DIRECTION('',(0.E0,0.E0,-1.E0));
#502=VECTOR('',#501,6.47E0);
#503=CARTESIAN_POINT('',(8.65E0,-5.E-1,8.1E0));
#504=LINE('',#503,#502);
#505=DIRECTION('',(0.E0,0.E0,-1.E0));
#506=VECTOR('',#505,1.12E1);
#507=CARTESIAN_POINT('',(8.65E0,2.475E0,8.1E0));
#508=LINE('',#507,#506);
#509=DIRECTION('',(0.E0,1.566058943358E-1,-9.876611736113E-1));
#510=VECTOR('',#509,4.789091771933E0);
#511=CARTESIAN_POINT('',(8.65E0,1.025E0,1.63E0));
#512=LINE('',#511,#510);
#513=DIRECTION('',(0.E0,1.E0,0.E0));
#514=VECTOR('',#513,5.25E-1);
#515=CARTESIAN_POINT('',(8.65E0,5.E-1,1.63E0));
#516=LINE('',#515,#514);
#517=DIRECTION('',(0.E0,0.E0,-1.E0));
#518=VECTOR('',#517,6.47E0);
#519=CARTESIAN_POINT('',(8.65E0,5.E-1,8.1E0));
#520=LINE('',#519,#518);
#521=DIRECTION('',(0.E0,1.E0,0.E0));
#522=VECTOR('',#521,1.975E0);
#523=CARTESIAN_POINT('',(8.65E0,5.E-1,8.1E0));
#524=LINE('',#523,#522);
#525=DIRECTION('',(0.E0,-1.E0,0.E0));
#526=VECTOR('',#525,3.181375258210E0);
#527=CARTESIAN_POINT('',(-6.840687629105E0,1.835687629105E0,8.1E0));
#528=LINE('',#527,#526);
#529=DIRECTION('',(1.E0,0.E0,0.E0));
#530=VECTOR('',#529,3.181375258210E0);
#531=CARTESIAN_POINT('',(-6.840687629105E0,-1.345687629105E0,8.1E0));
#532=LINE('',#531,#530);
#533=DIRECTION('',(0.E0,1.E0,0.E0));
#534=VECTOR('',#533,3.181375258210E0);
#535=CARTESIAN_POINT('',(-3.659312370895E0,-1.345687629105E0,8.1E0));
#536=LINE('',#535,#534);
#537=DIRECTION('',(-1.E0,0.E0,0.E0));
#538=VECTOR('',#537,3.181375258210E0);
#539=CARTESIAN_POINT('',(-3.659312370895E0,1.835687629105E0,8.1E0));
#540=LINE('',#539,#538);
#541=DIRECTION('',(0.E0,-1.E0,0.E0));
#542=VECTOR('',#541,6.6E-1);
#543=CARTESIAN_POINT('',(5.659312370895E0,-1.345687629105E0,8.1E0));
#544=LINE('',#543,#542);
#545=DIRECTION('',(1.E0,0.E0,0.E0));
#546=VECTOR('',#545,1.181375258210E0);
#547=CARTESIAN_POINT('',(5.659312370895E0,-2.005687629105E0,8.1E0));
#548=LINE('',#547,#546);
#549=DIRECTION('',(-1.E0,0.E0,0.E0));
#550=VECTOR('',#549,3.181375258210E0);
#551=CARTESIAN_POINT('',(6.840687629105E0,1.835687629105E0,8.1E0));
#552=LINE('',#551,#550);
#553=DIRECTION('',(0.E0,-1.E0,0.E0));
#554=VECTOR('',#553,3.181375258210E0);
#555=CARTESIAN_POINT('',(3.659312370895E0,1.835687629105E0,8.1E0));
#556=LINE('',#555,#554);
#557=DIRECTION('',(1.E0,0.E0,0.E0));
#558=VECTOR('',#557,2.E0);
#559=CARTESIAN_POINT('',(3.659312370895E0,-1.345687629105E0,8.1E0));
#560=LINE('',#559,#558);
#561=CARTESIAN_POINT('',(-8.45E0,2.475E0,8.1E0));
#562=DIRECTION('',(0.E0,0.E0,1.E0));
#563=DIRECTION('',(0.E0,1.E0,0.E0));
#564=AXIS2_PLACEMENT_3D('',#561,#562,#563);
#566=DIRECTION('',(0.E0,1.E0,0.E0));
#567=VECTOR('',#566,1.E-1);
#568=CARTESIAN_POINT('',(-5.75E0,2.575E0,8.1E0));
#569=LINE('',#568,#567);
#570=DIRECTION('',(1.E0,0.E0,0.E0));
#571=VECTOR('',#570,1.E0);
#572=CARTESIAN_POINT('',(-5.75E0,2.575E0,8.1E0));
#573=LINE('',#572,#571);
#574=DIRECTION('',(0.E0,1.E0,0.E0));
#575=VECTOR('',#574,1.E-1);
#576=CARTESIAN_POINT('',(-4.75E0,2.575E0,8.1E0));
#577=LINE('',#576,#575);
#578=DIRECTION('',(1.E0,0.E0,0.E0));
#579=VECTOR('',#578,9.5E-1);
#580=CARTESIAN_POINT('',(-3.9E0,2.795E0,8.1E0));
#581=LINE('',#580,#579);
#582=DIRECTION('',(0.E0,-1.E0,0.E0));
#583=VECTOR('',#582,9.593123708949E-1);
#584=CARTESIAN_POINT('',(-2.95E0,2.795E0,8.1E0));
#585=LINE('',#584,#583);
#586=DIRECTION('',(-1.E0,0.E0,0.E0));
#587=VECTOR('',#586,3.906876291051E-1);
#588=CARTESIAN_POINT('',(-2.95E0,1.835687629105E0,8.1E0));
#589=LINE('',#588,#587);
#590=DIRECTION('',(0.E0,-1.E0,0.E0));
#591=VECTOR('',#590,3.181375258210E0);
#592=CARTESIAN_POINT('',(-3.340687629105E0,1.835687629105E0,8.1E0));
#593=LINE('',#592,#591);
#594=DIRECTION('',(1.E0,0.E0,0.E0));
#595=VECTOR('',#594,3.181375258210E0);
#596=CARTESIAN_POINT('',(-3.340687629105E0,-1.345687629105E0,8.1E0));
#597=LINE('',#596,#595);
#598=DIRECTION('',(0.E0,1.E0,0.E0));
#599=VECTOR('',#598,3.075084486289E0);
#600=CARTESIAN_POINT('',(-1.593123708949E-1,-1.345687629105E0,8.1E0));
#601=LINE('',#600,#599);
#602=DIRECTION('',(1.E0,0.E0,0.E0));
#603=VECTOR('',#602,3.186247417897E-1);
#604=CARTESIAN_POINT('',(-1.593123708949E-1,1.729396857184E0,8.1E0));
#605=LINE('',#604,#603);
#606=DIRECTION('',(0.E0,-1.E0,0.E0));
#607=VECTOR('',#606,3.075084486289E0);
#608=CARTESIAN_POINT('',(1.593123708949E-1,1.729396857184E0,8.1E0));
#609=LINE('',#608,#607);
#610=DIRECTION('',(1.E0,0.E0,0.E0));
#611=VECTOR('',#610,3.181375258210E0);
#612=CARTESIAN_POINT('',(1.593123708949E-1,-1.345687629105E0,8.1E0));
#613=LINE('',#612,#611);
#614=DIRECTION('',(0.E0,1.E0,0.E0));
#615=VECTOR('',#614,3.181375258210E0);
#616=CARTESIAN_POINT('',(3.340687629105E0,-1.345687629105E0,8.1E0));
#617=LINE('',#616,#615);
#618=DIRECTION('',(-1.E0,0.E0,0.E0));
#619=VECTOR('',#618,3.906876291051E-1);
#620=CARTESIAN_POINT('',(3.340687629105E0,1.835687629105E0,8.1E0));
#621=LINE('',#620,#619);
#622=DIRECTION('',(0.E0,-1.E0,0.E0));
#623=VECTOR('',#622,9.593123708949E-1);
#624=CARTESIAN_POINT('',(2.95E0,2.795E0,8.1E0));
#625=LINE('',#624,#623);
#626=DIRECTION('',(1.E0,0.E0,0.E0));
#627=VECTOR('',#626,9.5E-1);
#628=CARTESIAN_POINT('',(2.95E0,2.795E0,8.1E0));
#629=LINE('',#628,#627);
#630=CARTESIAN_POINT('',(8.45E0,2.475E0,8.1E0));
#631=DIRECTION('',(0.E0,0.E0,1.E0));
#632=DIRECTION('',(1.E0,0.E0,0.E0));
#633=AXIS2_PLACEMENT_3D('',#630,#631,#632);
#635=DIRECTION('',(-1.E0,0.E0,0.E0));
#636=VECTOR('',#635,1.15E0);
#637=CARTESIAN_POINT('',(8.65E0,5.E-1,8.1E0));
#638=LINE('',#637,#636);
#639=DIRECTION('',(0.E0,1.E0,0.E0));
#640=VECTOR('',#639,1.E0);
#641=CARTESIAN_POINT('',(7.5E0,-5.E-1,8.1E0));
#642=LINE('',#641,#640);
#643=DIRECTION('',(-1.E0,0.E0,0.E0));
#644=VECTOR('',#643,1.15E0);
#645=CARTESIAN_POINT('',(8.65E0,-5.E-1,8.1E0));
#646=LINE('',#645,#644);
#647=DIRECTION('',(0.E0,1.E0,0.E0));
#648=VECTOR('',#647,2.175E0);
#649=CARTESIAN_POINT('',(-8.65E0,-2.675E0,8.1E0));
#650=LINE('',#649,#648);
#651=DIRECTION('',(1.E0,0.E0,0.E0));
#652=VECTOR('',#651,1.15E0);
#653=CARTESIAN_POINT('',(-8.65E0,-5.E-1,8.1E0));
#654=LINE('',#653,#652);
#655=DIRECTION('',(0.E0,1.E0,0.E0));
#656=VECTOR('',#655,1.E0);
#657=CARTESIAN_POINT('',(-7.5E0,-5.E-1,8.1E0));
#658=LINE('',#657,#656);
#659=DIRECTION('',(1.E0,0.E0,0.E0));
#660=VECTOR('',#659,1.15E0);
#661=CARTESIAN_POINT('',(-8.65E0,5.E-1,8.1E0));
#662=LINE('',#661,#660);
#663=DIRECTION('',(0.E0,1.E0,0.E0));
#664=VECTOR('',#663,1.975E0);
#665=CARTESIAN_POINT('',(-8.65E0,5.E-1,8.1E0));
#666=LINE('',#665,#664);
#667=DIRECTION('',(8.726203243944E-3,8.726203243944E-3,-9.999238504776E-1));
#668=VECTOR('',#667,8.100616858105E0);
#669=CARTESIAN_POINT('',(-6.840687629105E0,-1.345687629105E0,8.1E0));
#670=LINE('',#669,#668);
#671=DIRECTION('',(8.726203243944E-3,-8.726203243944E-3,-9.999238504776E-1));
#672=VECTOR('',#671,8.100616858105E0);
#673=CARTESIAN_POINT('',(-6.840687629105E0,1.835687629105E0,8.1E0));
#674=LINE('',#673,#672);
#675=DIRECTION('',(-8.726203243944E-3,-8.726203243944E-3,-9.999238504776E-1));
#676=VECTOR('',#675,8.100616858105E0);
#677=CARTESIAN_POINT('',(-3.659312370895E0,1.835687629105E0,8.1E0));
#678=LINE('',#677,#676);
#679=DIRECTION('',(-8.726203243944E-3,8.726203243944E-3,-9.999238504776E-1));
#680=VECTOR('',#679,8.100616858105E0);
#681=CARTESIAN_POINT('',(-3.659312370895E0,-1.345687629105E0,8.1E0));
#682=LINE('',#681,#680);
#683=DIRECTION('',(0.E0,1.E0,0.E0));
#684=VECTOR('',#683,3.04E0);
#685=CARTESIAN_POINT('',(-6.77E0,-1.275E0,0.E0));
#686=LINE('',#685,#684);
#687=DIRECTION('',(1.E0,0.E0,0.E0));
#688=VECTOR('',#687,3.04E0);
#689=CARTESIAN_POINT('',(-6.77E0,1.765E0,0.E0));
#690=LINE('',#689,#688);
#691=DIRECTION('',(0.E0,-1.E0,0.E0));
#692=VECTOR('',#691,3.04E0);
#693=CARTESIAN_POINT('',(-3.73E0,1.765E0,0.E0));
#694=LINE('',#693,#692);
#695=DIRECTION('',(-1.E0,0.E0,0.E0));
#696=VECTOR('',#695,3.04E0);
#697=CARTESIAN_POINT('',(-3.73E0,-1.275E0,0.E0));
#698=LINE('',#697,#696);
#699=DIRECTION('',(0.E0,1.E0,0.E0));
#700=VECTOR('',#699,6.35E-1);
#701=CARTESIAN_POINT('',(-5.5675E0,-7.25E-2,0.E0));
#702=LINE('',#701,#700);
#703=DIRECTION('',(1.E0,0.E0,0.E0));
#704=VECTOR('',#703,6.35E-1);
#705=CARTESIAN_POINT('',(-5.5675E0,-7.25E-2,0.E0));
#706=LINE('',#705,#704);
#707=DIRECTION('',(0.E0,1.E0,0.E0));
#708=VECTOR('',#707,6.35E-1);
#709=CARTESIAN_POINT('',(-4.9325E0,-7.25E-2,0.E0));
#710=LINE('',#709,#708);
#711=DIRECTION('',(1.E0,0.E0,0.E0));
#712=VECTOR('',#711,6.35E-1);
#713=CARTESIAN_POINT('',(-5.5675E0,5.625E-1,0.E0));
#714=LINE('',#713,#712);
#715=DIRECTION('',(0.E0,1.E0,0.E0));
#716=VECTOR('',#715,6.35E-1);
#717=CARTESIAN_POINT('',(-5.5675E0,-7.25E-2,5.6E0));
#718=LINE('',#717,#716);
#719=DIRECTION('',(0.E0,0.E0,-1.E0));
#720=VECTOR('',#719,5.6E0);
#721=CARTESIAN_POINT('',(-5.5675E0,-7.25E-2,5.6E0));
#722=LINE('',#721,#720);
#723=DIRECTION('',(0.E0,0.E0,1.E0));
#724=VECTOR('',#723,5.6E0);
#725=CARTESIAN_POINT('',(-5.5675E0,5.625E-1,0.E0));
#726=LINE('',#725,#724);
#727=DIRECTION('',(0.E0,0.E0,1.E0));
#728=VECTOR('',#727,6.35E-1);
#729=CARTESIAN_POINT('',(-5.5675E0,-5.375E0,-5.3775E0));
#730=LINE('',#729,#728);
#731=DIRECTION('',(0.E0,1.E0,0.E0));
#732=VECTOR('',#731,4.8025E0);
#733=CARTESIAN_POINT('',(-5.5675E0,-5.375E0,-5.3775E0));
#734=LINE('',#733,#732);
#735=CARTESIAN_POINT('',(-5.5675E0,-5.725E-1,-4.2425E0));
#736=DIRECTION('',(1.E0,0.E0,0.E0));
#737=DIRECTION('',(0.E0,0.E0,-1.E0));
#738=AXIS2_PLACEMENT_3D('',#735,#736,#737);
#740=DIRECTION('',(0.E0,0.E0,1.E0));
#741=VECTOR('',#740,1.1425E0);
#742=CARTESIAN_POINT('',(-5.5675E0,5.625E-1,-4.2425E0));
#743=LINE('',#742,#741);
#744=DIRECTION('',(0.E0,0.E0,-1.E0));
#745=VECTOR('',#744,1.1425E0);
#746=CARTESIAN_POINT('',(-5.5675E0,-7.25E-2,-3.1E0));
#747=LINE('',#746,#745);
#748=CARTESIAN_POINT('',(-5.5675E0,-5.725E-1,-4.2425E0));
#749=DIRECTION('',(-1.E0,0.E0,0.E0));
#750=DIRECTION('',(0.E0,1.E0,0.E0));
#751=AXIS2_PLACEMENT_3D('',#748,#749,#750);
#753=DIRECTION('',(0.E0,-1.E0,0.E0));
#754=VECTOR('',#753,4.8025E0);
#755=CARTESIAN_POINT('',(-5.5675E0,-5.725E-1,-4.7425E0));
#756=LINE('',#755,#754);
#757=DIRECTION('',(-2.357022603955E-1,-2.357022603955E-1,-9.428090415821E-1));
#758=VECTOR('',#757,8.485281374239E-1);
#759=CARTESIAN_POINT('',(-5.3675E0,1.275E-1,6.4E0));
#760=LINE('',#759,#758);
#761=DIRECTION('',(-2.357022603955E-1,2.357022603955E-1,9.428090415821E-1));
#762=VECTOR('',#761,8.485281374239E-1);
#763=CARTESIAN_POINT('',(-4.9325E0,-7.25E-2,5.6E0));
#764=LINE('',#763,#762);
#765=DIRECTION('',(-1.E0,0.E0,0.E0));
#766=VECTOR('',#765,2.35E-1);
#767=CARTESIAN_POINT('',(-5.1325E0,3.625E-1,6.4E0));
#768=LINE('',#767,#766);
#769=DIRECTION('',(0.E0,-1.E0,0.E0));
#770=VECTOR('',#769,2.35E-1);
#771=CARTESIAN_POINT('',(-5.1325E0,3.625E-1,6.4E0));
#772=LINE('',#771,#770);
#773=DIRECTION('',(-1.E0,0.E0,0.E0));
#774=VECTOR('',#773,2.35E-1);
#775=CARTESIAN_POINT('',(-5.1325E0,1.275E-1,6.4E0));
#776=LINE('',#775,#774);
#777=DIRECTION('',(0.E0,1.E0,0.E0));
#778=VECTOR('',#777,2.35E-1);
#779=CARTESIAN_POINT('',(-5.3675E0,1.275E-1,6.4E0));
#780=LINE('',#779,#778);
#781=DIRECTION('',(2.357022603955E-1,-2.357022603955E-1,9.428090415821E-1));
#782=VECTOR('',#781,8.485281374239E-1);
#783=CARTESIAN_POINT('',(-5.5675E0,5.625E-1,5.6E0));
#784=LINE('',#783,#782);
#785=DIRECTION('',(2.357022603955E-1,2.357022603955E-1,-9.428090415821E-1));
#786=VECTOR('',#785,8.485281374239E-1);
#787=CARTESIAN_POINT('',(-5.1325E0,3.625E-1,6.4E0));
#788=LINE('',#787,#786);
#789=DIRECTION('',(1.E0,0.E0,0.E0));
#790=VECTOR('',#789,6.35E-1);
#791=CARTESIAN_POINT('',(-5.5675E0,5.625E-1,-4.2425E0));
#792=LINE('',#791,#790);
#793=DIRECTION('',(-1.E0,0.E0,0.E0));
#794=VECTOR('',#793,6.35E-1);
#795=CARTESIAN_POINT('',(-4.9325E0,5.625E-1,5.6E0));
#796=LINE('',#795,#794);
#797=DIRECTION('',(0.E0,1.E0,0.E0));
#798=VECTOR('',#797,6.35E-1);
#799=CARTESIAN_POINT('',(-5.5675E0,-7.25E-2,-3.1E0));
#800=LINE('',#799,#798);
#801=DIRECTION('',(1.E0,0.E0,0.E0));
#802=VECTOR('',#801,6.35E-1);
#803=CARTESIAN_POINT('',(-5.5675E0,5.625E-1,-3.1E0));
#804=LINE('',#803,#802);
#805=DIRECTION('',(0.E0,1.E0,0.E0));
#806=VECTOR('',#805,6.35E-1);
#807=CARTESIAN_POINT('',(-4.9325E0,-7.25E-2,-3.1E0));
#808=LINE('',#807,#806);
#809=DIRECTION('',(1.E0,0.E0,0.E0));
#810=VECTOR('',#809,6.35E-1);
#811=CARTESIAN_POINT('',(-5.5675E0,-7.25E-2,-3.1E0));
#812=LINE('',#811,#810);
#813=DIRECTION('',(0.E0,1.E0,0.E0));
#814=VECTOR('',#813,6.35E-1);
#815=CARTESIAN_POINT('',(-2.0675E0,-7.25E-2,-3.1E0));
#816=LINE('',#815,#814);
#817=DIRECTION('',(1.E0,0.E0,0.E0));
#818=VECTOR('',#817,6.35E-1);
#819=CARTESIAN_POINT('',(-2.0675E0,5.625E-1,-3.1E0));
#820=LINE('',#819,#818);
#821=DIRECTION('',(0.E0,1.E0,0.E0));
#822=VECTOR('',#821,6.35E-1);
#823=CARTESIAN_POINT('',(-1.4325E0,-7.25E-2,-3.1E0));
#824=LINE('',#823,#822);
#825=DIRECTION('',(1.E0,0.E0,0.E0));
#826=VECTOR('',#825,6.35E-1);
#827=CARTESIAN_POINT('',(-2.0675E0,-7.25E-2,-3.1E0));
#828=LINE('',#827,#826);
#829=DIRECTION('',(0.E0,1.E0,0.E0));
#830=VECTOR('',#829,6.35E-1);
#831=CARTESIAN_POINT('',(1.4325E0,-7.25E-2,-3.1E0));
#832=LINE('',#831,#830);
#833=DIRECTION('',(1.E0,0.E0,0.E0));
#834=VECTOR('',#833,6.35E-1);
#835=CARTESIAN_POINT('',(1.4325E0,5.625E-1,-3.1E0));
#836=LINE('',#835,#834);
#837=DIRECTION('',(0.E0,1.E0,0.E0));
#838=VECTOR('',#837,6.35E-1);
#839=CARTESIAN_POINT('',(2.0675E0,-7.25E-2,-3.1E0));
#840=LINE('',#839,#838);
#841=DIRECTION('',(1.E0,0.E0,0.E0));
#842=VECTOR('',#841,6.35E-1);
#843=CARTESIAN_POINT('',(1.4325E0,-7.25E-2,-3.1E0));
#844=LINE('',#843,#842);
#845=DIRECTION('',(0.E0,1.E0,0.E0));
#846=VECTOR('',#845,6.35E-1);
#847=CARTESIAN_POINT('',(4.9325E0,-7.25E-2,-3.1E0));
#848=LINE('',#847,#846);
#849=DIRECTION('',(1.E0,0.E0,0.E0));
#850=VECTOR('',#849,6.35E-1);
#851=CARTESIAN_POINT('',(4.9325E0,5.625E-1,-3.1E0));
#852=LINE('',#851,#850);
#853=DIRECTION('',(0.E0,1.E0,0.E0));
#854=VECTOR('',#853,6.35E-1);
#855=CARTESIAN_POINT('',(5.5675E0,-7.25E-2,-3.1E0));
#856=LINE('',#855,#854);
#857=DIRECTION('',(1.E0,0.E0,0.E0));
#858=VECTOR('',#857,6.35E-1);
#859=CARTESIAN_POINT('',(4.9325E0,-7.25E-2,-3.1E0));
#860=LINE('',#859,#858);
#861=CARTESIAN_POINT('',(-8.45E0,2.475E0,-3.1E0));
#862=DIRECTION('',(0.E0,0.E0,-1.E0));
#863=DIRECTION('',(-1.E0,0.E0,0.E0));
#864=AXIS2_PLACEMENT_3D('',#861,#862,#863);
#866=DIRECTION('',(1.E0,0.E0,0.E0));
#867=VECTOR('',#866,1.16E0);
#868=CARTESIAN_POINT('',(-8.65E0,1.775E0,-3.1E0));
#869=LINE('',#868,#867);
#870=DIRECTION('',(0.E0,1.E0,0.E0));
#871=VECTOR('',#870,4.45E0);
#872=CARTESIAN_POINT('',(-7.49E0,-2.675E0,-3.1E0));
#873=LINE('',#872,#871);
#874=DIRECTION('',(0.E0,1.E0,0.E0));
#875=VECTOR('',#874,4.45E0);
#876=CARTESIAN_POINT('',(7.49E0,-2.675E0,-3.1E0));
#877=LINE('',#876,#875);
#878=DIRECTION('',(-1.E0,0.E0,0.E0));
#879=VECTOR('',#878,1.16E0);
#880=CARTESIAN_POINT('',(8.65E0,1.775E0,-3.1E0));
#881=LINE('',#880,#879);
#882=DIRECTION('',(0.E0,1.E0,0.E0));
#883=VECTOR('',#882,7.E-1);
#884=CARTESIAN_POINT('',(8.65E0,1.775E0,-3.1E0));
#885=LINE('',#884,#883);
#886=CARTESIAN_POINT('',(8.45E0,2.475E0,-3.1E0));
#887=DIRECTION('',(0.E0,0.E0,-1.E0));
#888=DIRECTION('',(0.E0,1.E0,0.E0));
#889=AXIS2_PLACEMENT_3D('',#886,#887,#888);
#891=DIRECTION('',(0.E0,-1.E0,0.E0));
#892=VECTOR('',#891,6.35E-1);
#893=CARTESIAN_POINT('',(-4.9325E0,5.625E-1,5.6E0));
#894=LINE('',#893,#892);
#895=DIRECTION('',(0.E0,0.E0,1.E0));
#896=VECTOR('',#895,5.6E0);
#897=CARTESIAN_POINT('',(-4.9325E0,5.625E-1,0.E0));
#898=LINE('',#897,#896);
#899=DIRECTION('',(0.E0,0.E0,-1.E0));
#900=VECTOR('',#899,5.6E0);
#901=CARTESIAN_POINT('',(-4.9325E0,-7.25E-2,5.6E0));
#902=LINE('',#901,#900);
#903=DIRECTION('',(0.E0,0.E0,-1.E0));
#904=VECTOR('',#903,6.35E-1);
#905=CARTESIAN_POINT('',(-4.9325E0,-5.375E0,-4.7425E0));
#906=LINE('',#905,#904);
#907=DIRECTION('',(0.E0,-1.E0,0.E0));
#908=VECTOR('',#907,4.8025E0);
#909=CARTESIAN_POINT('',(-4.9325E0,-5.725E-1,-4.7425E0));
#910=LINE('',#909,#908);
#911=CARTESIAN_POINT('',(-4.9325E0,-5.725E-1,-4.2425E0));
#912=DIRECTION('',(-1.E0,0.E0,0.E0));
#913=DIRECTION('',(0.E0,1.E0,0.E0));
#914=AXIS2_PLACEMENT_3D('',#911,#912,#913);
#916=DIRECTION('',(0.E0,0.E0,-1.E0));
#917=VECTOR('',#916,1.1425E0);
#918=CARTESIAN_POINT('',(-4.9325E0,-7.25E-2,-3.1E0));
#919=LINE('',#918,#917);
#920=DIRECTION('',(0.E0,0.E0,1.E0));
#921=VECTOR('',#920,1.1425E0);
#922=CARTESIAN_POINT('',(-4.9325E0,5.625E-1,-4.2425E0));
#923=LINE('',#922,#921);
#924=CARTESIAN_POINT('',(-4.9325E0,-5.725E-1,-4.2425E0));
#925=DIRECTION('',(1.E0,0.E0,0.E0));
#926=DIRECTION('',(0.E0,0.E0,-1.E0));
#927=AXIS2_PLACEMENT_3D('',#924,#925,#926);
#929=DIRECTION('',(0.E0,1.E0,0.E0));
#930=VECTOR('',#929,4.8025E0);
#931=CARTESIAN_POINT('',(-4.9325E0,-5.375E0,-5.3775E0));
#932=LINE('',#931,#930);
#933=DIRECTION('',(-1.E0,0.E0,0.E0));
#934=VECTOR('',#933,6.35E-1);
#935=CARTESIAN_POINT('',(-4.9325E0,-7.25E-2,5.6E0));
#936=LINE('',#935,#934);
#937=DIRECTION('',(1.E0,0.E0,0.E0));
#938=VECTOR('',#937,6.35E-1);
#939=CARTESIAN_POINT('',(-5.5675E0,-7.25E-2,-4.2425E0));
#940=LINE('',#939,#938);
#941=DIRECTION('',(-1.E0,0.E0,0.E0));
#942=VECTOR('',#941,6.35E-1);
#943=CARTESIAN_POINT('',(-4.9325E0,-5.375E0,-4.7425E0));
#944=LINE('',#943,#942);
#945=DIRECTION('',(1.E0,0.E0,0.E0));
#946=VECTOR('',#945,6.35E-1);
#947=CARTESIAN_POINT('',(-5.5675E0,-5.725E-1,-4.7425E0));
#948=LINE('',#947,#946);
#949=DIRECTION('',(2.357022603955E-1,9.428090415821E-1,2.357022603955E-1));
#950=VECTOR('',#949,8.485281374239E-1);
#951=CARTESIAN_POINT('',(-5.1325E0,-6.175E0,-4.9425E0));
#952=LINE('',#951,#950);
#953=DIRECTION('',(-2.357022603955E-1,9.428090415821E-1,-2.357022603955E-1));
#954=VECTOR('',#953,8.485281374239E-1);
#955=CARTESIAN_POINT('',(-5.3675E0,-6.175E0,-5.1775E0));
#956=LINE('',#955,#954);
#957=DIRECTION('',(-2.357022603955E-1,-9.428090415821E-1,2.357022603955E-1));
#958=VECTOR('',#957,8.485281374239E-1);
#959=CARTESIAN_POINT('',(-4.9325E0,-5.375E0,-5.3775E0));
#960=LINE('',#959,#958);
#961=DIRECTION('',(-2.357022603955E-1,9.428090415821E-1,2.357022603955E-1));
#962=VECTOR('',#961,8.485281374239E-1);
#963=CARTESIAN_POINT('',(-5.3675E0,-6.175E0,-4.9425E0));
#964=LINE('',#963,#962);
#965=DIRECTION('',(-1.E0,0.E0,0.E0));
#966=VECTOR('',#965,2.35E-1);
#967=CARTESIAN_POINT('',(-5.1325E0,-6.175E0,-5.1775E0));
#968=LINE('',#967,#966);
#969=DIRECTION('',(0.E0,0.E0,1.E0));
#970=VECTOR('',#969,2.35E-1);
#971=CARTESIAN_POINT('',(-5.3675E0,-6.175E0,-5.1775E0));
#972=LINE('',#971,#970);
#973=DIRECTION('',(-1.E0,0.E0,0.E0));
#974=VECTOR('',#973,2.35E-1);
#975=CARTESIAN_POINT('',(-5.1325E0,-6.175E0,-4.9425E0));
#976=LINE('',#975,#974);
#977=DIRECTION('',(0.E0,0.E0,-1.E0));
#978=VECTOR('',#977,2.35E-1);
#979=CARTESIAN_POINT('',(-5.1325E0,-6.175E0,-4.9425E0));
#980=LINE('',#979,#978);
#981=DIRECTION('',(-1.E0,0.E0,0.E0));
#982=VECTOR('',#981,6.35E-1);
#983=CARTESIAN_POINT('',(-4.9325E0,-5.375E0,-5.3775E0));
#984=LINE('',#983,#982);
#985=DIRECTION('',(1.E0,0.E0,0.E0));
#986=VECTOR('',#985,6.35E-1);
#987=CARTESIAN_POINT('',(-5.5675E0,-5.725E-1,-5.3775E0));
#988=LINE('',#987,#986);
#989=DIRECTION('',(0.E0,1.E0,0.E0));
#990=VECTOR('',#989,6.35E-1);
#991=CARTESIAN_POINT('',(-2.0675E0,-7.25E-2,5.6E0));
#992=LINE('',#991,#990);
#993=DIRECTION('',(0.E0,0.E0,-1.E0));
#994=VECTOR('',#993,5.6E0);
#995=CARTESIAN_POINT('',(-2.0675E0,-7.25E-2,5.6E0));
#996=LINE('',#995,#994);
#997=DIRECTION('',(0.E0,0.E0,1.E0));
#998=VECTOR('',#997,5.6E0);
#999=CARTESIAN_POINT('',(-2.0675E0,5.625E-1,0.E0));
#1000=LINE('',#999,#998);
#1001=DIRECTION('',(0.E0,0.E0,1.E0));
#1002=VECTOR('',#1001,6.35E-1);
#1003=CARTESIAN_POINT('',(-2.0675E0,-5.375E0,-5.3775E0));
#1004=LINE('',#1003,#1002);
#1005=DIRECTION('',(0.E0,1.E0,0.E0));
#1006=VECTOR('',#1005,4.8025E0);
#1007=CARTESIAN_POINT('',(-2.0675E0,-5.375E0,-5.3775E0));
#1008=LINE('',#1007,#1006);
#1009=CARTESIAN_POINT('',(-2.0675E0,-5.725E-1,-4.2425E0));
#1010=DIRECTION('',(1.E0,0.E0,0.E0));
#1011=DIRECTION('',(0.E0,0.E0,-1.E0));
#1012=AXIS2_PLACEMENT_3D('',#1009,#1010,#1011);
#1014=DIRECTION('',(0.E0,0.E0,1.E0));
#1015=VECTOR('',#1014,1.1425E0);
#1016=CARTESIAN_POINT('',(-2.0675E0,5.625E-1,-4.2425E0));
#1017=LINE('',#1016,#1015);
#1018=DIRECTION('',(0.E0,0.E0,-1.E0));
#1019=VECTOR('',#1018,1.1425E0);
#1020=CARTESIAN_POINT('',(-2.0675E0,-7.25E-2,-3.1E0));
#1021=LINE('',#1020,#1019);
#1022=CARTESIAN_POINT('',(-2.0675E0,-5.725E-1,-4.2425E0));
#1023=DIRECTION('',(-1.E0,0.E0,0.E0));
#1024=DIRECTION('',(0.E0,1.E0,0.E0));
#1025=AXIS2_PLACEMENT_3D('',#1022,#1023,#1024);
#1027=DIRECTION('',(0.E0,-1.E0,0.E0));
#1028=VECTOR('',#1027,4.8025E0);
#1029=CARTESIAN_POINT('',(-2.0675E0,-5.725E-1,-4.7425E0));
#1030=LINE('',#1029,#1028);
#1031=DIRECTION('',(-1.E0,0.E0,0.E0));
#1032=VECTOR('',#1031,2.35E-1);
#1033=CARTESIAN_POINT('',(-1.6325E0,3.625E-1,6.4E0));
#1034=LINE('',#1033,#1032);
#1035=DIRECTION('',(0.E0,-1.E0,0.E0));
#1036=VECTOR('',#1035,2.35E-1);
#1037=CARTESIAN_POINT('',(-1.6325E0,3.625E-1,6.4E0));
#1038=LINE('',#1037,#1036);
#1039=DIRECTION('',(-1.E0,0.E0,0.E0));
#1040=VECTOR('',#1039,2.35E-1);
#1041=CARTESIAN_POINT('',(-1.6325E0,1.275E-1,6.4E0));
#1042=LINE('',#1041,#1040);
#1043=DIRECTION('',(0.E0,1.E0,0.E0));
#1044=VECTOR('',#1043,2.35E-1);
#1045=CARTESIAN_POINT('',(-1.8675E0,1.275E-1,6.4E0));
#1046=LINE('',#1045,#1044);
#1047=DIRECTION('',(2.357022603955E-1,-2.357022603955E-1,9.428090415821E-1));
#1048=VECTOR('',#1047,8.485281374239E-1);
#1049=CARTESIAN_POINT('',(-2.0675E0,5.625E-1,5.6E0));
#1050=LINE('',#1049,#1048);
#1051=DIRECTION('',(2.357022603955E-1,2.357022603955E-1,-9.428090415821E-1));
#1052=VECTOR('',#1051,8.485281374239E-1);
#1053=CARTESIAN_POINT('',(-1.6325E0,3.625E-1,6.4E0));
#1054=LINE('',#1053,#1052);
#1055=DIRECTION('',(1.E0,0.E0,0.E0));
#1056=VECTOR('',#1055,6.35E-1);
#1057=CARTESIAN_POINT('',(-2.0675E0,5.625E-1,-4.2425E0));
#1058=LINE('',#1057,#1056);
#1059=DIRECTION('',(-1.E0,0.E0,0.E0));
#1060=VECTOR('',#1059,6.35E-1);
#1061=CARTESIAN_POINT('',(-1.4325E0,5.625E-1,5.6E0));
#1062=LINE('',#1061,#1060);
#1063=DIRECTION('',(1.E0,0.E0,0.E0));
#1064=VECTOR('',#1063,6.35E-1);
#1065=CARTESIAN_POINT('',(-2.0675E0,-5.725E-1,-5.3775E0));
#1066=LINE('',#1065,#1064);
#1067=DIRECTION('',(-1.E0,0.E0,0.E0));
#1068=VECTOR('',#1067,6.35E-1);
#1069=CARTESIAN_POINT('',(-1.4325E0,-5.375E0,-5.3775E0));
#1070=LINE('',#1069,#1068);
#1071=DIRECTION('',(-2.357022603955E-1,9.428090415821E-1,-2.357022603955E-1));
#1072=VECTOR('',#1071,8.485281374239E-1);
#1073=CARTESIAN_POINT('',(-1.8675E0,-6.175E0,-5.1775E0));
#1074=LINE('',#1073,#1072);
#1075=DIRECTION('',(-2.357022603955E-1,-9.428090415821E-1,2.357022603955E-1));
#1076=VECTOR('',#1075,8.485281374239E-1);
#1077=CARTESIAN_POINT('',(-1.4325E0,-5.375E0,-5.3775E0));
#1078=LINE('',#1077,#1076);
#1079=DIRECTION('',(-2.357022603955E-1,9.428090415821E-1,2.357022603955E-1));
#1080=VECTOR('',#1079,8.485281374239E-1);
#1081=CARTESIAN_POINT('',(-1.8675E0,-6.175E0,-4.9425E0));
#1082=LINE('',#1081,#1080);
#1083=DIRECTION('',(2.357022603955E-1,9.428090415821E-1,2.357022603955E-1));
#1084=VECTOR('',#1083,8.485281374239E-1);
#1085=CARTESIAN_POINT('',(-1.6325E0,-6.175E0,-4.9425E0));
#1086=LINE('',#1085,#1084);
#1087=DIRECTION('',(-1.E0,0.E0,0.E0));
#1088=VECTOR('',#1087,6.35E-1);
#1089=CARTESIAN_POINT('',(-1.4325E0,-5.375E0,-4.7425E0));
#1090=LINE('',#1089,#1088);
#1091=DIRECTION('',(1.E0,0.E0,0.E0));
#1092=VECTOR('',#1091,6.35E-1);
#1093=CARTESIAN_POINT('',(-2.0675E0,-5.725E-1,-4.7425E0));
#1094=LINE('',#1093,#1092);
#1095=DIRECTION('',(1.E0,0.E0,0.E0));
#1096=VECTOR('',#1095,6.35E-1);
#1097=CARTESIAN_POINT('',(-2.0675E0,-7.25E-2,-4.2425E0));
#1098=LINE('',#1097,#1096);
#1099=DIRECTION('',(-1.E0,0.E0,0.E0));
#1100=VECTOR('',#1099,6.35E-1);
#1101=CARTESIAN_POINT('',(-1.4325E0,-7.25E-2,5.6E0));
#1102=LINE('',#1101,#1100);
#1103=DIRECTION('',(0.E0,-1.E0,0.E0));
#1104=VECTOR('',#1103,6.35E-1);
#1105=CARTESIAN_POINT('',(-1.4325E0,5.625E-1,5.6E0));
#1106=LINE('',#1105,#1104);
#1107=DIRECTION('',(0.E0,0.E0,1.E0));
#1108=VECTOR('',#1107,5.6E0);
#1109=CARTESIAN_POINT('',(-1.4325E0,5.625E-1,0.E0));
#1110=LINE('',#1109,#1108);
#1111=DIRECTION('',(0.E0,0.E0,-1.E0));
#1112=VECTOR('',#1111,5.6E0);
#1113=CARTESIAN_POINT('',(-1.4325E0,-7.25E-2,5.6E0));
#1114=LINE('',#1113,#1112);
#1115=DIRECTION('',(0.E0,0.E0,-1.E0));
#1116=VECTOR('',#1115,6.35E-1);
#1117=CARTESIAN_POINT('',(-1.4325E0,-5.375E0,-4.7425E0));
#1118=LINE('',#1117,#1116);
#1119=DIRECTION('',(0.E0,-1.E0,0.E0));
#1120=VECTOR('',#1119,4.8025E0);
#1121=CARTESIAN_POINT('',(-1.4325E0,-5.725E-1,-4.7425E0));
#1122=LINE('',#1121,#1120);
#1123=CARTESIAN_POINT('',(-1.4325E0,-5.725E-1,-4.2425E0));
#1124=DIRECTION('',(-1.E0,0.E0,0.E0));
#1125=DIRECTION('',(0.E0,1.E0,0.E0));
#1126=AXIS2_PLACEMENT_3D('',#1123,#1124,#1125);
#1128=DIRECTION('',(0.E0,0.E0,-1.E0));
#1129=VECTOR('',#1128,1.1425E0);
#1130=CARTESIAN_POINT('',(-1.4325E0,-7.25E-2,-3.1E0));
#1131=LINE('',#1130,#1129);
#1132=DIRECTION('',(0.E0,0.E0,1.E0));
#1133=VECTOR('',#1132,1.1425E0);
#1134=CARTESIAN_POINT('',(-1.4325E0,5.625E-1,-4.2425E0));
#1135=LINE('',#1134,#1133);
#1136=CARTESIAN_POINT('',(-1.4325E0,-5.725E-1,-4.2425E0));
#1137=DIRECTION('',(1.E0,0.E0,0.E0));
#1138=DIRECTION('',(0.E0,0.E0,-1.E0));
#1139=AXIS2_PLACEMENT_3D('',#1136,#1137,#1138);
#1141=DIRECTION('',(0.E0,1.E0,0.E0));
#1142=VECTOR('',#1141,4.8025E0);
#1143=CARTESIAN_POINT('',(-1.4325E0,-5.375E0,-5.3775E0));
#1144=LINE('',#1143,#1142);
#1145=DIRECTION('',(-2.357022603955E-1,-2.357022603955E-1,-9.428090415821E-1));
#1146=VECTOR('',#1145,8.485281374239E-1);
#1147=CARTESIAN_POINT('',(-1.8675E0,1.275E-1,6.4E0));
#1148=LINE('',#1147,#1146);
#1149=DIRECTION('',(-2.357022603955E-1,2.357022603955E-1,9.428090415821E-1));
#1150=VECTOR('',#1149,8.485281374239E-1);
#1151=CARTESIAN_POINT('',(-1.4325E0,-7.25E-2,5.6E0));
#1152=LINE('',#1151,#1150);
#1153=DIRECTION('',(0.E0,1.E0,0.E0));
#1154=VECTOR('',#1153,3.04E0);
#1155=CARTESIAN_POINT('',(-3.27E0,-1.275E0,0.E0));
#1156=LINE('',#1155,#1154);
#1157=DIRECTION('',(1.E0,0.E0,0.E0));
#1158=VECTOR('',#1157,3.04E0);
#1159=CARTESIAN_POINT('',(-3.27E0,1.765E0,0.E0));
#1160=LINE('',#1159,#1158);
#1161=DIRECTION('',(0.E0,-1.E0,0.E0));
#1162=VECTOR('',#1161,3.04E0);
#1163=CARTESIAN_POINT('',(-2.3E-1,1.765E0,0.E0));
#1164=LINE('',#1163,#1162);
#1165=DIRECTION('',(-1.E0,0.E0,0.E0));
#1166=VECTOR('',#1165,3.04E0);
#1167=CARTESIAN_POINT('',(-2.3E-1,-1.275E0,0.E0));
#1168=LINE('',#1167,#1166);
#1169=DIRECTION('',(0.E0,1.E0,0.E0));
#1170=VECTOR('',#1169,6.35E-1);
#1171=CARTESIAN_POINT('',(-2.0675E0,-7.25E-2,0.E0));
#1172=LINE('',#1171,#1170);
#1173=DIRECTION('',(1.E0,0.E0,0.E0));
#1174=VECTOR('',#1173,6.35E-1);
#1175=CARTESIAN_POINT('',(-2.0675E0,-7.25E-2,0.E0));
#1176=LINE('',#1175,#1174);
#1177=DIRECTION('',(0.E0,1.E0,0.E0));
#1178=VECTOR('',#1177,6.35E-1);
#1179=CARTESIAN_POINT('',(-1.4325E0,-7.25E-2,0.E0));
#1180=LINE('',#1179,#1178);
#1181=DIRECTION('',(1.E0,0.E0,0.E0));
#1182=VECTOR('',#1181,6.35E-1);
#1183=CARTESIAN_POINT('',(-2.0675E0,5.625E-1,0.E0));
#1184=LINE('',#1183,#1182);
#1185=DIRECTION('',(8.726203243944E-3,8.726203243944E-3,-9.999238504776E-1));
#1186=VECTOR('',#1185,8.100616858105E0);
#1187=CARTESIAN_POINT('',(-3.340687629105E0,-1.345687629105E0,8.1E0));
#1188=LINE('',#1187,#1186);
#1189=DIRECTION('',(8.726203243944E-3,-8.726203243944E-3,-9.999238504776E-1));
#1190=VECTOR('',#1189,8.100616858105E0);
#1191=CARTESIAN_POINT('',(-3.340687629105E0,1.835687629105E0,8.1E0));
#1192=LINE('',#1191,#1190);
#1193=DIRECTION('',(0.E0,-1.E0,0.E0));
#1194=VECTOR('',#1193,2.869459186282E0);
#1195=CARTESIAN_POINT('',(-2.95E0,4.672857404561E0,4.4E0));
#1196=LINE('',#1195,#1194);
#1197=DIRECTION('',(0.E0,8.726535498374E-3,9.999619230642E-1));
#1198=VECTOR('',#1197,3.700140890027E0);
#1199=CARTESIAN_POINT('',(-2.95E0,1.803398218279E0,4.4E0));
#1200=LINE('',#1199,#1198);
#1201=DIRECTION('',(0.E0,-1.745240643728E-2,-9.998476951564E-1));
#1202=VECTOR('',#1201,5.756835614329E0);
#1203=CARTESIAN_POINT('',(-2.95E0,4.773328039495E0,1.015595882038E1));
#1204=LINE('',#1203,#1202);
#1205=CARTESIAN_POINT('',(-2.75E0,1.801652844721E0,4.2E0));
#1206=CARTESIAN_POINT('',(-2.816667935946E0,1.801652844721E0,4.2E0));
#1207=CARTESIAN_POINT('',(-2.899510321725E0,1.802093477920E0,4.250491563476E0));
#1208=CARTESIAN_POINT('',(-2.95E0,1.802816438170E0,4.333334602565E0));
#1209=CARTESIAN_POINT('',(-2.95E0,1.803398218279E0,4.4E0));
#1211=CARTESIAN_POINT('',(-2.75E0,4.672857404561E0,4.4E0));
#1212=DIRECTION('',(0.E0,-1.E0,0.E0));
#1213=DIRECTION('',(-1.E0,0.E0,0.E0));
#1214=AXIS2_PLACEMENT_3D('',#1211,#1212,#1213);
#1216=CARTESIAN_POINT('',(-2.75E0,4.672857404561E0,4.4E0));
#1217=DIRECTION('',(0.E0,1.745240643728E-2,9.998476951564E-1));
#1218=DIRECTION('',(0.E0,9.998476951564E-1,-1.745240643729E-2));
#1219=AXIS2_PLACEMENT_3D('',#1216,#1217,#1218);
#1221=CARTESIAN_POINT('',(-2.75E0,4.672857404561E0,4.4E0));
#1222=DIRECTION('',(1.E0,0.E0,0.E0));
#1223=DIRECTION('',(0.E0,0.E0,-1.E0));
#1224=AXIS2_PLACEMENT_3D('',#1221,#1222,#1223);
#1226=CARTESIAN_POINT('',(-2.95E0,4.773328039495E0,1.015595882038E1));
#1227=CARTESIAN_POINT('',(-2.95E0,4.805239165988E0,1.017083922305E1));
#1228=CARTESIAN_POINT('',(-2.936638088712E0,4.856951414723E0,1.019495304065E1));
#1229=CARTESIAN_POINT('',(-2.896711660755E0,4.916499161635E0,1.022272061106E1));
#1230=CARTESIAN_POINT('',(-2.838181160651E0,4.959185893090E0,1.024262576084E1));
#1231=CARTESIAN_POINT('',(-2.785210032341E0,4.975E0,1.025E1));
#1232=CARTESIAN_POINT('',(-2.75E0,4.975E0,1.025E1));
#1234=DIRECTION('',(-1.E0,0.E0,0.E0));
#1235=VECTOR('',#1234,1.595E0);
#1236=CARTESIAN_POINT('',(-1.155E0,4.872826943592E0,4.396509518713E0));
#1237=LINE('',#1236,#1235);
#1238=DIRECTION('',(0.E0,-1.745240643728E-2,-9.998476951564E-1));
#1239=VECTOR('',#1238,5.854382132043E0);
#1240=CARTESIAN_POINT('',(-2.75E0,4.975E0,1.025E1));
#1241=LINE('',#1240,#1239);
#1242=DIRECTION('',(0.E0,1.745240643728E-2,9.998476951564E-1));
#1243=VECTOR('',#1242,5.854382132043E0);
#1244=CARTESIAN_POINT('',(2.75E0,4.872826943592E0,4.396509518713E0));
#1245=LINE('',#1244,#1243);
#1246=DIRECTION('',(-1.E0,0.E0,0.E0));
#1247=VECTOR('',#1246,1.595E0);
#1248=CARTESIAN_POINT('',(2.75E0,4.872826943592E0,4.396509518713E0));
#1249=LINE('',#1248,#1247);
#1250=DIRECTION('',(0.E0,1.745240643728E-2,9.998476951564E-1));
#1251=VECTOR('',#1250,4.704206954792E0);
#1252=CARTESIAN_POINT('',(1.155E0,4.872826943592E0,4.396509518713E0));
#1253=LINE('',#1252,#1251);
#1254=DIRECTION('',(1.E0,0.E0,0.E0));
#1255=VECTOR('',#1254,2.31E0);
#1256=CARTESIAN_POINT('',(-1.155E0,4.954926675333E0,9.1E0));
#1257=LINE('',#1256,#1255);
#1258=DIRECTION('',(0.E0,1.745240643728E-2,9.998476951564E-1));
#1259=VECTOR('',#1258,4.704206954792E0);
#1260=CARTESIAN_POINT('',(-1.155E0,4.872826943592E0,4.396509518713E0));
#1261=LINE('',#1260,#1259);
#1262=CARTESIAN_POINT('',(-1.155E0,4.872826943592E0,4.396509518713E0));
#1263=CARTESIAN_POINT('',(-1.155E0,4.872454233117E0,4.375156949865E0));
#1264=CARTESIAN_POINT('',(-1.154999188149E0,4.865268760720E0,4.334802133205E0));
#1265=CARTESIAN_POINT('',(-1.155002841479E0,4.836001527312E0,4.278738274710E0));
#1266=CARTESIAN_POINT('',(-1.154989445935E0,4.791250527628E0,4.234774917998E0));
#1267=CARTESIAN_POINT('',(-1.155039374781E0,4.734688353732E0,4.206441140044E0));
#1268=CARTESIAN_POINT('',(-1.154915161555E0,4.694212685088E0,4.200083880373E0));
#1269=CARTESIAN_POINT('',(-1.154915161555E0,4.673928702281E0,4.200083880373E0));
#1271=DIRECTION('',(-1.E0,0.E0,0.E0));
#1272=VECTOR('',#1271,1.91E0);
#1273=CARTESIAN_POINT('',(9.55E-1,4.475E0,4.2E0));
#1274=LINE('',#1273,#1272);
#1275=DIRECTION('',(-9.999997730778E-1,6.716241359116E-4,5.258676648464E-5));
#1276=VECTOR('',#1275,1.595085200405E0);
#1277=CARTESIAN_POINT('',(2.75E0,4.672857404561E0,4.2E0));
#1278=LINE('',#1277,#1276);
#1279=DIRECTION('',(0.E0,1.E0,0.E0));
#1280=VECTOR('',#1279,2.871204559840E0);
#1281=CARTESIAN_POINT('',(2.75E0,1.801652844721E0,4.2E0));
#1282=LINE('',#1281,#1280);
#1283=DIRECTION('',(-1.E0,0.E0,0.E0));
#1284=VECTOR('',#1283,2.556652844721E0);
#1285=CARTESIAN_POINT('',(2.75E0,1.801652844721E0,4.2E0));
#1286=LINE('',#1285,#1284);
#1287=DIRECTION('',(0.E0,1.E0,0.E0));
#1288=VECTOR('',#1287,7.225598753690E-2);
#1289=CARTESIAN_POINT('',(1.933471552788E-1,1.729396857184E0,4.2E0));
#1290=LINE('',#1289,#1288);
#1291=DIRECTION('',(1.E0,0.E0,0.E0));
#1292=VECTOR('',#1291,3.866943105576E-1);
#1293=CARTESIAN_POINT('',(-1.933471552788E-1,1.729396857184E0,4.2E0));
#1294=LINE('',#1293,#1292);
#1295=DIRECTION('',(0.E0,1.E0,0.E0));
#1296=VECTOR('',#1295,7.225598753690E-2);
#1297=CARTESIAN_POINT('',(-1.933471552788E-1,1.729396857184E0,4.2E0));
#1298=LINE('',#1297,#1296);
#1299=DIRECTION('',(1.E0,0.E0,0.E0));
#1300=VECTOR('',#1299,2.556652844721E0);
#1301=CARTESIAN_POINT('',(-2.75E0,1.801652844721E0,4.2E0));
#1302=LINE('',#1301,#1300);
#1303=DIRECTION('',(0.E0,-1.E0,0.E0));
#1304=VECTOR('',#1303,2.871204559840E0);
#1305=CARTESIAN_POINT('',(-2.75E0,4.672857404561E0,4.2E0));
#1306=LINE('',#1305,#1304);
#1307=DIRECTION('',(-9.999997730778E-1,-6.716241359116E-4,-5.258676648464E-5));
#1308=VECTOR('',#1307,1.595085200405E0);
#1309=CARTESIAN_POINT('',(-1.154915161555E0,4.673928702281E0,4.200083880373E0));
#1310=LINE('',#1309,#1308);
#1311=DIRECTION('',(0.E0,0.E0,1.E0));
#1312=VECTOR('',#1311,1.35E0);
#1313=CARTESIAN_POINT('',(9.55E-1,4.475E0,2.85E0));
#1314=LINE('',#1313,#1312);
#1315=DIRECTION('',(0.E0,0.E0,-1.E0));
#1316=VECTOR('',#1315,1.35E0);
#1317=CARTESIAN_POINT('',(-9.55E-1,4.475E0,4.2E0));
#1318=LINE('',#1317,#1316);
#1319=CARTESIAN_POINT('',(9.55E-1,4.675E0,2.85E0));
#1320=DIRECTION('',(0.E0,0.E0,1.E0));
#1321=DIRECTION('',(0.E0,-1.E0,0.E0));
#1322=AXIS2_PLACEMENT_3D('',#1319,#1320,#1321);
#1324=CARTESIAN_POINT('',(1.154915161555E0,4.673928702281E0,4.200083880373E0));
#1325=CARTESIAN_POINT('',(1.154915161555E0,4.653390573402E0,4.200083880373E0));
#1326=CARTESIAN_POINT('',(1.148411730914E0,4.612480976659E0,4.199961069875E0));
#1327=CARTESIAN_POINT('',(1.119454019023E0,4.555410328340E0,4.200010434879E0));
#1328=CARTESIAN_POINT('',(1.074592586246E0,4.510535407230E0,4.199997190610E0));
#1329=CARTESIAN_POINT('',(1.017517938746E0,4.481627649490E0,4.200000802683E0));
#1330=CARTESIAN_POINT('',(9.766100142631E-1,4.475E0,4.2E0));
#1331=CARTESIAN_POINT('',(9.55E-1,4.475E0,4.2E0));
#1333=CARTESIAN_POINT('',(-3.15E0,5.235E0,2.85E0));
#1334=DIRECTION('',(0.E0,0.E0,-1.E0));
#1335=DIRECTION('',(-1.E0,0.E0,0.E0));
#1336=AXIS2_PLACEMENT_3D('',#1333,#1334,#1335);
#1338=CARTESIAN_POINT('',(3.15E0,5.235E0,2.85E0));
#1339=DIRECTION('',(0.E0,0.E0,-1.E0));
#1340=DIRECTION('',(0.E0,1.E0,0.E0));
#1341=AXIS2_PLACEMENT_3D('',#1338,#1339,#1340);
#1343=DIRECTION('',(0.E0,-1.E0,0.E0));
#1344=VECTOR('',#1343,1.31E0);
#1345=CARTESIAN_POINT('',(1.155E0,5.985E0,2.85E0));
#1346=LINE('',#1345,#1344);
#1347=DIRECTION('',(-1.E0,0.E0,0.E0));
#1348=VECTOR('',#1347,1.91E0);
#1349=CARTESIAN_POINT('',(9.55E-1,4.475E0,2.85E0));
#1350=LINE('',#1349,#1348);
#1351=DIRECTION('',(0.E0,-1.E0,0.E0));
#1352=VECTOR('',#1351,1.31E0);
#1353=CARTESIAN_POINT('',(-1.155E0,5.985E0,2.85E0));
#1354=LINE('',#1353,#1352);
#1355=DIRECTION('',(0.E0,0.E0,-1.E0));
#1356=VECTOR('',#1355,7.4E0);
#1357=CARTESIAN_POINT('',(-3.15E0,5.985E0,1.025E1));
#1358=LINE('',#1357,#1356);
#1359=DIRECTION('',(1.E0,0.E0,0.E0));
#1360=VECTOR('',#1359,1.995E0);
#1361=CARTESIAN_POINT('',(-3.15E0,5.985E0,2.85E0));
#1362=LINE('',#1361,#1360);
#1363=DIRECTION('',(0.E0,0.E0,1.E0));
#1364=VECTOR('',#1363,6.25E0);
#1365=CARTESIAN_POINT('',(-1.155E0,5.985E0,2.85E0));
#1366=LINE('',#1365,#1364);
#1367=DIRECTION('',(1.E0,0.E0,0.E0));
#1368=VECTOR('',#1367,2.31E0);
#1369=CARTESIAN_POINT('',(-1.155E0,5.985E0,9.1E0));
#1370=LINE('',#1369,#1368);
#1371=DIRECTION('',(0.E0,0.E0,1.E0));
#1372=VECTOR('',#1371,6.25E0);
#1373=CARTESIAN_POINT('',(1.155E0,5.985E0,2.85E0));
#1374=LINE('',#1373,#1372);
#1375=DIRECTION('',(1.E0,0.E0,0.E0));
#1376=VECTOR('',#1375,1.995E0);
#1377=CARTESIAN_POINT('',(1.155E0,5.985E0,2.85E0));
#1378=LINE('',#1377,#1376);
#1379=DIRECTION('',(0.E0,0.E0,1.E0));
#1380=VECTOR('',#1379,7.4E0);
#1381=CARTESIAN_POINT('',(3.15E0,5.985E0,2.85E0));
#1382=LINE('',#1381,#1380);
#1383=DIRECTION('',(-6.283936814077E-5,7.935043115570E-4,-9.999996832010E-1));
#1384=VECTOR('',#1383,1.350084308078E0);
#1385=CARTESIAN_POINT('',(-1.154915161555E0,4.673928702281E0,4.200083880373E0));
#1386=LINE('',#1385,#1384);
#1387=CARTESIAN_POINT('',(-9.55E-1,4.475E0,4.2E0));
#1388=CARTESIAN_POINT('',(-9.766100142631E-1,4.475E0,4.2E0));
#1389=CARTESIAN_POINT('',(-1.017517938746E0,4.481627649490E0,4.200000802683E0));
#1390=CARTESIAN_POINT('',(-1.074592586246E0,4.510535407230E0,4.199997190610E0));
#1391=CARTESIAN_POINT('',(-1.119454019023E0,4.555410328340E0,4.200010434879E0));
#1392=CARTESIAN_POINT('',(-1.148411730914E0,4.612480976659E0,4.199961069875E0));
#1393=CARTESIAN_POINT('',(-1.154915161555E0,4.653390573402E0,4.200083880373E0));
#1394=CARTESIAN_POINT('',(-1.154915161555E0,4.673928702281E0,4.200083880373E0));
#1396=CARTESIAN_POINT('',(-9.55E-1,4.675E0,2.85E0));
#1397=DIRECTION('',(0.E0,0.E0,1.E0));
#1398=DIRECTION('',(-1.E0,0.E0,0.E0));
#1399=AXIS2_PLACEMENT_3D('',#1396,#1397,#1398);
#1401=DIRECTION('',(0.E0,-1.E0,0.E0));
#1402=VECTOR('',#1401,1.030073324667E0);
#1403=CARTESIAN_POINT('',(-1.155E0,5.985E0,9.1E0));
#1404=LINE('',#1403,#1402);
#1405=DIRECTION('',(-6.283936814027E-5,-7.935043115583E-4,9.999996832010E-1));
#1406=VECTOR('',#1405,1.350084308078E0);
#1407=CARTESIAN_POINT('',(1.155E0,4.675E0,2.85E0));
#1408=LINE('',#1407,#1406);
#1409=DIRECTION('',(0.E0,-1.E0,0.E0));
#1410=VECTOR('',#1409,1.030073324667E0);
#1411=CARTESIAN_POINT('',(1.155E0,5.985E0,9.1E0));
#1412=LINE('',#1411,#1410);
#1413=CARTESIAN_POINT('',(1.154915161555E0,4.673928702281E0,4.200083880373E0));
#1414=CARTESIAN_POINT('',(1.154915161555E0,4.694212685088E0,4.200083880373E0));
#1415=CARTESIAN_POINT('',(1.155039374781E0,4.734688353732E0,4.206441140044E0));
#1416=CARTESIAN_POINT('',(1.154989445935E0,4.791250527628E0,4.234774917998E0));
#1417=CARTESIAN_POINT('',(1.155002841479E0,4.836001527312E0,4.278738274710E0));
#1418=CARTESIAN_POINT('',(1.154999188149E0,4.865268760720E0,4.334802133205E0));
#1419=CARTESIAN_POINT('',(1.155E0,4.872454233117E0,4.375156949865E0));
#1420=CARTESIAN_POINT('',(1.155E0,4.872826943592E0,4.396509518713E0));
#1422=CARTESIAN_POINT('',(2.75E0,4.672857404561E0,4.4E0));
#1423=DIRECTION('',(-1.E0,0.E0,0.E0));
#1424=DIRECTION('',(0.E0,9.998476951564E-1,-1.745240643729E-2));
#1425=AXIS2_PLACEMENT_3D('',#1422,#1423,#1424);
#1427=CARTESIAN_POINT('',(2.75E0,4.672857404561E0,4.4E0));
#1428=DIRECTION('',(0.E0,1.745240643728E-2,9.998476951564E-1));
#1429=DIRECTION('',(1.E0,0.E0,0.E0));
#1430=AXIS2_PLACEMENT_3D('',#1427,#1428,#1429);
#1432=CARTESIAN_POINT('',(2.75E0,4.672857404561E0,4.4E0));
#1433=DIRECTION('',(0.E0,-1.E0,0.E0));
#1434=DIRECTION('',(0.E0,0.E0,-1.E0));
#1435=AXIS2_PLACEMENT_3D('',#1432,#1433,#1434);
#1437=CARTESIAN_POINT('',(2.75E0,4.975E0,1.025E1));
#1438=CARTESIAN_POINT('',(2.785210032341E0,4.975E0,1.025E1));
#1439=CARTESIAN_POINT('',(2.838181160651E0,4.959185893090E0,1.024262576084E1));
#1440=CARTESIAN_POINT('',(2.896711660755E0,4.916499161635E0,1.022272061106E1));
#1441=CARTESIAN_POINT('',(2.936638088712E0,4.856951414723E0,1.019495304065E1));
#1442=CARTESIAN_POINT('',(2.95E0,4.805239165988E0,1.017083922305E1));
#1443=CARTESIAN_POINT('',(2.95E0,4.773328039495E0,1.015595882038E1));
#1445=DIRECTION('',(0.E0,1.745240643728E-2,9.998476951564E-1));
#1446=VECTOR('',#1445,5.756835614329E0);
#1447=CARTESIAN_POINT('',(2.95E0,4.672857404561E0,4.4E0));
#1448=LINE('',#1447,#1446);
#1449=DIRECTION('',(0.E0,8.726535498374E-3,9.999619230642E-1));
#1450=VECTOR('',#1449,3.700140890027E0);
#1451=CARTESIAN_POINT('',(2.95E0,1.803398218279E0,4.4E0));
#1452=LINE('',#1451,#1450);
#1453=DIRECTION('',(0.E0,1.E0,0.E0));
#1454=VECTOR('',#1453,2.869459186282E0);
#1455=CARTESIAN_POINT('',(2.95E0,1.803398218279E0,4.4E0));
#1456=LINE('',#1455,#1454);
#1457=DIRECTION('',(1.E0,0.E0,0.E0));
#1458=VECTOR('',#1457,1.15E0);
#1459=CARTESIAN_POINT('',(-3.9E0,4.975E0,1.025E1));
#1460=LINE('',#1459,#1458);
#1461=DIRECTION('',(0.E0,-9.063077870366E-1,-4.226182617407E-1));
#1462=VECTOR('',#1461,1.720869215374E0);
#1463=CARTESIAN_POINT('',(-2.95E0,4.773328039495E0,1.015595882038E1));
#1464=LINE('',#1463,#1462);
#1465=DIRECTION('',(0.E0,-9.063077870367E-1,-4.226182617407E-1));
#1466=VECTOR('',#1465,1.720869215374E0);
#1467=CARTESIAN_POINT('',(2.95E0,4.773328039495E0,1.015595882038E1));
#1468=LINE('',#1467,#1466);
#1469=DIRECTION('',(1.E0,0.E0,0.E0));
#1470=VECTOR('',#1469,1.15E0);
#1471=CARTESIAN_POINT('',(2.75E0,4.975E0,1.025E1));
#1472=LINE('',#1471,#1470);
#1473=CARTESIAN_POINT('',(-3.15E0,5.235E0,1.025E1));
#1474=DIRECTION('',(0.E0,0.E0,1.E0));
#1475=DIRECTION('',(0.E0,1.E0,0.E0));
#1476=AXIS2_PLACEMENT_3D('',#1473,#1474,#1475);
#1478=DIRECTION('',(1.E0,0.E0,0.E0));
#1479=VECTOR('',#1478,6.3E0);
#1480=CARTESIAN_POINT('',(-3.15E0,5.985E0,1.025E1));
#1481=LINE('',#1480,#1479);
#1482=CARTESIAN_POINT('',(3.15E0,5.235E0,1.025E1));
#1483=DIRECTION('',(0.E0,0.E0,1.E0));
#1484=DIRECTION('',(1.E0,0.E0,0.E0));
#1485=AXIS2_PLACEMENT_3D('',#1482,#1483,#1484);
#1487=DIRECTION('',(1.E0,0.E0,0.E0));
#1488=VECTOR('',#1487,5.5E0);
#1489=CARTESIAN_POINT('',(-2.75E0,4.975E0,1.025E1));
#1490=LINE('',#1489,#1488);
#1491=DIRECTION('',(0.E0,0.E0,1.E0));
#1492=VECTOR('',#1491,7.4E0);
#1493=CARTESIAN_POINT('',(3.9E0,5.235E0,2.85E0));
#1494=LINE('',#1493,#1492);
#1495=DIRECTION('',(0.E0,1.E0,0.E0));
#1496=VECTOR('',#1495,2.56E0);
#1497=CARTESIAN_POINT('',(3.9E0,2.675E0,2.85E0));
#1498=LINE('',#1497,#1496);
#1499=DIRECTION('',(0.E0,-1.E0,0.E0));
#1500=VECTOR('',#1499,1.2E-1);
#1501=CARTESIAN_POINT('',(3.9E0,2.795E0,8.1E0));
#1502=LINE('',#1501,#1500);
#1503=CARTESIAN_POINT('',(3.9E0,2.795E0,8.23E0));
#1504=DIRECTION('',(-1.E0,0.E0,0.E0));
#1505=DIRECTION('',(0.E0,1.E0,0.E0));
#1506=AXIS2_PLACEMENT_3D('',#1503,#1504,#1505);
#1508=DIRECTION('',(0.E0,0.E0,-1.E0));
#1509=VECTOR('',#1508,7.455341703785E-1);
#1510=CARTESIAN_POINT('',(3.9E0,2.925E0,8.975534170379E0));
#1511=LINE('',#1510,#1509);
#1512=CARTESIAN_POINT('',(3.9E0,3.425E0,8.975534170379E0));
#1513=DIRECTION('',(1.E0,0.E0,0.E0));
#1514=DIRECTION('',(0.E0,-4.226182617407E-1,9.063077870366E-1));
#1515=AXIS2_PLACEMENT_3D('',#1512,#1513,#1514);
#1517=DIRECTION('',(0.E0,-9.063077870366E-1,-4.226182617407E-1));
#1518=VECTOR('',#1517,1.943389603469E0);
#1519=CARTESIAN_POINT('',(3.9E0,4.975E0,1.025E1));
#1520=LINE('',#1519,#1518);
#1521=DIRECTION('',(0.E0,-1.E0,0.E0));
#1522=VECTOR('',#1521,2.6E-1);
#1523=CARTESIAN_POINT('',(3.9E0,5.235E0,1.025E1));
#1524=LINE('',#1523,#1522);
#1525=DIRECTION('',(0.E0,0.E0,1.E0));
#1526=VECTOR('',#1525,1.12E1);
#1527=CARTESIAN_POINT('',(-8.45E0,2.675E0,-3.1E0));
#1528=LINE('',#1527,#1526);
#1529=DIRECTION('',(-1.E0,0.E0,0.E0));
#1530=VECTOR('',#1529,1.69E1);
#1531=CARTESIAN_POINT('',(8.45E0,2.675E0,-3.1E0));
#1532=LINE('',#1531,#1530);
#1533=DIRECTION('',(0.E0,0.E0,-1.E0));
#1534=VECTOR('',#1533,1.12E1);
#1535=CARTESIAN_POINT('',(8.45E0,2.675E0,8.1E0));
#1536=LINE('',#1535,#1534);
#1537=DIRECTION('',(1.E0,0.E0,0.E0));
#1538=VECTOR('',#1537,4.55E0);
#1539=CARTESIAN_POINT('',(3.9E0,2.675E0,8.1E0));
#1540=LINE('',#1539,#1538);
#1541=DIRECTION('',(0.E0,0.E0,-1.E0));
#1542=VECTOR('',#1541,5.25E0);
#1543=CARTESIAN_POINT('',(3.9E0,2.675E0,8.1E0));
#1544=LINE('',#1543,#1542);
#1545=DIRECTION('',(1.E0,0.E0,0.E0));
#1546=VECTOR('',#1545,7.8E0);
#1547=CARTESIAN_POINT('',(-3.9E0,2.675E0,2.85E0));
#1548=LINE('',#1547,#1546);
#1549=DIRECTION('',(0.E0,0.E0,-1.E0));
#1550=VECTOR('',#1549,5.25E0);
#1551=CARTESIAN_POINT('',(-3.9E0,2.675E0,8.1E0));
#1552=LINE('',#1551,#1550);
#1553=DIRECTION('',(1.E0,0.E0,0.E0));
#1554=VECTOR('',#1553,8.5E-1);
#1555=CARTESIAN_POINT('',(-4.75E0,2.675E0,8.1E0));
#1556=LINE('',#1555,#1554);
#1557=DIRECTION('',(0.E0,0.E0,-1.E0));
#1558=VECTOR('',#1557,5.24E0);
#1559=CARTESIAN_POINT('',(-4.75E0,2.675E0,8.1E0));
#1560=LINE('',#1559,#1558);
#1561=DIRECTION('',(-1.E0,0.E0,0.E0));
#1562=VECTOR('',#1561,1.E0);
#1563=CARTESIAN_POINT('',(-4.75E0,2.675E0,2.86E0));
#1564=LINE('',#1563,#1562);
#1565=DIRECTION('',(0.E0,0.E0,-1.E0));
#1566=VECTOR('',#1565,5.24E0);
#1567=CARTESIAN_POINT('',(-5.75E0,2.675E0,8.1E0));
#1568=LINE('',#1567,#1566);
#1569=DIRECTION('',(1.E0,0.E0,0.E0));
#1570=VECTOR('',#1569,2.7E0);
#1571=CARTESIAN_POINT('',(-8.45E0,2.675E0,8.1E0));
#1572=LINE('',#1571,#1570);
#1573=DIRECTION('',(0.E0,1.E0,0.E0));
#1574=VECTOR('',#1573,2.175E0);
#1575=CARTESIAN_POINT('',(-8.65E0,-2.675E0,1.63E0));
#1576=LINE('',#1575,#1574);
#1577=DIRECTION('',(0.E0,0.E0,-1.E0));
#1578=VECTOR('',#1577,6.47E0);
#1579=CARTESIAN_POINT('',(-8.65E0,-5.E-1,8.1E0));
#1580=LINE('',#1579,#1578);
#1581=DIRECTION('',(0.E0,0.E0,1.E0));
#1582=VECTOR('',#1581,1.12E1);
#1583=CARTESIAN_POINT('',(-8.65E0,2.475E0,-3.1E0));
#1584=LINE('',#1583,#1582);
#1585=DIRECTION('',(0.E0,0.E0,-1.E0));
#1586=VECTOR('',#1585,6.47E0);
#1587=CARTESIAN_POINT('',(-8.65E0,5.E-1,8.1E0));
#1588=LINE('',#1587,#1586);
#1589=DIRECTION('',(0.E0,1.E0,0.E0));
#1590=VECTOR('',#1589,5.25E-1);
#1591=CARTESIAN_POINT('',(-8.65E0,5.E-1,1.63E0));
#1592=LINE('',#1591,#1590);
#1593=DIRECTION('',(0.E0,1.566058943358E-1,-9.876611736113E-1));
#1594=VECTOR('',#1593,4.789091771933E0);
#1595=CARTESIAN_POINT('',(-8.65E0,1.025E0,1.63E0));
#1596=LINE('',#1595,#1594);
#1597=DIRECTION('',(0.E0,1.E0,0.E0));
#1598=VECTOR('',#1597,7.E-1);
#1599=CARTESIAN_POINT('',(-8.65E0,1.775E0,-3.1E0));
#1600=LINE('',#1599,#1598);
#1601=DIRECTION('',(0.E0,1.E0,0.E0));
#1602=VECTOR('',#1601,2.E0);
#1603=CARTESIAN_POINT('',(-8.E0,-2.5E0,1.63E0));
#1604=LINE('',#1603,#1602);
#1605=DIRECTION('',(0.E0,-1.E0,0.E0));
#1606=VECTOR('',#1605,3.525E0);
#1607=CARTESIAN_POINT('',(-7.5E0,1.025E0,1.63E0));
#1608=LINE('',#1607,#1606);
#1609=DIRECTION('',(-1.E0,0.E0,0.E0));
#1610=VECTOR('',#1609,5.E-1);
#1611=CARTESIAN_POINT('',(-7.5E0,-2.5E0,1.63E0));
#1612=LINE('',#1611,#1610);
#1613=DIRECTION('',(0.E0,1.E0,0.E0));
#1614=VECTOR('',#1613,5.25E-1);
#1615=CARTESIAN_POINT('',(-8.E0,5.E-1,1.63E0));
#1616=LINE('',#1615,#1614);
#1617=DIRECTION('',(0.E0,1.E0,0.E0));
#1618=VECTOR('',#1617,2.225E0);
#1619=CARTESIAN_POINT('',(-8.E0,-4.9E0,3.605E0));
#1620=LINE('',#1619,#1618);
#1621=DIRECTION('',(0.E0,9.805806756909E-1,1.961161351382E-1));
#1622=VECTOR('',#1621,1.019803902719E0);
#1623=CARTESIAN_POINT('',(-8.E0,-5.9E0,3.405E0));
#1624=LINE('',#1623,#1622);
#1625=DIRECTION('',(0.E0,0.E0,1.E0));
#1626=VECTOR('',#1625,1.1E0);
#1627=CARTESIAN_POINT('',(-8.E0,-5.9E0,2.305E0));
#1628=LINE('',#1627,#1626);
#1629=DIRECTION('',(0.E0,-9.805806756909E-1,1.961161351382E-1));
#1630=VECTOR('',#1629,1.019803902719E0);
#1631=CARTESIAN_POINT('',(-8.E0,-4.9E0,2.105E0));
#1632=LINE('',#1631,#1630);
#1633=DIRECTION('',(0.E0,-1.E0,0.E0));
#1634=VECTOR('',#1633,2.225E0);
#1635=CARTESIAN_POINT('',(-8.E0,-2.675E0,2.105E0));
#1636=LINE('',#1635,#1634);
#1637=DIRECTION('',(0.E0,0.E0,1.E0));
#1638=VECTOR('',#1637,4.725E0);
#1639=CARTESIAN_POINT('',(-8.E0,-2.5E0,-3.095E0));
#1640=LINE('',#1639,#1638);
#1641=DIRECTION('',(0.E0,-1.E0,0.E0));
#1642=VECTOR('',#1641,1.5E0);
#1643=CARTESIAN_POINT('',(-8.E0,-1.E0,-3.095E0));
#1644=LINE('',#1643,#1642);
#1645=DIRECTION('',(0.E0,0.E0,-1.E0));
#1646=VECTOR('',#1645,7.53E-1);
#1647=CARTESIAN_POINT('',(-8.E0,-1.E0,-2.342E0));
#1648=LINE('',#1647,#1646);
#1649=DIRECTION('',(0.E0,-1.E0,0.E0));
#1650=VECTOR('',#1649,2.E0);
#1651=CARTESIAN_POINT('',(-8.E0,1.E0,-2.342E0));
#1652=LINE('',#1651,#1650);
#1653=DIRECTION('',(0.E0,0.E0,1.E0));
#1654=VECTOR('',#1653,7.53E-1);
#1655=CARTESIAN_POINT('',(-8.E0,1.E0,-3.095E0));
#1656=LINE('',#1655,#1654);
#1657=DIRECTION('',(0.E0,-1.E0,0.E0));
#1658=VECTOR('',#1657,7.742071881607E-1);
#1659=CARTESIAN_POINT('',(-8.E0,1.774207188161E0,-3.095E0));
#1660=LINE('',#1659,#1658);
#1661=DIRECTION('',(0.E0,1.E0,0.E0));
#1662=VECTOR('',#1661,1.7E-1);
#1663=CARTESIAN_POINT('',(-8.E0,3.3E-1,7.4E0));
#1664=LINE('',#1663,#1662);
#1665=DIRECTION('',(0.E0,0.E0,-1.E0));
#1666=VECTOR('',#1665,4.5E-1);
#1667=CARTESIAN_POINT('',(-8.E0,3.3E-1,7.85E0));
#1668=LINE('',#1667,#1666);
#1669=DIRECTION('',(0.E0,1.E0,0.E0));
#1670=VECTOR('',#1669,6.6E-1);
#1671=CARTESIAN_POINT('',(-8.E0,-3.3E-1,7.85E0));
#1672=LINE('',#1671,#1670);
#1673=DIRECTION('',(0.E0,0.E0,1.E0));
#1674=VECTOR('',#1673,4.5E-1);
#1675=CARTESIAN_POINT('',(-8.E0,-3.3E-1,7.4E0));
#1676=LINE('',#1675,#1674);
#1677=DIRECTION('',(0.E0,1.E0,0.E0));
#1678=VECTOR('',#1677,1.7E-1);
#1679=CARTESIAN_POINT('',(-8.E0,-5.E-1,7.4E0));
#1680=LINE('',#1679,#1678);
#1681=DIRECTION('',(-1.E0,0.E0,0.E0));
#1682=VECTOR('',#1681,5.E-1);
#1683=CARTESIAN_POINT('',(-7.5E0,-4.9E0,3.605E0));
#1684=LINE('',#1683,#1682);
#1685=DIRECTION('',(0.E0,-1.E0,0.E0));
#1686=VECTOR('',#1685,2.225E0);
#1687=CARTESIAN_POINT('',(-7.5E0,-2.675E0,2.105E0));
#1688=LINE('',#1687,#1686);
#1689=DIRECTION('',(0.E0,-9.805806756909E-1,1.961161351382E-1));
#1690=VECTOR('',#1689,1.019803902719E0);
#1691=CARTESIAN_POINT('',(-7.5E0,-4.9E0,2.105E0));
#1692=LINE('',#1691,#1690);
#1693=DIRECTION('',(0.E0,0.E0,1.E0));
#1694=VECTOR('',#1693,1.1E0);
#1695=CARTESIAN_POINT('',(-7.5E0,-5.9E0,2.305E0));
#1696=LINE('',#1695,#1694);
#1697=DIRECTION('',(0.E0,9.805806756909E-1,1.961161351382E-1));
#1698=VECTOR('',#1697,1.019803902719E0);
#1699=CARTESIAN_POINT('',(-7.5E0,-5.9E0,3.405E0));
#1700=LINE('',#1699,#1698);
#1701=DIRECTION('',(0.E0,1.E0,0.E0));
#1702=VECTOR('',#1701,2.225E0);
#1703=CARTESIAN_POINT('',(-7.5E0,-4.9E0,3.605E0));
#1704=LINE('',#1703,#1702);
#1705=DIRECTION('',(0.E0,-1.E0,0.E0));
#1706=VECTOR('',#1705,7.742071881607E-1);
#1707=CARTESIAN_POINT('',(-7.5E0,1.774207188161E0,-3.095E0));
#1708=LINE('',#1707,#1706);
#1709=DIRECTION('',(0.E0,0.E0,1.E0));
#1710=VECTOR('',#1709,7.53E-1);
#1711=CARTESIAN_POINT('',(-7.5E0,1.E0,-3.095E0));
#1712=LINE('',#1711,#1710);
#1713=DIRECTION('',(0.E0,-1.E0,0.E0));
#1714=VECTOR('',#1713,2.E0);
#1715=CARTESIAN_POINT('',(-7.5E0,1.E0,-2.342E0));
#1716=LINE('',#1715,#1714);
#1717=DIRECTION('',(0.E0,0.E0,-1.E0));
#1718=VECTOR('',#1717,7.53E-1);
#1719=CARTESIAN_POINT('',(-7.5E0,-1.E0,-2.342E0));
#1720=LINE('',#1719,#1718);
#1721=DIRECTION('',(0.E0,-1.E0,0.E0));
#1722=VECTOR('',#1721,1.5E0);
#1723=CARTESIAN_POINT('',(-7.5E0,-1.E0,-3.095E0));
#1724=LINE('',#1723,#1722);
#1725=DIRECTION('',(0.E0,0.E0,1.E0));
#1726=VECTOR('',#1725,4.725E0);
#1727=CARTESIAN_POINT('',(-7.5E0,-2.5E0,-3.095E0));
#1728=LINE('',#1727,#1726);
#1729=DIRECTION('',(-1.E0,0.E0,0.E0));
#1730=VECTOR('',#1729,5.E-1);
#1731=CARTESIAN_POINT('',(-7.5E0,-4.9E0,2.105E0));
#1732=LINE('',#1731,#1730);
#1733=DIRECTION('',(-1.E0,0.E0,0.E0));
#1734=VECTOR('',#1733,5.E-1);
#1735=CARTESIAN_POINT('',(-7.5E0,-5.9E0,2.305E0));
#1736=LINE('',#1735,#1734);
#1737=DIRECTION('',(-1.E0,0.E0,0.E0));
#1738=VECTOR('',#1737,5.E-1);
#1739=CARTESIAN_POINT('',(-7.5E0,-5.9E0,3.405E0));
#1740=LINE('',#1739,#1738);
#1741=DIRECTION('',(0.E0,1.566058943358E-1,-9.876611736113E-1));
#1742=VECTOR('',#1741,4.784029307058E0);
#1743=CARTESIAN_POINT('',(-8.E0,1.025E0,1.63E0));
#1744=LINE('',#1743,#1742);
#1745=DIRECTION('',(-1.E0,0.E0,0.E0));
#1746=VECTOR('',#1745,5.E-1);
#1747=CARTESIAN_POINT('',(-7.5E0,1.774207188161E0,-3.095E0));
#1748=LINE('',#1747,#1746);
#1749=DIRECTION('',(0.E0,1.566058943358E-1,-9.876611736113E-1));
#1750=VECTOR('',#1749,4.784029307058E0);
#1751=CARTESIAN_POINT('',(-7.5E0,1.025E0,1.63E0));
#1752=LINE('',#1751,#1750);
#1753=DIRECTION('',(1.E0,2.220446049250E-14,0.E0));
#1754=VECTOR('',#1753,1.E-2);
#1755=CARTESIAN_POINT('',(-7.5E0,1.025E0,1.63E0));
#1756=LINE('',#1755,#1754);
#1757=DIRECTION('',(1.E0,0.E0,0.E0));
#1758=VECTOR('',#1757,6.5E-1);
#1759=CARTESIAN_POINT('',(-8.65E0,1.025E0,1.63E0));
#1760=LINE('',#1759,#1758);
#1761=DIRECTION('',(-1.E0,0.E0,0.E0));
#1762=VECTOR('',#1761,5.E-1);
#1763=CARTESIAN_POINT('',(-7.5E0,1.E0,-3.095E0));
#1764=LINE('',#1763,#1762);
#1765=DIRECTION('',(-1.E0,0.E0,0.E0));
#1766=VECTOR('',#1765,5.E-1);
#1767=CARTESIAN_POINT('',(-7.5E0,1.E0,-2.342E0));
#1768=LINE('',#1767,#1766);
#1769=DIRECTION('',(-1.E0,0.E0,0.E0));
#1770=VECTOR('',#1769,5.E-1);
#1771=CARTESIAN_POINT('',(-7.5E0,-1.E0,-2.342E0));
#1772=LINE('',#1771,#1770);
#1773=DIRECTION('',(-1.E0,0.E0,0.E0));
#1774=VECTOR('',#1773,5.E-1);
#1775=CARTESIAN_POINT('',(-7.5E0,-1.E0,-3.095E0));
#1776=LINE('',#1775,#1774);
#1777=DIRECTION('',(-1.E0,0.E0,0.E0));
#1778=VECTOR('',#1777,5.E-1);
#1779=CARTESIAN_POINT('',(-7.5E0,-2.5E0,-3.095E0));
#1780=LINE('',#1779,#1778);
#1781=DIRECTION('',(0.E0,1.566058943358E-1,-9.876611736113E-1));
#1782=VECTOR('',#1781,4.789091771933E0);
#1783=CARTESIAN_POINT('',(-7.49E0,1.025E0,1.63E0));
#1784=LINE('',#1783,#1782);
#1785=DIRECTION('',(0.E0,1.E0,0.E0));
#1786=VECTOR('',#1785,3.7E0);
#1787=CARTESIAN_POINT('',(-7.49E0,-2.675E0,1.63E0));
#1788=LINE('',#1787,#1786);
#1789=DIRECTION('',(0.E0,0.E0,1.E0));
#1790=VECTOR('',#1789,5.77E0);
#1791=CARTESIAN_POINT('',(-8.E0,-5.E-1,1.63E0));
#1792=LINE('',#1791,#1790);
#1793=DIRECTION('',(-1.E0,0.E0,0.E0));
#1794=VECTOR('',#1793,5.E-1);
#1795=CARTESIAN_POINT('',(-7.5E0,-5.E-1,7.4E0));
#1796=LINE('',#1795,#1794);
#1797=DIRECTION('',(1.E0,0.E0,0.E0));
#1798=VECTOR('',#1797,6.5E-1);
#1799=CARTESIAN_POINT('',(-8.65E0,-5.E-1,1.63E0));
#1800=LINE('',#1799,#1798);
#1801=DIRECTION('',(-1.E0,0.E0,0.E0));
#1802=VECTOR('',#1801,5.E-1);
#1803=CARTESIAN_POINT('',(-7.5E0,-3.3E-1,7.4E0));
#1804=LINE('',#1803,#1802);
#1805=DIRECTION('',(0.E0,1.E0,0.E0));
#1806=VECTOR('',#1805,1.7E-1);
#1807=CARTESIAN_POINT('',(-7.5E0,-5.E-1,7.4E0));
#1808=LINE('',#1807,#1806);
#1809=DIRECTION('',(0.E0,0.E0,1.E0));
#1810=VECTOR('',#1809,4.5E-1);
#1811=CARTESIAN_POINT('',(-7.5E0,-3.3E-1,7.4E0));
#1812=LINE('',#1811,#1810);
#1813=DIRECTION('',(0.E0,1.E0,0.E0));
#1814=VECTOR('',#1813,6.6E-1);
#1815=CARTESIAN_POINT('',(-7.5E0,-3.3E-1,7.85E0));
#1816=LINE('',#1815,#1814);
#1817=DIRECTION('',(0.E0,0.E0,-1.E0));
#1818=VECTOR('',#1817,4.5E-1);
#1819=CARTESIAN_POINT('',(-7.5E0,3.3E-1,7.85E0));
#1820=LINE('',#1819,#1818);
#1821=DIRECTION('',(0.E0,1.E0,0.E0));
#1822=VECTOR('',#1821,1.7E-1);
#1823=CARTESIAN_POINT('',(-7.5E0,3.3E-1,7.4E0));
#1824=LINE('',#1823,#1822);
#1825=DIRECTION('',(0.E0,0.E0,-1.E0));
#1826=VECTOR('',#1825,7.E-1);
#1827=CARTESIAN_POINT('',(-7.5E0,-5.E-1,8.1E0));
#1828=LINE('',#1827,#1826);
#1829=DIRECTION('',(-1.E0,0.E0,0.E0));
#1830=VECTOR('',#1829,5.E-1);
#1831=CARTESIAN_POINT('',(-7.5E0,-3.3E-1,7.85E0));
#1832=LINE('',#1831,#1830);
#1833=DIRECTION('',(-1.E0,0.E0,0.E0));
#1834=VECTOR('',#1833,5.E-1);
#1835=CARTESIAN_POINT('',(-7.5E0,3.3E-1,7.85E0));
#1836=LINE('',#1835,#1834);
#1837=DIRECTION('',(-1.E0,0.E0,0.E0));
#1838=VECTOR('',#1837,5.E-1);
#1839=CARTESIAN_POINT('',(-7.5E0,3.3E-1,7.4E0));
#1840=LINE('',#1839,#1838);
#1841=DIRECTION('',(0.E0,0.E0,1.E0));
#1842=VECTOR('',#1841,5.77E0);
#1843=CARTESIAN_POINT('',(-8.E0,5.E-1,1.63E0));
#1844=LINE('',#1843,#1842);
#1845=DIRECTION('',(-1.E0,0.E0,0.E0));
#1846=VECTOR('',#1845,6.5E-1);
#1847=CARTESIAN_POINT('',(-8.E0,5.E-1,1.63E0));
#1848=LINE('',#1847,#1846);
#1849=DIRECTION('',(0.E0,0.E0,-1.E0));
#1850=VECTOR('',#1849,7.E-1);
#1851=CARTESIAN_POINT('',(-7.5E0,5.E-1,8.1E0));
#1852=LINE('',#1851,#1850);
#1853=DIRECTION('',(-1.E0,0.E0,0.E0));
#1854=VECTOR('',#1853,5.E-1);
#1855=CARTESIAN_POINT('',(-7.5E0,5.E-1,7.4E0));
#1856=LINE('',#1855,#1854);
#1857=DIRECTION('',(0.E0,0.E0,-1.E0));
#1858=VECTOR('',#1857,7.4E0);
#1859=CARTESIAN_POINT('',(-3.9E0,5.235E0,1.025E1));
#1860=LINE('',#1859,#1858);
#1861=DIRECTION('',(0.E0,-1.E0,0.E0));
#1862=VECTOR('',#1861,2.6E-1);
#1863=CARTESIAN_POINT('',(-3.9E0,5.235E0,1.025E1));
#1864=LINE('',#1863,#1862);
#1865=DIRECTION('',(0.E0,-9.063077870366E-1,-4.226182617407E-1));
#1866=VECTOR('',#1865,1.943389603469E0);
#1867=CARTESIAN_POINT('',(-3.9E0,4.975E0,1.025E1));
#1868=LINE('',#1867,#1866);
#1869=CARTESIAN_POINT('',(-3.9E0,3.425E0,8.975534170379E0));
#1870=DIRECTION('',(1.E0,0.E0,0.E0));
#1871=DIRECTION('',(0.E0,-4.226182617407E-1,9.063077870366E-1));
#1872=AXIS2_PLACEMENT_3D('',#1869,#1870,#1871);
#1874=DIRECTION('',(0.E0,0.E0,-1.E0));
#1875=VECTOR('',#1874,7.455341703785E-1);
#1876=CARTESIAN_POINT('',(-3.9E0,2.925E0,8.975534170379E0));
#1877=LINE('',#1876,#1875);
#1878=CARTESIAN_POINT('',(-3.9E0,2.795E0,8.23E0));
#1879=DIRECTION('',(-1.E0,0.E0,0.E0));
#1880=DIRECTION('',(0.E0,1.E0,0.E0));
#1881=AXIS2_PLACEMENT_3D('',#1878,#1879,#1880);
#1883=DIRECTION('',(0.E0,-1.E0,0.E0));
#1884=VECTOR('',#1883,1.2E-1);
#1885=CARTESIAN_POINT('',(-3.9E0,2.795E0,8.1E0));
#1886=LINE('',#1885,#1884);
#1887=DIRECTION('',(0.E0,1.E0,0.E0));
#1888=VECTOR('',#1887,2.56E0);
#1889=CARTESIAN_POINT('',(-3.9E0,2.675E0,2.85E0));
#1890=LINE('',#1889,#1888);
#1891=CARTESIAN_POINT('',(-2.95E0,3.425E0,8.975534170379E0));
#1892=DIRECTION('',(1.E0,0.E0,0.E0));
#1893=DIRECTION('',(0.E0,-4.226182617407E-1,9.063077870366E-1));
#1894=AXIS2_PLACEMENT_3D('',#1891,#1892,#1893);
#1896=DIRECTION('',(1.E0,0.E0,0.E0));
#1897=VECTOR('',#1896,9.5E-1);
#1898=CARTESIAN_POINT('',(-3.9E0,3.213690869130E0,9.428688063897E0));
#1899=LINE('',#1898,#1897);
#1900=CARTESIAN_POINT('',(2.95E0,3.425E0,8.975534170379E0));
#1901=DIRECTION('',(1.E0,0.E0,0.E0));
#1902=DIRECTION('',(0.E0,-4.226182617407E-1,9.063077870366E-1));
#1903=AXIS2_PLACEMENT_3D('',#1900,#1901,#1902);
#1905=DIRECTION('',(1.E0,0.E0,0.E0));
#1906=VECTOR('',#1905,9.5E-1);
#1907=CARTESIAN_POINT('',(2.95E0,3.213690869130E0,9.428688063897E0));
#1908=LINE('',#1907,#1906);
#1909=DIRECTION('',(0.E0,0.E0,-1.E0));
#1910=VECTOR('',#1909,7.455341703785E-1);
#1911=CARTESIAN_POINT('',(-2.95E0,2.925E0,8.975534170379E0));
#1912=LINE('',#1911,#1910);
#1913=DIRECTION('',(1.E0,0.E0,0.E0));
#1914=VECTOR('',#1913,9.5E-1);
#1915=CARTESIAN_POINT('',(-3.9E0,2.925E0,8.975534170379E0));
#1916=LINE('',#1915,#1914);
#1917=DIRECTION('',(0.E0,0.E0,-1.E0));
#1918=VECTOR('',#1917,7.455341703785E-1);
#1919=CARTESIAN_POINT('',(2.95E0,2.925E0,8.975534170379E0));
#1920=LINE('',#1919,#1918);
#1921=DIRECTION('',(1.E0,0.E0,0.E0));
#1922=VECTOR('',#1921,9.5E-1);
#1923=CARTESIAN_POINT('',(2.95E0,2.925E0,8.975534170379E0));
#1924=LINE('',#1923,#1922);
#1925=CARTESIAN_POINT('',(-2.95E0,2.795E0,8.23E0));
#1926=DIRECTION('',(1.E0,0.E0,0.E0));
#1927=DIRECTION('',(0.E0,0.E0,-1.E0));
#1928=AXIS2_PLACEMENT_3D('',#1925,#1926,#1927);
#1930=DIRECTION('',(1.E0,0.E0,0.E0));
#1931=VECTOR('',#1930,9.5E-1);
#1932=CARTESIAN_POINT('',(-3.9E0,2.925E0,8.23E0));
#1933=LINE('',#1932,#1931);
#1934=CARTESIAN_POINT('',(2.95E0,2.795E0,8.23E0));
#1935=DIRECTION('',(1.E0,0.E0,0.E0));
#1936=DIRECTION('',(0.E0,0.E0,-1.E0));
#1937=AXIS2_PLACEMENT_3D('',#1934,#1935,#1936);
#1939=DIRECTION('',(1.E0,0.E0,0.E0));
#1940=VECTOR('',#1939,9.5E-1);
#1941=CARTESIAN_POINT('',(2.95E0,2.925E0,8.23E0));
#1942=LINE('',#1941,#1940);
#1943=DIRECTION('',(0.E0,0.E0,1.E0));
#1944=VECTOR('',#1943,5.24E0);
#1945=CARTESIAN_POINT('',(-5.75E0,2.575E0,2.86E0));
#1946=LINE('',#1945,#1944);
#1947=DIRECTION('',(-1.E0,0.E0,0.E0));
#1948=VECTOR('',#1947,1.E0);
#1949=CARTESIAN_POINT('',(-4.75E0,2.575E0,2.86E0));
#1950=LINE('',#1949,#1948);
#1951=DIRECTION('',(0.E0,0.E0,-1.E0));
#1952=VECTOR('',#1951,5.24E0);
#1953=CARTESIAN_POINT('',(-4.75E0,2.575E0,8.1E0));
#1954=LINE('',#1953,#1952);
#1955=DIRECTION('',(0.E0,-1.E0,0.E0));
#1956=VECTOR('',#1955,1.E-1);
#1957=CARTESIAN_POINT('',(-5.75E0,2.675E0,2.86E0));
#1958=LINE('',#1957,#1956);
#1959=DIRECTION('',(0.E0,-1.E0,0.E0));
#1960=VECTOR('',#1959,1.E-1);
#1961=CARTESIAN_POINT('',(-4.75E0,2.675E0,2.86E0));
#1962=LINE('',#1961,#1960);
#1963=DIRECTION('',(8.726203243944E-3,-8.726203243944E-3,-9.999238504776E-1));
#1964=VECTOR('',#1963,4.200319852351E0);
#1965=CARTESIAN_POINT('',(1.933471552788E-1,1.801652844721E0,4.2E0));
#1966=LINE('',#1965,#1964);
#1967=CARTESIAN_POINT('',(2.95E0,1.803398218279E0,4.4E0));
#1968=CARTESIAN_POINT('',(2.95E0,1.802816438170E0,4.333334602565E0));
#1969=CARTESIAN_POINT('',(2.899510321725E0,1.802093477920E0,4.250491563476E0));
#1970=CARTESIAN_POINT('',(2.816667935946E0,1.801652844721E0,4.2E0));
#1971=CARTESIAN_POINT('',(2.75E0,1.801652844721E0,4.2E0));
#1973=DIRECTION('',(-8.726203243944E-3,-8.726203243944E-3,-9.999238504776E-1));
#1974=VECTOR('',#1973,8.100616858105E0);
#1975=CARTESIAN_POINT('',(3.340687629105E0,1.835687629105E0,8.1E0));
#1976=LINE('',#1975,#1974);
#1977=DIRECTION('',(-8.726203243944E-3,8.726203243944E-3,-9.999238504776E-1));
#1978=VECTOR('',#1977,8.100616858105E0);
#1979=CARTESIAN_POINT('',(3.340687629105E0,-1.345687629105E0,8.1E0));
#1980=LINE('',#1979,#1978);
#1981=DIRECTION('',(8.726203243944E-3,8.726203243944E-3,-9.999238504776E-1));
#1982=VECTOR('',#1981,8.100616858105E0);
#1983=CARTESIAN_POINT('',(1.593123708949E-1,-1.345687629105E0,8.1E0));
#1984=LINE('',#1983,#1982);
#1985=DIRECTION('',(8.726535498374E-3,0.E0,-9.999619230642E-1));
#1986=VECTOR('',#1985,3.900148505704E0);
#1987=CARTESIAN_POINT('',(1.593123708949E-1,1.729396857184E0,8.1E0));
#1988=LINE('',#1987,#1986);
#1989=DIRECTION('',(-8.726535498374E-3,0.E0,-9.999619230642E-1));
#1990=VECTOR('',#1989,3.900148505704E0);
#1991=CARTESIAN_POINT('',(-1.593123708949E-1,1.729396857184E0,8.1E0));
#1992=LINE('',#1991,#1990);
#1993=DIRECTION('',(-8.726203243944E-3,-8.726203243944E-3,-9.999238504776E-1));
#1994=VECTOR('',#1993,4.200319852351E0);
#1995=CARTESIAN_POINT('',(-1.933471552788E-1,1.801652844721E0,4.2E0));
#1996=LINE('',#1995,#1994);
#1997=DIRECTION('',(-8.726203243944E-3,8.726203243944E-3,-9.999238504776E-1));
#1998=VECTOR('',#1997,8.100616858105E0);
#1999=CARTESIAN_POINT('',(-1.593123708949E-1,-1.345687629105E0,8.1E0));
#2000=LINE('',#1999,#1998);
#2001=DIRECTION('',(0.E0,1.E0,0.E0));
#2002=VECTOR('',#2001,3.04E0);
#2003=CARTESIAN_POINT('',(2.3E-1,-1.275E0,0.E0));
#2004=LINE('',#2003,#2002);
#2005=DIRECTION('',(1.E0,0.E0,0.E0));
#2006=VECTOR('',#2005,3.04E0);
#2007=CARTESIAN_POINT('',(2.3E-1,1.765E0,0.E0));
#2008=LINE('',#2007,#2006);
#2009=DIRECTION('',(0.E0,-1.E0,0.E0));
#2010=VECTOR('',#2009,3.04E0);
#2011=CARTESIAN_POINT('',(3.27E0,1.765E0,0.E0));
#2012=LINE('',#2011,#2010);
#2013=DIRECTION('',(-1.E0,0.E0,0.E0));
#2014=VECTOR('',#2013,3.04E0);
#2015=CARTESIAN_POINT('',(3.27E0,-1.275E0,0.E0));
#2016=LINE('',#2015,#2014);
#2017=DIRECTION('',(0.E0,1.E0,0.E0));
#2018=VECTOR('',#2017,6.35E-1);
#2019=CARTESIAN_POINT('',(1.4325E0,-7.25E-2,0.E0));
#2020=LINE('',#2019,#2018);
#2021=DIRECTION('',(1.E0,0.E0,0.E0));
#2022=VECTOR('',#2021,6.35E-1);
#2023=CARTESIAN_POINT('',(1.4325E0,-7.25E-2,0.E0));
#2024=LINE('',#2023,#2022);
#2025=DIRECTION('',(0.E0,1.E0,0.E0));
#2026=VECTOR('',#2025,6.35E-1);
#2027=CARTESIAN_POINT('',(2.0675E0,-7.25E-2,0.E0));
#2028=LINE('',#2027,#2026);
#2029=DIRECTION('',(1.E0,0.E0,0.E0));
#2030=VECTOR('',#2029,6.35E-1);
#2031=CARTESIAN_POINT('',(1.4325E0,5.625E-1,0.E0));
#2032=LINE('',#2031,#2030);
#2033=DIRECTION('',(0.E0,1.E0,0.E0));
#2034=VECTOR('',#2033,6.35E-1);
#2035=CARTESIAN_POINT('',(1.4325E0,-7.25E-2,5.6E0));
#2036=LINE('',#2035,#2034);
#2037=DIRECTION('',(0.E0,0.E0,-1.E0));
#2038=VECTOR('',#2037,5.6E0);
#2039=CARTESIAN_POINT('',(1.4325E0,-7.25E-2,5.6E0));
#2040=LINE('',#2039,#2038);
#2041=DIRECTION('',(0.E0,0.E0,1.E0));
#2042=VECTOR('',#2041,5.6E0);
#2043=CARTESIAN_POINT('',(1.4325E0,5.625E-1,0.E0));
#2044=LINE('',#2043,#2042);
#2045=DIRECTION('',(0.E0,0.E0,1.E0));
#2046=VECTOR('',#2045,6.35E-1);
#2047=CARTESIAN_POINT('',(1.4325E0,-5.375E0,-5.3775E0));
#2048=LINE('',#2047,#2046);
#2049=DIRECTION('',(0.E0,1.E0,0.E0));
#2050=VECTOR('',#2049,4.8025E0);
#2051=CARTESIAN_POINT('',(1.4325E0,-5.375E0,-5.3775E0));
#2052=LINE('',#2051,#2050);
#2053=CARTESIAN_POINT('',(1.4325E0,-5.725E-1,-4.2425E0));
#2054=DIRECTION('',(1.E0,0.E0,0.E0));
#2055=DIRECTION('',(0.E0,0.E0,-1.E0));
#2056=AXIS2_PLACEMENT_3D('',#2053,#2054,#2055);
#2058=DIRECTION('',(0.E0,0.E0,1.E0));
#2059=VECTOR('',#2058,1.1425E0);
#2060=CARTESIAN_POINT('',(1.4325E0,5.625E-1,-4.2425E0));
#2061=LINE('',#2060,#2059);
#2062=DIRECTION('',(0.E0,0.E0,-1.E0));
#2063=VECTOR('',#2062,1.1425E0);
#2064=CARTESIAN_POINT('',(1.4325E0,-7.25E-2,-3.1E0));
#2065=LINE('',#2064,#2063);
#2066=CARTESIAN_POINT('',(1.4325E0,-5.725E-1,-4.2425E0));
#2067=DIRECTION('',(-1.E0,0.E0,0.E0));
#2068=DIRECTION('',(0.E0,1.E0,0.E0));
#2069=AXIS2_PLACEMENT_3D('',#2066,#2067,#2068);
#2071=DIRECTION('',(0.E0,-1.E0,0.E0));
#2072=VECTOR('',#2071,4.8025E0);
#2073=CARTESIAN_POINT('',(1.4325E0,-5.725E-1,-4.7425E0));
#2074=LINE('',#2073,#2072);
#2075=DIRECTION('',(-1.E0,0.E0,0.E0));
#2076=VECTOR('',#2075,2.35E-1);
#2077=CARTESIAN_POINT('',(1.8675E0,3.625E-1,6.4E0));
#2078=LINE('',#2077,#2076);
#2079=DIRECTION('',(0.E0,-1.E0,0.E0));
#2080=VECTOR('',#2079,2.35E-1);
#2081=CARTESIAN_POINT('',(1.8675E0,3.625E-1,6.4E0));
#2082=LINE('',#2081,#2080);
#2083=DIRECTION('',(-1.E0,0.E0,0.E0));
#2084=VECTOR('',#2083,2.35E-1);
#2085=CARTESIAN_POINT('',(1.8675E0,1.275E-1,6.4E0));
#2086=LINE('',#2085,#2084);
#2087=DIRECTION('',(0.E0,1.E0,0.E0));
#2088=VECTOR('',#2087,2.35E-1);
#2089=CARTESIAN_POINT('',(1.6325E0,1.275E-1,6.4E0));
#2090=LINE('',#2089,#2088);
#2091=DIRECTION('',(2.357022603955E-1,-2.357022603955E-1,9.428090415821E-1));
#2092=VECTOR('',#2091,8.485281374239E-1);
#2093=CARTESIAN_POINT('',(1.4325E0,5.625E-1,5.6E0));
#2094=LINE('',#2093,#2092);
#2095=DIRECTION('',(2.357022603955E-1,2.357022603955E-1,-9.428090415821E-1));
#2096=VECTOR('',#2095,8.485281374239E-1);
#2097=CARTESIAN_POINT('',(1.8675E0,3.625E-1,6.4E0));
#2098=LINE('',#2097,#2096);
#2099=DIRECTION('',(1.E0,0.E0,0.E0));
#2100=VECTOR('',#2099,6.35E-1);
#2101=CARTESIAN_POINT('',(1.4325E0,5.625E-1,-4.2425E0));
#2102=LINE('',#2101,#2100);
#2103=DIRECTION('',(-1.E0,0.E0,0.E0));
#2104=VECTOR('',#2103,6.35E-1);
#2105=CARTESIAN_POINT('',(2.0675E0,5.625E-1,5.6E0));
#2106=LINE('',#2105,#2104);
#2107=DIRECTION('',(1.E0,0.E0,0.E0));
#2108=VECTOR('',#2107,6.35E-1);
#2109=CARTESIAN_POINT('',(1.4325E0,-5.725E-1,-5.3775E0));
#2110=LINE('',#2109,#2108);
#2111=DIRECTION('',(-1.E0,0.E0,0.E0));
#2112=VECTOR('',#2111,6.35E-1);
#2113=CARTESIAN_POINT('',(2.0675E0,-5.375E0,-5.3775E0));
#2114=LINE('',#2113,#2112);
#2115=DIRECTION('',(-2.357022603955E-1,9.428090415821E-1,-2.357022603955E-1));
#2116=VECTOR('',#2115,8.485281374239E-1);
#2117=CARTESIAN_POINT('',(1.6325E0,-6.175E0,-5.1775E0));
#2118=LINE('',#2117,#2116);
#2119=DIRECTION('',(-2.357022603955E-1,-9.428090415821E-1,2.357022603955E-1));
#2120=VECTOR('',#2119,8.485281374239E-1);
#2121=CARTESIAN_POINT('',(2.0675E0,-5.375E0,-5.3775E0));
#2122=LINE('',#2121,#2120);
#2123=DIRECTION('',(-2.357022603955E-1,9.428090415821E-1,2.357022603955E-1));
#2124=VECTOR('',#2123,8.485281374239E-1);
#2125=CARTESIAN_POINT('',(1.6325E0,-6.175E0,-4.9425E0));
#2126=LINE('',#2125,#2124);
#2127=DIRECTION('',(2.357022603955E-1,9.428090415821E-1,2.357022603955E-1));
#2128=VECTOR('',#2127,8.485281374239E-1);
#2129=CARTESIAN_POINT('',(1.8675E0,-6.175E0,-4.9425E0));
#2130=LINE('',#2129,#2128);
#2131=DIRECTION('',(-1.E0,0.E0,0.E0));
#2132=VECTOR('',#2131,6.35E-1);
#2133=CARTESIAN_POINT('',(2.0675E0,-5.375E0,-4.7425E0));
#2134=LINE('',#2133,#2132);
#2135=DIRECTION('',(1.E0,0.E0,0.E0));
#2136=VECTOR('',#2135,6.35E-1);
#2137=CARTESIAN_POINT('',(1.4325E0,-5.725E-1,-4.7425E0));
#2138=LINE('',#2137,#2136);
#2139=DIRECTION('',(1.E0,0.E0,0.E0));
#2140=VECTOR('',#2139,6.35E-1);
#2141=CARTESIAN_POINT('',(1.4325E0,-7.25E-2,-4.2425E0));
#2142=LINE('',#2141,#2140);
#2143=DIRECTION('',(-1.E0,0.E0,0.E0));
#2144=VECTOR('',#2143,6.35E-1);
#2145=CARTESIAN_POINT('',(2.0675E0,-7.25E-2,5.6E0));
#2146=LINE('',#2145,#2144);
#2147=DIRECTION('',(0.E0,-1.E0,0.E0));
#2148=VECTOR('',#2147,6.35E-1);
#2149=CARTESIAN_POINT('',(2.0675E0,5.625E-1,5.6E0));
#2150=LINE('',#2149,#2148);
#2151=DIRECTION('',(0.E0,0.E0,1.E0));
#2152=VECTOR('',#2151,5.6E0);
#2153=CARTESIAN_POINT('',(2.0675E0,5.625E-1,0.E0));
#2154=LINE('',#2153,#2152);
#2155=DIRECTION('',(0.E0,0.E0,-1.E0));
#2156=VECTOR('',#2155,5.6E0);
#2157=CARTESIAN_POINT('',(2.0675E0,-7.25E-2,5.6E0));
#2158=LINE('',#2157,#2156);
#2159=DIRECTION('',(0.E0,0.E0,-1.E0));
#2160=VECTOR('',#2159,6.35E-1);
#2161=CARTESIAN_POINT('',(2.0675E0,-5.375E0,-4.7425E0));
#2162=LINE('',#2161,#2160);
#2163=DIRECTION('',(0.E0,-1.E0,0.E0));
#2164=VECTOR('',#2163,4.8025E0);
#2165=CARTESIAN_POINT('',(2.0675E0,-5.725E-1,-4.7425E0));
#2166=LINE('',#2165,#2164);
#2167=CARTESIAN_POINT('',(2.0675E0,-5.725E-1,-4.2425E0));
#2168=DIRECTION('',(-1.E0,0.E0,0.E0));
#2169=DIRECTION('',(0.E0,1.E0,0.E0));
#2170=AXIS2_PLACEMENT_3D('',#2167,#2168,#2169);
#2172=DIRECTION('',(0.E0,0.E0,-1.E0));
#2173=VECTOR('',#2172,1.1425E0);
#2174=CARTESIAN_POINT('',(2.0675E0,-7.25E-2,-3.1E0));
#2175=LINE('',#2174,#2173);
#2176=DIRECTION('',(0.E0,0.E0,1.E0));
#2177=VECTOR('',#2176,1.1425E0);
#2178=CARTESIAN_POINT('',(2.0675E0,5.625E-1,-4.2425E0));
#2179=LINE('',#2178,#2177);
#2180=CARTESIAN_POINT('',(2.0675E0,-5.725E-1,-4.2425E0));
#2181=DIRECTION('',(1.E0,0.E0,0.E0));
#2182=DIRECTION('',(0.E0,0.E0,-1.E0));
#2183=AXIS2_PLACEMENT_3D('',#2180,#2181,#2182);
#2185=DIRECTION('',(0.E0,1.E0,0.E0));
#2186=VECTOR('',#2185,4.8025E0);
#2187=CARTESIAN_POINT('',(2.0675E0,-5.375E0,-5.3775E0));
#2188=LINE('',#2187,#2186);
#2189=DIRECTION('',(-2.357022603955E-1,-2.357022603955E-1,-9.428090415821E-1));
#2190=VECTOR('',#2189,8.485281374239E-1);
#2191=CARTESIAN_POINT('',(1.6325E0,1.275E-1,6.4E0));
#2192=LINE('',#2191,#2190);
#2193=DIRECTION('',(-2.357022603955E-1,2.357022603955E-1,9.428090415821E-1));
#2194=VECTOR('',#2193,8.485281374239E-1);
#2195=CARTESIAN_POINT('',(2.0675E0,-7.25E-2,5.6E0));
#2196=LINE('',#2195,#2194);
#2197=DIRECTION('',(-1.E0,0.E0,0.E0));
#2198=VECTOR('',#2197,2.35E-1);
#2199=CARTESIAN_POINT('',(1.8675E0,-6.175E0,-5.1775E0));
#2200=LINE('',#2199,#2198);
#2201=DIRECTION('',(0.E0,0.E0,1.E0));
#2202=VECTOR('',#2201,2.35E-1);
#2203=CARTESIAN_POINT('',(1.6325E0,-6.175E0,-5.1775E0));
#2204=LINE('',#2203,#2202);
#2205=DIRECTION('',(-1.E0,0.E0,0.E0));
#2206=VECTOR('',#2205,2.35E-1);
#2207=CARTESIAN_POINT('',(1.8675E0,-6.175E0,-4.9425E0));
#2208=LINE('',#2207,#2206);
#2209=DIRECTION('',(0.E0,0.E0,-1.E0));
#2210=VECTOR('',#2209,2.35E-1);
#2211=CARTESIAN_POINT('',(1.8675E0,-6.175E0,-4.9425E0));
#2212=LINE('',#2211,#2210);
#2213=DIRECTION('',(-1.E0,0.E0,0.E0));
#2214=VECTOR('',#2213,2.35E-1);
#2215=CARTESIAN_POINT('',(-1.6325E0,-6.175E0,-5.1775E0));
#2216=LINE('',#2215,#2214);
#2217=DIRECTION('',(0.E0,0.E0,1.E0));
#2218=VECTOR('',#2217,2.35E-1);
#2219=CARTESIAN_POINT('',(-1.8675E0,-6.175E0,-5.1775E0));
#2220=LINE('',#2219,#2218);
#2221=DIRECTION('',(-1.E0,0.E0,0.E0));
#2222=VECTOR('',#2221,2.35E-1);
#2223=CARTESIAN_POINT('',(-1.6325E0,-6.175E0,-4.9425E0));
#2224=LINE('',#2223,#2222);
#2225=DIRECTION('',(0.E0,0.E0,-1.E0));
#2226=VECTOR('',#2225,2.35E-1);
#2227=CARTESIAN_POINT('',(-1.6325E0,-6.175E0,-4.9425E0));
#2228=LINE('',#2227,#2226);
#2229=DIRECTION('',(0.E0,1.E0,0.E0));
#2230=VECTOR('',#2229,6.35E-1);
#2231=CARTESIAN_POINT('',(4.9325E0,-7.25E-2,5.6E0));
#2232=LINE('',#2231,#2230);
#2233=DIRECTION('',(0.E0,0.E0,-1.E0));
#2234=VECTOR('',#2233,5.6E0);
#2235=CARTESIAN_POINT('',(4.9325E0,-7.25E-2,5.6E0));
#2236=LINE('',#2235,#2234);
#2237=DIRECTION('',(0.E0,0.E0,1.E0));
#2238=VECTOR('',#2237,5.6E0);
#2239=CARTESIAN_POINT('',(4.9325E0,5.625E-1,0.E0));
#2240=LINE('',#2239,#2238);
#2241=DIRECTION('',(0.E0,0.E0,1.E0));
#2242=VECTOR('',#2241,6.35E-1);
#2243=CARTESIAN_POINT('',(4.9325E0,-5.375E0,-5.3775E0));
#2244=LINE('',#2243,#2242);
#2245=DIRECTION('',(0.E0,1.E0,0.E0));
#2246=VECTOR('',#2245,4.8025E0);
#2247=CARTESIAN_POINT('',(4.9325E0,-5.375E0,-5.3775E0));
#2248=LINE('',#2247,#2246);
#2249=CARTESIAN_POINT('',(4.9325E0,-5.725E-1,-4.2425E0));
#2250=DIRECTION('',(1.E0,0.E0,0.E0));
#2251=DIRECTION('',(0.E0,0.E0,-1.E0));
#2252=AXIS2_PLACEMENT_3D('',#2249,#2250,#2251);
#2254=DIRECTION('',(0.E0,0.E0,1.E0));
#2255=VECTOR('',#2254,1.1425E0);
#2256=CARTESIAN_POINT('',(4.9325E0,5.625E-1,-4.2425E0));
#2257=LINE('',#2256,#2255);
#2258=DIRECTION('',(0.E0,0.E0,-1.E0));
#2259=VECTOR('',#2258,1.1425E0);
#2260=CARTESIAN_POINT('',(4.9325E0,-7.25E-2,-3.1E0));
#2261=LINE('',#2260,#2259);
#2262=CARTESIAN_POINT('',(4.9325E0,-5.725E-1,-4.2425E0));
#2263=DIRECTION('',(-1.E0,0.E0,0.E0));
#2264=DIRECTION('',(0.E0,1.E0,0.E0));
#2265=AXIS2_PLACEMENT_3D('',#2262,#2263,#2264);
#2267=DIRECTION('',(0.E0,-1.E0,0.E0));
#2268=VECTOR('',#2267,4.8025E0);
#2269=CARTESIAN_POINT('',(4.9325E0,-5.725E-1,-4.7425E0));
#2270=LINE('',#2269,#2268);
#2271=DIRECTION('',(-1.E0,0.E0,0.E0));
#2272=VECTOR('',#2271,2.35E-1);
#2273=CARTESIAN_POINT('',(5.3675E0,3.625E-1,6.4E0));
#2274=LINE('',#2273,#2272);
#2275=DIRECTION('',(0.E0,-1.E0,0.E0));
#2276=VECTOR('',#2275,2.35E-1);
#2277=CARTESIAN_POINT('',(5.3675E0,3.625E-1,6.4E0));
#2278=LINE('',#2277,#2276);
#2279=DIRECTION('',(-1.E0,0.E0,0.E0));
#2280=VECTOR('',#2279,2.35E-1);
#2281=CARTESIAN_POINT('',(5.3675E0,1.275E-1,6.4E0));
#2282=LINE('',#2281,#2280);
#2283=DIRECTION('',(0.E0,1.E0,0.E0));
#2284=VECTOR('',#2283,2.35E-1);
#2285=CARTESIAN_POINT('',(5.1325E0,1.275E-1,6.4E0));
#2286=LINE('',#2285,#2284);
#2287=DIRECTION('',(2.357022603955E-1,-2.357022603955E-1,9.428090415821E-1));
#2288=VECTOR('',#2287,8.485281374239E-1);
#2289=CARTESIAN_POINT('',(4.9325E0,5.625E-1,5.6E0));
#2290=LINE('',#2289,#2288);
#2291=DIRECTION('',(2.357022603955E-1,2.357022603955E-1,-9.428090415821E-1));
#2292=VECTOR('',#2291,8.485281374239E-1);
#2293=CARTESIAN_POINT('',(5.3675E0,3.625E-1,6.4E0));
#2294=LINE('',#2293,#2292);
#2295=DIRECTION('',(1.E0,0.E0,0.E0));
#2296=VECTOR('',#2295,6.35E-1);
#2297=CARTESIAN_POINT('',(4.9325E0,5.625E-1,-4.2425E0));
#2298=LINE('',#2297,#2296);
#2299=DIRECTION('',(-1.E0,0.E0,0.E0));
#2300=VECTOR('',#2299,6.35E-1);
#2301=CARTESIAN_POINT('',(5.5675E0,5.625E-1,5.6E0));
#2302=LINE('',#2301,#2300);
#2303=DIRECTION('',(1.E0,0.E0,0.E0));
#2304=VECTOR('',#2303,6.35E-1);
#2305=CARTESIAN_POINT('',(4.9325E0,-5.725E-1,-5.3775E0));
#2306=LINE('',#2305,#2304);
#2307=DIRECTION('',(-1.E0,0.E0,0.E0));
#2308=VECTOR('',#2307,6.35E-1);
#2309=CARTESIAN_POINT('',(5.5675E0,-5.375E0,-5.3775E0));
#2310=LINE('',#2309,#2308);
#2311=DIRECTION('',(-2.357022603955E-1,9.428090415821E-1,-2.357022603955E-1));
#2312=VECTOR('',#2311,8.485281374239E-1);
#2313=CARTESIAN_POINT('',(5.1325E0,-6.175E0,-5.1775E0));
#2314=LINE('',#2313,#2312);
#2315=DIRECTION('',(-2.357022603955E-1,-9.428090415821E-1,2.357022603955E-1));
#2316=VECTOR('',#2315,8.485281374239E-1);
#2317=CARTESIAN_POINT('',(5.5675E0,-5.375E0,-5.3775E0));
#2318=LINE('',#2317,#2316);
#2319=DIRECTION('',(-2.357022603955E-1,9.428090415821E-1,2.357022603955E-1));
#2320=VECTOR('',#2319,8.485281374239E-1);
#2321=CARTESIAN_POINT('',(5.1325E0,-6.175E0,-4.9425E0));
#2322=LINE('',#2321,#2320);
#2323=DIRECTION('',(2.357022603955E-1,9.428090415821E-1,2.357022603955E-1));
#2324=VECTOR('',#2323,8.485281374239E-1);
#2325=CARTESIAN_POINT('',(5.3675E0,-6.175E0,-4.9425E0));
#2326=LINE('',#2325,#2324);
#2327=DIRECTION('',(-1.E0,0.E0,0.E0));
#2328=VECTOR('',#2327,6.35E-1);
#2329=CARTESIAN_POINT('',(5.5675E0,-5.375E0,-4.7425E0));
#2330=LINE('',#2329,#2328);
#2331=DIRECTION('',(1.E0,0.E0,0.E0));
#2332=VECTOR('',#2331,6.35E-1);
#2333=CARTESIAN_POINT('',(4.9325E0,-5.725E-1,-4.7425E0));
#2334=LINE('',#2333,#2332);
#2335=DIRECTION('',(1.E0,0.E0,0.E0));
#2336=VECTOR('',#2335,6.35E-1);
#2337=CARTESIAN_POINT('',(4.9325E0,-7.25E-2,-4.2425E0));
#2338=LINE('',#2337,#2336);
#2339=DIRECTION('',(-1.E0,0.E0,0.E0));
#2340=VECTOR('',#2339,6.35E-1);
#2341=CARTESIAN_POINT('',(5.5675E0,-7.25E-2,5.6E0));
#2342=LINE('',#2341,#2340);
#2343=DIRECTION('',(0.E0,-1.E0,0.E0));
#2344=VECTOR('',#2343,6.35E-1);
#2345=CARTESIAN_POINT('',(5.5675E0,5.625E-1,5.6E0));
#2346=LINE('',#2345,#2344);
#2347=DIRECTION('',(0.E0,0.E0,1.E0));
#2348=VECTOR('',#2347,5.6E0);
#2349=CARTESIAN_POINT('',(5.5675E0,5.625E-1,0.E0));
#2350=LINE('',#2349,#2348);
#2351=DIRECTION('',(0.E0,0.E0,-1.E0));
#2352=VECTOR('',#2351,5.6E0);
#2353=CARTESIAN_POINT('',(5.5675E0,-7.25E-2,5.6E0));
#2354=LINE('',#2353,#2352);
#2355=DIRECTION('',(0.E0,0.E0,-1.E0));
#2356=VECTOR('',#2355,6.35E-1);
#2357=CARTESIAN_POINT('',(5.5675E0,-5.375E0,-4.7425E0));
#2358=LINE('',#2357,#2356);
#2359=DIRECTION('',(0.E0,-1.E0,0.E0));
#2360=VECTOR('',#2359,4.8025E0);
#2361=CARTESIAN_POINT('',(5.5675E0,-5.725E-1,-4.7425E0));
#2362=LINE('',#2361,#2360);
#2363=CARTESIAN_POINT('',(5.5675E0,-5.725E-1,-4.2425E0));
#2364=DIRECTION('',(-1.E0,0.E0,0.E0));
#2365=DIRECTION('',(0.E0,1.E0,0.E0));
#2366=AXIS2_PLACEMENT_3D('',#2363,#2364,#2365);
#2368=DIRECTION('',(0.E0,0.E0,-1.E0));
#2369=VECTOR('',#2368,1.1425E0);
#2370=CARTESIAN_POINT('',(5.5675E0,-7.25E-2,-3.1E0));
#2371=LINE('',#2370,#2369);
#2372=DIRECTION('',(0.E0,0.E0,1.E0));
#2373=VECTOR('',#2372,1.1425E0);
#2374=CARTESIAN_POINT('',(5.5675E0,5.625E-1,-4.2425E0));
#2375=LINE('',#2374,#2373);
#2376=CARTESIAN_POINT('',(5.5675E0,-5.725E-1,-4.2425E0));
#2377=DIRECTION('',(1.E0,0.E0,0.E0));
#2378=DIRECTION('',(0.E0,0.E0,-1.E0));
#2379=AXIS2_PLACEMENT_3D('',#2376,#2377,#2378);
#2381=DIRECTION('',(0.E0,1.E0,0.E0));
#2382=VECTOR('',#2381,4.8025E0);
#2383=CARTESIAN_POINT('',(5.5675E0,-5.375E0,-5.3775E0));
#2384=LINE('',#2383,#2382);
#2385=DIRECTION('',(-2.357022603955E-1,-2.357022603955E-1,-9.428090415821E-1));
#2386=VECTOR('',#2385,8.485281374239E-1);
#2387=CARTESIAN_POINT('',(5.1325E0,1.275E-1,6.4E0));
#2388=LINE('',#2387,#2386);
#2389=DIRECTION('',(-2.357022603955E-1,2.357022603955E-1,9.428090415821E-1));
#2390=VECTOR('',#2389,8.485281374239E-1);
#2391=CARTESIAN_POINT('',(5.5675E0,-7.25E-2,5.6E0));
#2392=LINE('',#2391,#2390);
#2393=DIRECTION('',(0.E0,-1.E0,0.E0));
#2394=VECTOR('',#2393,6.6E-1);
#2395=CARTESIAN_POINT('',(5.73E0,-1.275E0,0.E0));
#2396=LINE('',#2395,#2394);
#2397=DIRECTION('',(-1.E0,0.E0,0.E0));
#2398=VECTOR('',#2397,2.E0);
#2399=CARTESIAN_POINT('',(5.73E0,-1.275E0,0.E0));
#2400=LINE('',#2399,#2398);
#2401=DIRECTION('',(0.E0,1.E0,0.E0));
#2402=VECTOR('',#2401,3.04E0);
#2403=CARTESIAN_POINT('',(3.73E0,-1.275E0,0.E0));
#2404=LINE('',#2403,#2402);
#2405=DIRECTION('',(1.E0,0.E0,0.E0));
#2406=VECTOR('',#2405,3.04E0);
#2407=CARTESIAN_POINT('',(3.73E0,1.765E0,0.E0));
#2408=LINE('',#2407,#2406);
#2409=DIRECTION('',(1.E0,0.E0,0.E0));
#2410=VECTOR('',#2409,1.04E0);
#2411=CARTESIAN_POINT('',(5.73E0,-1.935E0,0.E0));
#2412=LINE('',#2411,#2410);
#2413=DIRECTION('',(0.E0,1.E0,0.E0));
#2414=VECTOR('',#2413,6.35E-1);
#2415=CARTESIAN_POINT('',(4.9325E0,-7.25E-2,0.E0));
#2416=LINE('',#2415,#2414);
#2417=DIRECTION('',(1.E0,0.E0,0.E0));
#2418=VECTOR('',#2417,6.35E-1);
#2419=CARTESIAN_POINT('',(4.9325E0,-7.25E-2,0.E0));
#2420=LINE('',#2419,#2418);
#2421=DIRECTION('',(0.E0,1.E0,0.E0));
#2422=VECTOR('',#2421,6.35E-1);
#2423=CARTESIAN_POINT('',(5.5675E0,-7.25E-2,0.E0));
#2424=LINE('',#2423,#2422);
#2425=DIRECTION('',(1.E0,0.E0,0.E0));
#2426=VECTOR('',#2425,6.35E-1);
#2427=CARTESIAN_POINT('',(4.9325E0,5.625E-1,0.E0));
#2428=LINE('',#2427,#2426);
#2429=DIRECTION('',(8.726203243944E-3,8.726203243944E-3,-9.999238504776E-1));
#2430=VECTOR('',#2429,8.100616858105E0);
#2431=CARTESIAN_POINT('',(5.659312370895E0,-2.005687629105E0,8.1E0));
#2432=LINE('',#2431,#2430);
#2433=DIRECTION('',(8.726203243944E-3,-8.726203243944E-3,9.999238504776E-1));
#2434=VECTOR('',#2433,8.100616858105E0);
#2435=CARTESIAN_POINT('',(6.77E0,-1.935E0,0.E0));
#2436=LINE('',#2435,#2434);
#2437=DIRECTION('',(0.E0,1.E0,0.E0));
#2438=VECTOR('',#2437,3.7E0);
#2439=CARTESIAN_POINT('',(6.77E0,-1.935E0,0.E0));
#2440=LINE('',#2439,#2438);
#2441=DIRECTION('',(-8.726203243944E-3,-8.726203243944E-3,-9.999238504776E-1));
#2442=VECTOR('',#2441,8.100616858105E0);
#2443=CARTESIAN_POINT('',(6.840687629105E0,1.835687629105E0,8.1E0));
#2444=LINE('',#2443,#2442);
#2445=DIRECTION('',(0.E0,-1.E0,0.E0));
#2446=VECTOR('',#2445,3.841375258210E0);
#2447=CARTESIAN_POINT('',(6.840687629105E0,1.835687629105E0,8.1E0));
#2448=LINE('',#2447,#2446);
#2449=DIRECTION('',(8.726203243944E-3,-8.726203243944E-3,-9.999238504776E-1));
#2450=VECTOR('',#2449,8.100616858105E0);
#2451=CARTESIAN_POINT('',(3.659312370895E0,1.835687629105E0,8.1E0));
#2452=LINE('',#2451,#2450);
#2453=DIRECTION('',(8.726203243944E-3,8.726203243944E-3,-9.999238504776E-1));
#2454=VECTOR('',#2453,8.100616858105E0);
#2455=CARTESIAN_POINT('',(3.659312370895E0,-1.345687629105E0,8.1E0));
#2456=LINE('',#2455,#2454);
#2457=DIRECTION('',(-8.726203243944E-3,-8.726203243944E-3,9.999238504776E-1));
#2458=VECTOR('',#2457,8.100616858105E0);
#2459=CARTESIAN_POINT('',(5.73E0,-1.275E0,0.E0));
#2460=LINE('',#2459,#2458);
#2461=DIRECTION('',(-1.E0,0.E0,0.E0));
#2462=VECTOR('',#2461,2.35E-1);
#2463=CARTESIAN_POINT('',(5.3675E0,-6.175E0,-5.1775E0));
#2464=LINE('',#2463,#2462);
#2465=DIRECTION('',(0.E0,0.E0,1.E0));
#2466=VECTOR('',#2465,2.35E-1);
#2467=CARTESIAN_POINT('',(5.1325E0,-6.175E0,-5.1775E0));
#2468=LINE('',#2467,#2466);
#2469=DIRECTION('',(-1.E0,0.E0,0.E0));
#2470=VECTOR('',#2469,2.35E-1);
#2471=CARTESIAN_POINT('',(5.3675E0,-6.175E0,-4.9425E0));
#2472=LINE('',#2471,#2470);
#2473=DIRECTION('',(0.E0,0.E0,-1.E0));
#2474=VECTOR('',#2473,2.35E-1);
#2475=CARTESIAN_POINT('',(5.3675E0,-6.175E0,-4.9425E0));
#2476=LINE('',#2475,#2474);
#2477=DIRECTION('',(0.E0,0.E0,1.E0));
#2478=VECTOR('',#2477,5.77E0);
#2479=CARTESIAN_POINT('',(8.E0,5.E-1,1.63E0));
#2480=LINE('',#2479,#2478);
#2481=DIRECTION('',(1.E0,0.E0,0.E0));
#2482=VECTOR('',#2481,5.E-1);
#2483=CARTESIAN_POINT('',(7.5E0,5.E-1,7.4E0));
#2484=LINE('',#2483,#2482);
#2485=DIRECTION('',(-1.E0,0.E0,0.E0));
#2486=VECTOR('',#2485,6.5E-1);
#2487=CARTESIAN_POINT('',(8.65E0,5.E-1,1.63E0));
#2488=LINE('',#2487,#2486);
#2489=DIRECTION('',(1.E0,0.E0,0.E0));
#2490=VECTOR('',#2489,5.E-1);
#2491=CARTESIAN_POINT('',(7.5E0,3.3E-1,7.4E0));
#2492=LINE('',#2491,#2490);
#2493=DIRECTION('',(1.E0,0.E0,0.E0));
#2494=VECTOR('',#2493,5.E-1);
#2495=CARTESIAN_POINT('',(7.5E0,3.3E-1,7.85E0));
#2496=LINE('',#2495,#2494);
#2497=DIRECTION('',(1.E0,0.E0,0.E0));
#2498=VECTOR('',#2497,5.E-1);
#2499=CARTESIAN_POINT('',(7.5E0,-3.3E-1,7.85E0));
#2500=LINE('',#2499,#2498);
#2501=DIRECTION('',(1.E0,0.E0,0.E0));
#2502=VECTOR('',#2501,5.E-1);
#2503=CARTESIAN_POINT('',(7.5E0,-3.3E-1,7.4E0));
#2504=LINE('',#2503,#2502);
#2505=DIRECTION('',(0.E0,0.E0,1.E0));
#2506=VECTOR('',#2505,5.77E0);
#2507=CARTESIAN_POINT('',(8.E0,-5.E-1,1.63E0));
#2508=LINE('',#2507,#2506);
#2509=DIRECTION('',(1.E0,0.E0,0.E0));
#2510=VECTOR('',#2509,6.5E-1);
#2511=CARTESIAN_POINT('',(8.E0,-5.E-1,1.63E0));
#2512=LINE('',#2511,#2510);
#2513=DIRECTION('',(0.E0,0.E0,-1.E0));
#2514=VECTOR('',#2513,7.E-1);
#2515=CARTESIAN_POINT('',(7.5E0,-5.E-1,8.1E0));
#2516=LINE('',#2515,#2514);
#2517=DIRECTION('',(1.E0,0.E0,0.E0));
#2518=VECTOR('',#2517,5.E-1);
#2519=CARTESIAN_POINT('',(7.5E0,-5.E-1,7.4E0));
#2520=LINE('',#2519,#2518);
#2521=DIRECTION('',(0.E0,1.E0,0.E0));
#2522=VECTOR('',#2521,1.7E-1);
#2523=CARTESIAN_POINT('',(7.5E0,-5.E-1,7.4E0));
#2524=LINE('',#2523,#2522);
#2525=DIRECTION('',(0.E0,0.E0,-1.E0));
#2526=VECTOR('',#2525,7.E-1);
#2527=CARTESIAN_POINT('',(7.5E0,5.E-1,8.1E0));
#2528=LINE('',#2527,#2526);
#2529=DIRECTION('',(0.E0,1.E0,0.E0));
#2530=VECTOR('',#2529,1.7E-1);
#2531=CARTESIAN_POINT('',(7.5E0,3.3E-1,7.4E0));
#2532=LINE('',#2531,#2530);
#2533=DIRECTION('',(0.E0,0.E0,-1.E0));
#2534=VECTOR('',#2533,4.5E-1);
#2535=CARTESIAN_POINT('',(7.5E0,3.3E-1,7.85E0));
#2536=LINE('',#2535,#2534);
#2537=DIRECTION('',(0.E0,1.E0,0.E0));
#2538=VECTOR('',#2537,6.6E-1);
#2539=CARTESIAN_POINT('',(7.5E0,-3.3E-1,7.85E0));
#2540=LINE('',#2539,#2538);
#2541=DIRECTION('',(0.E0,0.E0,1.E0));
#2542=VECTOR('',#2541,4.5E-1);
#2543=CARTESIAN_POINT('',(7.5E0,-3.3E-1,7.4E0));
#2544=LINE('',#2543,#2542);
#2545=DIRECTION('',(0.E0,-1.E0,0.E0));
#2546=VECTOR('',#2545,2.225E0);
#2547=CARTESIAN_POINT('',(7.5E0,-2.675E0,2.105E0));
#2548=LINE('',#2547,#2546);
#2549=DIRECTION('',(0.E0,1.E0,0.E0));
#2550=VECTOR('',#2549,2.225E0);
#2551=CARTESIAN_POINT('',(7.5E0,-4.9E0,3.605E0));
#2552=LINE('',#2551,#2550);
#2553=DIRECTION('',(0.E0,9.805806756909E-1,1.961161351382E-1));
#2554=VECTOR('',#2553,1.019803902719E0);
#2555=CARTESIAN_POINT('',(7.5E0,-5.9E0,3.405E0));
#2556=LINE('',#2555,#2554);
#2557=DIRECTION('',(0.E0,0.E0,1.E0));
#2558=VECTOR('',#2557,1.1E0);
#2559=CARTESIAN_POINT('',(7.5E0,-5.9E0,2.305E0));
#2560=LINE('',#2559,#2558);
#2561=DIRECTION('',(0.E0,-9.805806756909E-1,1.961161351382E-1));
#2562=VECTOR('',#2561,1.019803902719E0);
#2563=CARTESIAN_POINT('',(7.5E0,-4.9E0,2.105E0));
#2564=LINE('',#2563,#2562);
#2565=DIRECTION('',(0.E0,0.E0,1.E0));
#2566=VECTOR('',#2565,4.725E0);
#2567=CARTESIAN_POINT('',(7.5E0,-2.5E0,-3.095E0));
#2568=LINE('',#2567,#2566);
#2569=DIRECTION('',(0.E0,-1.E0,0.E0));
#2570=VECTOR('',#2569,1.5E0);
#2571=CARTESIAN_POINT('',(7.5E0,-1.E0,-3.095E0));
#2572=LINE('',#2571,#2570);
#2573=DIRECTION('',(0.E0,0.E0,-1.E0));
#2574=VECTOR('',#2573,7.53E-1);
#2575=CARTESIAN_POINT('',(7.5E0,-1.E0,-2.342E0));
#2576=LINE('',#2575,#2574);
#2577=DIRECTION('',(0.E0,-1.E0,0.E0));
#2578=VECTOR('',#2577,2.E0);
#2579=CARTESIAN_POINT('',(7.5E0,1.E0,-2.342E0));
#2580=LINE('',#2579,#2578);
#2581=DIRECTION('',(0.E0,0.E0,1.E0));
#2582=VECTOR('',#2581,7.53E-1);
#2583=CARTESIAN_POINT('',(7.5E0,1.E0,-3.095E0));
#2584=LINE('',#2583,#2582);
#2585=DIRECTION('',(0.E0,-1.E0,0.E0));
#2586=VECTOR('',#2585,7.742071881607E-1);
#2587=CARTESIAN_POINT('',(7.5E0,1.774207188161E0,-3.095E0));
#2588=LINE('',#2587,#2586);
#2589=DIRECTION('',(1.E0,0.E0,0.E0));
#2590=VECTOR('',#2589,5.E-1);
#2591=CARTESIAN_POINT('',(7.5E0,-4.9E0,2.105E0));
#2592=LINE('',#2591,#2590);
#2593=DIRECTION('',(1.E0,0.E0,0.E0));
#2594=VECTOR('',#2593,5.E-1);
#2595=CARTESIAN_POINT('',(7.5E0,-5.9E0,2.305E0));
#2596=LINE('',#2595,#2594);
#2597=DIRECTION('',(1.E0,0.E0,0.E0));
#2598=VECTOR('',#2597,5.E-1);
#2599=CARTESIAN_POINT('',(7.5E0,-5.9E0,3.405E0));
#2600=LINE('',#2599,#2598);
#2601=DIRECTION('',(1.E0,0.E0,0.E0));
#2602=VECTOR('',#2601,5.E-1);
#2603=CARTESIAN_POINT('',(7.5E0,-4.9E0,3.605E0));
#2604=LINE('',#2603,#2602);
#2605=DIRECTION('',(1.E0,0.E0,0.E0));
#2606=VECTOR('',#2605,5.E-1);
#2607=CARTESIAN_POINT('',(7.5E0,-2.5E0,-3.095E0));
#2608=LINE('',#2607,#2606);
#2609=DIRECTION('',(1.E0,0.E0,0.E0));
#2610=VECTOR('',#2609,5.E-1);
#2611=CARTESIAN_POINT('',(7.5E0,-1.E0,-3.095E0));
#2612=LINE('',#2611,#2610);
#2613=DIRECTION('',(1.E0,0.E0,0.E0));
#2614=VECTOR('',#2613,5.E-1);
#2615=CARTESIAN_POINT('',(7.5E0,-1.E0,-2.342E0));
#2616=LINE('',#2615,#2614);
#2617=DIRECTION('',(1.E0,0.E0,0.E0));
#2618=VECTOR('',#2617,5.E-1);
#2619=CARTESIAN_POINT('',(7.5E0,1.E0,-2.342E0));
#2620=LINE('',#2619,#2618);
#2621=DIRECTION('',(1.E0,0.E0,0.E0));
#2622=VECTOR('',#2621,5.E-1);
#2623=CARTESIAN_POINT('',(7.5E0,1.E0,-3.095E0));
#2624=LINE('',#2623,#2622);
#2625=DIRECTION('',(0.E0,-1.E0,0.E0));
#2626=VECTOR('',#2625,3.17E0);
#2627=CARTESIAN_POINT('',(-3.82E0,-2.675E0,4.232606234616E0));
#2628=LINE('',#2627,#2626);
#2629=DIRECTION('',(0.E0,-1.E0,0.E0));
#2630=VECTOR('',#2629,3.17E0);
#2631=CARTESIAN_POINT('',(-3.735714285714E0,-2.675E0,4.331363822803E0));
#2632=LINE('',#2631,#2630);
#2633=DIRECTION('',(0.E0,-1.E0,0.E0));
#2634=VECTOR('',#2633,3.17E0);
#2635=CARTESIAN_POINT('',(-3.264285714286E0,-2.675E0,4.331363822803E0));
#2636=LINE('',#2635,#2634);
#2637=DIRECTION('',(0.E0,-1.E0,0.E0));
#2638=VECTOR('',#2637,3.17E0);
#2639=CARTESIAN_POINT('',(-3.18E0,-2.675E0,4.232606234616E0));
#2640=LINE('',#2639,#2638);
#2641=DIRECTION('',(0.E0,-1.E0,0.E0));
#2642=VECTOR('',#2641,3.17E0);
#2643=CARTESIAN_POINT('',(-3.18E0,-2.675E0,4.02E0));
#2644=LINE('',#2643,#2642);
#2645=DIRECTION('',(0.E0,-1.E0,0.E0));
#2646=VECTOR('',#2645,3.17E0);
#2647=CARTESIAN_POINT('',(-2.33E0,-2.675E0,3.17E0));
#2648=LINE('',#2647,#2646);
#2649=DIRECTION('',(0.E0,-1.E0,0.E0));
#2650=VECTOR('',#2649,3.17E0);
#2651=CARTESIAN_POINT('',(-2.117393765384E0,-2.675E0,3.17E0));
#2652=LINE('',#2651,#2650);
#2653=DIRECTION('',(0.E0,-1.E0,0.E0));
#2654=VECTOR('',#2653,3.17E0);
#2655=CARTESIAN_POINT('',(-2.018636177197E0,-2.675E0,3.085714285714E0));
#2656=LINE('',#2655,#2654);
#2657=DIRECTION('',(0.E0,-1.E0,0.E0));
#2658=VECTOR('',#2657,3.17E0);
#2659=CARTESIAN_POINT('',(-2.018636177197E0,-2.675E0,2.614285714286E0));
#2660=LINE('',#2659,#2658);
#2661=DIRECTION('',(0.E0,-1.E0,0.E0));
#2662=VECTOR('',#2661,3.17E0);
#2663=CARTESIAN_POINT('',(-2.117393765384E0,-2.675E0,2.53E0));
#2664=LINE('',#2663,#2662);
#2665=DIRECTION('',(0.E0,-1.E0,0.E0));
#2666=VECTOR('',#2665,3.17E0);
#2667=CARTESIAN_POINT('',(-2.33E0,-2.675E0,2.53E0));
#2668=LINE('',#2667,#2666);
#2669=DIRECTION('',(0.E0,-1.E0,0.E0));
#2670=VECTOR('',#2669,3.17E0);
#2671=CARTESIAN_POINT('',(-3.18E0,-2.675E0,1.68E0));
#2672=LINE('',#2671,#2670);
#2673=DIRECTION('',(0.E0,-1.E0,0.E0));
#2674=VECTOR('',#2673,3.17E0);
#2675=CARTESIAN_POINT('',(-3.18E0,-2.675E0,1.467393765384E0));
#2676=LINE('',#2675,#2674);
#2677=DIRECTION('',(0.E0,-1.E0,0.E0));
#2678=VECTOR('',#2677,3.17E0);
#2679=CARTESIAN_POINT('',(-3.264285714286E0,-2.675E0,1.368636177197E0));
#2680=LINE('',#2679,#2678);
#2681=DIRECTION('',(0.E0,-1.E0,0.E0));
#2682=VECTOR('',#2681,3.17E0);
#2683=CARTESIAN_POINT('',(-3.735714285714E0,-2.675E0,1.368636177197E0));
#2684=LINE('',#2683,#2682);
#2685=DIRECTION('',(0.E0,-1.E0,0.E0));
#2686=VECTOR('',#2685,3.17E0);
#2687=CARTESIAN_POINT('',(-3.82E0,-2.675E0,1.467393765384E0));
#2688=LINE('',#2687,#2686);
#2689=DIRECTION('',(0.E0,-1.E0,0.E0));
#2690=VECTOR('',#2689,3.17E0);
#2691=CARTESIAN_POINT('',(-3.82E0,-2.675E0,1.68E0));
#2692=LINE('',#2691,#2690);
#2693=DIRECTION('',(0.E0,-1.E0,0.E0));
#2694=VECTOR('',#2693,3.17E0);
#2695=CARTESIAN_POINT('',(-4.67E0,-2.675E0,2.53E0));
#2696=LINE('',#2695,#2694);
#2697=DIRECTION('',(0.E0,-1.E0,0.E0));
#2698=VECTOR('',#2697,3.17E0);
#2699=CARTESIAN_POINT('',(-4.882606234616E0,-2.675E0,2.53E0));
#2700=LINE('',#2699,#2698);
#2701=DIRECTION('',(0.E0,-1.E0,0.E0));
#2702=VECTOR('',#2701,3.17E0);
#2703=CARTESIAN_POINT('',(-4.981363822803E0,-2.675E0,2.614285714286E0));
#2704=LINE('',#2703,#2702);
#2705=DIRECTION('',(0.E0,-1.E0,0.E0));
#2706=VECTOR('',#2705,3.17E0);
#2707=CARTESIAN_POINT('',(-4.981363822803E0,-2.675E0,3.085714285714E0));
#2708=LINE('',#2707,#2706);
#2709=DIRECTION('',(0.E0,-1.E0,0.E0));
#2710=VECTOR('',#2709,3.17E0);
#2711=CARTESIAN_POINT('',(-4.882606234616E0,-2.675E0,3.17E0));
#2712=LINE('',#2711,#2710);
#2713=DIRECTION('',(0.E0,-1.E0,0.E0));
#2714=VECTOR('',#2713,3.17E0);
#2715=CARTESIAN_POINT('',(-4.67E0,-2.675E0,3.17E0));
#2716=LINE('',#2715,#2714);
#2717=DIRECTION('',(0.E0,-1.E0,0.E0));
#2718=VECTOR('',#2717,3.17E0);
#2719=CARTESIAN_POINT('',(-3.82E0,-2.675E0,4.02E0));
#2720=LINE('',#2719,#2718);
#2721=DIRECTION('',(0.E0,0.E0,-1.E0));
#2722=VECTOR('',#2721,2.126062346164E-1);
#2723=CARTESIAN_POINT('',(-3.82E0,-5.845E0,4.232606234616E0));
#2724=LINE('',#2723,#2722);
#2725=CARTESIAN_POINT('',(-3.72E0,-5.845E0,4.232606234616E0));
#2726=DIRECTION('',(0.E0,-1.E0,0.E0));
#2727=DIRECTION('',(-1.571428571429E-1,0.E0,9.875758818688E-1));
#2728=AXIS2_PLACEMENT_3D('',#2725,#2726,#2727);
#2730=CARTESIAN_POINT('',(-3.5E0,-5.845E0,2.85E0));
#2731=DIRECTION('',(0.E0,-1.E0,0.E0));
#2732=DIRECTION('',(1.571428571429E-1,0.E0,9.875758818688E-1));
#2733=AXIS2_PLACEMENT_3D('',#2730,#2731,#2732);
#2735=CARTESIAN_POINT('',(-3.28E0,-5.845E0,4.232606234616E0));
#2736=DIRECTION('',(0.E0,-1.E0,0.E0));
#2737=DIRECTION('',(1.E0,0.E0,0.E0));
#2738=AXIS2_PLACEMENT_3D('',#2735,#2736,#2737);
#2740=DIRECTION('',(0.E0,0.E0,1.E0));
#2741=VECTOR('',#2740,2.126062346164E-1);
#2742=CARTESIAN_POINT('',(-3.18E0,-5.845E0,4.02E0));
#2743=LINE('',#2742,#2741);
#2744=CARTESIAN_POINT('',(-2.33E0,-5.845E0,4.02E0));
#2745=DIRECTION('',(0.E0,1.E0,0.E0));
#2746=DIRECTION('',(0.E0,0.E0,-1.E0));
#2747=AXIS2_PLACEMENT_3D('',#2744,#2745,#2746);
#2749=DIRECTION('',(-1.E0,0.E0,0.E0));
#2750=VECTOR('',#2749,2.126062346163E-1);
#2751=CARTESIAN_POINT('',(-2.117393765384E0,-5.845E0,3.17E0));
#2752=LINE('',#2751,#2750);
#2753=CARTESIAN_POINT('',(-2.117393765384E0,-5.845E0,3.07E0));
#2754=DIRECTION('',(0.E0,-1.E0,0.E0));
#2755=DIRECTION('',(9.875758818688E-1,0.E0,1.571428571429E-1));
#2756=AXIS2_PLACEMENT_3D('',#2753,#2754,#2755);
#2758=CARTESIAN_POINT('',(-3.5E0,-5.845E0,2.85E0));
#2759=DIRECTION('',(0.E0,-1.E0,0.E0));
#2760=DIRECTION('',(9.875758818688E-1,0.E0,-1.571428571429E-1));
#2761=AXIS2_PLACEMENT_3D('',#2758,#2759,#2760);
#2763=CARTESIAN_POINT('',(-2.117393765384E0,-5.845E0,2.63E0));
#2764=DIRECTION('',(0.E0,-1.E0,0.E0));
#2765=DIRECTION('',(0.E0,0.E0,-1.E0));
#2766=AXIS2_PLACEMENT_3D('',#2763,#2764,#2765);
#2768=DIRECTION('',(1.E0,0.E0,0.E0));
#2769=VECTOR('',#2768,2.126062346163E-1);
#2770=CARTESIAN_POINT('',(-2.33E0,-5.845E0,2.53E0));
#2771=LINE('',#2770,#2769);
#2772=CARTESIAN_POINT('',(-2.33E0,-5.845E0,1.68E0));
#2773=DIRECTION('',(0.E0,1.E0,0.E0));
#2774=DIRECTION('',(-1.E0,0.E0,0.E0));
#2775=AXIS2_PLACEMENT_3D('',#2772,#2773,#2774);
#2777=DIRECTION('',(0.E0,0.E0,1.E0));
#2778=VECTOR('',#2777,2.126062346164E-1);
#2779=CARTESIAN_POINT('',(-3.18E0,-5.845E0,1.467393765384E0));
#2780=LINE('',#2779,#2778);
#2781=CARTESIAN_POINT('',(-3.28E0,-5.845E0,1.467393765384E0));
#2782=DIRECTION('',(0.E0,-1.E0,0.E0));
#2783=DIRECTION('',(1.571428571429E-1,0.E0,-9.875758818688E-1));
#2784=AXIS2_PLACEMENT_3D('',#2781,#2782,#2783);
#2786=CARTESIAN_POINT('',(-3.5E0,-5.845E0,2.85E0));
#2787=DIRECTION('',(0.E0,-1.E0,0.E0));
#2788=DIRECTION('',(-1.571428571429E-1,0.E0,-9.875758818688E-1));
#2789=AXIS2_PLACEMENT_3D('',#2786,#2787,#2788);
#2791=CARTESIAN_POINT('',(-3.72E0,-5.845E0,1.467393765384E0));
#2792=DIRECTION('',(0.E0,-1.E0,0.E0));
#2793=DIRECTION('',(-1.E0,0.E0,1.554312234475E-14));
#2794=AXIS2_PLACEMENT_3D('',#2791,#2792,#2793);
#2796=DIRECTION('',(0.E0,0.E0,-1.E0));
#2797=VECTOR('',#2796,2.126062346164E-1);
#2798=CARTESIAN_POINT('',(-3.82E0,-5.845E0,1.68E0));
#2799=LINE('',#2798,#2797);
#2800=CARTESIAN_POINT('',(-4.67E0,-5.845E0,1.68E0));
#2801=DIRECTION('',(0.E0,1.E0,0.E0));
#2802=DIRECTION('',(0.E0,0.E0,1.E0));
#2803=AXIS2_PLACEMENT_3D('',#2800,#2801,#2802);
#2805=DIRECTION('',(1.E0,0.E0,0.E0));
#2806=VECTOR('',#2805,2.126062346163E-1);
#2807=CARTESIAN_POINT('',(-4.882606234616E0,-5.845E0,2.53E0));
#2808=LINE('',#2807,#2806);
#2809=CARTESIAN_POINT('',(-4.882606234616E0,-5.845E0,2.63E0));
#2810=DIRECTION('',(0.E0,-1.E0,0.E0));
#2811=DIRECTION('',(-9.875758818688E-1,0.E0,-1.571428571429E-1));
#2812=AXIS2_PLACEMENT_3D('',#2809,#2810,#2811);
#2814=CARTESIAN_POINT('',(-3.5E0,-5.845E0,2.85E0));
#2815=DIRECTION('',(0.E0,-1.E0,0.E0));
#2816=DIRECTION('',(-9.875758818688E-1,0.E0,1.571428571429E-1));
#2817=AXIS2_PLACEMENT_3D('',#2814,#2815,#2816);
#2819=CARTESIAN_POINT('',(-4.882606234616E0,-5.845E0,3.07E0));
#2820=DIRECTION('',(0.E0,-1.E0,0.E0));
#2821=DIRECTION('',(0.E0,0.E0,1.E0));
#2822=AXIS2_PLACEMENT_3D('',#2819,#2820,#2821);
#2824=DIRECTION('',(-1.E0,0.E0,0.E0));
#2825=VECTOR('',#2824,2.126062346163E-1);
#2826=CARTESIAN_POINT('',(-4.67E0,-5.845E0,3.17E0));
#2827=LINE('',#2826,#2825);
#2828=CARTESIAN_POINT('',(-4.67E0,-5.845E0,4.02E0));
#2829=DIRECTION('',(0.E0,1.E0,0.E0));
#2830=DIRECTION('',(1.E0,0.E0,0.E0));
#2831=AXIS2_PLACEMENT_3D('',#2828,#2829,#2830);
#2833=DIRECTION('',(0.E0,-1.E0,0.E0));
#2834=VECTOR('',#2833,3.17E0);
#2835=CARTESIAN_POINT('',(3.82E0,-2.675E0,4.232606234616E0));
#2836=LINE('',#2835,#2834);
#2837=DIRECTION('',(0.E0,-1.E0,0.E0));
#2838=VECTOR('',#2837,3.17E0);
#2839=CARTESIAN_POINT('',(3.735714285714E0,-2.675E0,4.331363822803E0));
#2840=LINE('',#2839,#2838);
#2841=DIRECTION('',(0.E0,0.E0,-1.E0));
#2842=VECTOR('',#2841,2.126062346164E-1);
#2843=CARTESIAN_POINT('',(3.82E0,-5.845E0,4.232606234616E0));
#2844=LINE('',#2843,#2842);
#2845=CARTESIAN_POINT('',(4.67E0,-5.845E0,4.02E0));
#2846=DIRECTION('',(0.E0,-1.E0,0.E0));
#2847=DIRECTION('',(-1.E0,0.E0,0.E0));
#2848=AXIS2_PLACEMENT_3D('',#2845,#2846,#2847);
#2850=DIRECTION('',(1.E0,0.E0,0.E0));
#2851=VECTOR('',#2850,2.126062346163E-1);
#2852=CARTESIAN_POINT('',(4.67E0,-5.845E0,3.17E0));
#2853=LINE('',#2852,#2851);
#2854=CARTESIAN_POINT('',(4.882606234616E0,-5.845E0,3.07E0));
#2855=DIRECTION('',(0.E0,1.E0,0.E0));
#2856=DIRECTION('',(0.E0,0.E0,1.E0));
#2857=AXIS2_PLACEMENT_3D('',#2854,#2855,#2856);
#2859=CARTESIAN_POINT('',(3.5E0,-5.845E0,2.85E0));
#2860=DIRECTION('',(0.E0,1.E0,0.E0));
#2861=DIRECTION('',(9.875758818688E-1,0.E0,1.571428571429E-1));
#2862=AXIS2_PLACEMENT_3D('',#2859,#2860,#2861);
#2864=CARTESIAN_POINT('',(4.882606234616E0,-5.845E0,2.63E0));
#2865=DIRECTION('',(0.E0,1.E0,0.E0));
#2866=DIRECTION('',(9.875758818688E-1,0.E0,-1.571428571429E-1));
#2867=AXIS2_PLACEMENT_3D('',#2864,#2865,#2866);
#2869=DIRECTION('',(-1.E0,0.E0,0.E0));
#2870=VECTOR('',#2869,2.126062346163E-1);
#2871=CARTESIAN_POINT('',(4.882606234616E0,-5.845E0,2.53E0));
#2872=LINE('',#2871,#2870);
#2873=CARTESIAN_POINT('',(4.67E0,-5.845E0,1.68E0));
#2874=DIRECTION('',(0.E0,-1.E0,0.E0));
#2875=DIRECTION('',(0.E0,0.E0,1.E0));
#2876=AXIS2_PLACEMENT_3D('',#2873,#2874,#2875);
#2878=DIRECTION('',(0.E0,0.E0,-1.E0));
#2879=VECTOR('',#2878,2.126062346164E-1);
#2880=CARTESIAN_POINT('',(3.82E0,-5.845E0,1.68E0));
#2881=LINE('',#2880,#2879);
#2882=CARTESIAN_POINT('',(3.72E0,-5.845E0,1.467393765384E0));
#2883=DIRECTION('',(0.E0,1.E0,0.E0));
#2884=DIRECTION('',(1.E0,0.E0,1.554312234475E-14));
#2885=AXIS2_PLACEMENT_3D('',#2882,#2883,#2884);
#2887=CARTESIAN_POINT('',(3.5E0,-5.845E0,2.85E0));
#2888=DIRECTION('',(0.E0,1.E0,0.E0));
#2889=DIRECTION('',(1.571428571429E-1,0.E0,-9.875758818688E-1));
#2890=AXIS2_PLACEMENT_3D('',#2887,#2888,#2889);
#2892=CARTESIAN_POINT('',(3.28E0,-5.845E0,1.467393765384E0));
#2893=DIRECTION('',(0.E0,1.E0,0.E0));
#2894=DIRECTION('',(-1.571428571429E-1,0.E0,-9.875758818688E-1));
#2895=AXIS2_PLACEMENT_3D('',#2892,#2893,#2894);
#2897=DIRECTION('',(0.E0,0.E0,1.E0));
#2898=VECTOR('',#2897,2.126062346164E-1);
#2899=CARTESIAN_POINT('',(3.18E0,-5.845E0,1.467393765384E0));
#2900=LINE('',#2899,#2898);
#2901=CARTESIAN_POINT('',(2.33E0,-5.845E0,1.68E0));
#2902=DIRECTION('',(0.E0,-1.E0,0.E0));
#2903=DIRECTION('',(1.E0,0.E0,0.E0));
#2904=AXIS2_PLACEMENT_3D('',#2901,#2902,#2903);
#2906=DIRECTION('',(-1.E0,0.E0,0.E0));
#2907=VECTOR('',#2906,2.126062346163E-1);
#2908=CARTESIAN_POINT('',(2.33E0,-5.845E0,2.53E0));
#2909=LINE('',#2908,#2907);
#2910=CARTESIAN_POINT('',(2.117393765384E0,-5.845E0,2.63E0));
#2911=DIRECTION('',(0.E0,1.E0,0.E0));
#2912=DIRECTION('',(0.E0,0.E0,-1.E0));
#2913=AXIS2_PLACEMENT_3D('',#2910,#2911,#2912);
#2915=CARTESIAN_POINT('',(3.5E0,-5.845E0,2.85E0));
#2916=DIRECTION('',(0.E0,1.E0,0.E0));
#2917=DIRECTION('',(-9.875758818688E-1,0.E0,-1.571428571429E-1));
#2918=AXIS2_PLACEMENT_3D('',#2915,#2916,#2917);
#2920=CARTESIAN_POINT('',(2.117393765384E0,-5.845E0,3.07E0));
#2921=DIRECTION('',(0.E0,1.E0,0.E0));
#2922=DIRECTION('',(-9.875758818688E-1,0.E0,1.571428571429E-1));
#2923=AXIS2_PLACEMENT_3D('',#2920,#2921,#2922);
#2925=DIRECTION('',(1.E0,0.E0,0.E0));
#2926=VECTOR('',#2925,2.126062346163E-1);
#2927=CARTESIAN_POINT('',(2.117393765384E0,-5.845E0,3.17E0));
#2928=LINE('',#2927,#2926);
#2929=CARTESIAN_POINT('',(2.33E0,-5.845E0,4.02E0));
#2930=DIRECTION('',(0.E0,-1.E0,0.E0));
#2931=DIRECTION('',(0.E0,0.E0,-1.E0));
#2932=AXIS2_PLACEMENT_3D('',#2929,#2930,#2931);
#2934=DIRECTION('',(0.E0,0.E0,1.E0));
#2935=VECTOR('',#2934,2.126062346164E-1);
#2936=CARTESIAN_POINT('',(3.18E0,-5.845E0,4.02E0));
#2937=LINE('',#2936,#2935);
#2938=CARTESIAN_POINT('',(3.28E0,-5.845E0,4.232606234616E0));
#2939=DIRECTION('',(0.E0,1.E0,0.E0));
#2940=DIRECTION('',(-1.E0,0.E0,0.E0));
#2941=AXIS2_PLACEMENT_3D('',#2938,#2939,#2940);
#2943=CARTESIAN_POINT('',(3.5E0,-5.845E0,2.85E0));
#2944=DIRECTION('',(0.E0,1.E0,0.E0));
#2945=DIRECTION('',(-1.571428571429E-1,0.E0,9.875758818688E-1));
#2946=AXIS2_PLACEMENT_3D('',#2943,#2944,#2945);
#2948=CARTESIAN_POINT('',(3.72E0,-5.845E0,4.232606234616E0));
#2949=DIRECTION('',(0.E0,1.E0,0.E0));
#2950=DIRECTION('',(1.571428571429E-1,0.E0,9.875758818688E-1));
#2951=AXIS2_PLACEMENT_3D('',#2948,#2949,#2950);
#2953=DIRECTION('',(0.E0,-1.E0,0.E0));
#2954=VECTOR('',#2953,3.17E0);
#2955=CARTESIAN_POINT('',(3.82E0,-2.675E0,4.02E0));
#2956=LINE('',#2955,#2954);
#2957=DIRECTION('',(0.E0,-1.E0,0.E0));
#2958=VECTOR('',#2957,3.17E0);
#2959=CARTESIAN_POINT('',(4.67E0,-2.675E0,3.17E0));
#2960=LINE('',#2959,#2958);
#2961=DIRECTION('',(0.E0,-1.E0,0.E0));
#2962=VECTOR('',#2961,3.17E0);
#2963=CARTESIAN_POINT('',(4.882606234616E0,-2.675E0,3.17E0));
#2964=LINE('',#2963,#2962);
#2965=DIRECTION('',(0.E0,-1.E0,0.E0));
#2966=VECTOR('',#2965,3.17E0);
#2967=CARTESIAN_POINT('',(4.981363822803E0,-2.675E0,3.085714285714E0));
#2968=LINE('',#2967,#2966);
#2969=DIRECTION('',(0.E0,-1.E0,0.E0));
#2970=VECTOR('',#2969,3.17E0);
#2971=CARTESIAN_POINT('',(4.981363822803E0,-2.675E0,2.614285714286E0));
#2972=LINE('',#2971,#2970);
#2973=DIRECTION('',(0.E0,-1.E0,0.E0));
#2974=VECTOR('',#2973,3.17E0);
#2975=CARTESIAN_POINT('',(4.882606234616E0,-2.675E0,2.53E0));
#2976=LINE('',#2975,#2974);
#2977=DIRECTION('',(0.E0,-1.E0,0.E0));
#2978=VECTOR('',#2977,3.17E0);
#2979=CARTESIAN_POINT('',(4.67E0,-2.675E0,2.53E0));
#2980=LINE('',#2979,#2978);
#2981=DIRECTION('',(0.E0,-1.E0,0.E0));
#2982=VECTOR('',#2981,3.17E0);
#2983=CARTESIAN_POINT('',(3.82E0,-2.675E0,1.68E0));
#2984=LINE('',#2983,#2982);
#2985=DIRECTION('',(0.E0,-1.E0,0.E0));
#2986=VECTOR('',#2985,3.17E0);
#2987=CARTESIAN_POINT('',(3.82E0,-2.675E0,1.467393765384E0));
#2988=LINE('',#2987,#2986);
#2989=DIRECTION('',(0.E0,-1.E0,0.E0));
#2990=VECTOR('',#2989,3.17E0);
#2991=CARTESIAN_POINT('',(3.735714285714E0,-2.675E0,1.368636177197E0));
#2992=LINE('',#2991,#2990);
#2993=DIRECTION('',(0.E0,-1.E0,0.E0));
#2994=VECTOR('',#2993,3.17E0);
#2995=CARTESIAN_POINT('',(3.264285714286E0,-2.675E0,1.368636177197E0));
#2996=LINE('',#2995,#2994);
#2997=DIRECTION('',(0.E0,-1.E0,0.E0));
#2998=VECTOR('',#2997,3.17E0);
#2999=CARTESIAN_POINT('',(3.18E0,-2.675E0,1.467393765384E0));
#3000=LINE('',#2999,#2998);
#3001=DIRECTION('',(0.E0,-1.E0,0.E0));
#3002=VECTOR('',#3001,3.17E0);
#3003=CARTESIAN_POINT('',(3.18E0,-2.675E0,1.68E0));
#3004=LINE('',#3003,#3002);
#3005=DIRECTION('',(0.E0,-1.E0,0.E0));
#3006=VECTOR('',#3005,3.17E0);
#3007=CARTESIAN_POINT('',(2.33E0,-2.675E0,2.53E0));
#3008=LINE('',#3007,#3006);
#3009=DIRECTION('',(0.E0,-1.E0,0.E0));
#3010=VECTOR('',#3009,3.17E0);
#3011=CARTESIAN_POINT('',(2.117393765384E0,-2.675E0,2.53E0));
#3012=LINE('',#3011,#3010);
#3013=DIRECTION('',(0.E0,-1.E0,0.E0));
#3014=VECTOR('',#3013,3.17E0);
#3015=CARTESIAN_POINT('',(2.018636177197E0,-2.675E0,2.614285714286E0));
#3016=LINE('',#3015,#3014);
#3017=DIRECTION('',(0.E0,-1.E0,0.E0));
#3018=VECTOR('',#3017,3.17E0);
#3019=CARTESIAN_POINT('',(2.018636177197E0,-2.675E0,3.085714285714E0));
#3020=LINE('',#3019,#3018);
#3021=DIRECTION('',(0.E0,-1.E0,0.E0));
#3022=VECTOR('',#3021,3.17E0);
#3023=CARTESIAN_POINT('',(2.117393765384E0,-2.675E0,3.17E0));
#3024=LINE('',#3023,#3022);
#3025=DIRECTION('',(0.E0,-1.E0,0.E0));
#3026=VECTOR('',#3025,3.17E0);
#3027=CARTESIAN_POINT('',(2.33E0,-2.675E0,3.17E0));
#3028=LINE('',#3027,#3026);
#3029=DIRECTION('',(0.E0,-1.E0,0.E0));
#3030=VECTOR('',#3029,3.17E0);
#3031=CARTESIAN_POINT('',(3.18E0,-2.675E0,4.02E0));
#3032=LINE('',#3031,#3030);
#3033=DIRECTION('',(0.E0,-1.E0,0.E0));
#3034=VECTOR('',#3033,3.17E0);
#3035=CARTESIAN_POINT('',(3.18E0,-2.675E0,4.232606234616E0));
#3036=LINE('',#3035,#3034);
#3037=DIRECTION('',(0.E0,-1.E0,0.E0));
#3038=VECTOR('',#3037,3.17E0);
#3039=CARTESIAN_POINT('',(3.264285714286E0,-2.675E0,4.331363822803E0));
#3040=LINE('',#3039,#3038);
#3041=CARTESIAN_POINT('',(-8.65E0,-2.675E0,8.1E0));
#3042=CARTESIAN_POINT('',(8.65E0,-2.675E0,8.1E0));
#3043=VERTEX_POINT('',#3041);
#3044=VERTEX_POINT('',#3042);
#3045=CARTESIAN_POINT('',(-3.9E0,4.975E0,1.025E1));
#3046=CARTESIAN_POINT('',(-3.9E0,3.213690869130E0,9.428688063897E0));
#3047=VERTEX_POINT('',#3045);
#3048=VERTEX_POINT('',#3046);
#3049=CARTESIAN_POINT('',(-3.9E0,2.925E0,8.975534170379E0));
#3050=VERTEX_POINT('',#3049);
#3051=CARTESIAN_POINT('',(-3.9E0,2.925E0,8.23E0));
#3052=VERTEX_POINT('',#3051);
#3053=CARTESIAN_POINT('',(-3.9E0,2.795E0,8.1E0));
#3054=VERTEX_POINT('',#3053);
#3055=CARTESIAN_POINT('',(3.9E0,4.975E0,1.025E1));
#3056=CARTESIAN_POINT('',(3.9E0,3.213690869130E0,9.428688063897E0));
#3057=VERTEX_POINT('',#3055);
#3058=VERTEX_POINT('',#3056);
#3059=CARTESIAN_POINT('',(3.9E0,2.925E0,8.975534170379E0));
#3060=VERTEX_POINT('',#3059);
#3061=CARTESIAN_POINT('',(3.9E0,2.925E0,8.23E0));
#3062=VERTEX_POINT('',#3061);
#3063=CARTESIAN_POINT('',(3.9E0,2.795E0,8.1E0));
#3064=VERTEX_POINT('',#3063);
#3065=CARTESIAN_POINT('',(-3.9E0,2.675E0,8.1E0));
#3066=CARTESIAN_POINT('',(-3.9E0,2.675E0,2.85E0));
#3067=VERTEX_POINT('',#3065);
#3068=VERTEX_POINT('',#3066);
#3069=CARTESIAN_POINT('',(3.9E0,2.675E0,8.1E0));
#3070=CARTESIAN_POINT('',(3.9E0,2.675E0,2.85E0));
#3071=VERTEX_POINT('',#3069);
#3072=VERTEX_POINT('',#3070);
#3073=CARTESIAN_POINT('',(-2.95E0,3.213690869130E0,9.428688063897E0));
#3074=CARTESIAN_POINT('',(-2.95E0,2.925E0,8.975534170379E0));
#3075=VERTEX_POINT('',#3073);
#3076=VERTEX_POINT('',#3074);
#3077=CARTESIAN_POINT('',(2.95E0,3.213690869130E0,9.428688063897E0));
#3078=CARTESIAN_POINT('',(2.95E0,2.925E0,8.975534170379E0));
#3079=VERTEX_POINT('',#3077);
#3080=VERTEX_POINT('',#3078);
#3081=CARTESIAN_POINT('',(-2.95E0,2.925E0,8.23E0));
#3082=VERTEX_POINT('',#3081);
#3083=CARTESIAN_POINT('',(2.95E0,2.925E0,8.23E0));
#3084=VERTEX_POINT('',#3083);
#3085=CARTESIAN_POINT('',(-2.95E0,2.795E0,8.1E0));
#3086=VERTEX_POINT('',#3085);
#3087=CARTESIAN_POINT('',(2.95E0,2.795E0,8.1E0));
#3088=VERTEX_POINT('',#3087);
#3089=CARTESIAN_POINT('',(-6.77E0,-1.275E0,0.E0));
#3090=CARTESIAN_POINT('',(-6.77E0,1.765E0,0.E0));
#3091=VERTEX_POINT('',#3089);
#3092=VERTEX_POINT('',#3090);
#3093=CARTESIAN_POINT('',(-3.73E0,-1.275E0,0.E0));
#3094=VERTEX_POINT('',#3093);
#3095=CARTESIAN_POINT('',(-3.73E0,1.765E0,0.E0));
#3096=VERTEX_POINT('',#3095);
#3097=CARTESIAN_POINT('',(-6.840687629105E0,1.835687629105E0,8.1E0));
#3098=CARTESIAN_POINT('',(-6.840687629105E0,-1.345687629105E0,8.1E0));
#3099=VERTEX_POINT('',#3097);
#3100=VERTEX_POINT('',#3098);
#3101=CARTESIAN_POINT('',(-3.659312370895E0,-1.345687629105E0,8.1E0));
#3102=VERTEX_POINT('',#3101);
#3103=CARTESIAN_POINT('',(-3.659312370895E0,1.835687629105E0,8.1E0));
#3104=VERTEX_POINT('',#3103);
#3105=CARTESIAN_POINT('',(-7.5E0,-5.E-1,8.1E0));
#3106=CARTESIAN_POINT('',(-7.5E0,5.E-1,8.1E0));
#3107=VERTEX_POINT('',#3105);
#3108=VERTEX_POINT('',#3106);
#3109=CARTESIAN_POINT('',(7.5E0,-5.E-1,8.1E0));
#3110=CARTESIAN_POINT('',(7.5E0,5.E-1,8.1E0));
#3111=VERTEX_POINT('',#3109);
#3112=VERTEX_POINT('',#3110);
#3113=CARTESIAN_POINT('',(1.155E0,5.985E0,2.85E0));
#3114=CARTESIAN_POINT('',(1.155E0,5.985E0,9.1E0));
#3115=VERTEX_POINT('',#3113);
#3116=VERTEX_POINT('',#3114);
#3117=CARTESIAN_POINT('',(-1.155E0,5.985E0,2.85E0));
#3118=CARTESIAN_POINT('',(-1.155E0,5.985E0,9.1E0));
#3119=VERTEX_POINT('',#3117);
#3120=VERTEX_POINT('',#3118);
#3121=CARTESIAN_POINT('',(-1.155E0,4.954926675333E0,9.1E0));
#3122=CARTESIAN_POINT('',(1.155E0,4.954926675333E0,9.1E0));
#3123=VERTEX_POINT('',#3121);
#3124=VERTEX_POINT('',#3122);
#3125=CARTESIAN_POINT('',(5.73E0,-1.935E0,0.E0));
#3126=CARTESIAN_POINT('',(6.77E0,-1.935E0,0.E0));
#3127=VERTEX_POINT('',#3125);
#3128=VERTEX_POINT('',#3126);
#3129=CARTESIAN_POINT('',(5.73E0,-1.275E0,0.E0));
#3130=VERTEX_POINT('',#3129);
#3131=CARTESIAN_POINT('',(5.659312370895E0,-1.345687629105E0,8.1E0));
#3132=CARTESIAN_POINT('',(5.659312370895E0,-2.005687629105E0,8.1E0));
#3133=VERTEX_POINT('',#3131);
#3134=VERTEX_POINT('',#3132);
#3135=CARTESIAN_POINT('',(6.840687629105E0,-2.005687629105E0,8.1E0));
#3136=VERTEX_POINT('',#3135);
#3137=CARTESIAN_POINT('',(-5.3675E0,1.275E-1,6.4E0));
#3138=CARTESIAN_POINT('',(-5.5675E0,-7.25E-2,5.6E0));
#3139=VERTEX_POINT('',#3137);
#3140=VERTEX_POINT('',#3138);
#3141=CARTESIAN_POINT('',(-5.5675E0,5.625E-1,5.6E0));
#3142=CARTESIAN_POINT('',(-5.3675E0,3.625E-1,6.4E0));
#3143=VERTEX_POINT('',#3141);
#3144=VERTEX_POINT('',#3142);
#3145=CARTESIAN_POINT('',(-5.1325E0,3.625E-1,6.4E0));
#3146=CARTESIAN_POINT('',(-4.9325E0,5.625E-1,5.6E0));
#3147=VERTEX_POINT('',#3145);
#3148=VERTEX_POINT('',#3146);
#3149=CARTESIAN_POINT('',(-5.3675E0,-6.175E0,-5.1775E0));
#3150=CARTESIAN_POINT('',(-5.5675E0,-5.375E0,-5.3775E0));
#3151=VERTEX_POINT('',#3149);
#3152=VERTEX_POINT('',#3150);
#3153=CARTESIAN_POINT('',(-4.9325E0,-5.375E0,-5.3775E0));
#3154=CARTESIAN_POINT('',(-5.1325E0,-6.175E0,-5.1775E0));
#3155=VERTEX_POINT('',#3153);
#3156=VERTEX_POINT('',#3154);
#3157=CARTESIAN_POINT('',(-4.75E0,2.575E0,2.86E0));
#3158=CARTESIAN_POINT('',(-5.75E0,2.575E0,2.86E0));
#3159=VERTEX_POINT('',#3157);
#3160=VERTEX_POINT('',#3158);
#3161=CARTESIAN_POINT('',(-5.75E0,2.675E0,8.1E0));
#3162=CARTESIAN_POINT('',(-5.75E0,2.675E0,2.86E0));
#3163=VERTEX_POINT('',#3161);
#3164=VERTEX_POINT('',#3162);
#3165=CARTESIAN_POINT('',(-4.75E0,2.675E0,8.1E0));
#3166=CARTESIAN_POINT('',(-4.75E0,2.675E0,2.86E0));
#3167=VERTEX_POINT('',#3165);
#3168=VERTEX_POINT('',#3166);
#3169=CARTESIAN_POINT('',(-5.75E0,2.575E0,8.1E0));
#3170=CARTESIAN_POINT('',(-4.75E0,2.575E0,8.1E0));
#3171=VERTEX_POINT('',#3169);
#3172=VERTEX_POINT('',#3170);
#3173=CARTESIAN_POINT('',(-8.65E0,-5.E-1,8.1E0));
#3174=VERTEX_POINT('',#3173);
#3175=CARTESIAN_POINT('',(8.65E0,-5.E-1,8.1E0));
#3176=VERTEX_POINT('',#3175);
#3177=CARTESIAN_POINT('',(-1.154915161555E0,4.673928702281E0,4.200083880373E0));
#3178=CARTESIAN_POINT('',(-2.75E0,4.672857404561E0,4.2E0));
#3179=VERTEX_POINT('',#3177);
#3180=VERTEX_POINT('',#3178);
#3181=CARTESIAN_POINT('',(-1.155E0,4.872826943592E0,4.396509518713E0));
#3182=CARTESIAN_POINT('',(-2.75E0,4.872826943592E0,4.396509518713E0));
#3183=VERTEX_POINT('',#3181);
#3184=VERTEX_POINT('',#3182);
#3185=CARTESIAN_POINT('',(-2.95E0,4.672857404561E0,4.4E0));
#3186=CARTESIAN_POINT('',(-2.95E0,1.803398218279E0,4.4E0));
#3187=VERTEX_POINT('',#3185);
#3188=VERTEX_POINT('',#3186);
#3189=CARTESIAN_POINT('',(-2.75E0,1.801652844721E0,4.2E0));
#3190=VERTEX_POINT('',#3189);
#3191=CARTESIAN_POINT('',(-2.75E0,4.975E0,1.025E1));
#3192=VERTEX_POINT('',#3191);
#3193=CARTESIAN_POINT('',(-2.95E0,4.773328039495E0,1.015595882038E1));
#3194=VERTEX_POINT('',#3193);
#3195=CARTESIAN_POINT('',(2.95E0,4.672857404561E0,4.4E0));
#3196=CARTESIAN_POINT('',(2.95E0,4.773328039495E0,1.015595882038E1));
#3197=VERTEX_POINT('',#3195);
#3198=VERTEX_POINT('',#3196);
#3199=CARTESIAN_POINT('',(2.75E0,4.872826943592E0,4.396509518713E0));
#3200=CARTESIAN_POINT('',(2.75E0,4.975E0,1.025E1));
#3201=VERTEX_POINT('',#3199);
#3202=VERTEX_POINT('',#3200);
#3203=CARTESIAN_POINT('',(2.75E0,1.801652844721E0,4.2E0));
#3204=CARTESIAN_POINT('',(2.75E0,4.672857404561E0,4.2E0));
#3205=VERTEX_POINT('',#3203);
#3206=VERTEX_POINT('',#3204);
#3207=CARTESIAN_POINT('',(2.95E0,1.803398218279E0,4.4E0));
#3208=VERTEX_POINT('',#3207);
#3209=CARTESIAN_POINT('',(1.155E0,4.872826943592E0,4.396509518713E0));
#3210=VERTEX_POINT('',#3209);
#3211=CARTESIAN_POINT('',(1.154915161555E0,4.673928702281E0,4.200083880373E0));
#3212=VERTEX_POINT('',#3211);
#3213=CARTESIAN_POINT('',(9.55E-1,4.475E0,2.85E0));
#3214=CARTESIAN_POINT('',(9.55E-1,4.475E0,4.2E0));
#3215=VERTEX_POINT('',#3213);
#3216=VERTEX_POINT('',#3214);
#3217=CARTESIAN_POINT('',(1.155E0,4.675E0,2.85E0));
#3218=VERTEX_POINT('',#3217);
#3219=CARTESIAN_POINT('',(-9.55E-1,4.475E0,4.2E0));
#3220=CARTESIAN_POINT('',(-9.55E-1,4.475E0,2.85E0));
#3221=VERTEX_POINT('',#3219);
#3222=VERTEX_POINT('',#3220);
#3223=CARTESIAN_POINT('',(-1.155E0,4.675E0,2.85E0));
#3224=VERTEX_POINT('',#3223);
#3225=CARTESIAN_POINT('',(-8.45E0,2.675E0,8.1E0));
#3226=CARTESIAN_POINT('',(-8.65E0,2.475E0,8.1E0));
#3227=VERTEX_POINT('',#3225);
#3228=VERTEX_POINT('',#3226);
#3229=CARTESIAN_POINT('',(-8.65E0,2.475E0,-3.1E0));
#3230=VERTEX_POINT('',#3229);
#3231=CARTESIAN_POINT('',(-8.45E0,2.675E0,-3.1E0));
#3232=VERTEX_POINT('',#3231);
#3233=CARTESIAN_POINT('',(8.45E0,2.675E0,-3.1E0));
#3234=CARTESIAN_POINT('',(8.65E0,2.475E0,-3.1E0));
#3235=VERTEX_POINT('',#3233);
#3236=VERTEX_POINT('',#3234);
#3237=CARTESIAN_POINT('',(8.65E0,2.475E0,8.1E0));
#3238=VERTEX_POINT('',#3237);
#3239=CARTESIAN_POINT('',(8.45E0,2.675E0,8.1E0));
#3240=VERTEX_POINT('',#3239);
#3241=CARTESIAN_POINT('',(-3.9E0,5.235E0,2.85E0));
#3242=CARTESIAN_POINT('',(-3.15E0,5.985E0,2.85E0));
#3243=VERTEX_POINT('',#3241);
#3244=VERTEX_POINT('',#3242);
#3245=CARTESIAN_POINT('',(-3.15E0,5.985E0,1.025E1));
#3246=VERTEX_POINT('',#3245);
#3247=CARTESIAN_POINT('',(-3.9E0,5.235E0,1.025E1));
#3248=VERTEX_POINT('',#3247);
#3249=CARTESIAN_POINT('',(3.9E0,5.235E0,1.025E1));
#3250=CARTESIAN_POINT('',(3.15E0,5.985E0,1.025E1));
#3251=VERTEX_POINT('',#3249);
#3252=VERTEX_POINT('',#3250);
#3253=CARTESIAN_POINT('',(3.15E0,5.985E0,2.85E0));
#3254=VERTEX_POINT('',#3253);
#3255=CARTESIAN_POINT('',(3.9E0,5.235E0,2.85E0));
#3256=VERTEX_POINT('',#3255);
#3257=CARTESIAN_POINT('',(-8.65E0,5.E-1,8.1E0));
#3258=VERTEX_POINT('',#3257);
#3259=CARTESIAN_POINT('',(8.65E0,5.E-1,8.1E0));
#3260=VERTEX_POINT('',#3259);
#3261=CARTESIAN_POINT('',(-6.4E0,-2.975E0,6.6E0));
#3262=CARTESIAN_POINT('',(-6.4E0,-2.975E0,-1.6E0));
#3263=VERTEX_POINT('',#3261);
#3264=VERTEX_POINT('',#3262);
#3265=CARTESIAN_POINT('',(-5.2E0,-2.975E0,-1.6E0));
#3266=VERTEX_POINT('',#3265);
#3267=CARTESIAN_POINT('',(-5.2E0,-2.975E0,6.6E0));
#3268=VERTEX_POINT('',#3267);
#3269=CARTESIAN_POINT('',(6.4E0,-2.975E0,6.6E0));
#3270=CARTESIAN_POINT('',(5.2E0,-2.975E0,6.6E0));
#3271=VERTEX_POINT('',#3269);
#3272=VERTEX_POINT('',#3270);
#3273=CARTESIAN_POINT('',(5.2E0,-2.975E0,-1.6E0));
#3274=VERTEX_POINT('',#3273);
#3275=CARTESIAN_POINT('',(6.4E0,-2.975E0,-1.6E0));
#3276=VERTEX_POINT('',#3275);
#3277=CARTESIAN_POINT('',(-6.4E0,-2.675E0,-1.6E0));
#3278=CARTESIAN_POINT('',(-5.2E0,-2.675E0,-1.6E0));
#3279=VERTEX_POINT('',#3277);
#3280=VERTEX_POINT('',#3278);
#3281=CARTESIAN_POINT('',(-5.2E0,-2.675E0,6.6E0));
#3282=VERTEX_POINT('',#3281);
#3283=CARTESIAN_POINT('',(-6.4E0,-2.675E0,6.6E0));
#3284=VERTEX_POINT('',#3283);
#3285=CARTESIAN_POINT('',(6.4E0,-2.675E0,6.6E0));
#3286=CARTESIAN_POINT('',(5.2E0,-2.675E0,6.6E0));
#3287=VERTEX_POINT('',#3285);
#3288=VERTEX_POINT('',#3286);
#3289=CARTESIAN_POINT('',(5.2E0,-2.675E0,-1.6E0));
#3290=VERTEX_POINT('',#3289);
#3291=CARTESIAN_POINT('',(6.4E0,-2.675E0,-1.6E0));
#3292=VERTEX_POINT('',#3291);
#3293=CARTESIAN_POINT('',(-3.82E0,-5.845E0,4.232606234616E0));
#3294=CARTESIAN_POINT('',(-3.82E0,-5.845E0,4.02E0));
#3295=VERTEX_POINT('',#3293);
#3296=VERTEX_POINT('',#3294);
#3297=CARTESIAN_POINT('',(-4.67E0,-5.845E0,3.17E0));
#3298=VERTEX_POINT('',#3297);
#3299=CARTESIAN_POINT('',(-4.882606234616E0,-5.845E0,3.17E0));
#3300=VERTEX_POINT('',#3299);
#3301=CARTESIAN_POINT('',(-4.981363822803E0,-5.845E0,3.085714285714E0));
#3302=VERTEX_POINT('',#3301);
#3303=CARTESIAN_POINT('',(-4.981363822803E0,-5.845E0,2.614285714286E0));
#3304=VERTEX_POINT('',#3303);
#3305=CARTESIAN_POINT('',(-4.882606234616E0,-5.845E0,2.53E0));
#3306=VERTEX_POINT('',#3305);
#3307=CARTESIAN_POINT('',(-4.67E0,-5.845E0,2.53E0));
#3308=VERTEX_POINT('',#3307);
#3309=CARTESIAN_POINT('',(-3.82E0,-5.845E0,1.68E0));
#3310=VERTEX_POINT('',#3309);
#3311=CARTESIAN_POINT('',(-3.82E0,-5.845E0,1.467393765384E0));
#3312=VERTEX_POINT('',#3311);
#3313=CARTESIAN_POINT('',(-3.735714285714E0,-5.845E0,1.368636177197E0));
#3314=VERTEX_POINT('',#3313);
#3315=CARTESIAN_POINT('',(-3.264285714286E0,-5.845E0,1.368636177197E0));
#3316=VERTEX_POINT('',#3315);
#3317=CARTESIAN_POINT('',(-3.18E0,-5.845E0,1.467393765384E0));
#3318=VERTEX_POINT('',#3317);
#3319=CARTESIAN_POINT('',(-3.18E0,-5.845E0,1.68E0));
#3320=VERTEX_POINT('',#3319);
#3321=CARTESIAN_POINT('',(-2.33E0,-5.845E0,2.53E0));
#3322=VERTEX_POINT('',#3321);
#3323=CARTESIAN_POINT('',(-2.117393765384E0,-5.845E0,2.53E0));
#3324=VERTEX_POINT('',#3323);
#3325=CARTESIAN_POINT('',(-2.018636177197E0,-5.845E0,2.614285714286E0));
#3326=VERTEX_POINT('',#3325);
#3327=CARTESIAN_POINT('',(-2.018636177197E0,-5.845E0,3.085714285714E0));
#3328=VERTEX_POINT('',#3327);
#3329=CARTESIAN_POINT('',(-2.117393765384E0,-5.845E0,3.17E0));
#3330=VERTEX_POINT('',#3329);
#3331=CARTESIAN_POINT('',(-2.33E0,-5.845E0,3.17E0));
#3332=VERTEX_POINT('',#3331);
#3333=CARTESIAN_POINT('',(-3.18E0,-5.845E0,4.02E0));
#3334=VERTEX_POINT('',#3333);
#3335=CARTESIAN_POINT('',(-3.18E0,-5.845E0,4.232606234616E0));
#3336=VERTEX_POINT('',#3335);
#3337=CARTESIAN_POINT('',(-3.264285714286E0,-5.845E0,4.331363822803E0));
#3338=VERTEX_POINT('',#3337);
#3339=CARTESIAN_POINT('',(-3.735714285714E0,-5.845E0,4.331363822803E0));
#3340=VERTEX_POINT('',#3339);
#3341=CARTESIAN_POINT('',(-3.82E0,-2.675E0,4.232606234616E0));
#3342=CARTESIAN_POINT('',(-3.82E0,-2.675E0,4.02E0));
#3343=VERTEX_POINT('',#3341);
#3344=VERTEX_POINT('',#3342);
#3345=CARTESIAN_POINT('',(-4.67E0,-2.675E0,3.17E0));
#3346=VERTEX_POINT('',#3345);
#3347=CARTESIAN_POINT('',(-4.882606234616E0,-2.675E0,3.17E0));
#3348=VERTEX_POINT('',#3347);
#3349=CARTESIAN_POINT('',(-4.981363822803E0,-2.675E0,3.085714285714E0));
#3350=VERTEX_POINT('',#3349);
#3351=CARTESIAN_POINT('',(-4.981363822803E0,-2.675E0,2.614285714286E0));
#3352=VERTEX_POINT('',#3351);
#3353=CARTESIAN_POINT('',(-4.882606234616E0,-2.675E0,2.53E0));
#3354=VERTEX_POINT('',#3353);
#3355=CARTESIAN_POINT('',(-4.67E0,-2.675E0,2.53E0));
#3356=VERTEX_POINT('',#3355);
#3357=CARTESIAN_POINT('',(-3.82E0,-2.675E0,1.68E0));
#3358=VERTEX_POINT('',#3357);
#3359=CARTESIAN_POINT('',(-3.82E0,-2.675E0,1.467393765384E0));
#3360=VERTEX_POINT('',#3359);
#3361=CARTESIAN_POINT('',(-3.735714285714E0,-2.675E0,1.368636177197E0));
#3362=VERTEX_POINT('',#3361);
#3363=CARTESIAN_POINT('',(-3.264285714286E0,-2.675E0,1.368636177197E0));
#3364=VERTEX_POINT('',#3363);
#3365=CARTESIAN_POINT('',(-3.18E0,-2.675E0,1.467393765384E0));
#3366=VERTEX_POINT('',#3365);
#3367=CARTESIAN_POINT('',(-3.18E0,-2.675E0,1.68E0));
#3368=VERTEX_POINT('',#3367);
#3369=CARTESIAN_POINT('',(-2.33E0,-2.675E0,2.53E0));
#3370=VERTEX_POINT('',#3369);
#3371=CARTESIAN_POINT('',(-2.117393765384E0,-2.675E0,2.53E0));
#3372=VERTEX_POINT('',#3371);
#3373=CARTESIAN_POINT('',(-2.018636177197E0,-2.675E0,2.614285714286E0));
#3374=VERTEX_POINT('',#3373);
#3375=CARTESIAN_POINT('',(-2.018636177197E0,-2.675E0,3.085714285714E0));
#3376=VERTEX_POINT('',#3375);
#3377=CARTESIAN_POINT('',(-2.117393765384E0,-2.675E0,3.17E0));
#3378=VERTEX_POINT('',#3377);
#3379=CARTESIAN_POINT('',(-2.33E0,-2.675E0,3.17E0));
#3380=VERTEX_POINT('',#3379);
#3381=CARTESIAN_POINT('',(-3.18E0,-2.675E0,4.02E0));
#3382=VERTEX_POINT('',#3381);
#3383=CARTESIAN_POINT('',(-3.18E0,-2.675E0,4.232606234616E0));
#3384=VERTEX_POINT('',#3383);
#3385=CARTESIAN_POINT('',(-3.264285714286E0,-2.675E0,4.331363822803E0));
#3386=VERTEX_POINT('',#3385);
#3387=CARTESIAN_POINT('',(-3.735714285714E0,-2.675E0,4.331363822803E0));
#3388=VERTEX_POINT('',#3387);
#3389=CARTESIAN_POINT('',(-5.5675E0,-7.25E-2,-4.2425E0));
#3390=CARTESIAN_POINT('',(-5.5675E0,-5.725E-1,-4.7425E0));
#3391=VERTEX_POINT('',#3389);
#3392=VERTEX_POINT('',#3390);
#3393=CARTESIAN_POINT('',(-5.5675E0,-5.725E-1,-5.3775E0));
#3394=CARTESIAN_POINT('',(-5.5675E0,5.625E-1,-4.2425E0));
#3395=VERTEX_POINT('',#3393);
#3396=VERTEX_POINT('',#3394);
#3397=CARTESIAN_POINT('',(-4.9325E0,-7.25E-2,-4.2425E0));
#3398=CARTESIAN_POINT('',(-4.9325E0,-5.725E-1,-4.7425E0));
#3399=VERTEX_POINT('',#3397);
#3400=VERTEX_POINT('',#3398);
#3401=CARTESIAN_POINT('',(-4.9325E0,-5.725E-1,-5.3775E0));
#3402=CARTESIAN_POINT('',(-4.9325E0,5.625E-1,-4.2425E0));
#3403=VERTEX_POINT('',#3401);
#3404=VERTEX_POINT('',#3402);
#3405=CARTESIAN_POINT('',(-5.5675E0,-7.25E-2,-3.1E0));
#3406=CARTESIAN_POINT('',(-5.5675E0,5.625E-1,-3.1E0));
#3407=VERTEX_POINT('',#3405);
#3408=VERTEX_POINT('',#3406);
#3409=CARTESIAN_POINT('',(-4.9325E0,-7.25E-2,-3.1E0));
#3410=CARTESIAN_POINT('',(-4.9325E0,5.625E-1,-3.1E0));
#3411=VERTEX_POINT('',#3409);
#3412=VERTEX_POINT('',#3410);
#3413=CARTESIAN_POINT('',(-5.1325E0,1.275E-1,6.4E0));
#3414=VERTEX_POINT('',#3413);
#3415=CARTESIAN_POINT('',(-4.9325E0,-7.25E-2,5.6E0));
#3416=VERTEX_POINT('',#3415);
#3417=CARTESIAN_POINT('',(-5.1325E0,-6.175E0,-4.9425E0));
#3418=VERTEX_POINT('',#3417);
#3419=CARTESIAN_POINT('',(-4.9325E0,-5.375E0,-4.7425E0));
#3420=VERTEX_POINT('',#3419);
#3421=CARTESIAN_POINT('',(-5.5675E0,-5.375E0,-4.7425E0));
#3422=VERTEX_POINT('',#3421);
#3423=CARTESIAN_POINT('',(-5.3675E0,-6.175E0,-4.9425E0));
#3424=VERTEX_POINT('',#3423);
#3425=CARTESIAN_POINT('',(-5.5675E0,-7.25E-2,0.E0));
#3426=VERTEX_POINT('',#3425);
#3427=CARTESIAN_POINT('',(-5.5675E0,5.625E-1,0.E0));
#3428=VERTEX_POINT('',#3427);
#3429=CARTESIAN_POINT('',(-4.9325E0,-7.25E-2,0.E0));
#3430=VERTEX_POINT('',#3429);
#3431=CARTESIAN_POINT('',(-4.9325E0,5.625E-1,0.E0));
#3432=VERTEX_POINT('',#3431);
#3433=CARTESIAN_POINT('',(-3.27E0,-1.275E0,0.E0));
#3434=CARTESIAN_POINT('',(-3.27E0,1.765E0,0.E0));
#3435=VERTEX_POINT('',#3433);
#3436=VERTEX_POINT('',#3434);
#3437=CARTESIAN_POINT('',(-2.3E-1,-1.275E0,0.E0));
#3438=VERTEX_POINT('',#3437);
#3439=CARTESIAN_POINT('',(-2.3E-1,1.765E0,0.E0));
#3440=VERTEX_POINT('',#3439);
#3441=CARTESIAN_POINT('',(-3.340687629105E0,1.835687629105E0,8.1E0));
#3442=CARTESIAN_POINT('',(-3.340687629105E0,-1.345687629105E0,8.1E0));
#3443=VERTEX_POINT('',#3441);
#3444=VERTEX_POINT('',#3442);
#3445=CARTESIAN_POINT('',(-1.593123708949E-1,-1.345687629105E0,8.1E0));
#3446=VERTEX_POINT('',#3445);
#3447=CARTESIAN_POINT('',(-1.593123708949E-1,1.729396857184E0,8.1E0));
#3448=VERTEX_POINT('',#3447);
#3449=CARTESIAN_POINT('',(-2.95E0,1.835687629105E0,8.1E0));
#3450=VERTEX_POINT('',#3449);
#3451=CARTESIAN_POINT('',(-1.933471552788E-1,1.729396857184E0,4.2E0));
#3452=VERTEX_POINT('',#3451);
#3453=CARTESIAN_POINT('',(-1.933471552788E-1,1.801652844721E0,4.2E0));
#3454=VERTEX_POINT('',#3453);
#3455=CARTESIAN_POINT('',(2.3E-1,-1.275E0,0.E0));
#3456=CARTESIAN_POINT('',(2.3E-1,1.765E0,0.E0));
#3457=VERTEX_POINT('',#3455);
#3458=VERTEX_POINT('',#3456);
#3459=CARTESIAN_POINT('',(3.27E0,-1.275E0,0.E0));
#3460=VERTEX_POINT('',#3459);
#3461=CARTESIAN_POINT('',(3.27E0,1.765E0,0.E0));
#3462=VERTEX_POINT('',#3461);
#3463=CARTESIAN_POINT('',(1.593123708949E-1,1.729396857184E0,8.1E0));
#3464=CARTESIAN_POINT('',(1.593123708949E-1,-1.345687629105E0,8.1E0));
#3465=VERTEX_POINT('',#3463);
#3466=VERTEX_POINT('',#3464);
#3467=CARTESIAN_POINT('',(3.340687629105E0,-1.345687629105E0,8.1E0));
#3468=VERTEX_POINT('',#3467);
#3469=CARTESIAN_POINT('',(3.340687629105E0,1.835687629105E0,8.1E0));
#3470=VERTEX_POINT('',#3469);
#3471=CARTESIAN_POINT('',(1.933471552788E-1,1.729396857184E0,4.2E0));
#3472=VERTEX_POINT('',#3471);
#3473=CARTESIAN_POINT('',(1.933471552788E-1,1.801652844721E0,4.2E0));
#3474=VERTEX_POINT('',#3473);
#3475=CARTESIAN_POINT('',(3.73E0,-1.275E0,0.E0));
#3476=CARTESIAN_POINT('',(3.73E0,1.765E0,0.E0));
#3477=VERTEX_POINT('',#3475);
#3478=VERTEX_POINT('',#3476);
#3479=CARTESIAN_POINT('',(6.77E0,1.765E0,0.E0));
#3480=VERTEX_POINT('',#3479);
#3481=CARTESIAN_POINT('',(3.659312370895E0,1.835687629105E0,8.1E0));
#3482=CARTESIAN_POINT('',(3.659312370895E0,-1.345687629105E0,8.1E0));
#3483=VERTEX_POINT('',#3481);
#3484=VERTEX_POINT('',#3482);
#3485=CARTESIAN_POINT('',(6.840687629105E0,1.835687629105E0,8.1E0));
#3486=VERTEX_POINT('',#3485);
#3487=CARTESIAN_POINT('',(3.82E0,-5.845E0,4.232606234616E0));
#3488=CARTESIAN_POINT('',(3.82E0,-5.845E0,4.02E0));
#3489=VERTEX_POINT('',#3487);
#3490=VERTEX_POINT('',#3488);
#3491=CARTESIAN_POINT('',(4.67E0,-5.845E0,3.17E0));
#3492=VERTEX_POINT('',#3491);
#3493=CARTESIAN_POINT('',(4.882606234616E0,-5.845E0,3.17E0));
#3494=VERTEX_POINT('',#3493);
#3495=CARTESIAN_POINT('',(4.981363822803E0,-5.845E0,3.085714285714E0));
#3496=VERTEX_POINT('',#3495);
#3497=CARTESIAN_POINT('',(4.981363822803E0,-5.845E0,2.614285714286E0));
#3498=VERTEX_POINT('',#3497);
#3499=CARTESIAN_POINT('',(4.882606234616E0,-5.845E0,2.53E0));
#3500=VERTEX_POINT('',#3499);
#3501=CARTESIAN_POINT('',(4.67E0,-5.845E0,2.53E0));
#3502=VERTEX_POINT('',#3501);
#3503=CARTESIAN_POINT('',(3.82E0,-5.845E0,1.68E0));
#3504=VERTEX_POINT('',#3503);
#3505=CARTESIAN_POINT('',(3.82E0,-5.845E0,1.467393765384E0));
#3506=VERTEX_POINT('',#3505);
#3507=CARTESIAN_POINT('',(3.735714285714E0,-5.845E0,1.368636177197E0));
#3508=VERTEX_POINT('',#3507);
#3509=CARTESIAN_POINT('',(3.264285714286E0,-5.845E0,1.368636177197E0));
#3510=VERTEX_POINT('',#3509);
#3511=CARTESIAN_POINT('',(3.18E0,-5.845E0,1.467393765384E0));
#3512=VERTEX_POINT('',#3511);
#3513=CARTESIAN_POINT('',(3.18E0,-5.845E0,1.68E0));
#3514=VERTEX_POINT('',#3513);
#3515=CARTESIAN_POINT('',(2.33E0,-5.845E0,2.53E0));
#3516=VERTEX_POINT('',#3515);
#3517=CARTESIAN_POINT('',(2.117393765384E0,-5.845E0,2.53E0));
#3518=VERTEX_POINT('',#3517);
#3519=CARTESIAN_POINT('',(2.018636177197E0,-5.845E0,2.614285714286E0));
#3520=VERTEX_POINT('',#3519);
#3521=CARTESIAN_POINT('',(2.018636177197E0,-5.845E0,3.085714285714E0));
#3522=VERTEX_POINT('',#3521);
#3523=CARTESIAN_POINT('',(2.117393765384E0,-5.845E0,3.17E0));
#3524=VERTEX_POINT('',#3523);
#3525=CARTESIAN_POINT('',(2.33E0,-5.845E0,3.17E0));
#3526=VERTEX_POINT('',#3525);
#3527=CARTESIAN_POINT('',(3.18E0,-5.845E0,4.02E0));
#3528=VERTEX_POINT('',#3527);
#3529=CARTESIAN_POINT('',(3.18E0,-5.845E0,4.232606234616E0));
#3530=VERTEX_POINT('',#3529);
#3531=CARTESIAN_POINT('',(3.264285714286E0,-5.845E0,4.331363822803E0));
#3532=VERTEX_POINT('',#3531);
#3533=CARTESIAN_POINT('',(3.735714285714E0,-5.845E0,4.331363822803E0));
#3534=VERTEX_POINT('',#3533);
#3535=CARTESIAN_POINT('',(3.82E0,-2.675E0,4.232606234616E0));
#3536=VERTEX_POINT('',#3535);
#3537=CARTESIAN_POINT('',(3.82E0,-2.675E0,4.02E0));
#3538=VERTEX_POINT('',#3537);
#3539=CARTESIAN_POINT('',(4.67E0,-2.675E0,3.17E0));
#3540=VERTEX_POINT('',#3539);
#3541=CARTESIAN_POINT('',(4.882606234616E0,-2.675E0,3.17E0));
#3542=VERTEX_POINT('',#3541);
#3543=CARTESIAN_POINT('',(4.981363822803E0,-2.675E0,3.085714285714E0));
#3544=VERTEX_POINT('',#3543);
#3545=CARTESIAN_POINT('',(4.981363822803E0,-2.675E0,2.614285714286E0));
#3546=VERTEX_POINT('',#3545);
#3547=CARTESIAN_POINT('',(4.882606234616E0,-2.675E0,2.53E0));
#3548=VERTEX_POINT('',#3547);
#3549=CARTESIAN_POINT('',(4.67E0,-2.675E0,2.53E0));
#3550=VERTEX_POINT('',#3549);
#3551=CARTESIAN_POINT('',(3.82E0,-2.675E0,1.68E0));
#3552=VERTEX_POINT('',#3551);
#3553=CARTESIAN_POINT('',(3.82E0,-2.675E0,1.467393765384E0));
#3554=VERTEX_POINT('',#3553);
#3555=CARTESIAN_POINT('',(3.735714285714E0,-2.675E0,1.368636177197E0));
#3556=VERTEX_POINT('',#3555);
#3557=CARTESIAN_POINT('',(3.264285714286E0,-2.675E0,1.368636177197E0));
#3558=VERTEX_POINT('',#3557);
#3559=CARTESIAN_POINT('',(3.18E0,-2.675E0,1.467393765384E0));
#3560=VERTEX_POINT('',#3559);
#3561=CARTESIAN_POINT('',(3.18E0,-2.675E0,1.68E0));
#3562=VERTEX_POINT('',#3561);
#3563=CARTESIAN_POINT('',(2.33E0,-2.675E0,2.53E0));
#3564=VERTEX_POINT('',#3563);
#3565=CARTESIAN_POINT('',(2.117393765384E0,-2.675E0,2.53E0));
#3566=VERTEX_POINT('',#3565);
#3567=CARTESIAN_POINT('',(2.018636177197E0,-2.675E0,2.614285714286E0));
#3568=VERTEX_POINT('',#3567);
#3569=CARTESIAN_POINT('',(2.018636177197E0,-2.675E0,3.085714285714E0));
#3570=VERTEX_POINT('',#3569);
#3571=CARTESIAN_POINT('',(2.117393765384E0,-2.675E0,3.17E0));
#3572=VERTEX_POINT('',#3571);
#3573=CARTESIAN_POINT('',(2.33E0,-2.675E0,3.17E0));
#3574=VERTEX_POINT('',#3573);
#3575=CARTESIAN_POINT('',(3.18E0,-2.675E0,4.02E0));
#3576=VERTEX_POINT('',#3575);
#3577=CARTESIAN_POINT('',(3.18E0,-2.675E0,4.232606234616E0));
#3578=VERTEX_POINT('',#3577);
#3579=CARTESIAN_POINT('',(3.264285714286E0,-2.675E0,4.331363822803E0));
#3580=VERTEX_POINT('',#3579);
#3581=CARTESIAN_POINT('',(3.735714285714E0,-2.675E0,4.331363822803E0));
#3582=VERTEX_POINT('',#3581);
#3583=CARTESIAN_POINT('',(2.95E0,1.835687629105E0,8.1E0));
#3584=VERTEX_POINT('',#3583);
#3585=CARTESIAN_POINT('',(-2.0675E0,-7.25E-2,-4.2425E0));
#3586=CARTESIAN_POINT('',(-2.0675E0,-5.725E-1,-4.7425E0));
#3587=VERTEX_POINT('',#3585);
#3588=VERTEX_POINT('',#3586);
#3589=CARTESIAN_POINT('',(-2.0675E0,-5.725E-1,-5.3775E0));
#3590=CARTESIAN_POINT('',(-2.0675E0,5.625E-1,-4.2425E0));
#3591=VERTEX_POINT('',#3589);
#3592=VERTEX_POINT('',#3590);
#3593=CARTESIAN_POINT('',(-1.4325E0,-7.25E-2,-4.2425E0));
#3594=CARTESIAN_POINT('',(-1.4325E0,-5.725E-1,-4.7425E0));
#3595=VERTEX_POINT('',#3593);
#3596=VERTEX_POINT('',#3594);
#3597=CARTESIAN_POINT('',(-1.4325E0,-5.725E-1,-5.3775E0));
#3598=CARTESIAN_POINT('',(-1.4325E0,5.625E-1,-4.2425E0));
#3599=VERTEX_POINT('',#3597);
#3600=VERTEX_POINT('',#3598);
#3601=CARTESIAN_POINT('',(-2.0675E0,-7.25E-2,-3.1E0));
#3602=CARTESIAN_POINT('',(-2.0675E0,5.625E-1,-3.1E0));
#3603=VERTEX_POINT('',#3601);
#3604=VERTEX_POINT('',#3602);
#3605=CARTESIAN_POINT('',(-1.4325E0,-7.25E-2,-3.1E0));
#3606=CARTESIAN_POINT('',(-1.4325E0,5.625E-1,-3.1E0));
#3607=VERTEX_POINT('',#3605);
#3608=VERTEX_POINT('',#3606);
#3609=CARTESIAN_POINT('',(-2.0675E0,-7.25E-2,0.E0));
#3610=CARTESIAN_POINT('',(-2.0675E0,5.625E-1,0.E0));
#3611=VERTEX_POINT('',#3609);
#3612=VERTEX_POINT('',#3610);
#3613=CARTESIAN_POINT('',(-1.4325E0,-7.25E-2,0.E0));
#3614=CARTESIAN_POINT('',(-1.4325E0,5.625E-1,0.E0));
#3615=VERTEX_POINT('',#3613);
#3616=VERTEX_POINT('',#3614);
#3617=CARTESIAN_POINT('',(1.4325E0,-7.25E-2,-4.2425E0));
#3618=CARTESIAN_POINT('',(1.4325E0,-5.725E-1,-4.7425E0));
#3619=VERTEX_POINT('',#3617);
#3620=VERTEX_POINT('',#3618);
#3621=CARTESIAN_POINT('',(1.4325E0,-5.725E-1,-5.3775E0));
#3622=CARTESIAN_POINT('',(1.4325E0,5.625E-1,-4.2425E0));
#3623=VERTEX_POINT('',#3621);
#3624=VERTEX_POINT('',#3622);
#3625=CARTESIAN_POINT('',(2.0675E0,-7.25E-2,-4.2425E0));
#3626=CARTESIAN_POINT('',(2.0675E0,-5.725E-1,-4.7425E0));
#3627=VERTEX_POINT('',#3625);
#3628=VERTEX_POINT('',#3626);
#3629=CARTESIAN_POINT('',(2.0675E0,-5.725E-1,-5.3775E0));
#3630=CARTESIAN_POINT('',(2.0675E0,5.625E-1,-4.2425E0));
#3631=VERTEX_POINT('',#3629);
#3632=VERTEX_POINT('',#3630);
#3633=CARTESIAN_POINT('',(1.4325E0,-7.25E-2,-3.1E0));
#3634=CARTESIAN_POINT('',(1.4325E0,5.625E-1,-3.1E0));
#3635=VERTEX_POINT('',#3633);
#3636=VERTEX_POINT('',#3634);
#3637=CARTESIAN_POINT('',(2.0675E0,-7.25E-2,-3.1E0));
#3638=CARTESIAN_POINT('',(2.0675E0,5.625E-1,-3.1E0));
#3639=VERTEX_POINT('',#3637);
#3640=VERTEX_POINT('',#3638);
#3641=CARTESIAN_POINT('',(1.4325E0,-7.25E-2,0.E0));
#3642=CARTESIAN_POINT('',(1.4325E0,5.625E-1,0.E0));
#3643=VERTEX_POINT('',#3641);
#3644=VERTEX_POINT('',#3642);
#3645=CARTESIAN_POINT('',(2.0675E0,-7.25E-2,0.E0));
#3646=CARTESIAN_POINT('',(2.0675E0,5.625E-1,0.E0));
#3647=VERTEX_POINT('',#3645);
#3648=VERTEX_POINT('',#3646);
#3649=CARTESIAN_POINT('',(4.9325E0,-7.25E-2,-4.2425E0));
#3650=CARTESIAN_POINT('',(4.9325E0,-5.725E-1,-4.7425E0));
#3651=VERTEX_POINT('',#3649);
#3652=VERTEX_POINT('',#3650);
#3653=CARTESIAN_POINT('',(4.9325E0,-5.725E-1,-5.3775E0));
#3654=CARTESIAN_POINT('',(4.9325E0,5.625E-1,-4.2425E0));
#3655=VERTEX_POINT('',#3653);
#3656=VERTEX_POINT('',#3654);
#3657=CARTESIAN_POINT('',(5.5675E0,-7.25E-2,-4.2425E0));
#3658=CARTESIAN_POINT('',(5.5675E0,-5.725E-1,-4.7425E0));
#3659=VERTEX_POINT('',#3657);
#3660=VERTEX_POINT('',#3658);
#3661=CARTESIAN_POINT('',(5.5675E0,-5.725E-1,-5.3775E0));
#3662=CARTESIAN_POINT('',(5.5675E0,5.625E-1,-4.2425E0));
#3663=VERTEX_POINT('',#3661);
#3664=VERTEX_POINT('',#3662);
#3665=CARTESIAN_POINT('',(4.9325E0,-7.25E-2,-3.1E0));
#3666=CARTESIAN_POINT('',(4.9325E0,5.625E-1,-3.1E0));
#3667=VERTEX_POINT('',#3665);
#3668=VERTEX_POINT('',#3666);
#3669=CARTESIAN_POINT('',(5.5675E0,-7.25E-2,-3.1E0));
#3670=CARTESIAN_POINT('',(5.5675E0,5.625E-1,-3.1E0));
#3671=VERTEX_POINT('',#3669);
#3672=VERTEX_POINT('',#3670);
#3673=CARTESIAN_POINT('',(-1.6325E0,3.625E-1,6.4E0));
#3674=CARTESIAN_POINT('',(-1.8675E0,3.625E-1,6.4E0));
#3675=VERTEX_POINT('',#3673);
#3676=VERTEX_POINT('',#3674);
#3677=CARTESIAN_POINT('',(-1.4325E0,5.625E-1,5.6E0));
#3678=CARTESIAN_POINT('',(-2.0675E0,5.625E-1,5.6E0));
#3679=VERTEX_POINT('',#3677);
#3680=VERTEX_POINT('',#3678);
#3681=CARTESIAN_POINT('',(-1.6325E0,1.275E-1,6.4E0));
#3682=VERTEX_POINT('',#3681);
#3683=CARTESIAN_POINT('',(-1.4325E0,-7.25E-2,5.6E0));
#3684=VERTEX_POINT('',#3683);
#3685=CARTESIAN_POINT('',(-2.0675E0,-7.25E-2,5.6E0));
#3686=VERTEX_POINT('',#3685);
#3687=CARTESIAN_POINT('',(-1.8675E0,1.275E-1,6.4E0));
#3688=VERTEX_POINT('',#3687);
#3689=CARTESIAN_POINT('',(-1.4325E0,-5.375E0,-5.3775E0));
#3690=CARTESIAN_POINT('',(-2.0675E0,-5.375E0,-5.3775E0));
#3691=VERTEX_POINT('',#3689);
#3692=VERTEX_POINT('',#3690);
#3693=CARTESIAN_POINT('',(-1.6325E0,-6.175E0,-5.1775E0));
#3694=CARTESIAN_POINT('',(-1.8675E0,-6.175E0,-5.1775E0));
#3695=VERTEX_POINT('',#3693);
#3696=VERTEX_POINT('',#3694);
#3697=CARTESIAN_POINT('',(-1.6325E0,-6.175E0,-4.9425E0));
#3698=VERTEX_POINT('',#3697);
#3699=CARTESIAN_POINT('',(-1.4325E0,-5.375E0,-4.7425E0));
#3700=VERTEX_POINT('',#3699);
#3701=CARTESIAN_POINT('',(-2.0675E0,-5.375E0,-4.7425E0));
#3702=VERTEX_POINT('',#3701);
#3703=CARTESIAN_POINT('',(-1.8675E0,-6.175E0,-4.9425E0));
#3704=VERTEX_POINT('',#3703);
#3705=CARTESIAN_POINT('',(1.8675E0,3.625E-1,6.4E0));
#3706=CARTESIAN_POINT('',(1.6325E0,3.625E-1,6.4E0));
#3707=VERTEX_POINT('',#3705);
#3708=VERTEX_POINT('',#3706);
#3709=CARTESIAN_POINT('',(2.0675E0,5.625E-1,5.6E0));
#3710=CARTESIAN_POINT('',(1.4325E0,5.625E-1,5.6E0));
#3711=VERTEX_POINT('',#3709);
#3712=VERTEX_POINT('',#3710);
#3713=CARTESIAN_POINT('',(1.8675E0,1.275E-1,6.4E0));
#3714=VERTEX_POINT('',#3713);
#3715=CARTESIAN_POINT('',(2.0675E0,-7.25E-2,5.6E0));
#3716=VERTEX_POINT('',#3715);
#3717=CARTESIAN_POINT('',(1.4325E0,-7.25E-2,5.6E0));
#3718=VERTEX_POINT('',#3717);
#3719=CARTESIAN_POINT('',(1.6325E0,1.275E-1,6.4E0));
#3720=VERTEX_POINT('',#3719);
#3721=CARTESIAN_POINT('',(2.0675E0,-5.375E0,-5.3775E0));
#3722=CARTESIAN_POINT('',(1.4325E0,-5.375E0,-5.3775E0));
#3723=VERTEX_POINT('',#3721);
#3724=VERTEX_POINT('',#3722);
#3725=CARTESIAN_POINT('',(1.8675E0,-6.175E0,-5.1775E0));
#3726=CARTESIAN_POINT('',(1.6325E0,-6.175E0,-5.1775E0));
#3727=VERTEX_POINT('',#3725);
#3728=VERTEX_POINT('',#3726);
#3729=CARTESIAN_POINT('',(1.8675E0,-6.175E0,-4.9425E0));
#3730=VERTEX_POINT('',#3729);
#3731=CARTESIAN_POINT('',(2.0675E0,-5.375E0,-4.7425E0));
#3732=VERTEX_POINT('',#3731);
#3733=CARTESIAN_POINT('',(1.4325E0,-5.375E0,-4.7425E0));
#3734=VERTEX_POINT('',#3733);
#3735=CARTESIAN_POINT('',(1.6325E0,-6.175E0,-4.9425E0));
#3736=VERTEX_POINT('',#3735);
#3737=CARTESIAN_POINT('',(5.3675E0,3.625E-1,6.4E0));
#3738=CARTESIAN_POINT('',(5.1325E0,3.625E-1,6.4E0));
#3739=VERTEX_POINT('',#3737);
#3740=VERTEX_POINT('',#3738);
#3741=CARTESIAN_POINT('',(5.5675E0,5.625E-1,5.6E0));
#3742=CARTESIAN_POINT('',(4.9325E0,5.625E-1,5.6E0));
#3743=VERTEX_POINT('',#3741);
#3744=VERTEX_POINT('',#3742);
#3745=CARTESIAN_POINT('',(5.3675E0,1.275E-1,6.4E0));
#3746=VERTEX_POINT('',#3745);
#3747=CARTESIAN_POINT('',(5.5675E0,-7.25E-2,5.6E0));
#3748=VERTEX_POINT('',#3747);
#3749=CARTESIAN_POINT('',(4.9325E0,-7.25E-2,5.6E0));
#3750=VERTEX_POINT('',#3749);
#3751=CARTESIAN_POINT('',(5.1325E0,1.275E-1,6.4E0));
#3752=VERTEX_POINT('',#3751);
#3753=CARTESIAN_POINT('',(5.5675E0,-5.375E0,-5.3775E0));
#3754=CARTESIAN_POINT('',(4.9325E0,-5.375E0,-5.3775E0));
#3755=VERTEX_POINT('',#3753);
#3756=VERTEX_POINT('',#3754);
#3757=CARTESIAN_POINT('',(5.3675E0,-6.175E0,-5.1775E0));
#3758=CARTESIAN_POINT('',(5.1325E0,-6.175E0,-5.1775E0));
#3759=VERTEX_POINT('',#3757);
#3760=VERTEX_POINT('',#3758);
#3761=CARTESIAN_POINT('',(5.3675E0,-6.175E0,-4.9425E0));
#3762=VERTEX_POINT('',#3761);
#3763=CARTESIAN_POINT('',(5.5675E0,-5.375E0,-4.7425E0));
#3764=VERTEX_POINT('',#3763);
#3765=CARTESIAN_POINT('',(4.9325E0,-5.375E0,-4.7425E0));
#3766=VERTEX_POINT('',#3765);
#3767=CARTESIAN_POINT('',(5.1325E0,-6.175E0,-4.9425E0));
#3768=VERTEX_POINT('',#3767);
#3769=CARTESIAN_POINT('',(4.9325E0,-7.25E-2,0.E0));
#3770=VERTEX_POINT('',#3769);
#3771=CARTESIAN_POINT('',(4.9325E0,5.625E-1,0.E0));
#3772=VERTEX_POINT('',#3771);
#3773=CARTESIAN_POINT('',(5.5675E0,-7.25E-2,0.E0));
#3774=VERTEX_POINT('',#3773);
#3775=CARTESIAN_POINT('',(5.5675E0,5.625E-1,0.E0));
#3776=VERTEX_POINT('',#3775);
#3777=CARTESIAN_POINT('',(-7.49E0,-2.675E0,-3.1E0));
#3778=CARTESIAN_POINT('',(-7.49E0,-2.675E0,1.63E0));
#3779=VERTEX_POINT('',#3777);
#3780=VERTEX_POINT('',#3778);
#3781=CARTESIAN_POINT('',(-8.65E0,-2.675E0,1.63E0));
#3782=VERTEX_POINT('',#3781);
#3783=CARTESIAN_POINT('',(-8.65E0,-5.E-1,1.63E0));
#3784=VERTEX_POINT('',#3783);
#3785=CARTESIAN_POINT('',(-8.65E0,5.E-1,1.63E0));
#3786=CARTESIAN_POINT('',(-8.65E0,1.025E0,1.63E0));
#3787=VERTEX_POINT('',#3785);
#3788=VERTEX_POINT('',#3786);
#3789=CARTESIAN_POINT('',(-8.65E0,1.775E0,-3.1E0));
#3790=VERTEX_POINT('',#3789);
#3791=CARTESIAN_POINT('',(-7.49E0,1.775E0,-3.1E0));
#3792=VERTEX_POINT('',#3791);
#3793=CARTESIAN_POINT('',(-7.49E0,1.025E0,1.63E0));
#3794=VERTEX_POINT('',#3793);
#3795=CARTESIAN_POINT('',(7.49E0,-2.675E0,1.63E0));
#3796=CARTESIAN_POINT('',(7.49E0,1.025E0,1.63E0));
#3797=VERTEX_POINT('',#3795);
#3798=VERTEX_POINT('',#3796);
#3799=CARTESIAN_POINT('',(7.49E0,1.775E0,-3.1E0));
#3800=VERTEX_POINT('',#3799);
#3801=CARTESIAN_POINT('',(7.49E0,-2.675E0,-3.1E0));
#3802=VERTEX_POINT('',#3801);
#3803=CARTESIAN_POINT('',(8.65E0,-2.675E0,1.63E0));
#3804=VERTEX_POINT('',#3803);
#3805=CARTESIAN_POINT('',(8.65E0,-5.E-1,1.63E0));
#3806=VERTEX_POINT('',#3805);
#3807=CARTESIAN_POINT('',(8.65E0,5.E-1,1.63E0));
#3808=CARTESIAN_POINT('',(8.65E0,1.025E0,1.63E0));
#3809=VERTEX_POINT('',#3807);
#3810=VERTEX_POINT('',#3808);
#3811=CARTESIAN_POINT('',(8.65E0,1.775E0,-3.1E0));
#3812=VERTEX_POINT('',#3811);
#3813=CARTESIAN_POINT('',(-7.5E0,1.E0,-3.095E0));
#3814=CARTESIAN_POINT('',(-7.5E0,1.E0,-2.342E0));
#3815=VERTEX_POINT('',#3813);
#3816=VERTEX_POINT('',#3814);
#3817=CARTESIAN_POINT('',(-7.5E0,-1.E0,-2.342E0));
#3818=VERTEX_POINT('',#3817);
#3819=CARTESIAN_POINT('',(-7.5E0,-1.E0,-3.095E0));
#3820=VERTEX_POINT('',#3819);
#3821=CARTESIAN_POINT('',(-7.5E0,-2.5E0,-3.095E0));
#3822=VERTEX_POINT('',#3821);
#3823=CARTESIAN_POINT('',(-7.5E0,-4.9E0,2.105E0));
#3824=CARTESIAN_POINT('',(-7.5E0,-5.9E0,2.305E0));
#3825=VERTEX_POINT('',#3823);
#3826=VERTEX_POINT('',#3824);
#3827=CARTESIAN_POINT('',(-7.5E0,-5.9E0,3.405E0));
#3828=VERTEX_POINT('',#3827);
#3829=CARTESIAN_POINT('',(-7.5E0,-4.9E0,3.605E0));
#3830=VERTEX_POINT('',#3829);
#3831=CARTESIAN_POINT('',(-8.E0,1.E0,-3.095E0));
#3832=CARTESIAN_POINT('',(-8.E0,1.E0,-2.342E0));
#3833=VERTEX_POINT('',#3831);
#3834=VERTEX_POINT('',#3832);
#3835=CARTESIAN_POINT('',(-8.E0,-1.E0,-2.342E0));
#3836=VERTEX_POINT('',#3835);
#3837=CARTESIAN_POINT('',(-8.E0,-1.E0,-3.095E0));
#3838=VERTEX_POINT('',#3837);
#3839=CARTESIAN_POINT('',(-8.E0,-2.5E0,-3.095E0));
#3840=VERTEX_POINT('',#3839);
#3841=CARTESIAN_POINT('',(-8.E0,-4.9E0,2.105E0));
#3842=CARTESIAN_POINT('',(-8.E0,-5.9E0,2.305E0));
#3843=VERTEX_POINT('',#3841);
#3844=VERTEX_POINT('',#3842);
#3845=CARTESIAN_POINT('',(-8.E0,-5.9E0,3.405E0));
#3846=VERTEX_POINT('',#3845);
#3847=CARTESIAN_POINT('',(-8.E0,-4.9E0,3.605E0));
#3848=VERTEX_POINT('',#3847);
#3849=CARTESIAN_POINT('',(-8.E0,-3.3E-1,7.4E0));
#3850=CARTESIAN_POINT('',(-8.E0,-3.3E-1,7.85E0));
#3851=VERTEX_POINT('',#3849);
#3852=VERTEX_POINT('',#3850);
#3853=CARTESIAN_POINT('',(-8.E0,3.3E-1,7.85E0));
#3854=VERTEX_POINT('',#3853);
#3855=CARTESIAN_POINT('',(-8.E0,3.3E-1,7.4E0));
#3856=VERTEX_POINT('',#3855);
#3857=CARTESIAN_POINT('',(-7.5E0,-2.675E0,2.105E0));
#3858=CARTESIAN_POINT('',(-7.5E0,-2.675E0,3.605E0));
#3859=VERTEX_POINT('',#3857);
#3860=VERTEX_POINT('',#3858);
#3861=CARTESIAN_POINT('',(-8.E0,-2.675E0,2.105E0));
#3862=CARTESIAN_POINT('',(-8.E0,-2.675E0,3.605E0));
#3863=VERTEX_POINT('',#3861);
#3864=VERTEX_POINT('',#3862);
#3865=CARTESIAN_POINT('',(-8.E0,-5.E-1,1.63E0));
#3866=CARTESIAN_POINT('',(-8.E0,-5.E-1,7.4E0));
#3867=VERTEX_POINT('',#3865);
#3868=VERTEX_POINT('',#3866);
#3869=CARTESIAN_POINT('',(-7.5E0,-5.E-1,7.4E0));
#3870=VERTEX_POINT('',#3869);
#3871=CARTESIAN_POINT('',(-7.5E0,-3.3E-1,7.4E0));
#3872=VERTEX_POINT('',#3871);
#3873=CARTESIAN_POINT('',(-7.5E0,-3.3E-1,7.85E0));
#3874=VERTEX_POINT('',#3873);
#3875=CARTESIAN_POINT('',(-7.5E0,3.3E-1,7.85E0));
#3876=VERTEX_POINT('',#3875);
#3877=CARTESIAN_POINT('',(-7.5E0,3.3E-1,7.4E0));
#3878=VERTEX_POINT('',#3877);
#3879=CARTESIAN_POINT('',(-7.5E0,5.E-1,7.4E0));
#3880=VERTEX_POINT('',#3879);
#3881=CARTESIAN_POINT('',(-8.E0,5.E-1,1.63E0));
#3882=CARTESIAN_POINT('',(-8.E0,5.E-1,7.4E0));
#3883=VERTEX_POINT('',#3881);
#3884=VERTEX_POINT('',#3882);
#3885=CARTESIAN_POINT('',(-8.E0,-2.5E0,1.63E0));
#3886=VERTEX_POINT('',#3885);
#3887=CARTESIAN_POINT('',(-8.E0,1.025E0,1.63E0));
#3888=VERTEX_POINT('',#3887);
#3889=CARTESIAN_POINT('',(-7.5E0,-2.5E0,1.63E0));
#3890=VERTEX_POINT('',#3889);
#3891=CARTESIAN_POINT('',(-8.E0,1.774207188161E0,-3.095E0));
#3892=VERTEX_POINT('',#3891);
#3893=CARTESIAN_POINT('',(-7.5E0,1.774207188161E0,-3.095E0));
#3894=VERTEX_POINT('',#3893);
#3895=CARTESIAN_POINT('',(7.5E0,1.E0,-3.095E0));
#3896=CARTESIAN_POINT('',(7.5E0,1.E0,-2.342E0));
#3897=VERTEX_POINT('',#3895);
#3898=VERTEX_POINT('',#3896);
#3899=CARTESIAN_POINT('',(7.5E0,-1.E0,-2.342E0));
#3900=VERTEX_POINT('',#3899);
#3901=CARTESIAN_POINT('',(7.5E0,-1.E0,-3.095E0));
#3902=VERTEX_POINT('',#3901);
#3903=CARTESIAN_POINT('',(7.5E0,-2.5E0,-3.095E0));
#3904=VERTEX_POINT('',#3903);
#3905=CARTESIAN_POINT('',(7.5E0,-4.9E0,2.105E0));
#3906=CARTESIAN_POINT('',(7.5E0,-5.9E0,2.305E0));
#3907=VERTEX_POINT('',#3905);
#3908=VERTEX_POINT('',#3906);
#3909=CARTESIAN_POINT('',(7.5E0,-5.9E0,3.405E0));
#3910=VERTEX_POINT('',#3909);
#3911=CARTESIAN_POINT('',(7.5E0,-4.9E0,3.605E0));
#3912=VERTEX_POINT('',#3911);
#3913=CARTESIAN_POINT('',(8.E0,1.E0,-3.095E0));
#3914=CARTESIAN_POINT('',(8.E0,1.E0,-2.342E0));
#3915=VERTEX_POINT('',#3913);
#3916=VERTEX_POINT('',#3914);
#3917=CARTESIAN_POINT('',(8.E0,-1.E0,-2.342E0));
#3918=VERTEX_POINT('',#3917);
#3919=CARTESIAN_POINT('',(8.E0,-1.E0,-3.095E0));
#3920=VERTEX_POINT('',#3919);
#3921=CARTESIAN_POINT('',(8.E0,-2.5E0,-3.095E0));
#3922=VERTEX_POINT('',#3921);
#3923=CARTESIAN_POINT('',(8.E0,-4.9E0,2.105E0));
#3924=CARTESIAN_POINT('',(8.E0,-5.9E0,2.305E0));
#3925=VERTEX_POINT('',#3923);
#3926=VERTEX_POINT('',#3924);
#3927=CARTESIAN_POINT('',(8.E0,-5.9E0,3.405E0));
#3928=VERTEX_POINT('',#3927);
#3929=CARTESIAN_POINT('',(8.E0,-4.9E0,3.605E0));
#3930=VERTEX_POINT('',#3929);
#3931=CARTESIAN_POINT('',(8.E0,-3.3E-1,7.4E0));
#3932=CARTESIAN_POINT('',(8.E0,-3.3E-1,7.85E0));
#3933=VERTEX_POINT('',#3931);
#3934=VERTEX_POINT('',#3932);
#3935=CARTESIAN_POINT('',(8.E0,3.3E-1,7.85E0));
#3936=VERTEX_POINT('',#3935);
#3937=CARTESIAN_POINT('',(8.E0,3.3E-1,7.4E0));
#3938=VERTEX_POINT('',#3937);
#3939=CARTESIAN_POINT('',(7.5E0,-2.675E0,2.105E0));
#3940=VERTEX_POINT('',#3939);
#3941=CARTESIAN_POINT('',(7.5E0,-2.675E0,3.605E0));
#3942=VERTEX_POINT('',#3941);
#3943=CARTESIAN_POINT('',(8.E0,1.774207188161E0,-3.095E0));
#3944=VERTEX_POINT('',#3943);
#3945=CARTESIAN_POINT('',(8.E0,-2.5E0,1.63E0));
#3946=VERTEX_POINT('',#3945);
#3947=CARTESIAN_POINT('',(8.E0,-2.675E0,2.105E0));
#3948=VERTEX_POINT('',#3947);
#3949=CARTESIAN_POINT('',(8.E0,-2.675E0,3.605E0));
#3950=VERTEX_POINT('',#3949);
#3951=CARTESIAN_POINT('',(8.E0,-5.E-1,7.4E0));
#3952=VERTEX_POINT('',#3951);
#3953=CARTESIAN_POINT('',(8.E0,5.E-1,7.4E0));
#3954=VERTEX_POINT('',#3953);
#3955=CARTESIAN_POINT('',(7.5E0,-3.3E-1,7.4E0));
#3956=VERTEX_POINT('',#3955);
#3957=CARTESIAN_POINT('',(7.5E0,-3.3E-1,7.85E0));
#3958=VERTEX_POINT('',#3957);
#3959=CARTESIAN_POINT('',(7.5E0,3.3E-1,7.85E0));
#3960=VERTEX_POINT('',#3959);
#3961=CARTESIAN_POINT('',(7.5E0,3.3E-1,7.4E0));
#3962=VERTEX_POINT('',#3961);
#3963=CARTESIAN_POINT('',(8.E0,5.E-1,1.63E0));
#3964=VERTEX_POINT('',#3963);
#3965=CARTESIAN_POINT('',(7.5E0,5.E-1,7.4E0));
#3966=VERTEX_POINT('',#3965);
#3967=CARTESIAN_POINT('',(7.5E0,-5.E-1,7.4E0));
#3968=VERTEX_POINT('',#3967);
#3969=CARTESIAN_POINT('',(8.E0,-5.E-1,1.63E0));
#3970=VERTEX_POINT('',#3969);
#3971=CARTESIAN_POINT('',(8.E0,1.025E0,1.63E0));
#3972=VERTEX_POINT('',#3971);
#3973=CARTESIAN_POINT('',(7.5E0,-2.5E0,1.63E0));
#3974=VERTEX_POINT('',#3973);
#3975=CARTESIAN_POINT('',(7.5E0,1.774207188161E0,-3.095E0));
#3976=VERTEX_POINT('',#3975);
#3977=CARTESIAN_POINT('',(-7.5E0,1.025E0,1.63E0));
#3978=VERTEX_POINT('',#3977);
#3979=CARTESIAN_POINT('',(7.5E0,1.025E0,1.63E0));
#3980=VERTEX_POINT('',#3979);
#3981=CARTESIAN_POINT('',(0.E0,-2.675E0,0.E0));
#3982=DIRECTION('',(0.E0,1.E0,0.E0));
#3983=DIRECTION('',(1.E0,0.E0,0.E0));
#3984=AXIS2_PLACEMENT_3D('',#3981,#3982,#3983);
#3985=PLANE('',#3984);
#3987=ORIENTED_EDGE('',*,*,#3986,.F.);
#3989=ORIENTED_EDGE('',*,*,#3988,.T.);
#3991=ORIENTED_EDGE('',*,*,#3990,.T.);
#3993=ORIENTED_EDGE('',*,*,#3992,.F.);
#3995=ORIENTED_EDGE('',*,*,#3994,.T.);
#3997=ORIENTED_EDGE('',*,*,#3996,.T.);
#3999=ORIENTED_EDGE('',*,*,#3998,.T.);
#4001=ORIENTED_EDGE('',*,*,#4000,.T.);
#4002=EDGE_LOOP('',(#3987,#3989,#3991,#3993,#3995,#3997,#3999,#4001));
#4003=FACE_OUTER_BOUND('',#4002,.F.);
#4005=ORIENTED_EDGE('',*,*,#4004,.T.);
#4007=ORIENTED_EDGE('',*,*,#4006,.T.);
#4009=ORIENTED_EDGE('',*,*,#4008,.F.);
#4011=ORIENTED_EDGE('',*,*,#4010,.T.);
#4012=EDGE_LOOP('',(#4005,#4007,#4009,#4011));
#4013=FACE_BOUND('',#4012,.F.);
#4015=ORIENTED_EDGE('',*,*,#4014,.T.);
#4017=ORIENTED_EDGE('',*,*,#4016,.T.);
#4019=ORIENTED_EDGE('',*,*,#4018,.F.);
#4021=ORIENTED_EDGE('',*,*,#4020,.T.);
#4022=EDGE_LOOP('',(#4015,#4017,#4019,#4021));
#4023=FACE_BOUND('',#4022,.F.);
#4025=ORIENTED_EDGE('',*,*,#4024,.T.);
#4027=ORIENTED_EDGE('',*,*,#4026,.T.);
#4029=ORIENTED_EDGE('',*,*,#4028,.F.);
#4031=ORIENTED_EDGE('',*,*,#4030,.F.);
#4032=EDGE_LOOP('',(#4025,#4027,#4029,#4031));
#4033=FACE_BOUND('',#4032,.F.);
#4035=ORIENTED_EDGE('',*,*,#4034,.F.);
#4037=ORIENTED_EDGE('',*,*,#4036,.T.);
#4039=ORIENTED_EDGE('',*,*,#4038,.T.);
#4041=ORIENTED_EDGE('',*,*,#4040,.F.);
#4042=EDGE_LOOP('',(#4035,#4037,#4039,#4041));
#4043=FACE_BOUND('',#4042,.F.);
#4045=ORIENTED_EDGE('',*,*,#4044,.T.);
#4047=ORIENTED_EDGE('',*,*,#4046,.F.);
#4049=ORIENTED_EDGE('',*,*,#4048,.T.);
#4051=ORIENTED_EDGE('',*,*,#4050,.T.);
#4053=ORIENTED_EDGE('',*,*,#4052,.T.);
#4055=ORIENTED_EDGE('',*,*,#4054,.T.);
#4057=ORIENTED_EDGE('',*,*,#4056,.T.);
#4059=ORIENTED_EDGE('',*,*,#4058,.F.);
#4061=ORIENTED_EDGE('',*,*,#4060,.T.);
#4063=ORIENTED_EDGE('',*,*,#4062,.T.);
#4065=ORIENTED_EDGE('',*,*,#4064,.T.);
#4067=ORIENTED_EDGE('',*,*,#4066,.T.);
#4069=ORIENTED_EDGE('',*,*,#4068,.T.);
#4071=ORIENTED_EDGE('',*,*,#4070,.F.);
#4073=ORIENTED_EDGE('',*,*,#4072,.T.);
#4075=ORIENTED_EDGE('',*,*,#4074,.T.);
#4077=ORIENTED_EDGE('',*,*,#4076,.T.);
#4079=ORIENTED_EDGE('',*,*,#4078,.T.);
#4081=ORIENTED_EDGE('',*,*,#4080,.T.);
#4083=ORIENTED_EDGE('',*,*,#4082,.F.);
#4085=ORIENTED_EDGE('',*,*,#4084,.T.);
#4087=ORIENTED_EDGE('',*,*,#4086,.T.);
#4089=ORIENTED_EDGE('',*,*,#4088,.T.);
#4091=ORIENTED_EDGE('',*,*,#4090,.T.);
#4092=EDGE_LOOP('',(#4045,#4047,#4049,#4051,#4053,#4055,#4057,#4059,#4061,#4063,
#4065,#4067,#4069,#4071,#4073,#4075,#4077,#4079,#4081,#4083,#4085,#4087,#4089,
#4091));
#4093=FACE_BOUND('',#4092,.F.);
#4095=ORIENTED_EDGE('',*,*,#4094,.F.);
#4097=ORIENTED_EDGE('',*,*,#4096,.F.);
#4099=ORIENTED_EDGE('',*,*,#4098,.F.);
#4101=ORIENTED_EDGE('',*,*,#4100,.F.);
#4103=ORIENTED_EDGE('',*,*,#4102,.F.);
#4105=ORIENTED_EDGE('',*,*,#4104,.T.);
#4107=ORIENTED_EDGE('',*,*,#4106,.F.);
#4109=ORIENTED_EDGE('',*,*,#4108,.F.);
#4111=ORIENTED_EDGE('',*,*,#4110,.F.);
#4113=ORIENTED_EDGE('',*,*,#4112,.F.);
#4115=ORIENTED_EDGE('',*,*,#4114,.F.);
#4117=ORIENTED_EDGE('',*,*,#4116,.T.);
#4119=ORIENTED_EDGE('',*,*,#4118,.F.);
#4121=ORIENTED_EDGE('',*,*,#4120,.F.);
#4123=ORIENTED_EDGE('',*,*,#4122,.F.);
#4125=ORIENTED_EDGE('',*,*,#4124,.F.);
#4127=ORIENTED_EDGE('',*,*,#4126,.F.);
#4129=ORIENTED_EDGE('',*,*,#4128,.T.);
#4131=ORIENTED_EDGE('',*,*,#4130,.F.);
#4133=ORIENTED_EDGE('',*,*,#4132,.F.);
#4135=ORIENTED_EDGE('',*,*,#4134,.F.);
#4137=ORIENTED_EDGE('',*,*,#4136,.F.);
#4139=ORIENTED_EDGE('',*,*,#4138,.F.);
#4141=ORIENTED_EDGE('',*,*,#4140,.T.);
#4142=EDGE_LOOP('',(#4095,#4097,#4099,#4101,#4103,#4105,#4107,#4109,#4111,#4113,
#4115,#4117,#4119,#4121,#4123,#4125,#4127,#4129,#4131,#4133,#4135,#4137,#4139,
#4141));
#4143=FACE_BOUND('',#4142,.F.);
#4144=ADVANCED_FACE('',(#4003,#4013,#4023,#4033,#4043,#4093,#4143),#3985,.F.);
#4145=CARTESIAN_POINT('',(-6.4E0,-2.675E0,-1.6E0));
#4146=DIRECTION('',(0.E0,0.E0,-1.E0));
#4147=DIRECTION('',(1.E0,0.E0,0.E0));
#4148=AXIS2_PLACEMENT_3D('',#4145,#4146,#4147);
#4149=PLANE('',#4148);
#4150=ORIENTED_EDGE('',*,*,#4014,.F.);
#4152=ORIENTED_EDGE('',*,*,#4151,.T.);
#4154=ORIENTED_EDGE('',*,*,#4153,.T.);
#4156=ORIENTED_EDGE('',*,*,#4155,.F.);
#4157=EDGE_LOOP('',(#4150,#4152,#4154,#4156));
#4158=FACE_OUTER_BOUND('',#4157,.F.);
#4159=ADVANCED_FACE('',(#4158),#4149,.T.);
#4160=CARTESIAN_POINT('',(-6.4E0,-2.675E0,6.6E0));
#4161=DIRECTION('',(-1.E0,0.E0,0.E0));
#4162=DIRECTION('',(0.E0,0.E0,-1.E0));
#4163=AXIS2_PLACEMENT_3D('',#4160,#4161,#4162);
#4164=PLANE('',#4163);
#4166=ORIENTED_EDGE('',*,*,#4165,.T.);
#4168=ORIENTED_EDGE('',*,*,#4167,.T.);
#4169=ORIENTED_EDGE('',*,*,#4151,.F.);
#4170=ORIENTED_EDGE('',*,*,#4020,.F.);
#4171=EDGE_LOOP('',(#4166,#4168,#4169,#4170));
#4172=FACE_OUTER_BOUND('',#4171,.F.);
#4173=ADVANCED_FACE('',(#4172),#4164,.T.);
#4174=CARTESIAN_POINT('',(-5.2E0,-2.675E0,6.6E0));
#4175=DIRECTION('',(0.E0,0.E0,1.E0));
#4176=DIRECTION('',(-1.E0,0.E0,0.E0));
#4177=AXIS2_PLACEMENT_3D('',#4174,#4175,#4176);
#4178=PLANE('',#4177);
#4179=ORIENTED_EDGE('',*,*,#4018,.T.);
#4181=ORIENTED_EDGE('',*,*,#4180,.T.);
#4183=ORIENTED_EDGE('',*,*,#4182,.T.);
#4184=ORIENTED_EDGE('',*,*,#4165,.F.);
#4185=EDGE_LOOP('',(#4179,#4181,#4183,#4184));
#4186=FACE_OUTER_BOUND('',#4185,.F.);
#4187=ADVANCED_FACE('',(#4186),#4178,.T.);
#4188=CARTESIAN_POINT('',(-5.2E0,-2.675E0,-1.6E0));
#4189=DIRECTION('',(1.E0,0.E0,0.E0));
#4190=DIRECTION('',(0.E0,0.E0,1.E0));
#4191=AXIS2_PLACEMENT_3D('',#4188,#4189,#4190);
#4192=PLANE('',#4191);
#4193=ORIENTED_EDGE('',*,*,#4016,.F.);
#4194=ORIENTED_EDGE('',*,*,#4155,.T.);
#4196=ORIENTED_EDGE('',*,*,#4195,.T.);
#4197=ORIENTED_EDGE('',*,*,#4180,.F.);
#4198=EDGE_LOOP('',(#4193,#4194,#4196,#4197));
#4199=FACE_OUTER_BOUND('',#4198,.F.);
#4200=ADVANCED_FACE('',(#4199),#4192,.T.);
#4201=CARTESIAN_POINT('',(0.E0,-2.975E0,0.E0));
#4202=DIRECTION('',(0.E0,-1.E0,0.E0));
#4203=DIRECTION('',(1.E0,0.E0,0.E0));
#4204=AXIS2_PLACEMENT_3D('',#4201,#4202,#4203);
#4205=PLANE('',#4204);
#4206=ORIENTED_EDGE('',*,*,#4167,.F.);
#4207=ORIENTED_EDGE('',*,*,#4182,.F.);
#4208=ORIENTED_EDGE('',*,*,#4195,.F.);
#4209=ORIENTED_EDGE('',*,*,#4153,.F.);
#4210=EDGE_LOOP('',(#4206,#4207,#4208,#4209));
#4211=FACE_OUTER_BOUND('',#4210,.F.);
#4212=ADVANCED_FACE('',(#4211),#4205,.T.);
#4213=CARTESIAN_POINT('',(0.E0,-2.975E0,0.E0));
#4214=DIRECTION('',(0.E0,-1.E0,0.E0));
#4215=DIRECTION('',(1.E0,0.E0,0.E0));
#4216=AXIS2_PLACEMENT_3D('',#4213,#4214,#4215);
#4217=PLANE('',#4216);
#4219=ORIENTED_EDGE('',*,*,#4218,.F.);
#4221=ORIENTED_EDGE('',*,*,#4220,.F.);
#4223=ORIENTED_EDGE('',*,*,#4222,.F.);
#4225=ORIENTED_EDGE('',*,*,#4224,.F.);
#4226=EDGE_LOOP('',(#4219,#4221,#4223,#4225));
#4227=FACE_OUTER_BOUND('',#4226,.F.);
#4228=ADVANCED_FACE('',(#4227),#4217,.T.);
#4229=CARTESIAN_POINT('',(6.4E0,-2.675E0,6.6E0));
#4230=DIRECTION('',(0.E0,0.E0,1.E0));
#4231=DIRECTION('',(-1.E0,0.E0,0.E0));
#4232=AXIS2_PLACEMENT_3D('',#4229,#4230,#4231);
#4233=PLANE('',#4232);
#4234=ORIENTED_EDGE('',*,*,#4004,.F.);
#4236=ORIENTED_EDGE('',*,*,#4235,.T.);
#4237=ORIENTED_EDGE('',*,*,#4218,.T.);
#4239=ORIENTED_EDGE('',*,*,#4238,.F.);
#4240=EDGE_LOOP('',(#4234,#4236,#4237,#4239));
#4241=FACE_OUTER_BOUND('',#4240,.F.);
#4242=ADVANCED_FACE('',(#4241),#4233,.T.);
#4243=CARTESIAN_POINT('',(6.4E0,-2.675E0,-1.6E0));
#4244=DIRECTION('',(1.E0,0.E0,0.E0));
#4245=DIRECTION('',(0.E0,0.E0,1.E0));
#4246=AXIS2_PLACEMENT_3D('',#4243,#4244,#4245);
#4247=PLANE('',#4246);
#4248=ORIENTED_EDGE('',*,*,#4235,.F.);
#4249=ORIENTED_EDGE('',*,*,#4010,.F.);
#4251=ORIENTED_EDGE('',*,*,#4250,.T.);
#4252=ORIENTED_EDGE('',*,*,#4220,.T.);
#4253=EDGE_LOOP('',(#4248,#4249,#4251,#4252));
#4254=FACE_OUTER_BOUND('',#4253,.F.);
#4255=ADVANCED_FACE('',(#4254),#4247,.T.);
#4256=CARTESIAN_POINT('',(5.2E0,-2.675E0,-1.6E0));
#4257=DIRECTION('',(0.E0,0.E0,-1.E0));
#4258=DIRECTION('',(1.E0,0.E0,0.E0));
#4259=AXIS2_PLACEMENT_3D('',#4256,#4257,#4258);
#4260=PLANE('',#4259);
#4261=ORIENTED_EDGE('',*,*,#4008,.T.);
#4263=ORIENTED_EDGE('',*,*,#4262,.T.);
#4264=ORIENTED_EDGE('',*,*,#4222,.T.);
#4265=ORIENTED_EDGE('',*,*,#4250,.F.);
#4266=EDGE_LOOP('',(#4261,#4263,#4264,#4265));
#4267=FACE_OUTER_BOUND('',#4266,.F.);
#4268=ADVANCED_FACE('',(#4267),#4260,.T.);
#4269=CARTESIAN_POINT('',(5.2E0,-2.675E0,6.6E0));
#4270=DIRECTION('',(-1.E0,0.E0,0.E0));
#4271=DIRECTION('',(0.E0,0.E0,-1.E0));
#4272=AXIS2_PLACEMENT_3D('',#4269,#4270,#4271);
#4273=PLANE('',#4272);
#4274=ORIENTED_EDGE('',*,*,#4006,.F.);
#4275=ORIENTED_EDGE('',*,*,#4238,.T.);
#4276=ORIENTED_EDGE('',*,*,#4224,.T.);
#4277=ORIENTED_EDGE('',*,*,#4262,.F.);
#4278=EDGE_LOOP('',(#4274,#4275,#4276,#4277));
#4279=FACE_OUTER_BOUND('',#4278,.F.);
#4280=ADVANCED_FACE('',(#4279),#4273,.T.);
#4281=CARTESIAN_POINT('',(7.49E0,-2.675E0,0.E0));
#4282=DIRECTION('',(-1.E0,0.E0,0.E0));
#4283=DIRECTION('',(0.E0,0.E0,1.E0));
#4284=AXIS2_PLACEMENT_3D('',#4281,#4282,#4283);
#4285=PLANE('',#4284);
#4287=ORIENTED_EDGE('',*,*,#4286,.T.);
#4289=ORIENTED_EDGE('',*,*,#4288,.T.);
#4291=ORIENTED_EDGE('',*,*,#4290,.F.);
#4292=ORIENTED_EDGE('',*,*,#3986,.T.);
#4293=EDGE_LOOP('',(#4287,#4289,#4291,#4292));
#4294=FACE_OUTER_BOUND('',#4293,.F.);
#4295=ADVANCED_FACE('',(#4294),#4285,.F.);
#4296=CARTESIAN_POINT('',(8.65E0,-2.675E0,1.63E0));
#4297=DIRECTION('',(0.E0,0.E0,-1.E0));
#4298=DIRECTION('',(0.E0,1.E0,0.E0));
#4299=AXIS2_PLACEMENT_3D('',#4296,#4297,#4298);
#4300=PLANE('',#4299);
#4302=ORIENTED_EDGE('',*,*,#4301,.F.);
#4304=ORIENTED_EDGE('',*,*,#4303,.F.);
#4306=ORIENTED_EDGE('',*,*,#4305,.T.);
#4308=ORIENTED_EDGE('',*,*,#4307,.T.);
#4309=ORIENTED_EDGE('',*,*,#4286,.F.);
#4310=ORIENTED_EDGE('',*,*,#4000,.F.);
#4312=ORIENTED_EDGE('',*,*,#4311,.T.);
#4314=ORIENTED_EDGE('',*,*,#4313,.F.);
#4315=EDGE_LOOP('',(#4302,#4304,#4306,#4308,#4309,#4310,#4312,#4314));
#4316=FACE_OUTER_BOUND('',#4315,.F.);
#4317=ADVANCED_FACE('',(#4316),#4300,.T.);
#4318=CARTESIAN_POINT('',(8.65E0,-2.675E0,1.63E0));
#4319=DIRECTION('',(0.E0,0.E0,-1.E0));
#4320=DIRECTION('',(0.E0,1.E0,0.E0));
#4321=AXIS2_PLACEMENT_3D('',#4318,#4319,#4320);
#4322=PLANE('',#4321);
#4324=ORIENTED_EDGE('',*,*,#4323,.F.);
#4326=ORIENTED_EDGE('',*,*,#4325,.F.);
#4328=ORIENTED_EDGE('',*,*,#4327,.T.);
#4330=ORIENTED_EDGE('',*,*,#4329,.T.);
#4331=EDGE_LOOP('',(#4324,#4326,#4328,#4330));
#4332=FACE_OUTER_BOUND('',#4331,.F.);
#4333=ADVANCED_FACE('',(#4332),#4322,.T.);
#4334=CARTESIAN_POINT('',(8.E0,0.E0,0.E0));
#4335=DIRECTION('',(-1.E0,0.E0,0.E0));
#4336=DIRECTION('',(0.E0,0.E0,1.E0));
#4337=AXIS2_PLACEMENT_3D('',#4334,#4335,#4336);
#4338=PLANE('',#4337);
#4340=ORIENTED_EDGE('',*,*,#4339,.T.);
#4342=ORIENTED_EDGE('',*,*,#4341,.T.);
#4344=ORIENTED_EDGE('',*,*,#4343,.T.);
#4346=ORIENTED_EDGE('',*,*,#4345,.T.);
#4348=ORIENTED_EDGE('',*,*,#4347,.T.);
#4350=ORIENTED_EDGE('',*,*,#4349,.T.);
#4351=ORIENTED_EDGE('',*,*,#4301,.T.);
#4353=ORIENTED_EDGE('',*,*,#4352,.T.);
#4355=ORIENTED_EDGE('',*,*,#4354,.T.);
#4357=ORIENTED_EDGE('',*,*,#4356,.T.);
#4359=ORIENTED_EDGE('',*,*,#4358,.T.);
#4361=ORIENTED_EDGE('',*,*,#4360,.T.);
#4363=ORIENTED_EDGE('',*,*,#4362,.T.);
#4365=ORIENTED_EDGE('',*,*,#4364,.F.);
#4366=ORIENTED_EDGE('',*,*,#4323,.T.);
#4368=ORIENTED_EDGE('',*,*,#4367,.T.);
#4369=EDGE_LOOP('',(#4340,#4342,#4344,#4346,#4348,#4350,#4351,#4353,#4355,#4357,
#4359,#4361,#4363,#4365,#4366,#4368));
#4370=FACE_OUTER_BOUND('',#4369,.F.);
#4371=ADVANCED_FACE('',(#4370),#4338,.F.);
#4372=CARTESIAN_POINT('',(8.E0,0.E0,0.E0));
#4373=DIRECTION('',(-1.E0,0.E0,0.E0));
#4374=DIRECTION('',(0.E0,0.E0,1.E0));
#4375=AXIS2_PLACEMENT_3D('',#4372,#4373,#4374);
#4376=PLANE('',#4375);
#4378=ORIENTED_EDGE('',*,*,#4377,.T.);
#4380=ORIENTED_EDGE('',*,*,#4379,.T.);
#4382=ORIENTED_EDGE('',*,*,#4381,.T.);
#4384=ORIENTED_EDGE('',*,*,#4383,.T.);
#4386=ORIENTED_EDGE('',*,*,#4385,.T.);
#4387=ORIENTED_EDGE('',*,*,#4038,.F.);
#4388=EDGE_LOOP('',(#4378,#4380,#4382,#4384,#4386,#4387));
#4389=FACE_OUTER_BOUND('',#4388,.F.);
#4390=ADVANCED_FACE('',(#4389),#4376,.F.);
#4391=CARTESIAN_POINT('',(7.5E0,2.1E0,-3.095E0));
#4392=DIRECTION('',(0.E0,0.E0,1.E0));
#4393=DIRECTION('',(0.E0,-1.E0,0.E0));
#4394=AXIS2_PLACEMENT_3D('',#4391,#4392,#4393);
#4395=PLANE('',#4394);
#4396=ORIENTED_EDGE('',*,*,#4339,.F.);
#4398=ORIENTED_EDGE('',*,*,#4397,.F.);
#4400=ORIENTED_EDGE('',*,*,#4399,.T.);
#4402=ORIENTED_EDGE('',*,*,#4401,.T.);
#4403=EDGE_LOOP('',(#4396,#4398,#4400,#4402));
#4404=FACE_OUTER_BOUND('',#4403,.F.);
#4405=ADVANCED_FACE('',(#4404),#4395,.F.);
#4406=CARTESIAN_POINT('',(8.65E0,1.025E0,1.63E0));
#4407=DIRECTION('',(0.E0,-9.876611736113E-1,-1.566058943358E-1));
#4408=DIRECTION('',(0.E0,1.566058943358E-1,-9.876611736113E-1));
#4409=AXIS2_PLACEMENT_3D('',#4406,#4407,#4408);
#4410=PLANE('',#4409);
#4411=ORIENTED_EDGE('',*,*,#4367,.F.);
#4412=ORIENTED_EDGE('',*,*,#4329,.F.);
#4414=ORIENTED_EDGE('',*,*,#4413,.T.);
#4416=ORIENTED_EDGE('',*,*,#4415,.T.);
#4417=ORIENTED_EDGE('',*,*,#4288,.F.);
#4418=ORIENTED_EDGE('',*,*,#4307,.F.);
#4420=ORIENTED_EDGE('',*,*,#4419,.T.);
#4421=ORIENTED_EDGE('',*,*,#4397,.T.);
#4422=EDGE_LOOP('',(#4411,#4412,#4414,#4416,#4417,#4418,#4420,#4421));
#4423=FACE_OUTER_BOUND('',#4422,.F.);
#4424=ADVANCED_FACE('',(#4423),#4410,.T.);
#4425=CARTESIAN_POINT('',(8.65E0,-2.675E0,8.1E0));
#4426=DIRECTION('',(1.E0,0.E0,0.E0));
#4427=DIRECTION('',(0.E0,0.E0,-1.E0));
#4428=AXIS2_PLACEMENT_3D('',#4425,#4426,#4427);
#4429=PLANE('',#4428);
#4430=ORIENTED_EDGE('',*,*,#4311,.F.);
#4431=ORIENTED_EDGE('',*,*,#3998,.F.);
#4433=ORIENTED_EDGE('',*,*,#4432,.T.);
#4435=ORIENTED_EDGE('',*,*,#4434,.T.);
#4436=EDGE_LOOP('',(#4430,#4431,#4433,#4435));
#4437=FACE_OUTER_BOUND('',#4436,.F.);
#4438=ADVANCED_FACE('',(#4437),#4429,.T.);
#4439=CARTESIAN_POINT('',(8.65E0,-2.675E0,8.1E0));
#4440=DIRECTION('',(1.E0,0.E0,0.E0));
#4441=DIRECTION('',(0.E0,0.E0,-1.E0));
#4442=AXIS2_PLACEMENT_3D('',#4439,#4440,#4441);
#4443=PLANE('',#4442);
#4445=ORIENTED_EDGE('',*,*,#4444,.T.);
#4447=ORIENTED_EDGE('',*,*,#4446,.F.);
#4448=ORIENTED_EDGE('',*,*,#4413,.F.);
#4449=ORIENTED_EDGE('',*,*,#4327,.F.);
#4451=ORIENTED_EDGE('',*,*,#4450,.F.);
#4453=ORIENTED_EDGE('',*,*,#4452,.T.);
#4454=EDGE_LOOP('',(#4445,#4447,#4448,#4449,#4451,#4453));
#4455=FACE_OUTER_BOUND('',#4454,.F.);
#4456=ADVANCED_FACE('',(#4455),#4443,.T.);
#4457=CARTESIAN_POINT('',(-8.65E0,-2.675E0,8.1E0));
#4458=DIRECTION('',(0.E0,0.E0,1.E0));
#4459=DIRECTION('',(1.E0,0.E0,0.E0));
#4460=AXIS2_PLACEMENT_3D('',#4457,#4458,#4459);
#4461=PLANE('',#4460);
#4463=ORIENTED_EDGE('',*,*,#4462,.F.);
#4465=ORIENTED_EDGE('',*,*,#4464,.T.);
#4467=ORIENTED_EDGE('',*,*,#4466,.F.);
#4469=ORIENTED_EDGE('',*,*,#4468,.T.);
#4471=ORIENTED_EDGE('',*,*,#4470,.T.);
#4473=ORIENTED_EDGE('',*,*,#4472,.T.);
#4475=ORIENTED_EDGE('',*,*,#4474,.F.);
#4477=ORIENTED_EDGE('',*,*,#4476,.T.);
#4479=ORIENTED_EDGE('',*,*,#4478,.T.);
#4481=ORIENTED_EDGE('',*,*,#4480,.T.);
#4483=ORIENTED_EDGE('',*,*,#4482,.T.);
#4485=ORIENTED_EDGE('',*,*,#4484,.T.);
#4487=ORIENTED_EDGE('',*,*,#4486,.T.);
#4489=ORIENTED_EDGE('',*,*,#4488,.T.);
#4491=ORIENTED_EDGE('',*,*,#4490,.T.);
#4493=ORIENTED_EDGE('',*,*,#4492,.T.);
#4495=ORIENTED_EDGE('',*,*,#4494,.T.);
#4497=ORIENTED_EDGE('',*,*,#4496,.T.);
#4499=ORIENTED_EDGE('',*,*,#4498,.F.);
#4501=ORIENTED_EDGE('',*,*,#4500,.T.);
#4503=ORIENTED_EDGE('',*,*,#4502,.T.);
#4505=ORIENTED_EDGE('',*,*,#4504,.T.);
#4507=ORIENTED_EDGE('',*,*,#4506,.F.);
#4508=ORIENTED_EDGE('',*,*,#4452,.F.);
#4510=ORIENTED_EDGE('',*,*,#4509,.T.);
#4512=ORIENTED_EDGE('',*,*,#4511,.F.);
#4514=ORIENTED_EDGE('',*,*,#4513,.F.);
#4515=ORIENTED_EDGE('',*,*,#4432,.F.);
#4516=ORIENTED_EDGE('',*,*,#3996,.F.);
#4518=ORIENTED_EDGE('',*,*,#4517,.T.);
#4520=ORIENTED_EDGE('',*,*,#4519,.T.);
#4522=ORIENTED_EDGE('',*,*,#4521,.T.);
#4524=ORIENTED_EDGE('',*,*,#4523,.F.);
#4526=ORIENTED_EDGE('',*,*,#4525,.T.);
#4527=EDGE_LOOP('',(#4463,#4465,#4467,#4469,#4471,#4473,#4475,#4477,#4479,#4481,
#4483,#4485,#4487,#4489,#4491,#4493,#4495,#4497,#4499,#4501,#4503,#4505,#4507,
#4508,#4510,#4512,#4514,#4515,#4516,#4518,#4520,#4522,#4524,#4526));
#4528=FACE_OUTER_BOUND('',#4527,.F.);
#4530=ORIENTED_EDGE('',*,*,#4529,.T.);
#4532=ORIENTED_EDGE('',*,*,#4531,.T.);
#4534=ORIENTED_EDGE('',*,*,#4533,.F.);
#4536=ORIENTED_EDGE('',*,*,#4535,.T.);
#4538=ORIENTED_EDGE('',*,*,#4537,.T.);
#4540=ORIENTED_EDGE('',*,*,#4539,.T.);
#4541=EDGE_LOOP('',(#4530,#4532,#4534,#4536,#4538,#4540));
#4542=FACE_BOUND('',#4541,.F.);
#4544=ORIENTED_EDGE('',*,*,#4543,.T.);
#4546=ORIENTED_EDGE('',*,*,#4545,.T.);
#4548=ORIENTED_EDGE('',*,*,#4547,.T.);
#4550=ORIENTED_EDGE('',*,*,#4549,.T.);
#4551=EDGE_LOOP('',(#4544,#4546,#4548,#4550));
#4552=FACE_BOUND('',#4551,.F.);
#4553=ADVANCED_FACE('',(#4528,#4542,#4552),#4461,.T.);
#4554=CARTESIAN_POINT('',(-6.77E0,1.765E0,0.E0));
#4555=DIRECTION('',(-9.999619230642E-1,0.E0,-8.726535498374E-3));
#4556=DIRECTION('',(0.E0,-1.E0,0.E0));
#4557=AXIS2_PLACEMENT_3D('',#4554,#4555,#4556);
#4558=PLANE('',#4557);
#4559=ORIENTED_EDGE('',*,*,#4543,.F.);
#4561=ORIENTED_EDGE('',*,*,#4560,.T.);
#4563=ORIENTED_EDGE('',*,*,#4562,.F.);
#4565=ORIENTED_EDGE('',*,*,#4564,.F.);
#4566=EDGE_LOOP('',(#4559,#4561,#4563,#4565));
#4567=FACE_OUTER_BOUND('',#4566,.F.);
#4568=ADVANCED_FACE('',(#4567),#4558,.F.);
#4569=CARTESIAN_POINT('',(-3.73E0,1.765E0,0.E0));
#4570=DIRECTION('',(0.E0,9.999619230642E-1,-8.726535498374E-3));
#4571=DIRECTION('',(-1.E0,0.E0,0.E0));
#4572=AXIS2_PLACEMENT_3D('',#4569,#4570,#4571);
#4573=PLANE('',#4572);
#4574=ORIENTED_EDGE('',*,*,#4549,.F.);
#4576=ORIENTED_EDGE('',*,*,#4575,.T.);
#4578=ORIENTED_EDGE('',*,*,#4577,.F.);
#4579=ORIENTED_EDGE('',*,*,#4560,.F.);
#4580=EDGE_LOOP('',(#4574,#4576,#4578,#4579));
#4581=FACE_OUTER_BOUND('',#4580,.F.);
#4582=ADVANCED_FACE('',(#4581),#4573,.F.);
#4583=CARTESIAN_POINT('',(-3.73E0,-1.275E0,0.E0));
#4584=DIRECTION('',(9.999619230642E-1,0.E0,-8.726535498374E-3));
#4585=DIRECTION('',(0.E0,1.E0,0.E0));
#4586=AXIS2_PLACEMENT_3D('',#4583,#4584,#4585);
#4587=PLANE('',#4586);
#4588=ORIENTED_EDGE('',*,*,#4547,.F.);
#4590=ORIENTED_EDGE('',*,*,#4589,.T.);
#4592=ORIENTED_EDGE('',*,*,#4591,.F.);
#4593=ORIENTED_EDGE('',*,*,#4575,.F.);
#4594=EDGE_LOOP('',(#4588,#4590,#4592,#4593));
#4595=FACE_OUTER_BOUND('',#4594,.F.);
#4596=ADVANCED_FACE('',(#4595),#4587,.F.);
#4597=CARTESIAN_POINT('',(-6.77E0,-1.275E0,0.E0));
#4598=DIRECTION('',(0.E0,-9.999619230642E-1,-8.726535498374E-3));
#4599=DIRECTION('',(1.E0,0.E0,0.E0));
#4600=AXIS2_PLACEMENT_3D('',#4597,#4598,#4599);
#4601=PLANE('',#4600);
#4602=ORIENTED_EDGE('',*,*,#4545,.F.);
#4603=ORIENTED_EDGE('',*,*,#4564,.T.);
#4605=ORIENTED_EDGE('',*,*,#4604,.F.);
#4606=ORIENTED_EDGE('',*,*,#4589,.F.);
#4607=EDGE_LOOP('',(#4602,#4603,#4605,#4606));
#4608=FACE_OUTER_BOUND('',#4607,.F.);
#4609=ADVANCED_FACE('',(#4608),#4601,.F.);
#4610=CARTESIAN_POINT('',(0.E0,0.E0,0.E0));
#4611=DIRECTION('',(0.E0,0.E0,1.E0));
#4612=DIRECTION('',(1.E0,0.E0,0.E0));
#4613=AXIS2_PLACEMENT_3D('',#4610,#4611,#4612);
#4614=PLANE('',#4613);
#4615=ORIENTED_EDGE('',*,*,#4562,.T.);
#4616=ORIENTED_EDGE('',*,*,#4577,.T.);
#4617=ORIENTED_EDGE('',*,*,#4591,.T.);
#4618=ORIENTED_EDGE('',*,*,#4604,.T.);
#4619=EDGE_LOOP('',(#4615,#4616,#4617,#4618));
#4620=FACE_OUTER_BOUND('',#4619,.F.);
#4622=ORIENTED_EDGE('',*,*,#4621,.F.);
#4624=ORIENTED_EDGE('',*,*,#4623,.T.);
#4626=ORIENTED_EDGE('',*,*,#4625,.T.);
#4628=ORIENTED_EDGE('',*,*,#4627,.F.);
#4629=EDGE_LOOP('',(#4622,#4624,#4626,#4628));
#4630=FACE_BOUND('',#4629,.F.);
#4631=ADVANCED_FACE('',(#4620,#4630),#4614,.T.);
#4632=CARTESIAN_POINT('',(-5.5675E0,0.E0,0.E0));
#4633=DIRECTION('',(1.E0,0.E0,0.E0));
#4634=DIRECTION('',(0.E0,0.E0,-1.E0));
#4635=AXIS2_PLACEMENT_3D('',#4632,#4633,#4634);
#4636=PLANE('',#4635);
#4638=ORIENTED_EDGE('',*,*,#4637,.F.);
#4640=ORIENTED_EDGE('',*,*,#4639,.T.);
#4641=ORIENTED_EDGE('',*,*,#4621,.T.);
#4643=ORIENTED_EDGE('',*,*,#4642,.T.);
#4644=EDGE_LOOP('',(#4638,#4640,#4641,#4643));
#4645=FACE_OUTER_BOUND('',#4644,.F.);
#4646=ADVANCED_FACE('',(#4645),#4636,.F.);
#4647=CARTESIAN_POINT('',(-5.5675E0,0.E0,0.E0));
#4648=DIRECTION('',(1.E0,0.E0,0.E0));
#4649=DIRECTION('',(0.E0,0.E0,-1.E0));
#4650=AXIS2_PLACEMENT_3D('',#4647,#4648,#4649);
#4651=PLANE('',#4650);
#4653=ORIENTED_EDGE('',*,*,#4652,.F.);
#4655=ORIENTED_EDGE('',*,*,#4654,.T.);
#4657=ORIENTED_EDGE('',*,*,#4656,.T.);
#4659=ORIENTED_EDGE('',*,*,#4658,.T.);
#4661=ORIENTED_EDGE('',*,*,#4660,.F.);
#4663=ORIENTED_EDGE('',*,*,#4662,.T.);
#4665=ORIENTED_EDGE('',*,*,#4664,.T.);
#4667=ORIENTED_EDGE('',*,*,#4666,.T.);
#4668=EDGE_LOOP('',(#4653,#4655,#4657,#4659,#4661,#4663,#4665,#4667));
#4669=FACE_OUTER_BOUND('',#4668,.F.);
#4670=ADVANCED_FACE('',(#4669),#4651,.F.);
#4671=CARTESIAN_POINT('',(-5.4675E0,2.45E-1,6.E0));
#4672=DIRECTION('',(-9.701425001453E-1,0.E0,2.425356250363E-1));
#4673=DIRECTION('',(2.425356250363E-1,0.E0,9.701425001453E-1));
#4674=AXIS2_PLACEMENT_3D('',#4671,#4672,#4673);
#4675=PLANE('',#4674);
#4677=ORIENTED_EDGE('',*,*,#4676,.T.);
#4678=ORIENTED_EDGE('',*,*,#4637,.T.);
#4680=ORIENTED_EDGE('',*,*,#4679,.T.);
#4682=ORIENTED_EDGE('',*,*,#4681,.F.);
#4683=EDGE_LOOP('',(#4677,#4678,#4680,#4682));
#4684=FACE_OUTER_BOUND('',#4683,.F.);
#4685=ADVANCED_FACE('',(#4684),#4675,.T.);
#4686=CARTESIAN_POINT('',(-5.25E0,2.75E-2,6.E0));
#4687=DIRECTION('',(0.E0,-9.701425001453E-1,2.425356250363E-1));
#4688=DIRECTION('',(0.E0,2.425356250363E-1,9.701425001453E-1));
#4689=AXIS2_PLACEMENT_3D('',#4686,#4687,#4688);
#4690=PLANE('',#4689);
#4691=ORIENTED_EDGE('',*,*,#4676,.F.);
#4693=ORIENTED_EDGE('',*,*,#4692,.F.);
#4695=ORIENTED_EDGE('',*,*,#4694,.F.);
#4697=ORIENTED_EDGE('',*,*,#4696,.T.);
#4698=EDGE_LOOP('',(#4691,#4693,#4695,#4697));
#4699=FACE_OUTER_BOUND('',#4698,.F.);
#4700=ADVANCED_FACE('',(#4699),#4690,.T.);
#4701=CARTESIAN_POINT('',(-5.5675E0,5.625E-1,6.4E0));
#4702=DIRECTION('',(0.E0,0.E0,1.E0));
#4703=DIRECTION('',(0.E0,-1.E0,0.E0));
#4704=AXIS2_PLACEMENT_3D('',#4701,#4702,#4703);
#4705=PLANE('',#4704);
#4707=ORIENTED_EDGE('',*,*,#4706,.F.);
#4709=ORIENTED_EDGE('',*,*,#4708,.T.);
#4710=ORIENTED_EDGE('',*,*,#4692,.T.);
#4711=ORIENTED_EDGE('',*,*,#4681,.T.);
#4712=EDGE_LOOP('',(#4707,#4709,#4710,#4711));
#4713=FACE_OUTER_BOUND('',#4712,.F.);
#4714=ADVANCED_FACE('',(#4713),#4705,.T.);
#4715=CARTESIAN_POINT('',(-5.25E0,4.625E-1,6.E0));
#4716=DIRECTION('',(0.E0,9.701425001453E-1,2.425356250363E-1));
#4717=DIRECTION('',(0.E0,2.425356250363E-1,-9.701425001453E-1));
#4718=AXIS2_PLACEMENT_3D('',#4715,#4716,#4717);
#4719=PLANE('',#4718);
#4720=ORIENTED_EDGE('',*,*,#4679,.F.);
#4722=ORIENTED_EDGE('',*,*,#4721,.F.);
#4724=ORIENTED_EDGE('',*,*,#4723,.F.);
#4725=ORIENTED_EDGE('',*,*,#4706,.T.);
#4726=EDGE_LOOP('',(#4720,#4722,#4724,#4725));
#4727=FACE_OUTER_BOUND('',#4726,.F.);
#4728=ADVANCED_FACE('',(#4727),#4719,.T.);
#4729=CARTESIAN_POINT('',(-5.5675E0,5.625E-1,-4.2425E0));
#4730=DIRECTION('',(0.E0,1.E0,0.E0));
#4731=DIRECTION('',(0.E0,0.E0,1.E0));
#4732=AXIS2_PLACEMENT_3D('',#4729,#4730,#4731);
#4733=PLANE('',#4732);
#4735=ORIENTED_EDGE('',*,*,#4734,.F.);
#4736=ORIENTED_EDGE('',*,*,#4658,.F.);
#4738=ORIENTED_EDGE('',*,*,#4737,.T.);
#4740=ORIENTED_EDGE('',*,*,#4739,.T.);
#4741=EDGE_LOOP('',(#4735,#4736,#4738,#4740));
#4742=FACE_OUTER_BOUND('',#4741,.F.);
#4743=ADVANCED_FACE('',(#4742),#4733,.T.);
#4744=CARTESIAN_POINT('',(-5.5675E0,5.625E-1,-4.2425E0));
#4745=DIRECTION('',(0.E0,1.E0,0.E0));
#4746=DIRECTION('',(0.E0,0.E0,1.E0));
#4747=AXIS2_PLACEMENT_3D('',#4744,#4745,#4746);
#4748=PLANE('',#4747);
#4749=ORIENTED_EDGE('',*,*,#4721,.T.);
#4750=ORIENTED_EDGE('',*,*,#4642,.F.);
#4751=ORIENTED_EDGE('',*,*,#4627,.T.);
#4753=ORIENTED_EDGE('',*,*,#4752,.T.);
#4754=EDGE_LOOP('',(#4749,#4750,#4751,#4753));
#4755=FACE_OUTER_BOUND('',#4754,.F.);
#4756=ADVANCED_FACE('',(#4755),#4748,.T.);
#4757=CARTESIAN_POINT('',(8.65E0,-2.675E0,-3.1E0));
#4758=DIRECTION('',(0.E0,0.E0,-1.E0));
#4759=DIRECTION('',(-1.E0,0.E0,0.E0));
#4760=AXIS2_PLACEMENT_3D('',#4757,#4758,#4759);
#4761=PLANE('',#4760);
#4763=ORIENTED_EDGE('',*,*,#4762,.F.);
#4765=ORIENTED_EDGE('',*,*,#4764,.F.);
#4767=ORIENTED_EDGE('',*,*,#4766,.T.);
#4769=ORIENTED_EDGE('',*,*,#4768,.F.);
#4770=ORIENTED_EDGE('',*,*,#3988,.F.);
#4771=ORIENTED_EDGE('',*,*,#4290,.T.);
#4772=ORIENTED_EDGE('',*,*,#4415,.F.);
#4773=ORIENTED_EDGE('',*,*,#4446,.T.);
#4775=ORIENTED_EDGE('',*,*,#4774,.F.);
#4777=ORIENTED_EDGE('',*,*,#4776,.T.);
#4778=EDGE_LOOP('',(#4763,#4765,#4767,#4769,#4770,#4771,#4772,#4773,#4775,
#4777));
#4779=FACE_OUTER_BOUND('',#4778,.F.);
#4781=ORIENTED_EDGE('',*,*,#4780,.T.);
#4783=ORIENTED_EDGE('',*,*,#4782,.T.);
#4785=ORIENTED_EDGE('',*,*,#4784,.F.);
#4787=ORIENTED_EDGE('',*,*,#4786,.F.);
#4788=EDGE_LOOP('',(#4781,#4783,#4785,#4787));
#4789=FACE_BOUND('',#4788,.F.);
#4791=ORIENTED_EDGE('',*,*,#4790,.T.);
#4793=ORIENTED_EDGE('',*,*,#4792,.T.);
#4795=ORIENTED_EDGE('',*,*,#4794,.F.);
#4797=ORIENTED_EDGE('',*,*,#4796,.F.);
#4798=EDGE_LOOP('',(#4791,#4793,#4795,#4797));
#4799=FACE_BOUND('',#4798,.F.);
#4801=ORIENTED_EDGE('',*,*,#4800,.T.);
#4803=ORIENTED_EDGE('',*,*,#4802,.T.);
#4805=ORIENTED_EDGE('',*,*,#4804,.F.);
#4807=ORIENTED_EDGE('',*,*,#4806,.F.);
#4808=EDGE_LOOP('',(#4801,#4803,#4805,#4807));
#4809=FACE_BOUND('',#4808,.F.);
#4810=ORIENTED_EDGE('',*,*,#4660,.T.);
#4811=ORIENTED_EDGE('',*,*,#4734,.T.);
#4813=ORIENTED_EDGE('',*,*,#4812,.F.);
#4815=ORIENTED_EDGE('',*,*,#4814,.F.);
#4816=EDGE_LOOP('',(#4810,#4811,#4813,#4815));
#4817=FACE_BOUND('',#4816,.F.);
#4818=ADVANCED_FACE('',(#4779,#4789,#4799,#4809,#4817),#4761,.T.);
#4819=CARTESIAN_POINT('',(-4.9325E0,0.E0,0.E0));
#4820=DIRECTION('',(1.E0,0.E0,0.E0));
#4821=DIRECTION('',(0.E0,0.E0,-1.E0));
#4822=AXIS2_PLACEMENT_3D('',#4819,#4820,#4821);
#4823=PLANE('',#4822);
#4825=ORIENTED_EDGE('',*,*,#4824,.F.);
#4826=ORIENTED_EDGE('',*,*,#4752,.F.);
#4827=ORIENTED_EDGE('',*,*,#4625,.F.);
#4829=ORIENTED_EDGE('',*,*,#4828,.F.);
#4830=EDGE_LOOP('',(#4825,#4826,#4827,#4829));
#4831=FACE_OUTER_BOUND('',#4830,.F.);
#4832=ADVANCED_FACE('',(#4831),#4823,.T.);
#4833=CARTESIAN_POINT('',(-4.9325E0,0.E0,0.E0));
#4834=DIRECTION('',(1.E0,0.E0,0.E0));
#4835=DIRECTION('',(0.E0,0.E0,-1.E0));
#4836=AXIS2_PLACEMENT_3D('',#4833,#4834,#4835);
#4837=PLANE('',#4836);
#4839=ORIENTED_EDGE('',*,*,#4838,.F.);
#4841=ORIENTED_EDGE('',*,*,#4840,.F.);
#4843=ORIENTED_EDGE('',*,*,#4842,.F.);
#4845=ORIENTED_EDGE('',*,*,#4844,.F.);
#4846=ORIENTED_EDGE('',*,*,#4812,.T.);
#4847=ORIENTED_EDGE('',*,*,#4739,.F.);
#4849=ORIENTED_EDGE('',*,*,#4848,.F.);
#4851=ORIENTED_EDGE('',*,*,#4850,.F.);
#4852=EDGE_LOOP('',(#4839,#4841,#4843,#4845,#4846,#4847,#4849,#4851));
#4853=FACE_OUTER_BOUND('',#4852,.F.);
#4854=ADVANCED_FACE('',(#4853),#4837,.T.);
#4855=CARTESIAN_POINT('',(-5.0325E0,2.45E-1,6.E0));
#4856=DIRECTION('',(9.701425001453E-1,0.E0,2.425356250363E-1));
#4857=DIRECTION('',(-2.425356250363E-1,0.E0,9.701425001453E-1));
#4858=AXIS2_PLACEMENT_3D('',#4855,#4856,#4857);
#4859=PLANE('',#4858);
#4860=ORIENTED_EDGE('',*,*,#4723,.T.);
#4861=ORIENTED_EDGE('',*,*,#4824,.T.);
#4862=ORIENTED_EDGE('',*,*,#4694,.T.);
#4863=ORIENTED_EDGE('',*,*,#4708,.F.);
#4864=EDGE_LOOP('',(#4860,#4861,#4862,#4863));
#4865=FACE_OUTER_BOUND('',#4864,.F.);
#4866=ADVANCED_FACE('',(#4865),#4859,.T.);
#4867=CARTESIAN_POINT('',(-5.5675E0,-7.25E-2,6.4E0));
#4868=DIRECTION('',(0.E0,-1.E0,0.E0));
#4869=DIRECTION('',(0.E0,0.E0,-1.E0));
#4870=AXIS2_PLACEMENT_3D('',#4867,#4868,#4869);
#4871=PLANE('',#4870);
#4872=ORIENTED_EDGE('',*,*,#4814,.T.);
#4873=ORIENTED_EDGE('',*,*,#4844,.T.);
#4875=ORIENTED_EDGE('',*,*,#4874,.F.);
#4876=ORIENTED_EDGE('',*,*,#4662,.F.);
#4877=EDGE_LOOP('',(#4872,#4873,#4875,#4876));
#4878=FACE_OUTER_BOUND('',#4877,.F.);
#4879=ADVANCED_FACE('',(#4878),#4871,.T.);
#4880=CARTESIAN_POINT('',(-5.5675E0,-7.25E-2,6.4E0));
#4881=DIRECTION('',(0.E0,-1.E0,0.E0));
#4882=DIRECTION('',(0.E0,0.E0,-1.E0));
#4883=AXIS2_PLACEMENT_3D('',#4880,#4881,#4882);
#4884=PLANE('',#4883);
#4885=ORIENTED_EDGE('',*,*,#4696,.F.);
#4886=ORIENTED_EDGE('',*,*,#4828,.T.);
#4887=ORIENTED_EDGE('',*,*,#4623,.F.);
#4888=ORIENTED_EDGE('',*,*,#4639,.F.);
#4889=EDGE_LOOP('',(#4885,#4886,#4887,#4888));
#4890=FACE_OUTER_BOUND('',#4889,.F.);
#4891=ADVANCED_FACE('',(#4890),#4884,.T.);
#4892=CARTESIAN_POINT('',(-5.5675E0,-5.725E-1,-4.2425E0));
#4893=DIRECTION('',(1.E0,0.E0,0.E0));
#4894=DIRECTION('',(0.E0,0.E0,-1.E0));
#4895=AXIS2_PLACEMENT_3D('',#4892,#4893,#4894);
#4896=CYLINDRICAL_SURFACE('',#4895,5.E-1);
#4897=ORIENTED_EDGE('',*,*,#4664,.F.);
#4898=ORIENTED_EDGE('',*,*,#4874,.T.);
#4899=ORIENTED_EDGE('',*,*,#4842,.T.);
#4901=ORIENTED_EDGE('',*,*,#4900,.F.);
#4902=EDGE_LOOP('',(#4897,#4898,#4899,#4901));
#4903=FACE_OUTER_BOUND('',#4902,.F.);
#4904=ADVANCED_FACE('',(#4903),#4896,.F.);
#4905=CARTESIAN_POINT('',(-5.5675E0,-5.725E-1,-4.7425E0));
#4906=DIRECTION('',(0.E0,0.E0,1.E0));
#4907=DIRECTION('',(0.E0,-1.E0,0.E0));
#4908=AXIS2_PLACEMENT_3D('',#4905,#4906,#4907);
#4909=PLANE('',#4908);
#4911=ORIENTED_EDGE('',*,*,#4910,.T.);
#4912=ORIENTED_EDGE('',*,*,#4666,.F.);
#4913=ORIENTED_EDGE('',*,*,#4900,.T.);
#4914=ORIENTED_EDGE('',*,*,#4840,.T.);
#4915=EDGE_LOOP('',(#4911,#4912,#4913,#4914));
#4916=FACE_OUTER_BOUND('',#4915,.F.);
#4917=ADVANCED_FACE('',(#4916),#4909,.T.);
#4918=CARTESIAN_POINT('',(-5.25E0,-5.775E0,-4.8425E0));
#4919=DIRECTION('',(0.E0,-2.425356250363E-1,9.701425001453E-1));
#4920=DIRECTION('',(0.E0,9.701425001453E-1,2.425356250363E-1));
#4921=AXIS2_PLACEMENT_3D('',#4918,#4919,#4920);
#4922=PLANE('',#4921);
#4923=ORIENTED_EDGE('',*,*,#4910,.F.);
#4925=ORIENTED_EDGE('',*,*,#4924,.F.);
#4927=ORIENTED_EDGE('',*,*,#4926,.T.);
#4929=ORIENTED_EDGE('',*,*,#4928,.T.);
#4930=EDGE_LOOP('',(#4923,#4925,#4927,#4929));
#4931=FACE_OUTER_BOUND('',#4930,.F.);
#4932=ADVANCED_FACE('',(#4931),#4922,.T.);
#4933=CARTESIAN_POINT('',(-5.0325E0,-5.775E0,-5.06E0));
#4934=DIRECTION('',(9.701425001453E-1,-2.425356250363E-1,0.E0));
#4935=DIRECTION('',(-2.425356250363E-1,-9.701425001453E-1,0.E0));
#4936=AXIS2_PLACEMENT_3D('',#4933,#4934,#4935);
#4937=PLANE('',#4936);
#4939=ORIENTED_EDGE('',*,*,#4938,.T.);
#4941=ORIENTED_EDGE('',*,*,#4940,.F.);
#4942=ORIENTED_EDGE('',*,*,#4924,.T.);
#4943=ORIENTED_EDGE('',*,*,#4838,.T.);
#4944=EDGE_LOOP('',(#4939,#4941,#4942,#4943));
#4945=FACE_OUTER_BOUND('',#4944,.F.);
#4946=ADVANCED_FACE('',(#4945),#4937,.T.);
#4947=CARTESIAN_POINT('',(-5.25E0,-5.775E0,-5.2775E0));
#4948=DIRECTION('',(0.E0,-2.425356250363E-1,-9.701425001453E-1));
#4949=DIRECTION('',(0.E0,-9.701425001453E-1,2.425356250363E-1));
#4950=AXIS2_PLACEMENT_3D('',#4947,#4948,#4949);
#4951=PLANE('',#4950);
#4953=ORIENTED_EDGE('',*,*,#4952,.F.);
#4955=ORIENTED_EDGE('',*,*,#4954,.F.);
#4956=ORIENTED_EDGE('',*,*,#4938,.F.);
#4958=ORIENTED_EDGE('',*,*,#4957,.T.);
#4959=EDGE_LOOP('',(#4953,#4955,#4956,#4958));
#4960=FACE_OUTER_BOUND('',#4959,.F.);
#4961=ADVANCED_FACE('',(#4960),#4951,.T.);
#4962=CARTESIAN_POINT('',(-5.4675E0,-5.775E0,-5.06E0));
#4963=DIRECTION('',(-9.701425001453E-1,-2.425356250363E-1,0.E0));
#4964=DIRECTION('',(2.425356250363E-1,-9.701425001453E-1,0.E0));
#4965=AXIS2_PLACEMENT_3D('',#4962,#4963,#4964);
#4966=PLANE('',#4965);
#4967=ORIENTED_EDGE('',*,*,#4952,.T.);
#4968=ORIENTED_EDGE('',*,*,#4652,.T.);
#4969=ORIENTED_EDGE('',*,*,#4928,.F.);
#4971=ORIENTED_EDGE('',*,*,#4970,.F.);
#4972=EDGE_LOOP('',(#4967,#4968,#4969,#4971));
#4973=FACE_OUTER_BOUND('',#4972,.F.);
#4974=ADVANCED_FACE('',(#4973),#4966,.T.);
#4975=CARTESIAN_POINT('',(-5.5675E0,-6.175E0,-4.7425E0));
#4976=DIRECTION('',(0.E0,-1.E0,0.E0));
#4977=DIRECTION('',(0.E0,0.E0,-1.E0));
#4978=AXIS2_PLACEMENT_3D('',#4975,#4976,#4977);
#4979=PLANE('',#4978);
#4980=ORIENTED_EDGE('',*,*,#4954,.T.);
#4981=ORIENTED_EDGE('',*,*,#4970,.T.);
#4982=ORIENTED_EDGE('',*,*,#4926,.F.);
#4983=ORIENTED_EDGE('',*,*,#4940,.T.);
#4984=EDGE_LOOP('',(#4980,#4981,#4982,#4983));
#4985=FACE_OUTER_BOUND('',#4984,.F.);
#4986=ADVANCED_FACE('',(#4985),#4979,.T.);
#4987=CARTESIAN_POINT('',(-5.5675E0,-6.175E0,-5.3775E0));
#4988=DIRECTION('',(0.E0,0.E0,-1.E0));
#4989=DIRECTION('',(0.E0,1.E0,0.E0));
#4990=AXIS2_PLACEMENT_3D('',#4987,#4988,#4989);
#4991=PLANE('',#4990);
#4992=ORIENTED_EDGE('',*,*,#4957,.F.);
#4993=ORIENTED_EDGE('',*,*,#4850,.T.);
#4995=ORIENTED_EDGE('',*,*,#4994,.F.);
#4996=ORIENTED_EDGE('',*,*,#4654,.F.);
#4997=EDGE_LOOP('',(#4992,#4993,#4995,#4996));
#4998=FACE_OUTER_BOUND('',#4997,.F.);
#4999=ADVANCED_FACE('',(#4998),#4991,.T.);
#5000=CARTESIAN_POINT('',(-5.5675E0,-5.725E-1,-4.2425E0));
#5001=DIRECTION('',(1.E0,0.E0,0.E0));
#5002=DIRECTION('',(0.E0,0.E0,-1.E0));
#5003=AXIS2_PLACEMENT_3D('',#5000,#5001,#5002);
#5004=CYLINDRICAL_SURFACE('',#5003,1.135E0);
#5005=ORIENTED_EDGE('',*,*,#4656,.F.);
#5006=ORIENTED_EDGE('',*,*,#4994,.T.);
#5007=ORIENTED_EDGE('',*,*,#4848,.T.);
#5008=ORIENTED_EDGE('',*,*,#4737,.F.);
#5009=EDGE_LOOP('',(#5005,#5006,#5007,#5008));
#5010=FACE_OUTER_BOUND('',#5009,.F.);
#5011=ADVANCED_FACE('',(#5010),#5004,.T.);
#5012=CARTESIAN_POINT('',(-2.0675E0,0.E0,0.E0));
#5013=DIRECTION('',(1.E0,0.E0,0.E0));
#5014=DIRECTION('',(0.E0,0.E0,-1.E0));
#5015=AXIS2_PLACEMENT_3D('',#5012,#5013,#5014);
#5016=PLANE('',#5015);
#5018=ORIENTED_EDGE('',*,*,#5017,.F.);
#5020=ORIENTED_EDGE('',*,*,#5019,.T.);
#5022=ORIENTED_EDGE('',*,*,#5021,.T.);
#5024=ORIENTED_EDGE('',*,*,#5023,.T.);
#5025=EDGE_LOOP('',(#5018,#5020,#5022,#5024));
#5026=FACE_OUTER_BOUND('',#5025,.F.);
#5027=ADVANCED_FACE('',(#5026),#5016,.F.);
#5028=CARTESIAN_POINT('',(-2.0675E0,0.E0,0.E0));
#5029=DIRECTION('',(1.E0,0.E0,0.E0));
#5030=DIRECTION('',(0.E0,0.E0,-1.E0));
#5031=AXIS2_PLACEMENT_3D('',#5028,#5029,#5030);
#5032=PLANE('',#5031);
#5034=ORIENTED_EDGE('',*,*,#5033,.F.);
#5036=ORIENTED_EDGE('',*,*,#5035,.T.);
#5038=ORIENTED_EDGE('',*,*,#5037,.T.);
#5040=ORIENTED_EDGE('',*,*,#5039,.T.);
#5041=ORIENTED_EDGE('',*,*,#4780,.F.);
#5043=ORIENTED_EDGE('',*,*,#5042,.T.);
#5045=ORIENTED_EDGE('',*,*,#5044,.T.);
#5047=ORIENTED_EDGE('',*,*,#5046,.T.);
#5048=EDGE_LOOP('',(#5034,#5036,#5038,#5040,#5041,#5043,#5045,#5047));
#5049=FACE_OUTER_BOUND('',#5048,.F.);
#5050=ADVANCED_FACE('',(#5049),#5032,.F.);
#5051=CARTESIAN_POINT('',(-1.9675E0,2.45E-1,6.E0));
#5052=DIRECTION('',(-9.701425001453E-1,0.E0,2.425356250363E-1));
#5053=DIRECTION('',(2.425356250363E-1,0.E0,9.701425001453E-1));
#5054=AXIS2_PLACEMENT_3D('',#5051,#5052,#5053);
#5055=PLANE('',#5054);
#5057=ORIENTED_EDGE('',*,*,#5056,.F.);
#5059=ORIENTED_EDGE('',*,*,#5058,.T.);
#5060=ORIENTED_EDGE('',*,*,#5017,.T.);
#5062=ORIENTED_EDGE('',*,*,#5061,.T.);
#5063=EDGE_LOOP('',(#5057,#5059,#5060,#5062));
#5064=FACE_OUTER_BOUND('',#5063,.F.);
#5065=ADVANCED_FACE('',(#5064),#5055,.T.);
#5066=CARTESIAN_POINT('',(-2.0675E0,5.625E-1,6.4E0));
#5067=DIRECTION('',(0.E0,0.E0,1.E0));
#5068=DIRECTION('',(0.E0,-1.E0,0.E0));
#5069=AXIS2_PLACEMENT_3D('',#5066,#5067,#5068);
#5070=PLANE('',#5069);
#5072=ORIENTED_EDGE('',*,*,#5071,.F.);
#5074=ORIENTED_EDGE('',*,*,#5073,.T.);
#5076=ORIENTED_EDGE('',*,*,#5075,.T.);
#5077=ORIENTED_EDGE('',*,*,#5056,.T.);
#5078=EDGE_LOOP('',(#5072,#5074,#5076,#5077));
#5079=FACE_OUTER_BOUND('',#5078,.F.);
#5080=ADVANCED_FACE('',(#5079),#5070,.T.);
#5081=CARTESIAN_POINT('',(-1.75E0,4.625E-1,6.E0));
#5082=DIRECTION('',(0.E0,9.701425001453E-1,2.425356250363E-1));
#5083=DIRECTION('',(0.E0,2.425356250363E-1,-9.701425001453E-1));
#5084=AXIS2_PLACEMENT_3D('',#5081,#5082,#5083);
#5085=PLANE('',#5084);
#5086=ORIENTED_EDGE('',*,*,#5071,.T.);
#5087=ORIENTED_EDGE('',*,*,#5061,.F.);
#5089=ORIENTED_EDGE('',*,*,#5088,.F.);
#5091=ORIENTED_EDGE('',*,*,#5090,.F.);
#5092=EDGE_LOOP('',(#5086,#5087,#5089,#5091));
#5093=FACE_OUTER_BOUND('',#5092,.F.);
#5094=ADVANCED_FACE('',(#5093),#5085,.T.);
#5095=CARTESIAN_POINT('',(-2.0675E0,5.625E-1,-4.2425E0));
#5096=DIRECTION('',(0.E0,1.E0,0.E0));
#5097=DIRECTION('',(0.E0,0.E0,1.E0));
#5098=AXIS2_PLACEMENT_3D('',#5095,#5096,#5097);
#5099=PLANE('',#5098);
#5100=ORIENTED_EDGE('',*,*,#4782,.F.);
#5101=ORIENTED_EDGE('',*,*,#5039,.F.);
#5103=ORIENTED_EDGE('',*,*,#5102,.T.);
#5105=ORIENTED_EDGE('',*,*,#5104,.T.);
#5106=EDGE_LOOP('',(#5100,#5101,#5103,#5105));
#5107=FACE_OUTER_BOUND('',#5106,.F.);
#5108=ADVANCED_FACE('',(#5107),#5099,.T.);
#5109=CARTESIAN_POINT('',(-2.0675E0,5.625E-1,-4.2425E0));
#5110=DIRECTION('',(0.E0,1.E0,0.E0));
#5111=DIRECTION('',(0.E0,0.E0,1.E0));
#5112=AXIS2_PLACEMENT_3D('',#5109,#5110,#5111);
#5113=PLANE('',#5112);
#5114=ORIENTED_EDGE('',*,*,#5088,.T.);
#5115=ORIENTED_EDGE('',*,*,#5023,.F.);
#5117=ORIENTED_EDGE('',*,*,#5116,.T.);
#5119=ORIENTED_EDGE('',*,*,#5118,.T.);
#5120=EDGE_LOOP('',(#5114,#5115,#5117,#5119));
#5121=FACE_OUTER_BOUND('',#5120,.F.);
#5122=ADVANCED_FACE('',(#5121),#5113,.T.);
#5123=CARTESIAN_POINT('',(-2.0675E0,-5.725E-1,-4.2425E0));
#5124=DIRECTION('',(1.E0,0.E0,0.E0));
#5125=DIRECTION('',(0.E0,0.E0,-1.E0));
#5126=AXIS2_PLACEMENT_3D('',#5123,#5124,#5125);
#5127=CYLINDRICAL_SURFACE('',#5126,1.135E0);
#5128=ORIENTED_EDGE('',*,*,#5037,.F.);
#5130=ORIENTED_EDGE('',*,*,#5129,.T.);
#5132=ORIENTED_EDGE('',*,*,#5131,.T.);
#5133=ORIENTED_EDGE('',*,*,#5102,.F.);
#5134=EDGE_LOOP('',(#5128,#5130,#5132,#5133));
#5135=FACE_OUTER_BOUND('',#5134,.F.);
#5136=ADVANCED_FACE('',(#5135),#5127,.T.);
#5137=CARTESIAN_POINT('',(-2.0675E0,-6.175E0,-5.3775E0));
#5138=DIRECTION('',(0.E0,0.E0,-1.E0));
#5139=DIRECTION('',(0.E0,1.E0,0.E0));
#5140=AXIS2_PLACEMENT_3D('',#5137,#5138,#5139);
#5141=PLANE('',#5140);
#5143=ORIENTED_EDGE('',*,*,#5142,.F.);
#5145=ORIENTED_EDGE('',*,*,#5144,.T.);
#5146=ORIENTED_EDGE('',*,*,#5129,.F.);
#5147=ORIENTED_EDGE('',*,*,#5035,.F.);
#5148=EDGE_LOOP('',(#5143,#5145,#5146,#5147));
#5149=FACE_OUTER_BOUND('',#5148,.F.);
#5150=ADVANCED_FACE('',(#5149),#5141,.T.);
#5151=CARTESIAN_POINT('',(-1.75E0,-5.775E0,-5.2775E0));
#5152=DIRECTION('',(0.E0,-2.425356250363E-1,-9.701425001453E-1));
#5153=DIRECTION('',(0.E0,-9.701425001453E-1,2.425356250363E-1));
#5154=AXIS2_PLACEMENT_3D('',#5151,#5152,#5153);
#5155=PLANE('',#5154);
#5156=ORIENTED_EDGE('',*,*,#5142,.T.);
#5158=ORIENTED_EDGE('',*,*,#5157,.F.);
#5160=ORIENTED_EDGE('',*,*,#5159,.F.);
#5162=ORIENTED_EDGE('',*,*,#5161,.F.);
#5163=EDGE_LOOP('',(#5156,#5158,#5160,#5162));
#5164=FACE_OUTER_BOUND('',#5163,.F.);
#5165=ADVANCED_FACE('',(#5164),#5155,.T.);
#5166=CARTESIAN_POINT('',(-1.9675E0,-5.775E0,-5.06E0));
#5167=DIRECTION('',(-9.701425001453E-1,-2.425356250363E-1,0.E0));
#5168=DIRECTION('',(2.425356250363E-1,-9.701425001453E-1,0.E0));
#5169=AXIS2_PLACEMENT_3D('',#5166,#5167,#5168);
#5170=PLANE('',#5169);
#5171=ORIENTED_EDGE('',*,*,#5033,.T.);
#5173=ORIENTED_EDGE('',*,*,#5172,.F.);
#5175=ORIENTED_EDGE('',*,*,#5174,.F.);
#5176=ORIENTED_EDGE('',*,*,#5157,.T.);
#5177=EDGE_LOOP('',(#5171,#5173,#5175,#5176));
#5178=FACE_OUTER_BOUND('',#5177,.F.);
#5179=ADVANCED_FACE('',(#5178),#5170,.T.);
#5180=CARTESIAN_POINT('',(-1.75E0,-5.775E0,-4.8425E0));
#5181=DIRECTION('',(0.E0,-2.425356250363E-1,9.701425001453E-1));
#5182=DIRECTION('',(0.E0,9.701425001453E-1,2.425356250363E-1));
#5183=AXIS2_PLACEMENT_3D('',#5180,#5181,#5182);
#5184=PLANE('',#5183);
#5186=ORIENTED_EDGE('',*,*,#5185,.F.);
#5188=ORIENTED_EDGE('',*,*,#5187,.F.);
#5190=ORIENTED_EDGE('',*,*,#5189,.T.);
#5191=ORIENTED_EDGE('',*,*,#5172,.T.);
#5192=EDGE_LOOP('',(#5186,#5188,#5190,#5191));
#5193=FACE_OUTER_BOUND('',#5192,.F.);
#5194=ADVANCED_FACE('',(#5193),#5184,.T.);
#5195=CARTESIAN_POINT('',(-2.0675E0,-5.725E-1,-4.7425E0));
#5196=DIRECTION('',(0.E0,0.E0,1.E0));
#5197=DIRECTION('',(0.E0,-1.E0,0.E0));
#5198=AXIS2_PLACEMENT_3D('',#5195,#5196,#5197);
#5199=PLANE('',#5198);
#5200=ORIENTED_EDGE('',*,*,#5185,.T.);
#5201=ORIENTED_EDGE('',*,*,#5046,.F.);
#5203=ORIENTED_EDGE('',*,*,#5202,.T.);
#5205=ORIENTED_EDGE('',*,*,#5204,.T.);
#5206=EDGE_LOOP('',(#5200,#5201,#5203,#5205));
#5207=FACE_OUTER_BOUND('',#5206,.F.);
#5208=ADVANCED_FACE('',(#5207),#5199,.T.);
#5209=CARTESIAN_POINT('',(-2.0675E0,-5.725E-1,-4.2425E0));
#5210=DIRECTION('',(1.E0,0.E0,0.E0));
#5211=DIRECTION('',(0.E0,0.E0,-1.E0));
#5212=AXIS2_PLACEMENT_3D('',#5209,#5210,#5211);
#5213=CYLINDRICAL_SURFACE('',#5212,5.E-1);
#5214=ORIENTED_EDGE('',*,*,#5044,.F.);
#5216=ORIENTED_EDGE('',*,*,#5215,.T.);
#5218=ORIENTED_EDGE('',*,*,#5217,.T.);
#5219=ORIENTED_EDGE('',*,*,#5202,.F.);
#5220=EDGE_LOOP('',(#5214,#5216,#5218,#5219));
#5221=FACE_OUTER_BOUND('',#5220,.F.);
#5222=ADVANCED_FACE('',(#5221),#5213,.F.);
#5223=CARTESIAN_POINT('',(-2.0675E0,-7.25E-2,6.4E0));
#5224=DIRECTION('',(0.E0,-1.E0,0.E0));
#5225=DIRECTION('',(0.E0,0.E0,-1.E0));
#5226=AXIS2_PLACEMENT_3D('',#5223,#5224,#5225);
#5227=PLANE('',#5226);
#5228=ORIENTED_EDGE('',*,*,#4786,.T.);
#5230=ORIENTED_EDGE('',*,*,#5229,.T.);
#5231=ORIENTED_EDGE('',*,*,#5215,.F.);
#5232=ORIENTED_EDGE('',*,*,#5042,.F.);
#5233=EDGE_LOOP('',(#5228,#5230,#5231,#5232));
#5234=FACE_OUTER_BOUND('',#5233,.F.);
#5235=ADVANCED_FACE('',(#5234),#5227,.T.);
#5236=CARTESIAN_POINT('',(-2.0675E0,-7.25E-2,6.4E0));
#5237=DIRECTION('',(0.E0,-1.E0,0.E0));
#5238=DIRECTION('',(0.E0,0.E0,-1.E0));
#5239=AXIS2_PLACEMENT_3D('',#5236,#5237,#5238);
#5240=PLANE('',#5239);
#5242=ORIENTED_EDGE('',*,*,#5241,.F.);
#5244=ORIENTED_EDGE('',*,*,#5243,.T.);
#5246=ORIENTED_EDGE('',*,*,#5245,.F.);
#5247=ORIENTED_EDGE('',*,*,#5019,.F.);
#5248=EDGE_LOOP('',(#5242,#5244,#5246,#5247));
#5249=FACE_OUTER_BOUND('',#5248,.F.);
#5250=ADVANCED_FACE('',(#5249),#5240,.T.);
#5251=CARTESIAN_POINT('',(-1.4325E0,0.E0,0.E0));
#5252=DIRECTION('',(1.E0,0.E0,0.E0));
#5253=DIRECTION('',(0.E0,0.E0,-1.E0));
#5254=AXIS2_PLACEMENT_3D('',#5251,#5252,#5253);
#5255=PLANE('',#5254);
#5257=ORIENTED_EDGE('',*,*,#5256,.F.);
#5258=ORIENTED_EDGE('',*,*,#5118,.F.);
#5260=ORIENTED_EDGE('',*,*,#5259,.F.);
#5261=ORIENTED_EDGE('',*,*,#5243,.F.);
#5262=EDGE_LOOP('',(#5257,#5258,#5260,#5261));
#5263=FACE_OUTER_BOUND('',#5262,.F.);
#5264=ADVANCED_FACE('',(#5263),#5255,.T.);
#5265=CARTESIAN_POINT('',(-1.4325E0,0.E0,0.E0));
#5266=DIRECTION('',(1.E0,0.E0,0.E0));
#5267=DIRECTION('',(0.E0,0.E0,-1.E0));
#5268=AXIS2_PLACEMENT_3D('',#5265,#5266,#5267);
#5269=PLANE('',#5268);
#5271=ORIENTED_EDGE('',*,*,#5270,.F.);
#5272=ORIENTED_EDGE('',*,*,#5204,.F.);
#5273=ORIENTED_EDGE('',*,*,#5217,.F.);
#5274=ORIENTED_EDGE('',*,*,#5229,.F.);
#5275=ORIENTED_EDGE('',*,*,#4784,.T.);
#5276=ORIENTED_EDGE('',*,*,#5104,.F.);
#5277=ORIENTED_EDGE('',*,*,#5131,.F.);
#5278=ORIENTED_EDGE('',*,*,#5144,.F.);
#5279=EDGE_LOOP('',(#5271,#5272,#5273,#5274,#5275,#5276,#5277,#5278));
#5280=FACE_OUTER_BOUND('',#5279,.F.);
#5281=ADVANCED_FACE('',(#5280),#5269,.T.);
#5282=CARTESIAN_POINT('',(-1.5325E0,2.45E-1,6.E0));
#5283=DIRECTION('',(9.701425001453E-1,0.E0,2.425356250363E-1));
#5284=DIRECTION('',(-2.425356250363E-1,0.E0,9.701425001453E-1));
#5285=AXIS2_PLACEMENT_3D('',#5282,#5283,#5284);
#5286=PLANE('',#5285);
#5287=ORIENTED_EDGE('',*,*,#5073,.F.);
#5288=ORIENTED_EDGE('',*,*,#5090,.T.);
#5289=ORIENTED_EDGE('',*,*,#5256,.T.);
#5291=ORIENTED_EDGE('',*,*,#5290,.T.);
#5292=EDGE_LOOP('',(#5287,#5288,#5289,#5291));
#5293=FACE_OUTER_BOUND('',#5292,.F.);
#5294=ADVANCED_FACE('',(#5293),#5286,.T.);
#5295=CARTESIAN_POINT('',(-1.75E0,2.75E-2,6.E0));
#5296=DIRECTION('',(0.E0,-9.701425001453E-1,2.425356250363E-1));
#5297=DIRECTION('',(0.E0,2.425356250363E-1,9.701425001453E-1));
#5298=AXIS2_PLACEMENT_3D('',#5295,#5296,#5297);
#5299=PLANE('',#5298);
#5300=ORIENTED_EDGE('',*,*,#5241,.T.);
#5301=ORIENTED_EDGE('',*,*,#5058,.F.);
#5302=ORIENTED_EDGE('',*,*,#5075,.F.);
#5303=ORIENTED_EDGE('',*,*,#5290,.F.);
#5304=EDGE_LOOP('',(#5300,#5301,#5302,#5303));
#5305=FACE_OUTER_BOUND('',#5304,.F.);
#5306=ADVANCED_FACE('',(#5305),#5299,.T.);
#5307=CARTESIAN_POINT('',(0.E0,0.E0,0.E0));
#5308=DIRECTION('',(0.E0,0.E0,1.E0));
#5309=DIRECTION('',(1.E0,0.E0,0.E0));
#5310=AXIS2_PLACEMENT_3D('',#5307,#5308,#5309);
#5311=PLANE('',#5310);
#5313=ORIENTED_EDGE('',*,*,#5312,.T.);
#5315=ORIENTED_EDGE('',*,*,#5314,.T.);
#5317=ORIENTED_EDGE('',*,*,#5316,.T.);
#5319=ORIENTED_EDGE('',*,*,#5318,.T.);
#5320=EDGE_LOOP('',(#5313,#5315,#5317,#5319));
#5321=FACE_OUTER_BOUND('',#5320,.F.);
#5322=ORIENTED_EDGE('',*,*,#5021,.F.);
#5323=ORIENTED_EDGE('',*,*,#5245,.T.);
#5324=ORIENTED_EDGE('',*,*,#5259,.T.);
#5325=ORIENTED_EDGE('',*,*,#5116,.F.);
#5326=EDGE_LOOP('',(#5322,#5323,#5324,#5325));
#5327=FACE_BOUND('',#5326,.F.);
#5328=ADVANCED_FACE('',(#5321,#5327),#5311,.T.);
#5329=CARTESIAN_POINT('',(-3.27E0,1.765E0,0.E0));
#5330=DIRECTION('',(-9.999619230642E-1,0.E0,-8.726535498374E-3));
#5331=DIRECTION('',(0.E0,-1.E0,0.E0));
#5332=AXIS2_PLACEMENT_3D('',#5329,#5330,#5331);
#5333=PLANE('',#5332);
#5334=ORIENTED_EDGE('',*,*,#4482,.F.);
#5336=ORIENTED_EDGE('',*,*,#5335,.T.);
#5337=ORIENTED_EDGE('',*,*,#5312,.F.);
#5339=ORIENTED_EDGE('',*,*,#5338,.F.);
#5340=EDGE_LOOP('',(#5334,#5336,#5337,#5339));
#5341=FACE_OUTER_BOUND('',#5340,.F.);
#5342=ADVANCED_FACE('',(#5341),#5333,.F.);
#5343=CARTESIAN_POINT('',(-2.3E-1,1.765E0,0.E0));
#5344=DIRECTION('',(0.E0,9.999619230642E-1,-8.726535498374E-3));
#5345=DIRECTION('',(-1.E0,0.E0,0.E0));
#5346=AXIS2_PLACEMENT_3D('',#5343,#5344,#5345);
#5347=PLANE('',#5346);
#5349=ORIENTED_EDGE('',*,*,#5348,.F.);
#5351=ORIENTED_EDGE('',*,*,#5350,.F.);
#5353=ORIENTED_EDGE('',*,*,#5352,.T.);
#5355=ORIENTED_EDGE('',*,*,#5354,.T.);
#5356=ORIENTED_EDGE('',*,*,#5314,.F.);
#5357=ORIENTED_EDGE('',*,*,#5335,.F.);
#5358=ORIENTED_EDGE('',*,*,#4480,.F.);
#5359=EDGE_LOOP('',(#5349,#5351,#5353,#5355,#5356,#5357,#5358));
#5360=FACE_OUTER_BOUND('',#5359,.F.);
#5361=ADVANCED_FACE('',(#5360),#5347,.F.);
#5362=CARTESIAN_POINT('',(-2.95E0,0.E0,0.E0));
#5363=DIRECTION('',(1.E0,0.E0,0.E0));
#5364=DIRECTION('',(0.E0,0.E0,-1.E0));
#5365=AXIS2_PLACEMENT_3D('',#5362,#5363,#5364);
#5366=PLANE('',#5365);
#5368=ORIENTED_EDGE('',*,*,#5367,.T.);
#5369=ORIENTED_EDGE('',*,*,#5348,.T.);
#5370=ORIENTED_EDGE('',*,*,#4478,.F.);
#5372=ORIENTED_EDGE('',*,*,#5371,.T.);
#5374=ORIENTED_EDGE('',*,*,#5373,.F.);
#5376=ORIENTED_EDGE('',*,*,#5375,.F.);
#5378=ORIENTED_EDGE('',*,*,#5377,.F.);
#5380=ORIENTED_EDGE('',*,*,#5379,.T.);
#5381=EDGE_LOOP('',(#5368,#5369,#5370,#5372,#5374,#5376,#5378,#5380));
#5382=FACE_OUTER_BOUND('',#5381,.F.);
#5383=ADVANCED_FACE('',(#5382),#5366,.T.);
#5384=CARTESIAN_POINT('',(-2.75E0,2.1836776E1,4.4E0));
#5385=DIRECTION('',(0.E0,-1.E0,0.E0));
#5386=DIRECTION('',(-1.E0,0.E0,0.E0));
#5387=AXIS2_PLACEMENT_3D('',#5384,#5385,#5386);
#5388=CYLINDRICAL_SURFACE('',#5387,2.E-1);
#5389=ORIENTED_EDGE('',*,*,#5367,.F.);
#5391=ORIENTED_EDGE('',*,*,#5390,.T.);
#5393=ORIENTED_EDGE('',*,*,#5392,.T.);
#5394=ORIENTED_EDGE('',*,*,#5350,.T.);
#5395=EDGE_LOOP('',(#5389,#5391,#5393,#5394));
#5396=FACE_OUTER_BOUND('',#5395,.F.);
#5397=ADVANCED_FACE('',(#5396),#5388,.F.);
#5398=CARTESIAN_POINT('',(-2.75E0,4.672857404561E0,4.4E0));
#5399=DIRECTION('',(7.071067811865E-1,7.069990853988E-1,-1.234071493983E-2));
#5400=DIRECTION('',(-7.071067811865E-1,7.069990853988E-1,-1.234071493983E-2));
#5401=AXIS2_PLACEMENT_3D('',#5398,#5399,#5400);
#5402=SPHERICAL_SURFACE('',#5401,2.E-1);
#5403=ORIENTED_EDGE('',*,*,#5390,.F.);
#5405=ORIENTED_EDGE('',*,*,#5404,.F.);
#5407=ORIENTED_EDGE('',*,*,#5406,.F.);
#5408=EDGE_LOOP('',(#5403,#5405,#5407));
#5409=FACE_OUTER_BOUND('',#5408,.F.);
#5410=ADVANCED_FACE('',(#5409),#5402,.F.);
#5411=CARTESIAN_POINT('',(-2.75E0,5.134376523399E0,3.084041261007E1));
#5412=DIRECTION('',(0.E0,-1.745240643728E-2,-9.998476951564E-1));
#5413=DIRECTION('',(-1.E0,0.E0,0.E0));
#5414=AXIS2_PLACEMENT_3D('',#5411,#5412,#5413);
#5415=CYLINDRICAL_SURFACE('',#5414,2.E-1);
#5417=ORIENTED_EDGE('',*,*,#5416,.T.);
#5418=ORIENTED_EDGE('',*,*,#5404,.T.);
#5419=ORIENTED_EDGE('',*,*,#5379,.F.);
#5421=ORIENTED_EDGE('',*,*,#5420,.T.);
#5422=EDGE_LOOP('',(#5417,#5418,#5419,#5421));
#5423=FACE_OUTER_BOUND('',#5422,.F.);
#5424=ADVANCED_FACE('',(#5423),#5415,.F.);
#5425=CARTESIAN_POINT('',(-2.95E0,4.869396857184E0,4.2E0));
#5426=DIRECTION('',(0.E0,9.998476951564E-1,-1.745240643728E-2));
#5427=DIRECTION('',(0.E0,1.745240643728E-2,9.998476951564E-1));
#5428=AXIS2_PLACEMENT_3D('',#5425,#5426,#5427);
#5429=PLANE('',#5428);
#5431=ORIENTED_EDGE('',*,*,#5430,.T.);
#5432=ORIENTED_EDGE('',*,*,#5416,.F.);
#5434=ORIENTED_EDGE('',*,*,#5433,.T.);
#5436=ORIENTED_EDGE('',*,*,#5435,.F.);
#5438=ORIENTED_EDGE('',*,*,#5437,.T.);
#5440=ORIENTED_EDGE('',*,*,#5439,.T.);
#5442=ORIENTED_EDGE('',*,*,#5441,.F.);
#5444=ORIENTED_EDGE('',*,*,#5443,.F.);
#5445=EDGE_LOOP('',(#5431,#5432,#5434,#5436,#5438,#5440,#5442,#5444));
#5446=FACE_OUTER_BOUND('',#5445,.F.);
#5447=ADVANCED_FACE('',(#5446),#5429,.F.);
#5448=CARTESIAN_POINT('',(3.120228E1,4.672857404561E0,4.4E0));
#5449=DIRECTION('',(-1.E0,0.E0,0.E0));
#5450=DIRECTION('',(0.E0,9.998476951564E-1,-1.745240643729E-2));
#5451=AXIS2_PLACEMENT_3D('',#5448,#5449,#5450);
#5452=CYLINDRICAL_SURFACE('',#5451,2.E-1);
#5454=ORIENTED_EDGE('',*,*,#5453,.T.);
#5455=ORIENTED_EDGE('',*,*,#5406,.T.);
#5456=ORIENTED_EDGE('',*,*,#5430,.F.);
#5458=ORIENTED_EDGE('',*,*,#5457,.T.);
#5459=EDGE_LOOP('',(#5454,#5455,#5456,#5458));
#5460=FACE_OUTER_BOUND('',#5459,.F.);
#5461=ADVANCED_FACE('',(#5460),#5452,.F.);
#5462=CARTESIAN_POINT('',(-2.95E0,1.729396857184E0,4.2E0));
#5463=DIRECTION('',(0.E0,0.E0,-1.E0));
#5464=DIRECTION('',(0.E0,1.E0,0.E0));
#5465=AXIS2_PLACEMENT_3D('',#5462,#5463,#5464);
#5466=PLANE('',#5465);
#5468=ORIENTED_EDGE('',*,*,#5467,.F.);
#5470=ORIENTED_EDGE('',*,*,#5469,.F.);
#5472=ORIENTED_EDGE('',*,*,#5471,.F.);
#5474=ORIENTED_EDGE('',*,*,#5473,.F.);
#5476=ORIENTED_EDGE('',*,*,#5475,.T.);
#5478=ORIENTED_EDGE('',*,*,#5477,.F.);
#5480=ORIENTED_EDGE('',*,*,#5479,.F.);
#5482=ORIENTED_EDGE('',*,*,#5481,.T.);
#5483=ORIENTED_EDGE('',*,*,#5352,.F.);
#5484=ORIENTED_EDGE('',*,*,#5392,.F.);
#5485=ORIENTED_EDGE('',*,*,#5453,.F.);
#5487=ORIENTED_EDGE('',*,*,#5486,.F.);
#5488=EDGE_LOOP('',(#5468,#5470,#5472,#5474,#5476,#5478,#5480,#5482,#5483,#5484,
#5485,#5487));
#5489=FACE_OUTER_BOUND('',#5488,.F.);
#5490=ADVANCED_FACE('',(#5489),#5466,.F.);
#5491=CARTESIAN_POINT('',(-3.9E0,4.475E0,0.E0));
#5492=DIRECTION('',(0.E0,1.E0,0.E0));
#5493=DIRECTION('',(-1.E0,0.E0,0.E0));
#5494=AXIS2_PLACEMENT_3D('',#5491,#5492,#5493);
#5495=PLANE('',#5494);
#5497=ORIENTED_EDGE('',*,*,#5496,.T.);
#5498=ORIENTED_EDGE('',*,*,#5467,.T.);
#5500=ORIENTED_EDGE('',*,*,#5499,.T.);
#5502=ORIENTED_EDGE('',*,*,#5501,.F.);
#5503=EDGE_LOOP('',(#5497,#5498,#5500,#5502));
#5504=FACE_OUTER_BOUND('',#5503,.F.);
#5505=ADVANCED_FACE('',(#5504),#5495,.T.);
#5506=CARTESIAN_POINT('',(9.55E-1,4.675E0,-2.613545143338E1));
#5507=DIRECTION('',(0.E0,0.E0,1.E0));
#5508=DIRECTION('',(0.E0,-1.E0,0.E0));
#5509=AXIS2_PLACEMENT_3D('',#5506,#5507,#5508);
#5510=CYLINDRICAL_SURFACE('',#5509,2.E-1);
#5511=ORIENTED_EDGE('',*,*,#5496,.F.);
#5513=ORIENTED_EDGE('',*,*,#5512,.T.);
#5515=ORIENTED_EDGE('',*,*,#5514,.T.);
#5516=ORIENTED_EDGE('',*,*,#5469,.T.);
#5517=EDGE_LOOP('',(#5511,#5513,#5515,#5516));
#5518=FACE_OUTER_BOUND('',#5517,.F.);
#5519=ADVANCED_FACE('',(#5518),#5510,.F.);
#5520=CARTESIAN_POINT('',(-3.9E0,2.45E-1,2.85E0));
#5521=DIRECTION('',(0.E0,0.E0,-1.E0));
#5522=DIRECTION('',(0.E0,1.E0,0.E0));
#5523=AXIS2_PLACEMENT_3D('',#5520,#5521,#5522);
#5524=PLANE('',#5523);
#5526=ORIENTED_EDGE('',*,*,#5525,.F.);
#5528=ORIENTED_EDGE('',*,*,#5527,.F.);
#5530=ORIENTED_EDGE('',*,*,#5529,.T.);
#5532=ORIENTED_EDGE('',*,*,#5531,.T.);
#5534=ORIENTED_EDGE('',*,*,#5533,.F.);
#5536=ORIENTED_EDGE('',*,*,#5535,.F.);
#5538=ORIENTED_EDGE('',*,*,#5537,.T.);
#5539=ORIENTED_EDGE('',*,*,#5512,.F.);
#5540=ORIENTED_EDGE('',*,*,#5501,.T.);
#5542=ORIENTED_EDGE('',*,*,#5541,.F.);
#5544=ORIENTED_EDGE('',*,*,#5543,.F.);
#5546=ORIENTED_EDGE('',*,*,#5545,.F.);
#5547=EDGE_LOOP('',(#5526,#5528,#5530,#5532,#5534,#5536,#5538,#5539,#5540,#5542,
#5544,#5546));
#5548=FACE_OUTER_BOUND('',#5547,.F.);
#5549=ADVANCED_FACE('',(#5548),#5524,.T.);
#5550=CARTESIAN_POINT('',(-3.15E0,5.235E0,3.084041261007E1));
#5551=DIRECTION('',(0.E0,0.E0,-1.E0));
#5552=DIRECTION('',(-1.E0,0.E0,0.E0));
#5553=AXIS2_PLACEMENT_3D('',#5550,#5551,#5552);
#5554=CYLINDRICAL_SURFACE('',#5553,7.5E-1);
#5555=ORIENTED_EDGE('',*,*,#5525,.T.);
#5557=ORIENTED_EDGE('',*,*,#5556,.F.);
#5559=ORIENTED_EDGE('',*,*,#5558,.T.);
#5561=ORIENTED_EDGE('',*,*,#5560,.T.);
#5562=EDGE_LOOP('',(#5555,#5557,#5559,#5561));
#5563=FACE_OUTER_BOUND('',#5562,.F.);
#5564=ADVANCED_FACE('',(#5563),#5554,.T.);
#5565=CARTESIAN_POINT('',(-3.9E0,5.985E0,2.85E0));
#5566=DIRECTION('',(0.E0,1.E0,0.E0));
#5567=DIRECTION('',(0.E0,0.E0,1.E0));
#5568=AXIS2_PLACEMENT_3D('',#5565,#5566,#5567);
#5569=PLANE('',#5568);
#5570=ORIENTED_EDGE('',*,*,#5556,.T.);
#5571=ORIENTED_EDGE('',*,*,#5545,.T.);
#5573=ORIENTED_EDGE('',*,*,#5572,.T.);
#5575=ORIENTED_EDGE('',*,*,#5574,.T.);
#5577=ORIENTED_EDGE('',*,*,#5576,.F.);
#5578=ORIENTED_EDGE('',*,*,#5535,.T.);
#5580=ORIENTED_EDGE('',*,*,#5579,.T.);
#5582=ORIENTED_EDGE('',*,*,#5581,.F.);
#5583=EDGE_LOOP('',(#5570,#5571,#5573,#5575,#5577,#5578,#5580,#5582));
#5584=FACE_OUTER_BOUND('',#5583,.F.);
#5585=ADVANCED_FACE('',(#5584),#5569,.T.);
#5586=CARTESIAN_POINT('',(-1.155E0,5.985E0,2.85E0));
#5587=DIRECTION('',(-1.E0,0.E0,0.E0));
#5588=DIRECTION('',(0.E0,0.E0,1.E0));
#5589=AXIS2_PLACEMENT_3D('',#5586,#5587,#5588);
#5590=PLANE('',#5589);
#5592=ORIENTED_EDGE('',*,*,#5591,.F.);
#5593=ORIENTED_EDGE('',*,*,#5457,.F.);
#5594=ORIENTED_EDGE('',*,*,#5443,.T.);
#5596=ORIENTED_EDGE('',*,*,#5595,.F.);
#5597=ORIENTED_EDGE('',*,*,#5572,.F.);
#5598=ORIENTED_EDGE('',*,*,#5543,.T.);
#5599=EDGE_LOOP('',(#5592,#5593,#5594,#5596,#5597,#5598));
#5600=FACE_OUTER_BOUND('',#5599,.F.);
#5601=ADVANCED_FACE('',(#5600),#5590,.F.);
#5602=CARTESIAN_POINT('',(-9.55E-1,4.675E0,3.084041261007E1));
#5603=DIRECTION('',(0.E0,0.E0,-1.E0));
#5604=DIRECTION('',(0.E0,-1.E0,0.E0));
#5605=AXIS2_PLACEMENT_3D('',#5602,#5603,#5604);
#5606=CYLINDRICAL_SURFACE('',#5605,2.E-1);
#5607=ORIENTED_EDGE('',*,*,#5499,.F.);
#5608=ORIENTED_EDGE('',*,*,#5486,.T.);
#5609=ORIENTED_EDGE('',*,*,#5591,.T.);
#5610=ORIENTED_EDGE('',*,*,#5541,.T.);
#5611=EDGE_LOOP('',(#5607,#5608,#5609,#5610));
#5612=FACE_OUTER_BOUND('',#5611,.F.);
#5613=ADVANCED_FACE('',(#5612),#5606,.F.);
#5614=CARTESIAN_POINT('',(-1.155E0,5.985E0,9.1E0));
#5615=DIRECTION('',(0.E0,0.E0,1.E0));
#5616=DIRECTION('',(1.E0,0.E0,0.E0));
#5617=AXIS2_PLACEMENT_3D('',#5614,#5615,#5616);
#5618=PLANE('',#5617);
#5619=ORIENTED_EDGE('',*,*,#5574,.F.);
#5620=ORIENTED_EDGE('',*,*,#5595,.T.);
#5621=ORIENTED_EDGE('',*,*,#5441,.T.);
#5623=ORIENTED_EDGE('',*,*,#5622,.F.);
#5624=EDGE_LOOP('',(#5619,#5620,#5621,#5623));
#5625=FACE_OUTER_BOUND('',#5624,.F.);
#5626=ADVANCED_FACE('',(#5625),#5618,.F.);
#5627=CARTESIAN_POINT('',(1.155E0,5.985E0,9.1E0));
#5628=DIRECTION('',(1.E0,0.E0,0.E0));
#5629=DIRECTION('',(0.E0,0.E0,-1.E0));
#5630=AXIS2_PLACEMENT_3D('',#5627,#5628,#5629);
#5631=PLANE('',#5630);
#5632=ORIENTED_EDGE('',*,*,#5439,.F.);
#5634=ORIENTED_EDGE('',*,*,#5633,.F.);
#5635=ORIENTED_EDGE('',*,*,#5514,.F.);
#5636=ORIENTED_EDGE('',*,*,#5537,.F.);
#5637=ORIENTED_EDGE('',*,*,#5576,.T.);
#5638=ORIENTED_EDGE('',*,*,#5622,.T.);
#5639=EDGE_LOOP('',(#5632,#5634,#5635,#5636,#5637,#5638));
#5640=FACE_OUTER_BOUND('',#5639,.F.);
#5641=ADVANCED_FACE('',(#5640),#5631,.F.);
#5642=CARTESIAN_POINT('',(3.120228E1,4.672857404561E0,4.4E0));
#5643=DIRECTION('',(-1.E0,0.E0,0.E0));
#5644=DIRECTION('',(0.E0,9.998476951564E-1,-1.745240643729E-2));
#5645=AXIS2_PLACEMENT_3D('',#5642,#5643,#5644);
#5646=CYLINDRICAL_SURFACE('',#5645,2.E-1);
#5647=ORIENTED_EDGE('',*,*,#5437,.F.);
#5649=ORIENTED_EDGE('',*,*,#5648,.T.);
#5650=ORIENTED_EDGE('',*,*,#5471,.T.);
#5651=ORIENTED_EDGE('',*,*,#5633,.T.);
#5652=EDGE_LOOP('',(#5647,#5649,#5650,#5651));
#5653=FACE_OUTER_BOUND('',#5652,.F.);
#5654=ADVANCED_FACE('',(#5653),#5646,.F.);
#5655=CARTESIAN_POINT('',(2.75E0,4.672857404561E0,4.4E0));
#5656=DIRECTION('',(0.E0,7.132504491542E-1,7.009092642999E-1));
#5657=DIRECTION('',(0.E0,7.009092642999E-1,-7.132504491542E-1));
#5658=AXIS2_PLACEMENT_3D('',#5655,#5656,#5657);
#5659=SPHERICAL_SURFACE('',#5658,2.E-1);
#5660=ORIENTED_EDGE('',*,*,#5648,.F.);
#5662=ORIENTED_EDGE('',*,*,#5661,.F.);
#5664=ORIENTED_EDGE('',*,*,#5663,.F.);
#5665=EDGE_LOOP('',(#5660,#5662,#5664));
#5666=FACE_OUTER_BOUND('',#5665,.F.);
#5667=ADVANCED_FACE('',(#5666),#5659,.F.);
#5668=CARTESIAN_POINT('',(2.75E0,4.139859117179E0,-2.613545143338E1));
#5669=DIRECTION('',(0.E0,1.745240643728E-2,9.998476951564E-1));
#5670=DIRECTION('',(1.E0,0.E0,0.E0));
#5671=AXIS2_PLACEMENT_3D('',#5668,#5669,#5670);
#5672=CYLINDRICAL_SURFACE('',#5671,2.E-1);
#5674=ORIENTED_EDGE('',*,*,#5673,.F.);
#5675=ORIENTED_EDGE('',*,*,#5661,.T.);
#5676=ORIENTED_EDGE('',*,*,#5435,.T.);
#5678=ORIENTED_EDGE('',*,*,#5677,.T.);
#5679=EDGE_LOOP('',(#5674,#5675,#5676,#5678));
#5680=FACE_OUTER_BOUND('',#5679,.F.);
#5681=ADVANCED_FACE('',(#5680),#5672,.F.);
#5682=CARTESIAN_POINT('',(2.95E0,0.E0,0.E0));
#5683=DIRECTION('',(1.E0,0.E0,0.E0));
#5684=DIRECTION('',(0.E0,0.E0,-1.E0));
#5685=AXIS2_PLACEMENT_3D('',#5682,#5683,#5684);
#5686=PLANE('',#5685);
#5687=ORIENTED_EDGE('',*,*,#5673,.T.);
#5689=ORIENTED_EDGE('',*,*,#5688,.T.);
#5691=ORIENTED_EDGE('',*,*,#5690,.T.);
#5693=ORIENTED_EDGE('',*,*,#5692,.T.);
#5695=ORIENTED_EDGE('',*,*,#5694,.F.);
#5696=ORIENTED_EDGE('',*,*,#4498,.T.);
#5698=ORIENTED_EDGE('',*,*,#5697,.F.);
#5700=ORIENTED_EDGE('',*,*,#5699,.T.);
#5701=EDGE_LOOP('',(#5687,#5689,#5691,#5693,#5695,#5696,#5698,#5700));
#5702=FACE_OUTER_BOUND('',#5701,.F.);
#5703=ADVANCED_FACE('',(#5702),#5686,.F.);
#5704=CARTESIAN_POINT('',(-3.9E0,4.975E0,1.025E1));
#5705=DIRECTION('',(0.E0,-4.226182617407E-1,9.063077870367E-1));
#5706=DIRECTION('',(0.E0,-9.063077870367E-1,-4.226182617407E-1));
#5707=AXIS2_PLACEMENT_3D('',#5704,#5705,#5706);
#5708=PLANE('',#5707);
#5710=ORIENTED_EDGE('',*,*,#5709,.T.);
#5711=ORIENTED_EDGE('',*,*,#5420,.F.);
#5712=ORIENTED_EDGE('',*,*,#5377,.T.);
#5714=ORIENTED_EDGE('',*,*,#5713,.F.);
#5716=ORIENTED_EDGE('',*,*,#5715,.F.);
#5717=EDGE_LOOP('',(#5710,#5711,#5712,#5714,#5716));
#5718=FACE_OUTER_BOUND('',#5717,.F.);
#5719=ADVANCED_FACE('',(#5718),#5708,.T.);
#5720=CARTESIAN_POINT('',(-3.9E0,4.975E0,1.025E1));
#5721=DIRECTION('',(0.E0,-4.226182617407E-1,9.063077870367E-1));
#5722=DIRECTION('',(0.E0,-9.063077870367E-1,-4.226182617407E-1));
#5723=AXIS2_PLACEMENT_3D('',#5720,#5721,#5722);
#5724=PLANE('',#5723);
#5725=ORIENTED_EDGE('',*,*,#5688,.F.);
#5726=ORIENTED_EDGE('',*,*,#5677,.F.);
#5728=ORIENTED_EDGE('',*,*,#5727,.T.);
#5730=ORIENTED_EDGE('',*,*,#5729,.T.);
#5732=ORIENTED_EDGE('',*,*,#5731,.F.);
#5733=EDGE_LOOP('',(#5725,#5726,#5728,#5730,#5732));
#5734=FACE_OUTER_BOUND('',#5733,.F.);
#5735=ADVANCED_FACE('',(#5734),#5724,.T.);
#5736=CARTESIAN_POINT('',(-3.9E0,5.985E0,1.025E1));
#5737=DIRECTION('',(0.E0,0.E0,1.E0));
#5738=DIRECTION('',(0.E0,-1.E0,0.E0));
#5739=AXIS2_PLACEMENT_3D('',#5736,#5737,#5738);
#5740=PLANE('',#5739);
#5741=ORIENTED_EDGE('',*,*,#5558,.F.);
#5742=ORIENTED_EDGE('',*,*,#5581,.T.);
#5744=ORIENTED_EDGE('',*,*,#5743,.F.);
#5746=ORIENTED_EDGE('',*,*,#5745,.T.);
#5747=ORIENTED_EDGE('',*,*,#5727,.F.);
#5748=ORIENTED_EDGE('',*,*,#5433,.F.);
#5749=ORIENTED_EDGE('',*,*,#5709,.F.);
#5751=ORIENTED_EDGE('',*,*,#5750,.F.);
#5752=EDGE_LOOP('',(#5741,#5742,#5744,#5746,#5747,#5748,#5749,#5751));
#5753=FACE_OUTER_BOUND('',#5752,.F.);
#5754=ADVANCED_FACE('',(#5753),#5740,.T.);
#5755=CARTESIAN_POINT('',(3.15E0,5.235E0,-2.613545143338E1));
#5756=DIRECTION('',(0.E0,0.E0,1.E0));
#5757=DIRECTION('',(1.E0,0.E0,0.E0));
#5758=AXIS2_PLACEMENT_3D('',#5755,#5756,#5757);
#5759=CYLINDRICAL_SURFACE('',#5758,7.5E-1);
#5760=ORIENTED_EDGE('',*,*,#5743,.T.);
#5761=ORIENTED_EDGE('',*,*,#5579,.F.);
#5762=ORIENTED_EDGE('',*,*,#5533,.T.);
#5764=ORIENTED_EDGE('',*,*,#5763,.T.);
#5765=EDGE_LOOP('',(#5760,#5761,#5762,#5764));
#5766=FACE_OUTER_BOUND('',#5765,.F.);
#5767=ADVANCED_FACE('',(#5766),#5759,.T.);
#5768=CARTESIAN_POINT('',(3.9E0,0.E0,0.E0));
#5769=DIRECTION('',(1.E0,0.E0,0.E0));
#5770=DIRECTION('',(0.E0,0.E0,-1.E0));
#5771=AXIS2_PLACEMENT_3D('',#5768,#5769,#5770);
#5772=PLANE('',#5771);
#5773=ORIENTED_EDGE('',*,*,#5763,.F.);
#5774=ORIENTED_EDGE('',*,*,#5531,.F.);
#5776=ORIENTED_EDGE('',*,*,#5775,.F.);
#5777=ORIENTED_EDGE('',*,*,#4502,.F.);
#5779=ORIENTED_EDGE('',*,*,#5778,.F.);
#5781=ORIENTED_EDGE('',*,*,#5780,.F.);
#5783=ORIENTED_EDGE('',*,*,#5782,.F.);
#5784=ORIENTED_EDGE('',*,*,#5729,.F.);
#5785=ORIENTED_EDGE('',*,*,#5745,.F.);
#5786=EDGE_LOOP('',(#5773,#5774,#5776,#5777,#5779,#5781,#5783,#5784,#5785));
#5787=FACE_OUTER_BOUND('',#5786,.F.);
#5788=ADVANCED_FACE('',(#5787),#5772,.T.);
#5789=CARTESIAN_POINT('',(0.E0,2.675E0,0.E0));
#5790=DIRECTION('',(0.E0,1.E0,0.E0));
#5791=DIRECTION('',(1.E0,0.E0,0.E0));
#5792=AXIS2_PLACEMENT_3D('',#5789,#5790,#5791);
#5793=PLANE('',#5792);
#5795=ORIENTED_EDGE('',*,*,#5794,.F.);
#5796=ORIENTED_EDGE('',*,*,#4776,.F.);
#5798=ORIENTED_EDGE('',*,*,#5797,.F.);
#5799=ORIENTED_EDGE('',*,*,#4504,.F.);
#5800=ORIENTED_EDGE('',*,*,#5775,.T.);
#5801=ORIENTED_EDGE('',*,*,#5529,.F.);
#5803=ORIENTED_EDGE('',*,*,#5802,.F.);
#5804=ORIENTED_EDGE('',*,*,#4472,.F.);
#5806=ORIENTED_EDGE('',*,*,#5805,.T.);
#5808=ORIENTED_EDGE('',*,*,#5807,.T.);
#5810=ORIENTED_EDGE('',*,*,#5809,.F.);
#5811=ORIENTED_EDGE('',*,*,#4464,.F.);
#5812=EDGE_LOOP('',(#5795,#5796,#5798,#5799,#5800,#5801,#5803,#5804,#5806,#5808,
#5810,#5811));
#5813=FACE_OUTER_BOUND('',#5812,.F.);
#5814=ADVANCED_FACE('',(#5813),#5793,.T.);
#5815=CARTESIAN_POINT('',(-8.45E0,2.475E0,-2.613545143338E1));
#5816=DIRECTION('',(0.E0,0.E0,1.E0));
#5817=DIRECTION('',(0.E0,1.E0,0.E0));
#5818=AXIS2_PLACEMENT_3D('',#5815,#5816,#5817);
#5819=CYLINDRICAL_SURFACE('',#5818,2.E-1);
#5820=ORIENTED_EDGE('',*,*,#4462,.T.);
#5822=ORIENTED_EDGE('',*,*,#5821,.F.);
#5823=ORIENTED_EDGE('',*,*,#4762,.T.);
#5824=ORIENTED_EDGE('',*,*,#5794,.T.);
#5825=EDGE_LOOP('',(#5820,#5822,#5823,#5824));
#5826=FACE_OUTER_BOUND('',#5825,.F.);
#5827=ADVANCED_FACE('',(#5826),#5819,.T.);
#5828=CARTESIAN_POINT('',(-8.65E0,-2.675E0,-3.1E0));
#5829=DIRECTION('',(-1.E0,0.E0,0.E0));
#5830=DIRECTION('',(0.E0,0.E0,1.E0));
#5831=AXIS2_PLACEMENT_3D('',#5828,#5829,#5830);
#5832=PLANE('',#5831);
#5834=ORIENTED_EDGE('',*,*,#5833,.T.);
#5836=ORIENTED_EDGE('',*,*,#5835,.F.);
#5837=ORIENTED_EDGE('',*,*,#4517,.F.);
#5838=ORIENTED_EDGE('',*,*,#3994,.F.);
#5839=EDGE_LOOP('',(#5834,#5836,#5837,#5838));
#5840=FACE_OUTER_BOUND('',#5839,.F.);
#5841=ADVANCED_FACE('',(#5840),#5832,.T.);
#5842=CARTESIAN_POINT('',(-8.65E0,-2.675E0,-3.1E0));
#5843=DIRECTION('',(-1.E0,0.E0,0.E0));
#5844=DIRECTION('',(0.E0,0.E0,1.E0));
#5845=AXIS2_PLACEMENT_3D('',#5842,#5843,#5844);
#5846=PLANE('',#5845);
#5847=ORIENTED_EDGE('',*,*,#5821,.T.);
#5848=ORIENTED_EDGE('',*,*,#4525,.F.);
#5850=ORIENTED_EDGE('',*,*,#5849,.T.);
#5852=ORIENTED_EDGE('',*,*,#5851,.T.);
#5854=ORIENTED_EDGE('',*,*,#5853,.T.);
#5855=ORIENTED_EDGE('',*,*,#4764,.T.);
#5856=EDGE_LOOP('',(#5847,#5848,#5850,#5852,#5854,#5855));
#5857=FACE_OUTER_BOUND('',#5856,.F.);
#5858=ADVANCED_FACE('',(#5857),#5846,.T.);
#5859=CARTESIAN_POINT('',(-8.65E0,-2.675E0,1.63E0));
#5860=DIRECTION('',(0.E0,0.E0,1.E0));
#5861=DIRECTION('',(0.E0,1.E0,0.E0));
#5862=AXIS2_PLACEMENT_3D('',#5859,#5860,#5861);
#5863=PLANE('',#5862);
#5865=ORIENTED_EDGE('',*,*,#5864,.T.);
#5867=ORIENTED_EDGE('',*,*,#5866,.F.);
#5868=ORIENTED_EDGE('',*,*,#5833,.F.);
#5869=ORIENTED_EDGE('',*,*,#3992,.T.);
#5871=ORIENTED_EDGE('',*,*,#5870,.T.);
#5873=ORIENTED_EDGE('',*,*,#5872,.F.);
#5875=ORIENTED_EDGE('',*,*,#5874,.T.);
#5877=ORIENTED_EDGE('',*,*,#5876,.T.);
#5878=EDGE_LOOP('',(#5865,#5867,#5868,#5869,#5871,#5873,#5875,#5877));
#5879=FACE_OUTER_BOUND('',#5878,.F.);
#5880=ADVANCED_FACE('',(#5879),#5863,.F.);
#5881=CARTESIAN_POINT('',(-8.65E0,-2.675E0,1.63E0));
#5882=DIRECTION('',(0.E0,0.E0,1.E0));
#5883=DIRECTION('',(0.E0,1.E0,0.E0));
#5884=AXIS2_PLACEMENT_3D('',#5881,#5882,#5883);
#5885=PLANE('',#5884);
#5887=ORIENTED_EDGE('',*,*,#5886,.T.);
#5889=ORIENTED_EDGE('',*,*,#5888,.F.);
#5890=ORIENTED_EDGE('',*,*,#5851,.F.);
#5892=ORIENTED_EDGE('',*,*,#5891,.F.);
#5893=EDGE_LOOP('',(#5887,#5889,#5890,#5892));
#5894=FACE_OUTER_BOUND('',#5893,.F.);
#5895=ADVANCED_FACE('',(#5894),#5885,.F.);
#5896=CARTESIAN_POINT('',(-8.E0,0.E0,0.E0));
#5897=DIRECTION('',(-1.E0,0.E0,0.E0));
#5898=DIRECTION('',(0.E0,0.E0,1.E0));
#5899=AXIS2_PLACEMENT_3D('',#5896,#5897,#5898);
#5900=PLANE('',#5899);
#5901=ORIENTED_EDGE('',*,*,#4028,.T.);
#5903=ORIENTED_EDGE('',*,*,#5902,.F.);
#5905=ORIENTED_EDGE('',*,*,#5904,.F.);
#5907=ORIENTED_EDGE('',*,*,#5906,.F.);
#5909=ORIENTED_EDGE('',*,*,#5908,.F.);
#5911=ORIENTED_EDGE('',*,*,#5910,.F.);
#5912=EDGE_LOOP('',(#5901,#5903,#5905,#5907,#5909,#5911));
#5913=FACE_OUTER_BOUND('',#5912,.F.);
#5914=ADVANCED_FACE('',(#5913),#5900,.T.);
#5915=CARTESIAN_POINT('',(-8.E0,0.E0,0.E0));
#5916=DIRECTION('',(-1.E0,0.E0,0.E0));
#5917=DIRECTION('',(0.E0,0.E0,1.E0));
#5918=AXIS2_PLACEMENT_3D('',#5915,#5916,#5917);
#5919=PLANE('',#5918);
#5921=ORIENTED_EDGE('',*,*,#5920,.F.);
#5922=ORIENTED_EDGE('',*,*,#5864,.F.);
#5924=ORIENTED_EDGE('',*,*,#5923,.F.);
#5926=ORIENTED_EDGE('',*,*,#5925,.F.);
#5928=ORIENTED_EDGE('',*,*,#5927,.F.);
#5930=ORIENTED_EDGE('',*,*,#5929,.F.);
#5932=ORIENTED_EDGE('',*,*,#5931,.F.);
#5934=ORIENTED_EDGE('',*,*,#5933,.F.);
#5936=ORIENTED_EDGE('',*,*,#5935,.F.);
#5937=ORIENTED_EDGE('',*,*,#5886,.F.);
#5939=ORIENTED_EDGE('',*,*,#5938,.T.);
#5941=ORIENTED_EDGE('',*,*,#5940,.F.);
#5943=ORIENTED_EDGE('',*,*,#5942,.F.);
#5945=ORIENTED_EDGE('',*,*,#5944,.F.);
#5947=ORIENTED_EDGE('',*,*,#5946,.F.);
#5949=ORIENTED_EDGE('',*,*,#5948,.F.);
#5950=EDGE_LOOP('',(#5921,#5922,#5924,#5926,#5928,#5930,#5932,#5934,#5936,#5937,
#5939,#5941,#5943,#5945,#5947,#5949));
#5951=FACE_OUTER_BOUND('',#5950,.F.);
#5952=ADVANCED_FACE('',(#5951),#5919,.T.);
#5953=CARTESIAN_POINT('',(-7.5E0,-4.9E0,3.605E0));
#5954=DIRECTION('',(0.E0,0.E0,1.E0));
#5955=DIRECTION('',(0.E0,1.E0,0.E0));
#5956=AXIS2_PLACEMENT_3D('',#5953,#5954,#5955);
#5957=PLANE('',#5956);
#5958=ORIENTED_EDGE('',*,*,#4026,.F.);
#5960=ORIENTED_EDGE('',*,*,#5959,.F.);
#5962=ORIENTED_EDGE('',*,*,#5961,.T.);
#5963=ORIENTED_EDGE('',*,*,#5902,.T.);
#5964=EDGE_LOOP('',(#5958,#5960,#5962,#5963));
#5965=FACE_OUTER_BOUND('',#5964,.F.);
#5966=ADVANCED_FACE('',(#5965),#5957,.T.);
#5967=CARTESIAN_POINT('',(-7.5E0,0.E0,0.E0));
#5968=DIRECTION('',(-1.E0,0.E0,0.E0));
#5969=DIRECTION('',(0.E0,0.E0,1.E0));
#5970=AXIS2_PLACEMENT_3D('',#5967,#5968,#5969);
#5971=PLANE('',#5970);
#5972=ORIENTED_EDGE('',*,*,#4024,.F.);
#5974=ORIENTED_EDGE('',*,*,#5973,.T.);
#5976=ORIENTED_EDGE('',*,*,#5975,.T.);
#5978=ORIENTED_EDGE('',*,*,#5977,.T.);
#5980=ORIENTED_EDGE('',*,*,#5979,.T.);
#5981=ORIENTED_EDGE('',*,*,#5959,.T.);
#5982=EDGE_LOOP('',(#5972,#5974,#5976,#5978,#5980,#5981));
#5983=FACE_OUTER_BOUND('',#5982,.F.);
#5984=ADVANCED_FACE('',(#5983),#5971,.F.);
#5985=CARTESIAN_POINT('',(-7.5E0,0.E0,0.E0));
#5986=DIRECTION('',(-1.E0,0.E0,0.E0));
#5987=DIRECTION('',(0.E0,0.E0,1.E0));
#5988=AXIS2_PLACEMENT_3D('',#5985,#5986,#5987);
#5989=PLANE('',#5988);
#5990=ORIENTED_EDGE('',*,*,#5874,.F.);
#5992=ORIENTED_EDGE('',*,*,#5991,.T.);
#5994=ORIENTED_EDGE('',*,*,#5993,.T.);
#5996=ORIENTED_EDGE('',*,*,#5995,.T.);
#5998=ORIENTED_EDGE('',*,*,#5997,.T.);
#6000=ORIENTED_EDGE('',*,*,#5999,.T.);
#6002=ORIENTED_EDGE('',*,*,#6001,.T.);
#6004=ORIENTED_EDGE('',*,*,#6003,.T.);
#6005=EDGE_LOOP('',(#5990,#5992,#5994,#5996,#5998,#6000,#6002,#6004));
#6006=FACE_OUTER_BOUND('',#6005,.F.);
#6007=ADVANCED_FACE('',(#6006),#5989,.F.);
#6008=CARTESIAN_POINT('',(-7.5E0,-2.5E0,2.105E0));
#6009=DIRECTION('',(0.E0,0.E0,-1.E0));
#6010=DIRECTION('',(0.E0,-1.E0,0.E0));
#6011=AXIS2_PLACEMENT_3D('',#6008,#6009,#6010);
#6012=PLANE('',#6011);
#6013=ORIENTED_EDGE('',*,*,#4030,.T.);
#6014=ORIENTED_EDGE('',*,*,#5910,.T.);
#6016=ORIENTED_EDGE('',*,*,#6015,.F.);
#6017=ORIENTED_EDGE('',*,*,#5973,.F.);
#6018=EDGE_LOOP('',(#6013,#6014,#6016,#6017));
#6019=FACE_OUTER_BOUND('',#6018,.F.);
#6020=ADVANCED_FACE('',(#6019),#6012,.T.);
#6021=CARTESIAN_POINT('',(-7.5E0,-4.9E0,2.105E0));
#6022=DIRECTION('',(0.E0,-1.961161351382E-1,-9.805806756909E-1));
#6023=DIRECTION('',(0.E0,-9.805806756909E-1,1.961161351382E-1));
#6024=AXIS2_PLACEMENT_3D('',#6021,#6022,#6023);
#6025=PLANE('',#6024);
#6026=ORIENTED_EDGE('',*,*,#5975,.F.);
#6027=ORIENTED_EDGE('',*,*,#6015,.T.);
#6028=ORIENTED_EDGE('',*,*,#5908,.T.);
#6030=ORIENTED_EDGE('',*,*,#6029,.F.);
#6031=EDGE_LOOP('',(#6026,#6027,#6028,#6030));
#6032=FACE_OUTER_BOUND('',#6031,.F.);
#6033=ADVANCED_FACE('',(#6032),#6025,.T.);
#6034=CARTESIAN_POINT('',(-7.5E0,-5.9E0,2.305E0));
#6035=DIRECTION('',(0.E0,-1.E0,0.E0));
#6036=DIRECTION('',(0.E0,0.E0,1.E0));
#6037=AXIS2_PLACEMENT_3D('',#6034,#6035,#6036);
#6038=PLANE('',#6037);
#6039=ORIENTED_EDGE('',*,*,#5977,.F.);
#6040=ORIENTED_EDGE('',*,*,#6029,.T.);
#6041=ORIENTED_EDGE('',*,*,#5906,.T.);
#6043=ORIENTED_EDGE('',*,*,#6042,.F.);
#6044=EDGE_LOOP('',(#6039,#6040,#6041,#6043));
#6045=FACE_OUTER_BOUND('',#6044,.F.);
#6046=ADVANCED_FACE('',(#6045),#6038,.T.);
#6047=CARTESIAN_POINT('',(-7.5E0,-5.9E0,3.405E0));
#6048=DIRECTION('',(0.E0,-1.961161351382E-1,9.805806756909E-1));
#6049=DIRECTION('',(0.E0,9.805806756909E-1,1.961161351382E-1));
#6050=AXIS2_PLACEMENT_3D('',#6047,#6048,#6049);
#6051=PLANE('',#6050);
#6052=ORIENTED_EDGE('',*,*,#5979,.F.);
#6053=ORIENTED_EDGE('',*,*,#6042,.T.);
#6054=ORIENTED_EDGE('',*,*,#5904,.T.);
#6055=ORIENTED_EDGE('',*,*,#5961,.F.);
#6056=EDGE_LOOP('',(#6052,#6053,#6054,#6055));
#6057=FACE_OUTER_BOUND('',#6056,.F.);
#6058=ADVANCED_FACE('',(#6057),#6051,.T.);
#6059=CARTESIAN_POINT('',(-8.65E0,1.025E0,1.63E0));
#6060=DIRECTION('',(0.E0,9.876611736113E-1,1.566058943358E-1));
#6061=DIRECTION('',(0.E0,1.566058943358E-1,-9.876611736113E-1));
#6062=AXIS2_PLACEMENT_3D('',#6059,#6060,#6061);
#6063=PLANE('',#6062);
#6064=ORIENTED_EDGE('',*,*,#5935,.T.);
#6066=ORIENTED_EDGE('',*,*,#6065,.F.);
#6067=ORIENTED_EDGE('',*,*,#5991,.F.);
#6068=ORIENTED_EDGE('',*,*,#5872,.T.);
#6070=ORIENTED_EDGE('',*,*,#6069,.T.);
#6071=ORIENTED_EDGE('',*,*,#4766,.F.);
#6072=ORIENTED_EDGE('',*,*,#5853,.F.);
#6073=ORIENTED_EDGE('',*,*,#5888,.T.);
#6074=EDGE_LOOP('',(#6064,#6066,#6067,#6068,#6070,#6071,#6072,#6073));
#6075=FACE_OUTER_BOUND('',#6074,.F.);
#6076=ADVANCED_FACE('',(#6075),#6063,.F.);
#6077=CARTESIAN_POINT('',(-7.5E0,2.1E0,-3.095E0));
#6078=DIRECTION('',(0.E0,0.E0,-1.E0));
#6079=DIRECTION('',(0.E0,-1.E0,0.E0));
#6080=AXIS2_PLACEMENT_3D('',#6077,#6078,#6079);
#6081=PLANE('',#6080);
#6082=ORIENTED_EDGE('',*,*,#6065,.T.);
#6083=ORIENTED_EDGE('',*,*,#5933,.T.);
#6085=ORIENTED_EDGE('',*,*,#6084,.F.);
#6086=ORIENTED_EDGE('',*,*,#5993,.F.);
#6087=EDGE_LOOP('',(#6082,#6083,#6085,#6086));
#6088=FACE_OUTER_BOUND('',#6087,.F.);
#6089=ADVANCED_FACE('',(#6088),#6081,.T.);
#6090=CARTESIAN_POINT('',(-7.5E0,1.E0,-3.095E0));
#6091=DIRECTION('',(0.E0,-1.E0,0.E0));
#6092=DIRECTION('',(0.E0,0.E0,1.E0));
#6093=AXIS2_PLACEMENT_3D('',#6090,#6091,#6092);
#6094=PLANE('',#6093);
#6095=ORIENTED_EDGE('',*,*,#5995,.F.);
#6096=ORIENTED_EDGE('',*,*,#6084,.T.);
#6097=ORIENTED_EDGE('',*,*,#5931,.T.);
#6099=ORIENTED_EDGE('',*,*,#6098,.F.);
#6100=EDGE_LOOP('',(#6095,#6096,#6097,#6099));
#6101=FACE_OUTER_BOUND('',#6100,.F.);
#6102=ADVANCED_FACE('',(#6101),#6094,.T.);
#6103=CARTESIAN_POINT('',(-7.5E0,1.E0,-2.342E0));
#6104=DIRECTION('',(0.E0,0.E0,-1.E0));
#6105=DIRECTION('',(0.E0,-1.E0,0.E0));
#6106=AXIS2_PLACEMENT_3D('',#6103,#6104,#6105);
#6107=PLANE('',#6106);
#6108=ORIENTED_EDGE('',*,*,#5997,.F.);
#6109=ORIENTED_EDGE('',*,*,#6098,.T.);
#6110=ORIENTED_EDGE('',*,*,#5929,.T.);
#6112=ORIENTED_EDGE('',*,*,#6111,.F.);
#6113=EDGE_LOOP('',(#6108,#6109,#6110,#6112));
#6114=FACE_OUTER_BOUND('',#6113,.F.);
#6115=ADVANCED_FACE('',(#6114),#6107,.T.);
#6116=CARTESIAN_POINT('',(-7.5E0,-1.E0,-2.342E0));
#6117=DIRECTION('',(0.E0,1.E0,0.E0));
#6118=DIRECTION('',(0.E0,0.E0,-1.E0));
#6119=AXIS2_PLACEMENT_3D('',#6116,#6117,#6118);
#6120=PLANE('',#6119);
#6121=ORIENTED_EDGE('',*,*,#5999,.F.);
#6122=ORIENTED_EDGE('',*,*,#6111,.T.);
#6123=ORIENTED_EDGE('',*,*,#5927,.T.);
#6125=ORIENTED_EDGE('',*,*,#6124,.F.);
#6126=EDGE_LOOP('',(#6121,#6122,#6123,#6125));
#6127=FACE_OUTER_BOUND('',#6126,.F.);
#6128=ADVANCED_FACE('',(#6127),#6120,.T.);
#6129=CARTESIAN_POINT('',(-7.5E0,-1.E0,-3.095E0));
#6130=DIRECTION('',(0.E0,0.E0,-1.E0));
#6131=DIRECTION('',(0.E0,-1.E0,0.E0));
#6132=AXIS2_PLACEMENT_3D('',#6129,#6130,#6131);
#6133=PLANE('',#6132);
#6134=ORIENTED_EDGE('',*,*,#6001,.F.);
#6135=ORIENTED_EDGE('',*,*,#6124,.T.);
#6136=ORIENTED_EDGE('',*,*,#5925,.T.);
#6138=ORIENTED_EDGE('',*,*,#6137,.F.);
#6139=EDGE_LOOP('',(#6134,#6135,#6136,#6138));
#6140=FACE_OUTER_BOUND('',#6139,.F.);
#6141=ADVANCED_FACE('',(#6140),#6133,.T.);
#6142=CARTESIAN_POINT('',(-7.5E0,-2.5E0,-3.095E0));
#6143=DIRECTION('',(0.E0,-1.E0,0.E0));
#6144=DIRECTION('',(0.E0,0.E0,1.E0));
#6145=AXIS2_PLACEMENT_3D('',#6142,#6143,#6144);
#6146=PLANE('',#6145);
#6147=ORIENTED_EDGE('',*,*,#5876,.F.);
#6148=ORIENTED_EDGE('',*,*,#6003,.F.);
#6149=ORIENTED_EDGE('',*,*,#6137,.T.);
#6150=ORIENTED_EDGE('',*,*,#5923,.T.);
#6151=EDGE_LOOP('',(#6147,#6148,#6149,#6150));
#6152=FACE_OUTER_BOUND('',#6151,.F.);
#6153=ADVANCED_FACE('',(#6152),#6146,.T.);
#6154=CARTESIAN_POINT('',(-7.49E0,-2.675E0,0.E0));
#6155=DIRECTION('',(-1.E0,0.E0,0.E0));
#6156=DIRECTION('',(0.E0,0.E0,1.E0));
#6157=AXIS2_PLACEMENT_3D('',#6154,#6155,#6156);
#6158=PLANE('',#6157);
#6159=ORIENTED_EDGE('',*,*,#3990,.F.);
#6160=ORIENTED_EDGE('',*,*,#4768,.T.);
#6161=ORIENTED_EDGE('',*,*,#6069,.F.);
#6162=ORIENTED_EDGE('',*,*,#5870,.F.);
#6163=EDGE_LOOP('',(#6159,#6160,#6161,#6162));
#6164=FACE_OUTER_BOUND('',#6163,.F.);
#6165=ADVANCED_FACE('',(#6164),#6158,.T.);
#6166=CARTESIAN_POINT('',(-8.65E0,-5.E-1,8.1E0));
#6167=DIRECTION('',(0.E0,-1.E0,0.E0));
#6168=DIRECTION('',(1.E0,0.E0,0.E0));
#6169=AXIS2_PLACEMENT_3D('',#6166,#6167,#6168);
#6170=PLANE('',#6169);
#6171=ORIENTED_EDGE('',*,*,#5920,.T.);
#6173=ORIENTED_EDGE('',*,*,#6172,.F.);
#6175=ORIENTED_EDGE('',*,*,#6174,.F.);
#6176=ORIENTED_EDGE('',*,*,#4519,.F.);
#6177=ORIENTED_EDGE('',*,*,#5835,.T.);
#6178=ORIENTED_EDGE('',*,*,#5866,.T.);
#6179=EDGE_LOOP('',(#6171,#6173,#6175,#6176,#6177,#6178));
#6180=FACE_OUTER_BOUND('',#6179,.F.);
#6181=ADVANCED_FACE('',(#6180),#6170,.F.);
#6182=CARTESIAN_POINT('',(-7.5E0,-1.75E0,7.4E0));
#6183=DIRECTION('',(0.E0,0.E0,1.E0));
#6184=DIRECTION('',(0.E0,1.E0,0.E0));
#6185=AXIS2_PLACEMENT_3D('',#6182,#6183,#6184);
#6186=PLANE('',#6185);
#6187=ORIENTED_EDGE('',*,*,#6172,.T.);
#6188=ORIENTED_EDGE('',*,*,#5948,.T.);
#6190=ORIENTED_EDGE('',*,*,#6189,.F.);
#6192=ORIENTED_EDGE('',*,*,#6191,.F.);
#6193=EDGE_LOOP('',(#6187,#6188,#6190,#6192));
#6194=FACE_OUTER_BOUND('',#6193,.F.);
#6195=ADVANCED_FACE('',(#6194),#6186,.T.);
#6196=CARTESIAN_POINT('',(-7.5E0,-3.3E-1,7.4E0));
#6197=DIRECTION('',(0.E0,-1.E0,0.E0));
#6198=DIRECTION('',(0.E0,0.E0,1.E0));
#6199=AXIS2_PLACEMENT_3D('',#6196,#6197,#6198);
#6200=PLANE('',#6199);
#6202=ORIENTED_EDGE('',*,*,#6201,.F.);
#6203=ORIENTED_EDGE('',*,*,#6189,.T.);
#6204=ORIENTED_EDGE('',*,*,#5946,.T.);
#6206=ORIENTED_EDGE('',*,*,#6205,.F.);
#6207=EDGE_LOOP('',(#6202,#6203,#6204,#6206));
#6208=FACE_OUTER_BOUND('',#6207,.F.);
#6209=ADVANCED_FACE('',(#6208),#6200,.T.);
#6210=CARTESIAN_POINT('',(-7.5E0,-5.E-1,8.1E0));
#6211=DIRECTION('',(1.E0,0.E0,0.E0));
#6212=DIRECTION('',(0.E0,1.E0,0.E0));
#6213=AXIS2_PLACEMENT_3D('',#6210,#6211,#6212);
#6214=PLANE('',#6213);
#6215=ORIENTED_EDGE('',*,*,#6191,.T.);
#6216=ORIENTED_EDGE('',*,*,#6201,.T.);
#6218=ORIENTED_EDGE('',*,*,#6217,.T.);
#6220=ORIENTED_EDGE('',*,*,#6219,.T.);
#6222=ORIENTED_EDGE('',*,*,#6221,.T.);
#6224=ORIENTED_EDGE('',*,*,#6223,.F.);
#6225=ORIENTED_EDGE('',*,*,#4521,.F.);
#6226=ORIENTED_EDGE('',*,*,#6174,.T.);
#6227=EDGE_LOOP('',(#6215,#6216,#6218,#6220,#6222,#6224,#6225,#6226));
#6228=FACE_OUTER_BOUND('',#6227,.F.);
#6229=ADVANCED_FACE('',(#6228),#6214,.F.);
#6230=CARTESIAN_POINT('',(-7.5E0,-3.3E-1,7.85E0));
#6231=DIRECTION('',(0.E0,0.E0,1.E0));
#6232=DIRECTION('',(0.E0,1.E0,0.E0));
#6233=AXIS2_PLACEMENT_3D('',#6230,#6231,#6232);
#6234=PLANE('',#6233);
#6235=ORIENTED_EDGE('',*,*,#6217,.F.);
#6236=ORIENTED_EDGE('',*,*,#6205,.T.);
#6237=ORIENTED_EDGE('',*,*,#5944,.T.);
#6239=ORIENTED_EDGE('',*,*,#6238,.F.);
#6240=EDGE_LOOP('',(#6235,#6236,#6237,#6239));
#6241=FACE_OUTER_BOUND('',#6240,.F.);
#6242=ADVANCED_FACE('',(#6241),#6234,.T.);
#6243=CARTESIAN_POINT('',(-7.5E0,3.3E-1,7.85E0));
#6244=DIRECTION('',(0.E0,1.E0,0.E0));
#6245=DIRECTION('',(0.E0,0.E0,-1.E0));
#6246=AXIS2_PLACEMENT_3D('',#6243,#6244,#6245);
#6247=PLANE('',#6246);
#6248=ORIENTED_EDGE('',*,*,#6219,.F.);
#6249=ORIENTED_EDGE('',*,*,#6238,.T.);
#6250=ORIENTED_EDGE('',*,*,#5942,.T.);
#6252=ORIENTED_EDGE('',*,*,#6251,.F.);
#6253=EDGE_LOOP('',(#6248,#6249,#6250,#6252));
#6254=FACE_OUTER_BOUND('',#6253,.F.);
#6255=ADVANCED_FACE('',(#6254),#6247,.T.);
#6256=CARTESIAN_POINT('',(-7.5E0,3.3E-1,7.4E0));
#6257=DIRECTION('',(0.E0,0.E0,1.E0));
#6258=DIRECTION('',(0.E0,1.E0,0.E0));
#6259=AXIS2_PLACEMENT_3D('',#6256,#6257,#6258);
#6260=PLANE('',#6259);
#6261=ORIENTED_EDGE('',*,*,#6221,.F.);
#6262=ORIENTED_EDGE('',*,*,#6251,.T.);
#6263=ORIENTED_EDGE('',*,*,#5940,.T.);
#6265=ORIENTED_EDGE('',*,*,#6264,.F.);
#6266=EDGE_LOOP('',(#6261,#6262,#6263,#6265));
#6267=FACE_OUTER_BOUND('',#6266,.F.);
#6268=ADVANCED_FACE('',(#6267),#6260,.T.);
#6269=CARTESIAN_POINT('',(-7.5E0,5.E-1,8.1E0));
#6270=DIRECTION('',(0.E0,1.E0,0.E0));
#6271=DIRECTION('',(-1.E0,0.E0,0.E0));
#6272=AXIS2_PLACEMENT_3D('',#6269,#6270,#6271);
#6273=PLANE('',#6272);
#6274=ORIENTED_EDGE('',*,*,#5938,.F.);
#6275=ORIENTED_EDGE('',*,*,#5891,.T.);
#6276=ORIENTED_EDGE('',*,*,#5849,.F.);
#6277=ORIENTED_EDGE('',*,*,#4523,.T.);
#6278=ORIENTED_EDGE('',*,*,#6223,.T.);
#6279=ORIENTED_EDGE('',*,*,#6264,.T.);
#6280=EDGE_LOOP('',(#6274,#6275,#6276,#6277,#6278,#6279));
#6281=FACE_OUTER_BOUND('',#6280,.F.);
#6282=ADVANCED_FACE('',(#6281),#6273,.F.);
#6283=CARTESIAN_POINT('',(8.45E0,2.475E0,3.084041261007E1));
#6284=DIRECTION('',(0.E0,0.E0,-1.E0));
#6285=DIRECTION('',(0.E0,1.E0,0.E0));
#6286=AXIS2_PLACEMENT_3D('',#6283,#6284,#6285);
#6287=CYLINDRICAL_SURFACE('',#6286,2.E-1);
#6288=ORIENTED_EDGE('',*,*,#4774,.T.);
#6289=ORIENTED_EDGE('',*,*,#4444,.F.);
#6290=ORIENTED_EDGE('',*,*,#4506,.T.);
#6291=ORIENTED_EDGE('',*,*,#5797,.T.);
#6292=EDGE_LOOP('',(#6288,#6289,#6290,#6291));
#6293=FACE_OUTER_BOUND('',#6292,.F.);
#6294=ADVANCED_FACE('',(#6293),#6287,.T.);
#6295=CARTESIAN_POINT('',(-3.9E0,0.E0,0.E0));
#6296=DIRECTION('',(1.E0,0.E0,0.E0));
#6297=DIRECTION('',(0.E0,0.E0,-1.E0));
#6298=AXIS2_PLACEMENT_3D('',#6295,#6296,#6297);
#6299=PLANE('',#6298);
#6300=ORIENTED_EDGE('',*,*,#5560,.F.);
#6301=ORIENTED_EDGE('',*,*,#5750,.T.);
#6302=ORIENTED_EDGE('',*,*,#5715,.T.);
#6304=ORIENTED_EDGE('',*,*,#6303,.T.);
#6306=ORIENTED_EDGE('',*,*,#6305,.T.);
#6308=ORIENTED_EDGE('',*,*,#6307,.T.);
#6309=ORIENTED_EDGE('',*,*,#4474,.T.);
#6310=ORIENTED_EDGE('',*,*,#5802,.T.);
#6311=ORIENTED_EDGE('',*,*,#5527,.T.);
#6312=EDGE_LOOP('',(#6300,#6301,#6302,#6304,#6306,#6308,#6309,#6310,#6311));
#6313=FACE_OUTER_BOUND('',#6312,.F.);
#6314=ADVANCED_FACE('',(#6313),#6299,.F.);
#6315=CARTESIAN_POINT('',(-3.9E0,3.425E0,8.975534170379E0));
#6316=DIRECTION('',(1.E0,0.E0,0.E0));
#6317=DIRECTION('',(0.E0,0.E0,-1.E0));
#6318=AXIS2_PLACEMENT_3D('',#6315,#6316,#6317);
#6319=CYLINDRICAL_SURFACE('',#6318,5.E-1);
#6320=ORIENTED_EDGE('',*,*,#5375,.T.);
#6322=ORIENTED_EDGE('',*,*,#6321,.F.);
#6323=ORIENTED_EDGE('',*,*,#6303,.F.);
#6324=ORIENTED_EDGE('',*,*,#5713,.T.);
#6325=EDGE_LOOP('',(#6320,#6322,#6323,#6324));
#6326=FACE_OUTER_BOUND('',#6325,.F.);
#6327=ADVANCED_FACE('',(#6326),#6319,.T.);
#6328=CARTESIAN_POINT('',(-3.9E0,3.425E0,8.975534170379E0));
#6329=DIRECTION('',(1.E0,0.E0,0.E0));
#6330=DIRECTION('',(0.E0,0.E0,-1.E0));
#6331=AXIS2_PLACEMENT_3D('',#6328,#6329,#6330);
#6332=CYLINDRICAL_SURFACE('',#6331,5.E-1);
#6333=ORIENTED_EDGE('',*,*,#5690,.F.);
#6334=ORIENTED_EDGE('',*,*,#5731,.T.);
#6335=ORIENTED_EDGE('',*,*,#5782,.T.);
#6337=ORIENTED_EDGE('',*,*,#6336,.F.);
#6338=EDGE_LOOP('',(#6333,#6334,#6335,#6337));
#6339=FACE_OUTER_BOUND('',#6338,.F.);
#6340=ADVANCED_FACE('',(#6339),#6332,.T.);
#6341=CARTESIAN_POINT('',(-3.9E0,2.925E0,8.975534170379E0));
#6342=DIRECTION('',(0.E0,-1.E0,0.E0));
#6343=DIRECTION('',(0.E0,0.E0,-1.E0));
#6344=AXIS2_PLACEMENT_3D('',#6341,#6342,#6343);
#6345=PLANE('',#6344);
#6346=ORIENTED_EDGE('',*,*,#5373,.T.);
#6348=ORIENTED_EDGE('',*,*,#6347,.F.);
#6349=ORIENTED_EDGE('',*,*,#6305,.F.);
#6350=ORIENTED_EDGE('',*,*,#6321,.T.);
#6351=EDGE_LOOP('',(#6346,#6348,#6349,#6350));
#6352=FACE_OUTER_BOUND('',#6351,.F.);
#6353=ADVANCED_FACE('',(#6352),#6345,.T.);
#6354=CARTESIAN_POINT('',(-3.9E0,2.925E0,8.975534170379E0));
#6355=DIRECTION('',(0.E0,-1.E0,0.E0));
#6356=DIRECTION('',(0.E0,0.E0,-1.E0));
#6357=AXIS2_PLACEMENT_3D('',#6354,#6355,#6356);
#6358=PLANE('',#6357);
#6359=ORIENTED_EDGE('',*,*,#5692,.F.);
#6360=ORIENTED_EDGE('',*,*,#6336,.T.);
#6361=ORIENTED_EDGE('',*,*,#5780,.T.);
#6363=ORIENTED_EDGE('',*,*,#6362,.F.);
#6364=EDGE_LOOP('',(#6359,#6360,#6361,#6363));
#6365=FACE_OUTER_BOUND('',#6364,.F.);
#6366=ADVANCED_FACE('',(#6365),#6358,.T.);
#6367=CARTESIAN_POINT('',(-3.9E0,2.795E0,8.23E0));
#6368=DIRECTION('',(1.E0,0.E0,0.E0));
#6369=DIRECTION('',(0.E0,0.E0,-1.E0));
#6370=AXIS2_PLACEMENT_3D('',#6367,#6368,#6369);
#6371=CYLINDRICAL_SURFACE('',#6370,1.3E-1);
#6372=ORIENTED_EDGE('',*,*,#5371,.F.);
#6373=ORIENTED_EDGE('',*,*,#4476,.F.);
#6374=ORIENTED_EDGE('',*,*,#6307,.F.);
#6375=ORIENTED_EDGE('',*,*,#6347,.T.);
#6376=EDGE_LOOP('',(#6372,#6373,#6374,#6375));
#6377=FACE_OUTER_BOUND('',#6376,.F.);
#6378=ADVANCED_FACE('',(#6377),#6371,.F.);
#6379=CARTESIAN_POINT('',(-3.9E0,2.795E0,8.23E0));
#6380=DIRECTION('',(1.E0,0.E0,0.E0));
#6381=DIRECTION('',(0.E0,0.E0,-1.E0));
#6382=AXIS2_PLACEMENT_3D('',#6379,#6380,#6381);
#6383=CYLINDRICAL_SURFACE('',#6382,1.3E-1);
#6384=ORIENTED_EDGE('',*,*,#5694,.T.);
#6385=ORIENTED_EDGE('',*,*,#6362,.T.);
#6386=ORIENTED_EDGE('',*,*,#5778,.T.);
#6387=ORIENTED_EDGE('',*,*,#4500,.F.);
#6388=EDGE_LOOP('',(#6384,#6385,#6386,#6387));
#6389=FACE_OUTER_BOUND('',#6388,.F.);
#6390=ADVANCED_FACE('',(#6389),#6383,.F.);
#6391=CARTESIAN_POINT('',(-4.75E0,2.675E0,8.1E0));
#6392=DIRECTION('',(1.E0,0.E0,0.E0));
#6393=DIRECTION('',(0.E0,0.E0,-1.E0));
#6394=AXIS2_PLACEMENT_3D('',#6391,#6392,#6393);
#6395=PLANE('',#6394);
#6396=ORIENTED_EDGE('',*,*,#5805,.F.);
#6397=ORIENTED_EDGE('',*,*,#4470,.F.);
#6399=ORIENTED_EDGE('',*,*,#6398,.T.);
#6401=ORIENTED_EDGE('',*,*,#6400,.F.);
#6402=EDGE_LOOP('',(#6396,#6397,#6399,#6401));
#6403=FACE_OUTER_BOUND('',#6402,.F.);
#6404=ADVANCED_FACE('',(#6403),#6395,.F.);
#6405=CARTESIAN_POINT('',(0.E0,2.575E0,0.E0));
#6406=DIRECTION('',(0.E0,1.E0,0.E0));
#6407=DIRECTION('',(1.E0,0.E0,0.E0));
#6408=AXIS2_PLACEMENT_3D('',#6405,#6406,#6407);
#6409=PLANE('',#6408);
#6410=ORIENTED_EDGE('',*,*,#4468,.F.);
#6412=ORIENTED_EDGE('',*,*,#6411,.F.);
#6414=ORIENTED_EDGE('',*,*,#6413,.F.);
#6415=ORIENTED_EDGE('',*,*,#6398,.F.);
#6416=EDGE_LOOP('',(#6410,#6412,#6414,#6415));
#6417=FACE_OUTER_BOUND('',#6416,.F.);
#6418=ADVANCED_FACE('',(#6417),#6409,.T.);
#6419=CARTESIAN_POINT('',(-5.75E0,2.675E0,2.86E0));
#6420=DIRECTION('',(-1.E0,0.E0,0.E0));
#6421=DIRECTION('',(0.E0,0.E0,1.E0));
#6422=AXIS2_PLACEMENT_3D('',#6419,#6420,#6421);
#6423=PLANE('',#6422);
#6424=ORIENTED_EDGE('',*,*,#5809,.T.);
#6426=ORIENTED_EDGE('',*,*,#6425,.T.);
#6427=ORIENTED_EDGE('',*,*,#6411,.T.);
#6428=ORIENTED_EDGE('',*,*,#4466,.T.);
#6429=EDGE_LOOP('',(#6424,#6426,#6427,#6428));
#6430=FACE_OUTER_BOUND('',#6429,.F.);
#6431=ADVANCED_FACE('',(#6430),#6423,.F.);
#6432=CARTESIAN_POINT('',(-4.75E0,2.675E0,2.86E0));
#6433=DIRECTION('',(0.E0,0.E0,-1.E0));
#6434=DIRECTION('',(-1.E0,0.E0,0.E0));
#6435=AXIS2_PLACEMENT_3D('',#6432,#6433,#6434);
#6436=PLANE('',#6435);
#6437=ORIENTED_EDGE('',*,*,#5807,.F.);
#6438=ORIENTED_EDGE('',*,*,#6400,.T.);
#6439=ORIENTED_EDGE('',*,*,#6413,.T.);
#6440=ORIENTED_EDGE('',*,*,#6425,.F.);
#6441=EDGE_LOOP('',(#6437,#6438,#6439,#6440));
#6442=FACE_OUTER_BOUND('',#6441,.F.);
#6443=ADVANCED_FACE('',(#6442),#6436,.F.);
#6444=CARTESIAN_POINT('',(3.27E0,1.765E0,0.E0));
#6445=DIRECTION('',(0.E0,9.999619230642E-1,-8.726535498374E-3));
#6446=DIRECTION('',(-1.E0,0.E0,0.E0));
#6447=AXIS2_PLACEMENT_3D('',#6444,#6445,#6446);
#6448=PLANE('',#6447);
#6449=ORIENTED_EDGE('',*,*,#5475,.F.);
#6451=ORIENTED_EDGE('',*,*,#6450,.F.);
#6452=ORIENTED_EDGE('',*,*,#5697,.T.);
#6453=ORIENTED_EDGE('',*,*,#4496,.F.);
#6455=ORIENTED_EDGE('',*,*,#6454,.T.);
#6457=ORIENTED_EDGE('',*,*,#6456,.F.);
#6459=ORIENTED_EDGE('',*,*,#6458,.F.);
#6460=EDGE_LOOP('',(#6449,#6451,#6452,#6453,#6455,#6457,#6459));
#6461=FACE_OUTER_BOUND('',#6460,.F.);
#6462=ADVANCED_FACE('',(#6461),#6448,.F.);
#6463=CARTESIAN_POINT('',(2.75E0,-2.2026776E1,4.4E0));
#6464=DIRECTION('',(0.E0,1.E0,0.E0));
#6465=DIRECTION('',(1.E0,0.E0,0.E0));
#6466=AXIS2_PLACEMENT_3D('',#6463,#6464,#6465);
#6467=CYLINDRICAL_SURFACE('',#6466,2.E-1);
#6468=ORIENTED_EDGE('',*,*,#5473,.T.);
#6469=ORIENTED_EDGE('',*,*,#5663,.T.);
#6470=ORIENTED_EDGE('',*,*,#5699,.F.);
#6471=ORIENTED_EDGE('',*,*,#6450,.T.);
#6472=EDGE_LOOP('',(#6468,#6469,#6470,#6471));
#6473=FACE_OUTER_BOUND('',#6472,.F.);
#6474=ADVANCED_FACE('',(#6473),#6467,.F.);
#6475=CARTESIAN_POINT('',(3.27E0,-1.275E0,0.E0));
#6476=DIRECTION('',(9.999619230642E-1,0.E0,-8.726535498374E-3));
#6477=DIRECTION('',(0.E0,1.E0,0.E0));
#6478=AXIS2_PLACEMENT_3D('',#6475,#6476,#6477);
#6479=PLANE('',#6478);
#6480=ORIENTED_EDGE('',*,*,#4494,.F.);
#6482=ORIENTED_EDGE('',*,*,#6481,.T.);
#6484=ORIENTED_EDGE('',*,*,#6483,.F.);
#6485=ORIENTED_EDGE('',*,*,#6454,.F.);
#6486=EDGE_LOOP('',(#6480,#6482,#6484,#6485));
#6487=FACE_OUTER_BOUND('',#6486,.F.);
#6488=ADVANCED_FACE('',(#6487),#6479,.F.);
#6489=CARTESIAN_POINT('',(2.3E-1,-1.275E0,0.E0));
#6490=DIRECTION('',(0.E0,-9.999619230642E-1,-8.726535498374E-3));
#6491=DIRECTION('',(1.E0,0.E0,0.E0));
#6492=AXIS2_PLACEMENT_3D('',#6489,#6490,#6491);
#6493=PLANE('',#6492);
#6494=ORIENTED_EDGE('',*,*,#4492,.F.);
#6496=ORIENTED_EDGE('',*,*,#6495,.T.);
#6498=ORIENTED_EDGE('',*,*,#6497,.F.);
#6499=ORIENTED_EDGE('',*,*,#6481,.F.);
#6500=EDGE_LOOP('',(#6494,#6496,#6498,#6499));
#6501=FACE_OUTER_BOUND('',#6500,.F.);
#6502=ADVANCED_FACE('',(#6501),#6493,.F.);
#6503=CARTESIAN_POINT('',(2.3E-1,1.765E0,0.E0));
#6504=DIRECTION('',(-9.999619230642E-1,0.E0,-8.726535498374E-3));
#6505=DIRECTION('',(0.E0,-1.E0,0.E0));
#6506=AXIS2_PLACEMENT_3D('',#6503,#6504,#6505);
#6507=PLANE('',#6506);
#6508=ORIENTED_EDGE('',*,*,#4490,.F.);
#6510=ORIENTED_EDGE('',*,*,#6509,.T.);
#6511=ORIENTED_EDGE('',*,*,#5477,.T.);
#6512=ORIENTED_EDGE('',*,*,#6458,.T.);
#6514=ORIENTED_EDGE('',*,*,#6513,.F.);
#6515=ORIENTED_EDGE('',*,*,#6495,.F.);
#6516=EDGE_LOOP('',(#6508,#6510,#6511,#6512,#6514,#6515));
#6517=FACE_OUTER_BOUND('',#6516,.F.);
#6518=ADVANCED_FACE('',(#6517),#6507,.F.);
#6519=CARTESIAN_POINT('',(-2.95E0,1.729396857184E0,1.025E1));
#6520=DIRECTION('',(0.E0,-1.E0,0.E0));
#6521=DIRECTION('',(0.E0,0.E0,-1.E0));
#6522=AXIS2_PLACEMENT_3D('',#6519,#6520,#6521);
#6523=PLANE('',#6522);
#6524=ORIENTED_EDGE('',*,*,#6509,.F.);
#6525=ORIENTED_EDGE('',*,*,#4488,.F.);
#6527=ORIENTED_EDGE('',*,*,#6526,.T.);
#6528=ORIENTED_EDGE('',*,*,#5479,.T.);
#6529=EDGE_LOOP('',(#6524,#6525,#6527,#6528));
#6530=FACE_OUTER_BOUND('',#6529,.F.);
#6531=ADVANCED_FACE('',(#6530),#6523,.F.);
#6532=CARTESIAN_POINT('',(-2.3E-1,-1.275E0,0.E0));
#6533=DIRECTION('',(9.999619230642E-1,0.E0,-8.726535498374E-3));
#6534=DIRECTION('',(0.E0,1.E0,0.E0));
#6535=AXIS2_PLACEMENT_3D('',#6532,#6533,#6534);
#6536=PLANE('',#6535);
#6537=ORIENTED_EDGE('',*,*,#4486,.F.);
#6539=ORIENTED_EDGE('',*,*,#6538,.T.);
#6540=ORIENTED_EDGE('',*,*,#5316,.F.);
#6541=ORIENTED_EDGE('',*,*,#5354,.F.);
#6542=ORIENTED_EDGE('',*,*,#5481,.F.);
#6543=ORIENTED_EDGE('',*,*,#6526,.F.);
#6544=EDGE_LOOP('',(#6537,#6539,#6540,#6541,#6542,#6543));
#6545=FACE_OUTER_BOUND('',#6544,.F.);
#6546=ADVANCED_FACE('',(#6545),#6536,.F.);
#6547=CARTESIAN_POINT('',(-3.27E0,-1.275E0,0.E0));
#6548=DIRECTION('',(0.E0,-9.999619230642E-1,-8.726535498374E-3));
#6549=DIRECTION('',(1.E0,0.E0,0.E0));
#6550=AXIS2_PLACEMENT_3D('',#6547,#6548,#6549);
#6551=PLANE('',#6550);
#6552=ORIENTED_EDGE('',*,*,#4484,.F.);
#6553=ORIENTED_EDGE('',*,*,#5338,.T.);
#6554=ORIENTED_EDGE('',*,*,#5318,.F.);
#6555=ORIENTED_EDGE('',*,*,#6538,.F.);
#6556=EDGE_LOOP('',(#6552,#6553,#6554,#6555));
#6557=FACE_OUTER_BOUND('',#6556,.F.);
#6558=ADVANCED_FACE('',(#6557),#6551,.F.);
#6559=CARTESIAN_POINT('',(0.E0,0.E0,0.E0));
#6560=DIRECTION('',(0.E0,0.E0,1.E0));
#6561=DIRECTION('',(1.E0,0.E0,0.E0));
#6562=AXIS2_PLACEMENT_3D('',#6559,#6560,#6561);
#6563=PLANE('',#6562);
#6564=ORIENTED_EDGE('',*,*,#6513,.T.);
#6565=ORIENTED_EDGE('',*,*,#6456,.T.);
#6566=ORIENTED_EDGE('',*,*,#6483,.T.);
#6567=ORIENTED_EDGE('',*,*,#6497,.T.);
#6568=EDGE_LOOP('',(#6564,#6565,#6566,#6567));
#6569=FACE_OUTER_BOUND('',#6568,.F.);
#6571=ORIENTED_EDGE('',*,*,#6570,.F.);
#6573=ORIENTED_EDGE('',*,*,#6572,.T.);
#6575=ORIENTED_EDGE('',*,*,#6574,.T.);
#6577=ORIENTED_EDGE('',*,*,#6576,.F.);
#6578=EDGE_LOOP('',(#6571,#6573,#6575,#6577));
#6579=FACE_BOUND('',#6578,.F.);
#6580=ADVANCED_FACE('',(#6569,#6579),#6563,.T.);
#6581=CARTESIAN_POINT('',(1.4325E0,0.E0,0.E0));
#6582=DIRECTION('',(1.E0,0.E0,0.E0));
#6583=DIRECTION('',(0.E0,0.E0,-1.E0));
#6584=AXIS2_PLACEMENT_3D('',#6581,#6582,#6583);
#6585=PLANE('',#6584);
#6587=ORIENTED_EDGE('',*,*,#6586,.F.);
#6589=ORIENTED_EDGE('',*,*,#6588,.T.);
#6590=ORIENTED_EDGE('',*,*,#6570,.T.);
#6592=ORIENTED_EDGE('',*,*,#6591,.T.);
#6593=EDGE_LOOP('',(#6587,#6589,#6590,#6592));
#6594=FACE_OUTER_BOUND('',#6593,.F.);
#6595=ADVANCED_FACE('',(#6594),#6585,.F.);
#6596=CARTESIAN_POINT('',(1.4325E0,0.E0,0.E0));
#6597=DIRECTION('',(1.E0,0.E0,0.E0));
#6598=DIRECTION('',(0.E0,0.E0,-1.E0));
#6599=AXIS2_PLACEMENT_3D('',#6596,#6597,#6598);
#6600=PLANE('',#6599);
#6602=ORIENTED_EDGE('',*,*,#6601,.F.);
#6604=ORIENTED_EDGE('',*,*,#6603,.T.);
#6606=ORIENTED_EDGE('',*,*,#6605,.T.);
#6608=ORIENTED_EDGE('',*,*,#6607,.T.);
#6609=ORIENTED_EDGE('',*,*,#4790,.F.);
#6611=ORIENTED_EDGE('',*,*,#6610,.T.);
#6613=ORIENTED_EDGE('',*,*,#6612,.T.);
#6615=ORIENTED_EDGE('',*,*,#6614,.T.);
#6616=EDGE_LOOP('',(#6602,#6604,#6606,#6608,#6609,#6611,#6613,#6615));
#6617=FACE_OUTER_BOUND('',#6616,.F.);
#6618=ADVANCED_FACE('',(#6617),#6600,.F.);
#6619=CARTESIAN_POINT('',(1.5325E0,2.45E-1,6.E0));
#6620=DIRECTION('',(-9.701425001453E-1,0.E0,2.425356250363E-1));
#6621=DIRECTION('',(2.425356250363E-1,0.E0,9.701425001453E-1));
#6622=AXIS2_PLACEMENT_3D('',#6619,#6620,#6621);
#6623=PLANE('',#6622);
#6625=ORIENTED_EDGE('',*,*,#6624,.F.);
#6627=ORIENTED_EDGE('',*,*,#6626,.T.);
#6628=ORIENTED_EDGE('',*,*,#6586,.T.);
#6630=ORIENTED_EDGE('',*,*,#6629,.T.);
#6631=EDGE_LOOP('',(#6625,#6627,#6628,#6630));
#6632=FACE_OUTER_BOUND('',#6631,.F.);
#6633=ADVANCED_FACE('',(#6632),#6623,.T.);
#6634=CARTESIAN_POINT('',(1.4325E0,5.625E-1,6.4E0));
#6635=DIRECTION('',(0.E0,0.E0,1.E0));
#6636=DIRECTION('',(0.E0,-1.E0,0.E0));
#6637=AXIS2_PLACEMENT_3D('',#6634,#6635,#6636);
#6638=PLANE('',#6637);
#6640=ORIENTED_EDGE('',*,*,#6639,.F.);
#6642=ORIENTED_EDGE('',*,*,#6641,.T.);
#6644=ORIENTED_EDGE('',*,*,#6643,.T.);
#6645=ORIENTED_EDGE('',*,*,#6624,.T.);
#6646=EDGE_LOOP('',(#6640,#6642,#6644,#6645));
#6647=FACE_OUTER_BOUND('',#6646,.F.);
#6648=ADVANCED_FACE('',(#6647),#6638,.T.);
#6649=CARTESIAN_POINT('',(1.75E0,4.625E-1,6.E0));
#6650=DIRECTION('',(0.E0,9.701425001453E-1,2.425356250363E-1));
#6651=DIRECTION('',(0.E0,2.425356250363E-1,-9.701425001453E-1));
#6652=AXIS2_PLACEMENT_3D('',#6649,#6650,#6651);
#6653=PLANE('',#6652);
#6654=ORIENTED_EDGE('',*,*,#6639,.T.);
#6655=ORIENTED_EDGE('',*,*,#6629,.F.);
#6657=ORIENTED_EDGE('',*,*,#6656,.F.);
#6659=ORIENTED_EDGE('',*,*,#6658,.F.);
#6660=EDGE_LOOP('',(#6654,#6655,#6657,#6659));
#6661=FACE_OUTER_BOUND('',#6660,.F.);
#6662=ADVANCED_FACE('',(#6661),#6653,.T.);
#6663=CARTESIAN_POINT('',(1.4325E0,5.625E-1,-4.2425E0));
#6664=DIRECTION('',(0.E0,1.E0,0.E0));
#6665=DIRECTION('',(0.E0,0.E0,1.E0));
#6666=AXIS2_PLACEMENT_3D('',#6663,#6664,#6665);
#6667=PLANE('',#6666);
#6668=ORIENTED_EDGE('',*,*,#4792,.F.);
#6669=ORIENTED_EDGE('',*,*,#6607,.F.);
#6671=ORIENTED_EDGE('',*,*,#6670,.T.);
#6673=ORIENTED_EDGE('',*,*,#6672,.T.);
#6674=EDGE_LOOP('',(#6668,#6669,#6671,#6673));
#6675=FACE_OUTER_BOUND('',#6674,.F.);
#6676=ADVANCED_FACE('',(#6675),#6667,.T.);
#6677=CARTESIAN_POINT('',(1.4325E0,5.625E-1,-4.2425E0));
#6678=DIRECTION('',(0.E0,1.E0,0.E0));
#6679=DIRECTION('',(0.E0,0.E0,1.E0));
#6680=AXIS2_PLACEMENT_3D('',#6677,#6678,#6679);
#6681=PLANE('',#6680);
#6682=ORIENTED_EDGE('',*,*,#6656,.T.);
#6683=ORIENTED_EDGE('',*,*,#6591,.F.);
#6684=ORIENTED_EDGE('',*,*,#6576,.T.);
#6686=ORIENTED_EDGE('',*,*,#6685,.T.);
#6687=EDGE_LOOP('',(#6682,#6683,#6684,#6686));
#6688=FACE_OUTER_BOUND('',#6687,.F.);
#6689=ADVANCED_FACE('',(#6688),#6681,.T.);
#6690=CARTESIAN_POINT('',(1.4325E0,-5.725E-1,-4.2425E0));
#6691=DIRECTION('',(1.E0,0.E0,0.E0));
#6692=DIRECTION('',(0.E0,0.E0,-1.E0));
#6693=AXIS2_PLACEMENT_3D('',#6690,#6691,#6692);
#6694=CYLINDRICAL_SURFACE('',#6693,1.135E0);
#6695=ORIENTED_EDGE('',*,*,#6605,.F.);
#6697=ORIENTED_EDGE('',*,*,#6696,.T.);
#6699=ORIENTED_EDGE('',*,*,#6698,.T.);
#6700=ORIENTED_EDGE('',*,*,#6670,.F.);
#6701=EDGE_LOOP('',(#6695,#6697,#6699,#6700));
#6702=FACE_OUTER_BOUND('',#6701,.F.);
#6703=ADVANCED_FACE('',(#6702),#6694,.T.);
#6704=CARTESIAN_POINT('',(1.4325E0,-6.175E0,-5.3775E0));
#6705=DIRECTION('',(0.E0,0.E0,-1.E0));
#6706=DIRECTION('',(0.E0,1.E0,0.E0));
#6707=AXIS2_PLACEMENT_3D('',#6704,#6705,#6706);
#6708=PLANE('',#6707);
#6710=ORIENTED_EDGE('',*,*,#6709,.F.);
#6712=ORIENTED_EDGE('',*,*,#6711,.T.);
#6713=ORIENTED_EDGE('',*,*,#6696,.F.);
#6714=ORIENTED_EDGE('',*,*,#6603,.F.);
#6715=EDGE_LOOP('',(#6710,#6712,#6713,#6714));
#6716=FACE_OUTER_BOUND('',#6715,.F.);
#6717=ADVANCED_FACE('',(#6716),#6708,.T.);
#6718=CARTESIAN_POINT('',(1.75E0,-5.775E0,-5.2775E0));
#6719=DIRECTION('',(0.E0,-2.425356250363E-1,-9.701425001453E-1));
#6720=DIRECTION('',(0.E0,-9.701425001453E-1,2.425356250363E-1));
#6721=AXIS2_PLACEMENT_3D('',#6718,#6719,#6720);
#6722=PLANE('',#6721);
#6723=ORIENTED_EDGE('',*,*,#6709,.T.);
#6725=ORIENTED_EDGE('',*,*,#6724,.F.);
#6727=ORIENTED_EDGE('',*,*,#6726,.F.);
#6729=ORIENTED_EDGE('',*,*,#6728,.F.);
#6730=EDGE_LOOP('',(#6723,#6725,#6727,#6729));
#6731=FACE_OUTER_BOUND('',#6730,.F.);
#6732=ADVANCED_FACE('',(#6731),#6722,.T.);
#6733=CARTESIAN_POINT('',(1.5325E0,-5.775E0,-5.06E0));
#6734=DIRECTION('',(-9.701425001453E-1,-2.425356250363E-1,0.E0));
#6735=DIRECTION('',(2.425356250363E-1,-9.701425001453E-1,0.E0));
#6736=AXIS2_PLACEMENT_3D('',#6733,#6734,#6735);
#6737=PLANE('',#6736);
#6738=ORIENTED_EDGE('',*,*,#6601,.T.);
#6740=ORIENTED_EDGE('',*,*,#6739,.F.);
#6742=ORIENTED_EDGE('',*,*,#6741,.F.);
#6743=ORIENTED_EDGE('',*,*,#6724,.T.);
#6744=EDGE_LOOP('',(#6738,#6740,#6742,#6743));
#6745=FACE_OUTER_BOUND('',#6744,.F.);
#6746=ADVANCED_FACE('',(#6745),#6737,.T.);
#6747=CARTESIAN_POINT('',(1.75E0,-5.775E0,-4.8425E0));
#6748=DIRECTION('',(0.E0,-2.425356250363E-1,9.701425001453E-1));
#6749=DIRECTION('',(0.E0,9.701425001453E-1,2.425356250363E-1));
#6750=AXIS2_PLACEMENT_3D('',#6747,#6748,#6749);
#6751=PLANE('',#6750);
#6753=ORIENTED_EDGE('',*,*,#6752,.F.);
#6755=ORIENTED_EDGE('',*,*,#6754,.F.);
#6757=ORIENTED_EDGE('',*,*,#6756,.T.);
#6758=ORIENTED_EDGE('',*,*,#6739,.T.);
#6759=EDGE_LOOP('',(#6753,#6755,#6757,#6758));
#6760=FACE_OUTER_BOUND('',#6759,.F.);
#6761=ADVANCED_FACE('',(#6760),#6751,.T.);
#6762=CARTESIAN_POINT('',(1.4325E0,-5.725E-1,-4.7425E0));
#6763=DIRECTION('',(0.E0,0.E0,1.E0));
#6764=DIRECTION('',(0.E0,-1.E0,0.E0));
#6765=AXIS2_PLACEMENT_3D('',#6762,#6763,#6764);
#6766=PLANE('',#6765);
#6767=ORIENTED_EDGE('',*,*,#6752,.T.);
#6768=ORIENTED_EDGE('',*,*,#6614,.F.);
#6770=ORIENTED_EDGE('',*,*,#6769,.T.);
#6772=ORIENTED_EDGE('',*,*,#6771,.T.);
#6773=EDGE_LOOP('',(#6767,#6768,#6770,#6772));
#6774=FACE_OUTER_BOUND('',#6773,.F.);
#6775=ADVANCED_FACE('',(#6774),#6766,.T.);
#6776=CARTESIAN_POINT('',(1.4325E0,-5.725E-1,-4.2425E0));
#6777=DIRECTION('',(1.E0,0.E0,0.E0));
#6778=DIRECTION('',(0.E0,0.E0,-1.E0));
#6779=AXIS2_PLACEMENT_3D('',#6776,#6777,#6778);
#6780=CYLINDRICAL_SURFACE('',#6779,5.E-1);
#6781=ORIENTED_EDGE('',*,*,#6612,.F.);
#6783=ORIENTED_EDGE('',*,*,#6782,.T.);
#6785=ORIENTED_EDGE('',*,*,#6784,.T.);
#6786=ORIENTED_EDGE('',*,*,#6769,.F.);
#6787=EDGE_LOOP('',(#6781,#6783,#6785,#6786));
#6788=FACE_OUTER_BOUND('',#6787,.F.);
#6789=ADVANCED_FACE('',(#6788),#6780,.F.);
#6790=CARTESIAN_POINT('',(1.4325E0,-7.25E-2,6.4E0));
#6791=DIRECTION('',(0.E0,-1.E0,0.E0));
#6792=DIRECTION('',(0.E0,0.E0,-1.E0));
#6793=AXIS2_PLACEMENT_3D('',#6790,#6791,#6792);
#6794=PLANE('',#6793);
#6795=ORIENTED_EDGE('',*,*,#4796,.T.);
#6797=ORIENTED_EDGE('',*,*,#6796,.T.);
#6798=ORIENTED_EDGE('',*,*,#6782,.F.);
#6799=ORIENTED_EDGE('',*,*,#6610,.F.);
#6800=EDGE_LOOP('',(#6795,#6797,#6798,#6799));
#6801=FACE_OUTER_BOUND('',#6800,.F.);
#6802=ADVANCED_FACE('',(#6801),#6794,.T.);
#6803=CARTESIAN_POINT('',(1.4325E0,-7.25E-2,6.4E0));
#6804=DIRECTION('',(0.E0,-1.E0,0.E0));
#6805=DIRECTION('',(0.E0,0.E0,-1.E0));
#6806=AXIS2_PLACEMENT_3D('',#6803,#6804,#6805);
#6807=PLANE('',#6806);
#6809=ORIENTED_EDGE('',*,*,#6808,.F.);
#6811=ORIENTED_EDGE('',*,*,#6810,.T.);
#6812=ORIENTED_EDGE('',*,*,#6572,.F.);
#6813=ORIENTED_EDGE('',*,*,#6588,.F.);
#6814=EDGE_LOOP('',(#6809,#6811,#6812,#6813));
#6815=FACE_OUTER_BOUND('',#6814,.F.);
#6816=ADVANCED_FACE('',(#6815),#6807,.T.);
#6817=CARTESIAN_POINT('',(2.0675E0,0.E0,0.E0));
#6818=DIRECTION('',(1.E0,0.E0,0.E0));
#6819=DIRECTION('',(0.E0,0.E0,-1.E0));
#6820=AXIS2_PLACEMENT_3D('',#6817,#6818,#6819);
#6821=PLANE('',#6820);
#6823=ORIENTED_EDGE('',*,*,#6822,.F.);
#6824=ORIENTED_EDGE('',*,*,#6685,.F.);
#6825=ORIENTED_EDGE('',*,*,#6574,.F.);
#6826=ORIENTED_EDGE('',*,*,#6810,.F.);
#6827=EDGE_LOOP('',(#6823,#6824,#6825,#6826));
#6828=FACE_OUTER_BOUND('',#6827,.F.);
#6829=ADVANCED_FACE('',(#6828),#6821,.T.);
#6830=CARTESIAN_POINT('',(2.0675E0,0.E0,0.E0));
#6831=DIRECTION('',(1.E0,0.E0,0.E0));
#6832=DIRECTION('',(0.E0,0.E0,-1.E0));
#6833=AXIS2_PLACEMENT_3D('',#6830,#6831,#6832);
#6834=PLANE('',#6833);
#6836=ORIENTED_EDGE('',*,*,#6835,.F.);
#6837=ORIENTED_EDGE('',*,*,#6771,.F.);
#6838=ORIENTED_EDGE('',*,*,#6784,.F.);
#6839=ORIENTED_EDGE('',*,*,#6796,.F.);
#6840=ORIENTED_EDGE('',*,*,#4794,.T.);
#6841=ORIENTED_EDGE('',*,*,#6672,.F.);
#6842=ORIENTED_EDGE('',*,*,#6698,.F.);
#6843=ORIENTED_EDGE('',*,*,#6711,.F.);
#6844=EDGE_LOOP('',(#6836,#6837,#6838,#6839,#6840,#6841,#6842,#6843));
#6845=FACE_OUTER_BOUND('',#6844,.F.);
#6846=ADVANCED_FACE('',(#6845),#6834,.T.);
#6847=CARTESIAN_POINT('',(1.9675E0,2.45E-1,6.E0));
#6848=DIRECTION('',(9.701425001453E-1,0.E0,2.425356250363E-1));
#6849=DIRECTION('',(-2.425356250363E-1,0.E0,9.701425001453E-1));
#6850=AXIS2_PLACEMENT_3D('',#6847,#6848,#6849);
#6851=PLANE('',#6850);
#6852=ORIENTED_EDGE('',*,*,#6641,.F.);
#6853=ORIENTED_EDGE('',*,*,#6658,.T.);
#6854=ORIENTED_EDGE('',*,*,#6822,.T.);
#6856=ORIENTED_EDGE('',*,*,#6855,.T.);
#6857=EDGE_LOOP('',(#6852,#6853,#6854,#6856));
#6858=FACE_OUTER_BOUND('',#6857,.F.);
#6859=ADVANCED_FACE('',(#6858),#6851,.T.);
#6860=CARTESIAN_POINT('',(1.75E0,2.75E-2,6.E0));
#6861=DIRECTION('',(0.E0,-9.701425001453E-1,2.425356250363E-1));
#6862=DIRECTION('',(0.E0,2.425356250363E-1,9.701425001453E-1));
#6863=AXIS2_PLACEMENT_3D('',#6860,#6861,#6862);
#6864=PLANE('',#6863);
#6865=ORIENTED_EDGE('',*,*,#6808,.T.);
#6866=ORIENTED_EDGE('',*,*,#6626,.F.);
#6867=ORIENTED_EDGE('',*,*,#6643,.F.);
#6868=ORIENTED_EDGE('',*,*,#6855,.F.);
#6869=EDGE_LOOP('',(#6865,#6866,#6867,#6868));
#6870=FACE_OUTER_BOUND('',#6869,.F.);
#6871=ADVANCED_FACE('',(#6870),#6864,.T.);
#6872=CARTESIAN_POINT('',(1.9675E0,-5.775E0,-5.06E0));
#6873=DIRECTION('',(9.701425001453E-1,-2.425356250363E-1,0.E0));
#6874=DIRECTION('',(-2.425356250363E-1,-9.701425001453E-1,0.E0));
#6875=AXIS2_PLACEMENT_3D('',#6872,#6873,#6874);
#6876=PLANE('',#6875);
#6878=ORIENTED_EDGE('',*,*,#6877,.F.);
#6879=ORIENTED_EDGE('',*,*,#6754,.T.);
#6880=ORIENTED_EDGE('',*,*,#6835,.T.);
#6881=ORIENTED_EDGE('',*,*,#6728,.T.);
#6882=EDGE_LOOP('',(#6878,#6879,#6880,#6881));
#6883=FACE_OUTER_BOUND('',#6882,.F.);
#6884=ADVANCED_FACE('',(#6883),#6876,.T.);
#6885=CARTESIAN_POINT('',(1.4325E0,-6.175E0,-4.7425E0));
#6886=DIRECTION('',(0.E0,-1.E0,0.E0));
#6887=DIRECTION('',(0.E0,0.E0,-1.E0));
#6888=AXIS2_PLACEMENT_3D('',#6885,#6886,#6887);
#6889=PLANE('',#6888);
#6890=ORIENTED_EDGE('',*,*,#6726,.T.);
#6891=ORIENTED_EDGE('',*,*,#6741,.T.);
#6892=ORIENTED_EDGE('',*,*,#6756,.F.);
#6893=ORIENTED_EDGE('',*,*,#6877,.T.);
#6894=EDGE_LOOP('',(#6890,#6891,#6892,#6893));
#6895=FACE_OUTER_BOUND('',#6894,.F.);
#6896=ADVANCED_FACE('',(#6895),#6889,.T.);
#6897=CARTESIAN_POINT('',(-1.5325E0,-5.775E0,-5.06E0));
#6898=DIRECTION('',(9.701425001453E-1,-2.425356250363E-1,0.E0));
#6899=DIRECTION('',(-2.425356250363E-1,-9.701425001453E-1,0.E0));
#6900=AXIS2_PLACEMENT_3D('',#6897,#6898,#6899);
#6901=PLANE('',#6900);
#6903=ORIENTED_EDGE('',*,*,#6902,.F.);
#6904=ORIENTED_EDGE('',*,*,#5187,.T.);
#6905=ORIENTED_EDGE('',*,*,#5270,.T.);
#6906=ORIENTED_EDGE('',*,*,#5161,.T.);
#6907=EDGE_LOOP('',(#6903,#6904,#6905,#6906));
#6908=FACE_OUTER_BOUND('',#6907,.F.);
#6909=ADVANCED_FACE('',(#6908),#6901,.T.);
#6910=CARTESIAN_POINT('',(-2.0675E0,-6.175E0,-4.7425E0));
#6911=DIRECTION('',(0.E0,-1.E0,0.E0));
#6912=DIRECTION('',(0.E0,0.E0,-1.E0));
#6913=AXIS2_PLACEMENT_3D('',#6910,#6911,#6912);
#6914=PLANE('',#6913);
#6915=ORIENTED_EDGE('',*,*,#5159,.T.);
#6916=ORIENTED_EDGE('',*,*,#5174,.T.);
#6917=ORIENTED_EDGE('',*,*,#5189,.F.);
#6918=ORIENTED_EDGE('',*,*,#6902,.T.);
#6919=EDGE_LOOP('',(#6915,#6916,#6917,#6918));
#6920=FACE_OUTER_BOUND('',#6919,.F.);
#6921=ADVANCED_FACE('',(#6920),#6914,.T.);
#6922=CARTESIAN_POINT('',(4.9325E0,0.E0,0.E0));
#6923=DIRECTION('',(1.E0,0.E0,0.E0));
#6924=DIRECTION('',(0.E0,0.E0,-1.E0));
#6925=AXIS2_PLACEMENT_3D('',#6922,#6923,#6924);
#6926=PLANE('',#6925);
#6928=ORIENTED_EDGE('',*,*,#6927,.F.);
#6930=ORIENTED_EDGE('',*,*,#6929,.T.);
#6932=ORIENTED_EDGE('',*,*,#6931,.T.);
#6934=ORIENTED_EDGE('',*,*,#6933,.T.);
#6935=EDGE_LOOP('',(#6928,#6930,#6932,#6934));
#6936=FACE_OUTER_BOUND('',#6935,.F.);
#6937=ADVANCED_FACE('',(#6936),#6926,.F.);
#6938=CARTESIAN_POINT('',(4.9325E0,0.E0,0.E0));
#6939=DIRECTION('',(1.E0,0.E0,0.E0));
#6940=DIRECTION('',(0.E0,0.E0,-1.E0));
#6941=AXIS2_PLACEMENT_3D('',#6938,#6939,#6940);
#6942=PLANE('',#6941);
#6944=ORIENTED_EDGE('',*,*,#6943,.F.);
#6946=ORIENTED_EDGE('',*,*,#6945,.T.);
#6948=ORIENTED_EDGE('',*,*,#6947,.T.);
#6950=ORIENTED_EDGE('',*,*,#6949,.T.);
#6951=ORIENTED_EDGE('',*,*,#4800,.F.);
#6953=ORIENTED_EDGE('',*,*,#6952,.T.);
#6955=ORIENTED_EDGE('',*,*,#6954,.T.);
#6957=ORIENTED_EDGE('',*,*,#6956,.T.);
#6958=EDGE_LOOP('',(#6944,#6946,#6948,#6950,#6951,#6953,#6955,#6957));
#6959=FACE_OUTER_BOUND('',#6958,.F.);
#6960=ADVANCED_FACE('',(#6959),#6942,.F.);
#6961=CARTESIAN_POINT('',(5.0325E0,2.45E-1,6.E0));
#6962=DIRECTION('',(-9.701425001453E-1,0.E0,2.425356250363E-1));
#6963=DIRECTION('',(2.425356250363E-1,0.E0,9.701425001453E-1));
#6964=AXIS2_PLACEMENT_3D('',#6961,#6962,#6963);
#6965=PLANE('',#6964);
#6967=ORIENTED_EDGE('',*,*,#6966,.F.);
#6969=ORIENTED_EDGE('',*,*,#6968,.T.);
#6970=ORIENTED_EDGE('',*,*,#6927,.T.);
#6972=ORIENTED_EDGE('',*,*,#6971,.T.);
#6973=EDGE_LOOP('',(#6967,#6969,#6970,#6972));
#6974=FACE_OUTER_BOUND('',#6973,.F.);
#6975=ADVANCED_FACE('',(#6974),#6965,.T.);
#6976=CARTESIAN_POINT('',(4.9325E0,5.625E-1,6.4E0));
#6977=DIRECTION('',(0.E0,0.E0,1.E0));
#6978=DIRECTION('',(0.E0,-1.E0,0.E0));
#6979=AXIS2_PLACEMENT_3D('',#6976,#6977,#6978);
#6980=PLANE('',#6979);
#6982=ORIENTED_EDGE('',*,*,#6981,.F.);
#6984=ORIENTED_EDGE('',*,*,#6983,.T.);
#6986=ORIENTED_EDGE('',*,*,#6985,.T.);
#6987=ORIENTED_EDGE('',*,*,#6966,.T.);
#6988=EDGE_LOOP('',(#6982,#6984,#6986,#6987));
#6989=FACE_OUTER_BOUND('',#6988,.F.);
#6990=ADVANCED_FACE('',(#6989),#6980,.T.);
#6991=CARTESIAN_POINT('',(5.25E0,4.625E-1,6.E0));
#6992=DIRECTION('',(0.E0,9.701425001453E-1,2.425356250363E-1));
#6993=DIRECTION('',(0.E0,2.425356250363E-1,-9.701425001453E-1));
#6994=AXIS2_PLACEMENT_3D('',#6991,#6992,#6993);
#6995=PLANE('',#6994);
#6996=ORIENTED_EDGE('',*,*,#6981,.T.);
#6997=ORIENTED_EDGE('',*,*,#6971,.F.);
#6999=ORIENTED_EDGE('',*,*,#6998,.F.);
#7001=ORIENTED_EDGE('',*,*,#7000,.F.);
#7002=EDGE_LOOP('',(#6996,#6997,#6999,#7001));
#7003=FACE_OUTER_BOUND('',#7002,.F.);
#7004=ADVANCED_FACE('',(#7003),#6995,.T.);
#7005=CARTESIAN_POINT('',(4.9325E0,5.625E-1,-4.2425E0));
#7006=DIRECTION('',(0.E0,1.E0,0.E0));
#7007=DIRECTION('',(0.E0,0.E0,1.E0));
#7008=AXIS2_PLACEMENT_3D('',#7005,#7006,#7007);
#7009=PLANE('',#7008);
#7010=ORIENTED_EDGE('',*,*,#4802,.F.);
#7011=ORIENTED_EDGE('',*,*,#6949,.F.);
#7013=ORIENTED_EDGE('',*,*,#7012,.T.);
#7015=ORIENTED_EDGE('',*,*,#7014,.T.);
#7016=EDGE_LOOP('',(#7010,#7011,#7013,#7015));
#7017=FACE_OUTER_BOUND('',#7016,.F.);
#7018=ADVANCED_FACE('',(#7017),#7009,.T.);
#7019=CARTESIAN_POINT('',(4.9325E0,5.625E-1,-4.2425E0));
#7020=DIRECTION('',(0.E0,1.E0,0.E0));
#7021=DIRECTION('',(0.E0,0.E0,1.E0));
#7022=AXIS2_PLACEMENT_3D('',#7019,#7020,#7021);
#7023=PLANE('',#7022);
#7024=ORIENTED_EDGE('',*,*,#6998,.T.);
#7025=ORIENTED_EDGE('',*,*,#6933,.F.);
#7027=ORIENTED_EDGE('',*,*,#7026,.T.);
#7029=ORIENTED_EDGE('',*,*,#7028,.T.);
#7030=EDGE_LOOP('',(#7024,#7025,#7027,#7029));
#7031=FACE_OUTER_BOUND('',#7030,.F.);
#7032=ADVANCED_FACE('',(#7031),#7023,.T.);
#7033=CARTESIAN_POINT('',(4.9325E0,-5.725E-1,-4.2425E0));
#7034=DIRECTION('',(1.E0,0.E0,0.E0));
#7035=DIRECTION('',(0.E0,0.E0,-1.E0));
#7036=AXIS2_PLACEMENT_3D('',#7033,#7034,#7035);
#7037=CYLINDRICAL_SURFACE('',#7036,1.135E0);
#7038=ORIENTED_EDGE('',*,*,#6947,.F.);
#7040=ORIENTED_EDGE('',*,*,#7039,.T.);
#7042=ORIENTED_EDGE('',*,*,#7041,.T.);
#7043=ORIENTED_EDGE('',*,*,#7012,.F.);
#7044=EDGE_LOOP('',(#7038,#7040,#7042,#7043));
#7045=FACE_OUTER_BOUND('',#7044,.F.);
#7046=ADVANCED_FACE('',(#7045),#7037,.T.);
#7047=CARTESIAN_POINT('',(4.9325E0,-6.175E0,-5.3775E0));
#7048=DIRECTION('',(0.E0,0.E0,-1.E0));
#7049=DIRECTION('',(0.E0,1.E0,0.E0));
#7050=AXIS2_PLACEMENT_3D('',#7047,#7048,#7049);
#7051=PLANE('',#7050);
#7053=ORIENTED_EDGE('',*,*,#7052,.F.);
#7055=ORIENTED_EDGE('',*,*,#7054,.T.);
#7056=ORIENTED_EDGE('',*,*,#7039,.F.);
#7057=ORIENTED_EDGE('',*,*,#6945,.F.);
#7058=EDGE_LOOP('',(#7053,#7055,#7056,#7057));
#7059=FACE_OUTER_BOUND('',#7058,.F.);
#7060=ADVANCED_FACE('',(#7059),#7051,.T.);
#7061=CARTESIAN_POINT('',(5.25E0,-5.775E0,-5.2775E0));
#7062=DIRECTION('',(0.E0,-2.425356250363E-1,-9.701425001453E-1));
#7063=DIRECTION('',(0.E0,-9.701425001453E-1,2.425356250363E-1));
#7064=AXIS2_PLACEMENT_3D('',#7061,#7062,#7063);
#7065=PLANE('',#7064);
#7066=ORIENTED_EDGE('',*,*,#7052,.T.);
#7068=ORIENTED_EDGE('',*,*,#7067,.F.);
#7070=ORIENTED_EDGE('',*,*,#7069,.F.);
#7072=ORIENTED_EDGE('',*,*,#7071,.F.);
#7073=EDGE_LOOP('',(#7066,#7068,#7070,#7072));
#7074=FACE_OUTER_BOUND('',#7073,.F.);
#7075=ADVANCED_FACE('',(#7074),#7065,.T.);
#7076=CARTESIAN_POINT('',(5.0325E0,-5.775E0,-5.06E0));
#7077=DIRECTION('',(-9.701425001453E-1,-2.425356250363E-1,0.E0));
#7078=DIRECTION('',(2.425356250363E-1,-9.701425001453E-1,0.E0));
#7079=AXIS2_PLACEMENT_3D('',#7076,#7077,#7078);
#7080=PLANE('',#7079);
#7081=ORIENTED_EDGE('',*,*,#6943,.T.);
#7083=ORIENTED_EDGE('',*,*,#7082,.F.);
#7085=ORIENTED_EDGE('',*,*,#7084,.F.);
#7086=ORIENTED_EDGE('',*,*,#7067,.T.);
#7087=EDGE_LOOP('',(#7081,#7083,#7085,#7086));
#7088=FACE_OUTER_BOUND('',#7087,.F.);
#7089=ADVANCED_FACE('',(#7088),#7080,.T.);
#7090=CARTESIAN_POINT('',(5.25E0,-5.775E0,-4.8425E0));
#7091=DIRECTION('',(0.E0,-2.425356250363E-1,9.701425001453E-1));
#7092=DIRECTION('',(0.E0,9.701425001453E-1,2.425356250363E-1));
#7093=AXIS2_PLACEMENT_3D('',#7090,#7091,#7092);
#7094=PLANE('',#7093);
#7096=ORIENTED_EDGE('',*,*,#7095,.F.);
#7098=ORIENTED_EDGE('',*,*,#7097,.F.);
#7100=ORIENTED_EDGE('',*,*,#7099,.T.);
#7101=ORIENTED_EDGE('',*,*,#7082,.T.);
#7102=EDGE_LOOP('',(#7096,#7098,#7100,#7101));
#7103=FACE_OUTER_BOUND('',#7102,.F.);
#7104=ADVANCED_FACE('',(#7103),#7094,.T.);
#7105=CARTESIAN_POINT('',(4.9325E0,-5.725E-1,-4.7425E0));
#7106=DIRECTION('',(0.E0,0.E0,1.E0));
#7107=DIRECTION('',(0.E0,-1.E0,0.E0));
#7108=AXIS2_PLACEMENT_3D('',#7105,#7106,#7107);
#7109=PLANE('',#7108);
#7110=ORIENTED_EDGE('',*,*,#7095,.T.);
#7111=ORIENTED_EDGE('',*,*,#6956,.F.);
#7113=ORIENTED_EDGE('',*,*,#7112,.T.);
#7115=ORIENTED_EDGE('',*,*,#7114,.T.);
#7116=EDGE_LOOP('',(#7110,#7111,#7113,#7115));
#7117=FACE_OUTER_BOUND('',#7116,.F.);
#7118=ADVANCED_FACE('',(#7117),#7109,.T.);
#7119=CARTESIAN_POINT('',(4.9325E0,-5.725E-1,-4.2425E0));
#7120=DIRECTION('',(1.E0,0.E0,0.E0));
#7121=DIRECTION('',(0.E0,0.E0,-1.E0));
#7122=AXIS2_PLACEMENT_3D('',#7119,#7120,#7121);
#7123=CYLINDRICAL_SURFACE('',#7122,5.E-1);
#7124=ORIENTED_EDGE('',*,*,#6954,.F.);
#7126=ORIENTED_EDGE('',*,*,#7125,.T.);
#7128=ORIENTED_EDGE('',*,*,#7127,.T.);
#7129=ORIENTED_EDGE('',*,*,#7112,.F.);
#7130=EDGE_LOOP('',(#7124,#7126,#7128,#7129));
#7131=FACE_OUTER_BOUND('',#7130,.F.);
#7132=ADVANCED_FACE('',(#7131),#7123,.F.);
#7133=CARTESIAN_POINT('',(4.9325E0,-7.25E-2,6.4E0));
#7134=DIRECTION('',(0.E0,-1.E0,0.E0));
#7135=DIRECTION('',(0.E0,0.E0,-1.E0));
#7136=AXIS2_PLACEMENT_3D('',#7133,#7134,#7135);
#7137=PLANE('',#7136);
#7138=ORIENTED_EDGE('',*,*,#4806,.T.);
#7140=ORIENTED_EDGE('',*,*,#7139,.T.);
#7141=ORIENTED_EDGE('',*,*,#7125,.F.);
#7142=ORIENTED_EDGE('',*,*,#6952,.F.);
#7143=EDGE_LOOP('',(#7138,#7140,#7141,#7142));
#7144=FACE_OUTER_BOUND('',#7143,.F.);
#7145=ADVANCED_FACE('',(#7144),#7137,.T.);
#7146=CARTESIAN_POINT('',(4.9325E0,-7.25E-2,6.4E0));
#7147=DIRECTION('',(0.E0,-1.E0,0.E0));
#7148=DIRECTION('',(0.E0,0.E0,-1.E0));
#7149=AXIS2_PLACEMENT_3D('',#7146,#7147,#7148);
#7150=PLANE('',#7149);
#7152=ORIENTED_EDGE('',*,*,#7151,.F.);
#7154=ORIENTED_EDGE('',*,*,#7153,.T.);
#7156=ORIENTED_EDGE('',*,*,#7155,.F.);
#7157=ORIENTED_EDGE('',*,*,#6929,.F.);
#7158=EDGE_LOOP('',(#7152,#7154,#7156,#7157));
#7159=FACE_OUTER_BOUND('',#7158,.F.);
#7160=ADVANCED_FACE('',(#7159),#7150,.T.);
#7161=CARTESIAN_POINT('',(5.5675E0,0.E0,0.E0));
#7162=DIRECTION('',(1.E0,0.E0,0.E0));
#7163=DIRECTION('',(0.E0,0.E0,-1.E0));
#7164=AXIS2_PLACEMENT_3D('',#7161,#7162,#7163);
#7165=PLANE('',#7164);
#7167=ORIENTED_EDGE('',*,*,#7166,.F.);
#7168=ORIENTED_EDGE('',*,*,#7028,.F.);
#7170=ORIENTED_EDGE('',*,*,#7169,.F.);
#7171=ORIENTED_EDGE('',*,*,#7153,.F.);
#7172=EDGE_LOOP('',(#7167,#7168,#7170,#7171));
#7173=FACE_OUTER_BOUND('',#7172,.F.);
#7174=ADVANCED_FACE('',(#7173),#7165,.T.);
#7175=CARTESIAN_POINT('',(5.5675E0,0.E0,0.E0));
#7176=DIRECTION('',(1.E0,0.E0,0.E0));
#7177=DIRECTION('',(0.E0,0.E0,-1.E0));
#7178=AXIS2_PLACEMENT_3D('',#7175,#7176,#7177);
#7179=PLANE('',#7178);
#7181=ORIENTED_EDGE('',*,*,#7180,.F.);
#7182=ORIENTED_EDGE('',*,*,#7114,.F.);
#7183=ORIENTED_EDGE('',*,*,#7127,.F.);
#7184=ORIENTED_EDGE('',*,*,#7139,.F.);
#7185=ORIENTED_EDGE('',*,*,#4804,.T.);
#7186=ORIENTED_EDGE('',*,*,#7014,.F.);
#7187=ORIENTED_EDGE('',*,*,#7041,.F.);
#7188=ORIENTED_EDGE('',*,*,#7054,.F.);
#7189=EDGE_LOOP('',(#7181,#7182,#7183,#7184,#7185,#7186,#7187,#7188));
#7190=FACE_OUTER_BOUND('',#7189,.F.);
#7191=ADVANCED_FACE('',(#7190),#7179,.T.);
#7192=CARTESIAN_POINT('',(5.4675E0,2.45E-1,6.E0));
#7193=DIRECTION('',(9.701425001453E-1,0.E0,2.425356250363E-1));
#7194=DIRECTION('',(-2.425356250363E-1,0.E0,9.701425001453E-1));
#7195=AXIS2_PLACEMENT_3D('',#7192,#7193,#7194);
#7196=PLANE('',#7195);
#7197=ORIENTED_EDGE('',*,*,#6983,.F.);
#7198=ORIENTED_EDGE('',*,*,#7000,.T.);
#7199=ORIENTED_EDGE('',*,*,#7166,.T.);
#7201=ORIENTED_EDGE('',*,*,#7200,.T.);
#7202=EDGE_LOOP('',(#7197,#7198,#7199,#7201));
#7203=FACE_OUTER_BOUND('',#7202,.F.);
#7204=ADVANCED_FACE('',(#7203),#7196,.T.);
#7205=CARTESIAN_POINT('',(5.25E0,2.75E-2,6.E0));
#7206=DIRECTION('',(0.E0,-9.701425001453E-1,2.425356250363E-1));
#7207=DIRECTION('',(0.E0,2.425356250363E-1,9.701425001453E-1));
#7208=AXIS2_PLACEMENT_3D('',#7205,#7206,#7207);
#7209=PLANE('',#7208);
#7210=ORIENTED_EDGE('',*,*,#7151,.T.);
#7211=ORIENTED_EDGE('',*,*,#6968,.F.);
#7212=ORIENTED_EDGE('',*,*,#6985,.F.);
#7213=ORIENTED_EDGE('',*,*,#7200,.F.);
#7214=EDGE_LOOP('',(#7210,#7211,#7212,#7213));
#7215=FACE_OUTER_BOUND('',#7214,.F.);
#7216=ADVANCED_FACE('',(#7215),#7209,.T.);
#7217=CARTESIAN_POINT('',(0.E0,0.E0,0.E0));
#7218=DIRECTION('',(0.E0,0.E0,1.E0));
#7219=DIRECTION('',(1.E0,0.E0,0.E0));
#7220=AXIS2_PLACEMENT_3D('',#7217,#7218,#7219);
#7221=PLANE('',#7220);
#7223=ORIENTED_EDGE('',*,*,#7222,.F.);
#7225=ORIENTED_EDGE('',*,*,#7224,.T.);
#7227=ORIENTED_EDGE('',*,*,#7226,.T.);
#7229=ORIENTED_EDGE('',*,*,#7228,.T.);
#7231=ORIENTED_EDGE('',*,*,#7230,.F.);
#7233=ORIENTED_EDGE('',*,*,#7232,.F.);
#7234=EDGE_LOOP('',(#7223,#7225,#7227,#7229,#7231,#7233));
#7235=FACE_OUTER_BOUND('',#7234,.F.);
#7236=ORIENTED_EDGE('',*,*,#6931,.F.);
#7237=ORIENTED_EDGE('',*,*,#7155,.T.);
#7238=ORIENTED_EDGE('',*,*,#7169,.T.);
#7239=ORIENTED_EDGE('',*,*,#7026,.F.);
#7240=EDGE_LOOP('',(#7236,#7237,#7238,#7239));
#7241=FACE_BOUND('',#7240,.F.);
#7242=ADVANCED_FACE('',(#7235,#7241),#7221,.T.);
#7243=CARTESIAN_POINT('',(5.73E0,-8.95E-1,0.E0));
#7244=DIRECTION('',(-9.999619230642E-1,0.E0,-8.726535498374E-3));
#7245=DIRECTION('',(0.E0,-1.E0,0.E0));
#7246=AXIS2_PLACEMENT_3D('',#7243,#7244,#7245);
#7247=PLANE('',#7246);
#7248=ORIENTED_EDGE('',*,*,#7222,.T.);
#7250=ORIENTED_EDGE('',*,*,#7249,.F.);
#7251=ORIENTED_EDGE('',*,*,#4529,.F.);
#7253=ORIENTED_EDGE('',*,*,#7252,.F.);
#7254=EDGE_LOOP('',(#7248,#7250,#7251,#7253));
#7255=FACE_OUTER_BOUND('',#7254,.F.);
#7256=ADVANCED_FACE('',(#7255),#7247,.F.);
#7257=CARTESIAN_POINT('',(5.73E0,-1.935E0,0.E0));
#7258=DIRECTION('',(0.E0,-9.999619230642E-1,-8.726535498374E-3));
#7259=DIRECTION('',(1.E0,0.E0,0.E0));
#7260=AXIS2_PLACEMENT_3D('',#7257,#7258,#7259);
#7261=PLANE('',#7260);
#7262=ORIENTED_EDGE('',*,*,#4531,.F.);
#7263=ORIENTED_EDGE('',*,*,#7249,.T.);
#7264=ORIENTED_EDGE('',*,*,#7232,.T.);
#7266=ORIENTED_EDGE('',*,*,#7265,.T.);
#7267=EDGE_LOOP('',(#7262,#7263,#7264,#7266));
#7268=FACE_OUTER_BOUND('',#7267,.F.);
#7269=ADVANCED_FACE('',(#7268),#7261,.F.);
#7270=CARTESIAN_POINT('',(6.77E0,-1.935E0,0.E0));
#7271=DIRECTION('',(9.999619230642E-1,0.E0,-8.726535498374E-3));
#7272=DIRECTION('',(0.E0,1.E0,0.E0));
#7273=AXIS2_PLACEMENT_3D('',#7270,#7271,#7272);
#7274=PLANE('',#7273);
#7275=ORIENTED_EDGE('',*,*,#7230,.T.);
#7277=ORIENTED_EDGE('',*,*,#7276,.F.);
#7278=ORIENTED_EDGE('',*,*,#4533,.T.);
#7279=ORIENTED_EDGE('',*,*,#7265,.F.);
#7280=EDGE_LOOP('',(#7275,#7277,#7278,#7279));
#7281=FACE_OUTER_BOUND('',#7280,.F.);
#7282=ADVANCED_FACE('',(#7281),#7274,.F.);
#7283=CARTESIAN_POINT('',(6.77E0,1.765E0,0.E0));
#7284=DIRECTION('',(0.E0,9.999619230642E-1,-8.726535498374E-3));
#7285=DIRECTION('',(-1.E0,0.E0,0.E0));
#7286=AXIS2_PLACEMENT_3D('',#7283,#7284,#7285);
#7287=PLANE('',#7286);
#7288=ORIENTED_EDGE('',*,*,#4535,.F.);
#7289=ORIENTED_EDGE('',*,*,#7276,.T.);
#7290=ORIENTED_EDGE('',*,*,#7228,.F.);
#7292=ORIENTED_EDGE('',*,*,#7291,.F.);
#7293=EDGE_LOOP('',(#7288,#7289,#7290,#7292));
#7294=FACE_OUTER_BOUND('',#7293,.F.);
#7295=ADVANCED_FACE('',(#7294),#7287,.F.);
#7296=CARTESIAN_POINT('',(3.73E0,1.765E0,0.E0));
#7297=DIRECTION('',(-9.999619230642E-1,0.E0,-8.726535498374E-3));
#7298=DIRECTION('',(0.E0,-1.E0,0.E0));
#7299=AXIS2_PLACEMENT_3D('',#7296,#7297,#7298);
#7300=PLANE('',#7299);
#7301=ORIENTED_EDGE('',*,*,#4537,.F.);
#7302=ORIENTED_EDGE('',*,*,#7291,.T.);
#7303=ORIENTED_EDGE('',*,*,#7226,.F.);
#7305=ORIENTED_EDGE('',*,*,#7304,.F.);
#7306=EDGE_LOOP('',(#7301,#7302,#7303,#7305));
#7307=FACE_OUTER_BOUND('',#7306,.F.);
#7308=ADVANCED_FACE('',(#7307),#7300,.F.);
#7309=CARTESIAN_POINT('',(3.73E0,-1.275E0,0.E0));
#7310=DIRECTION('',(0.E0,-9.999619230642E-1,-8.726535498374E-3));
#7311=DIRECTION('',(1.E0,0.E0,0.E0));
#7312=AXIS2_PLACEMENT_3D('',#7309,#7310,#7311);
#7313=PLANE('',#7312);
#7314=ORIENTED_EDGE('',*,*,#7252,.T.);
#7315=ORIENTED_EDGE('',*,*,#4539,.F.);
#7316=ORIENTED_EDGE('',*,*,#7304,.T.);
#7317=ORIENTED_EDGE('',*,*,#7224,.F.);
#7318=EDGE_LOOP('',(#7314,#7315,#7316,#7317));
#7319=FACE_OUTER_BOUND('',#7318,.F.);
#7320=ADVANCED_FACE('',(#7319),#7313,.F.);
#7321=CARTESIAN_POINT('',(5.4675E0,-5.775E0,-5.06E0));
#7322=DIRECTION('',(9.701425001453E-1,-2.425356250363E-1,0.E0));
#7323=DIRECTION('',(-2.425356250363E-1,-9.701425001453E-1,0.E0));
#7324=AXIS2_PLACEMENT_3D('',#7321,#7322,#7323);
#7325=PLANE('',#7324);
#7327=ORIENTED_EDGE('',*,*,#7326,.F.);
#7328=ORIENTED_EDGE('',*,*,#7097,.T.);
#7329=ORIENTED_EDGE('',*,*,#7180,.T.);
#7330=ORIENTED_EDGE('',*,*,#7071,.T.);
#7331=EDGE_LOOP('',(#7327,#7328,#7329,#7330));
#7332=FACE_OUTER_BOUND('',#7331,.F.);
#7333=ADVANCED_FACE('',(#7332),#7325,.T.);
#7334=CARTESIAN_POINT('',(4.9325E0,-6.175E0,-4.7425E0));
#7335=DIRECTION('',(0.E0,-1.E0,0.E0));
#7336=DIRECTION('',(0.E0,0.E0,-1.E0));
#7337=AXIS2_PLACEMENT_3D('',#7334,#7335,#7336);
#7338=PLANE('',#7337);
#7339=ORIENTED_EDGE('',*,*,#7069,.T.);
#7340=ORIENTED_EDGE('',*,*,#7084,.T.);
#7341=ORIENTED_EDGE('',*,*,#7099,.F.);
#7342=ORIENTED_EDGE('',*,*,#7326,.T.);
#7343=EDGE_LOOP('',(#7339,#7340,#7341,#7342));
#7344=FACE_OUTER_BOUND('',#7343,.F.);
#7345=ADVANCED_FACE('',(#7344),#7338,.T.);
#7346=CARTESIAN_POINT('',(8.65E0,5.E-1,8.1E0));
#7347=DIRECTION('',(0.E0,1.E0,0.E0));
#7348=DIRECTION('',(-1.E0,0.E0,0.E0));
#7349=AXIS2_PLACEMENT_3D('',#7346,#7347,#7348);
#7350=PLANE('',#7349);
#7351=ORIENTED_EDGE('',*,*,#4364,.T.);
#7353=ORIENTED_EDGE('',*,*,#7352,.F.);
#7355=ORIENTED_EDGE('',*,*,#7354,.F.);
#7356=ORIENTED_EDGE('',*,*,#4509,.F.);
#7357=ORIENTED_EDGE('',*,*,#4450,.T.);
#7358=ORIENTED_EDGE('',*,*,#4325,.T.);
#7359=EDGE_LOOP('',(#7351,#7353,#7355,#7356,#7357,#7358));
#7360=FACE_OUTER_BOUND('',#7359,.F.);
#7361=ADVANCED_FACE('',(#7360),#7350,.F.);
#7362=CARTESIAN_POINT('',(7.5E0,3.3E-1,7.4E0));
#7363=DIRECTION('',(0.E0,0.E0,-1.E0));
#7364=DIRECTION('',(0.E0,1.E0,0.E0));
#7365=AXIS2_PLACEMENT_3D('',#7362,#7363,#7364);
#7366=PLANE('',#7365);
#7367=ORIENTED_EDGE('',*,*,#4362,.F.);
#7369=ORIENTED_EDGE('',*,*,#7368,.F.);
#7371=ORIENTED_EDGE('',*,*,#7370,.T.);
#7372=ORIENTED_EDGE('',*,*,#7352,.T.);
#7373=EDGE_LOOP('',(#7367,#7369,#7371,#7372));
#7374=FACE_OUTER_BOUND('',#7373,.F.);
#7375=ADVANCED_FACE('',(#7374),#7366,.F.);
#7376=CARTESIAN_POINT('',(7.5E0,3.3E-1,7.85E0));
#7377=DIRECTION('',(0.E0,-1.E0,0.E0));
#7378=DIRECTION('',(0.E0,0.E0,-1.E0));
#7379=AXIS2_PLACEMENT_3D('',#7376,#7377,#7378);
#7380=PLANE('',#7379);
#7382=ORIENTED_EDGE('',*,*,#7381,.F.);
#7384=ORIENTED_EDGE('',*,*,#7383,.T.);
#7385=ORIENTED_EDGE('',*,*,#7368,.T.);
#7386=ORIENTED_EDGE('',*,*,#4360,.F.);
#7387=EDGE_LOOP('',(#7382,#7384,#7385,#7386));
#7388=FACE_OUTER_BOUND('',#7387,.F.);
#7389=ADVANCED_FACE('',(#7388),#7380,.F.);
#7390=CARTESIAN_POINT('',(7.5E0,-3.3E-1,7.85E0));
#7391=DIRECTION('',(0.E0,0.E0,-1.E0));
#7392=DIRECTION('',(0.E0,1.E0,0.E0));
#7393=AXIS2_PLACEMENT_3D('',#7390,#7391,#7392);
#7394=PLANE('',#7393);
#7396=ORIENTED_EDGE('',*,*,#7395,.F.);
#7398=ORIENTED_EDGE('',*,*,#7397,.T.);
#7399=ORIENTED_EDGE('',*,*,#7381,.T.);
#7400=ORIENTED_EDGE('',*,*,#4358,.F.);
#7401=EDGE_LOOP('',(#7396,#7398,#7399,#7400));
#7402=FACE_OUTER_BOUND('',#7401,.F.);
#7403=ADVANCED_FACE('',(#7402),#7394,.F.);
#7404=CARTESIAN_POINT('',(7.5E0,-3.3E-1,7.4E0));
#7405=DIRECTION('',(0.E0,1.E0,0.E0));
#7406=DIRECTION('',(0.E0,0.E0,1.E0));
#7407=AXIS2_PLACEMENT_3D('',#7404,#7405,#7406);
#7408=PLANE('',#7407);
#7410=ORIENTED_EDGE('',*,*,#7409,.F.);
#7412=ORIENTED_EDGE('',*,*,#7411,.T.);
#7413=ORIENTED_EDGE('',*,*,#7395,.T.);
#7414=ORIENTED_EDGE('',*,*,#4356,.F.);
#7415=EDGE_LOOP('',(#7410,#7412,#7413,#7414));
#7416=FACE_OUTER_BOUND('',#7415,.F.);
#7417=ADVANCED_FACE('',(#7416),#7408,.F.);
#7418=CARTESIAN_POINT('',(7.5E0,-1.75E0,7.4E0));
#7419=DIRECTION('',(0.E0,0.E0,-1.E0));
#7420=DIRECTION('',(0.E0,1.E0,0.E0));
#7421=AXIS2_PLACEMENT_3D('',#7418,#7419,#7420);
#7422=PLANE('',#7421);
#7423=ORIENTED_EDGE('',*,*,#4354,.F.);
#7425=ORIENTED_EDGE('',*,*,#7424,.F.);
#7427=ORIENTED_EDGE('',*,*,#7426,.T.);
#7428=ORIENTED_EDGE('',*,*,#7409,.T.);
#7429=EDGE_LOOP('',(#7423,#7425,#7427,#7428));
#7430=FACE_OUTER_BOUND('',#7429,.F.);
#7431=ADVANCED_FACE('',(#7430),#7422,.F.);
#7432=CARTESIAN_POINT('',(7.5E0,-5.E-1,8.1E0));
#7433=DIRECTION('',(0.E0,-1.E0,0.E0));
#7434=DIRECTION('',(1.E0,0.E0,0.E0));
#7435=AXIS2_PLACEMENT_3D('',#7432,#7433,#7434);
#7436=PLANE('',#7435);
#7437=ORIENTED_EDGE('',*,*,#4352,.F.);
#7438=ORIENTED_EDGE('',*,*,#4313,.T.);
#7439=ORIENTED_EDGE('',*,*,#4434,.F.);
#7440=ORIENTED_EDGE('',*,*,#4513,.T.);
#7442=ORIENTED_EDGE('',*,*,#7441,.T.);
#7443=ORIENTED_EDGE('',*,*,#7424,.T.);
#7444=EDGE_LOOP('',(#7437,#7438,#7439,#7440,#7442,#7443));
#7445=FACE_OUTER_BOUND('',#7444,.F.);
#7446=ADVANCED_FACE('',(#7445),#7436,.F.);
#7447=CARTESIAN_POINT('',(7.5E0,5.E-1,8.1E0));
#7448=DIRECTION('',(-1.E0,0.E0,0.E0));
#7449=DIRECTION('',(0.E0,-1.E0,0.E0));
#7450=AXIS2_PLACEMENT_3D('',#7447,#7448,#7449);
#7451=PLANE('',#7450);
#7452=ORIENTED_EDGE('',*,*,#7426,.F.);
#7453=ORIENTED_EDGE('',*,*,#7441,.F.);
#7454=ORIENTED_EDGE('',*,*,#4511,.T.);
#7455=ORIENTED_EDGE('',*,*,#7354,.T.);
#7456=ORIENTED_EDGE('',*,*,#7370,.F.);
#7457=ORIENTED_EDGE('',*,*,#7383,.F.);
#7458=ORIENTED_EDGE('',*,*,#7397,.F.);
#7459=ORIENTED_EDGE('',*,*,#7411,.F.);
#7460=EDGE_LOOP('',(#7452,#7453,#7454,#7455,#7456,#7457,#7458,#7459));
#7461=FACE_OUTER_BOUND('',#7460,.F.);
#7462=ADVANCED_FACE('',(#7461),#7451,.F.);
#7463=CARTESIAN_POINT('',(7.5E0,0.E0,0.E0));
#7464=DIRECTION('',(-1.E0,0.E0,0.E0));
#7465=DIRECTION('',(0.E0,0.E0,1.E0));
#7466=AXIS2_PLACEMENT_3D('',#7463,#7464,#7465);
#7467=PLANE('',#7466);
#7469=ORIENTED_EDGE('',*,*,#7468,.F.);
#7470=ORIENTED_EDGE('',*,*,#4034,.T.);
#7472=ORIENTED_EDGE('',*,*,#7471,.F.);
#7474=ORIENTED_EDGE('',*,*,#7473,.F.);
#7476=ORIENTED_EDGE('',*,*,#7475,.F.);
#7478=ORIENTED_EDGE('',*,*,#7477,.F.);
#7479=EDGE_LOOP('',(#7469,#7470,#7472,#7474,#7476,#7478));
#7480=FACE_OUTER_BOUND('',#7479,.F.);
#7481=ADVANCED_FACE('',(#7480),#7467,.T.);
#7482=CARTESIAN_POINT('',(7.5E0,0.E0,0.E0));
#7483=DIRECTION('',(-1.E0,0.E0,0.E0));
#7484=DIRECTION('',(0.E0,0.E0,1.E0));
#7485=AXIS2_PLACEMENT_3D('',#7482,#7483,#7484);
#7486=PLANE('',#7485);
#7487=ORIENTED_EDGE('',*,*,#4305,.F.);
#7489=ORIENTED_EDGE('',*,*,#7488,.F.);
#7491=ORIENTED_EDGE('',*,*,#7490,.F.);
#7493=ORIENTED_EDGE('',*,*,#7492,.F.);
#7495=ORIENTED_EDGE('',*,*,#7494,.F.);
#7497=ORIENTED_EDGE('',*,*,#7496,.F.);
#7498=ORIENTED_EDGE('',*,*,#4399,.F.);
#7499=ORIENTED_EDGE('',*,*,#4419,.F.);
#7500=EDGE_LOOP('',(#7487,#7489,#7491,#7493,#7495,#7497,#7498,#7499));
#7501=FACE_OUTER_BOUND('',#7500,.F.);
#7502=ADVANCED_FACE('',(#7501),#7486,.T.);
#7503=CARTESIAN_POINT('',(7.5E0,-2.5E0,2.105E0));
#7504=DIRECTION('',(0.E0,0.E0,1.E0));
#7505=DIRECTION('',(0.E0,-1.E0,0.E0));
#7506=AXIS2_PLACEMENT_3D('',#7503,#7504,#7505);
#7507=PLANE('',#7506);
#7508=ORIENTED_EDGE('',*,*,#7468,.T.);
#7510=ORIENTED_EDGE('',*,*,#7509,.T.);
#7511=ORIENTED_EDGE('',*,*,#4377,.F.);
#7512=ORIENTED_EDGE('',*,*,#4036,.F.);
#7513=EDGE_LOOP('',(#7508,#7510,#7511,#7512));
#7514=FACE_OUTER_BOUND('',#7513,.F.);
#7515=ADVANCED_FACE('',(#7514),#7507,.F.);
#7516=CARTESIAN_POINT('',(7.5E0,-4.9E0,2.105E0));
#7517=DIRECTION('',(0.E0,1.961161351382E-1,9.805806756909E-1));
#7518=DIRECTION('',(0.E0,-9.805806756909E-1,1.961161351382E-1));
#7519=AXIS2_PLACEMENT_3D('',#7516,#7517,#7518);
#7520=PLANE('',#7519);
#7521=ORIENTED_EDGE('',*,*,#7477,.T.);
#7523=ORIENTED_EDGE('',*,*,#7522,.T.);
#7524=ORIENTED_EDGE('',*,*,#4379,.F.);
#7525=ORIENTED_EDGE('',*,*,#7509,.F.);
#7526=EDGE_LOOP('',(#7521,#7523,#7524,#7525));
#7527=FACE_OUTER_BOUND('',#7526,.F.);
#7528=ADVANCED_FACE('',(#7527),#7520,.F.);
#7529=CARTESIAN_POINT('',(7.5E0,-5.9E0,2.305E0));
#7530=DIRECTION('',(0.E0,1.E0,0.E0));
#7531=DIRECTION('',(0.E0,0.E0,1.E0));
#7532=AXIS2_PLACEMENT_3D('',#7529,#7530,#7531);
#7533=PLANE('',#7532);
#7534=ORIENTED_EDGE('',*,*,#7475,.T.);
#7536=ORIENTED_EDGE('',*,*,#7535,.T.);
#7537=ORIENTED_EDGE('',*,*,#4381,.F.);
#7538=ORIENTED_EDGE('',*,*,#7522,.F.);
#7539=EDGE_LOOP('',(#7534,#7536,#7537,#7538));
#7540=FACE_OUTER_BOUND('',#7539,.F.);
#7541=ADVANCED_FACE('',(#7540),#7533,.F.);
#7542=CARTESIAN_POINT('',(7.5E0,-5.9E0,3.405E0));
#7543=DIRECTION('',(0.E0,1.961161351382E-1,-9.805806756909E-1));
#7544=DIRECTION('',(0.E0,9.805806756909E-1,1.961161351382E-1));
#7545=AXIS2_PLACEMENT_3D('',#7542,#7543,#7544);
#7546=PLANE('',#7545);
#7547=ORIENTED_EDGE('',*,*,#7473,.T.);
#7549=ORIENTED_EDGE('',*,*,#7548,.T.);
#7550=ORIENTED_EDGE('',*,*,#4383,.F.);
#7551=ORIENTED_EDGE('',*,*,#7535,.F.);
#7552=EDGE_LOOP('',(#7547,#7549,#7550,#7551));
#7553=FACE_OUTER_BOUND('',#7552,.F.);
#7554=ADVANCED_FACE('',(#7553),#7546,.F.);
#7555=CARTESIAN_POINT('',(7.5E0,-4.9E0,3.605E0));
#7556=DIRECTION('',(0.E0,0.E0,-1.E0));
#7557=DIRECTION('',(0.E0,1.E0,0.E0));
#7558=AXIS2_PLACEMENT_3D('',#7555,#7556,#7557);
#7559=PLANE('',#7558);
#7560=ORIENTED_EDGE('',*,*,#7471,.T.);
#7561=ORIENTED_EDGE('',*,*,#4040,.T.);
#7562=ORIENTED_EDGE('',*,*,#4385,.F.);
#7563=ORIENTED_EDGE('',*,*,#7548,.F.);
#7564=EDGE_LOOP('',(#7560,#7561,#7562,#7563));
#7565=FACE_OUTER_BOUND('',#7564,.F.);
#7566=ADVANCED_FACE('',(#7565),#7559,.F.);
#7567=CARTESIAN_POINT('',(7.5E0,-2.5E0,-3.095E0));
#7568=DIRECTION('',(0.E0,1.E0,0.E0));
#7569=DIRECTION('',(0.E0,0.E0,1.E0));
#7570=AXIS2_PLACEMENT_3D('',#7567,#7568,#7569);
#7571=PLANE('',#7570);
#7572=ORIENTED_EDGE('',*,*,#4349,.F.);
#7574=ORIENTED_EDGE('',*,*,#7573,.F.);
#7575=ORIENTED_EDGE('',*,*,#7488,.T.);
#7576=ORIENTED_EDGE('',*,*,#4303,.T.);
#7577=EDGE_LOOP('',(#7572,#7574,#7575,#7576));
#7578=FACE_OUTER_BOUND('',#7577,.F.);
#7579=ADVANCED_FACE('',(#7578),#7571,.F.);
#7580=CARTESIAN_POINT('',(7.5E0,-1.E0,-3.095E0));
#7581=DIRECTION('',(0.E0,0.E0,1.E0));
#7582=DIRECTION('',(0.E0,-1.E0,0.E0));
#7583=AXIS2_PLACEMENT_3D('',#7580,#7581,#7582);
#7584=PLANE('',#7583);
#7585=ORIENTED_EDGE('',*,*,#7490,.T.);
#7586=ORIENTED_EDGE('',*,*,#7573,.T.);
#7587=ORIENTED_EDGE('',*,*,#4347,.F.);
#7589=ORIENTED_EDGE('',*,*,#7588,.F.);
#7590=EDGE_LOOP('',(#7585,#7586,#7587,#7589));
#7591=FACE_OUTER_BOUND('',#7590,.F.);
#7592=ADVANCED_FACE('',(#7591),#7584,.F.);
#7593=CARTESIAN_POINT('',(7.5E0,-1.E0,-2.342E0));
#7594=DIRECTION('',(0.E0,-1.E0,0.E0));
#7595=DIRECTION('',(0.E0,0.E0,-1.E0));
#7596=AXIS2_PLACEMENT_3D('',#7593,#7594,#7595);
#7597=PLANE('',#7596);
#7598=ORIENTED_EDGE('',*,*,#7492,.T.);
#7599=ORIENTED_EDGE('',*,*,#7588,.T.);
#7600=ORIENTED_EDGE('',*,*,#4345,.F.);
#7602=ORIENTED_EDGE('',*,*,#7601,.F.);
#7603=EDGE_LOOP('',(#7598,#7599,#7600,#7602));
#7604=FACE_OUTER_BOUND('',#7603,.F.);
#7605=ADVANCED_FACE('',(#7604),#7597,.F.);
#7606=CARTESIAN_POINT('',(7.5E0,1.E0,-2.342E0));
#7607=DIRECTION('',(0.E0,0.E0,1.E0));
#7608=DIRECTION('',(0.E0,-1.E0,0.E0));
#7609=AXIS2_PLACEMENT_3D('',#7606,#7607,#7608);
#7610=PLANE('',#7609);
#7611=ORIENTED_EDGE('',*,*,#7494,.T.);
#7612=ORIENTED_EDGE('',*,*,#7601,.T.);
#7613=ORIENTED_EDGE('',*,*,#4343,.F.);
#7615=ORIENTED_EDGE('',*,*,#7614,.F.);
#7616=EDGE_LOOP('',(#7611,#7612,#7613,#7615));
#7617=FACE_OUTER_BOUND('',#7616,.F.);
#7618=ADVANCED_FACE('',(#7617),#7610,.F.);
#7619=CARTESIAN_POINT('',(7.5E0,1.E0,-3.095E0));
#7620=DIRECTION('',(0.E0,1.E0,0.E0));
#7621=DIRECTION('',(0.E0,0.E0,1.E0));
#7622=AXIS2_PLACEMENT_3D('',#7619,#7620,#7621);
#7623=PLANE('',#7622);
#7624=ORIENTED_EDGE('',*,*,#7496,.T.);
#7625=ORIENTED_EDGE('',*,*,#7614,.T.);
#7626=ORIENTED_EDGE('',*,*,#4341,.F.);
#7627=ORIENTED_EDGE('',*,*,#4401,.F.);
#7628=EDGE_LOOP('',(#7624,#7625,#7626,#7627));
#7629=FACE_OUTER_BOUND('',#7628,.F.);
#7630=ADVANCED_FACE('',(#7629),#7623,.F.);
#7631=CARTESIAN_POINT('',(-3.82E0,-2.675E0,4.232606234616E0));
#7632=DIRECTION('',(-1.E0,0.E0,0.E0));
#7633=DIRECTION('',(0.E0,0.E0,-1.E0));
#7634=AXIS2_PLACEMENT_3D('',#7631,#7632,#7633);
#7635=PLANE('',#7634);
#7636=ORIENTED_EDGE('',*,*,#4044,.F.);
#7638=ORIENTED_EDGE('',*,*,#7637,.T.);
#7640=ORIENTED_EDGE('',*,*,#7639,.T.);
#7642=ORIENTED_EDGE('',*,*,#7641,.F.);
#7643=EDGE_LOOP('',(#7636,#7638,#7640,#7642));
#7644=FACE_OUTER_BOUND('',#7643,.F.);
#7645=ADVANCED_FACE('',(#7644),#7635,.T.);
#7646=CARTESIAN_POINT('',(-3.72E0,-2.675E0,4.232606234616E0));
#7647=DIRECTION('',(0.E0,-1.E0,0.E0));
#7648=DIRECTION('',(1.E0,0.E0,0.E0));
#7649=AXIS2_PLACEMENT_3D('',#7646,#7647,#7648);
#7650=CYLINDRICAL_SURFACE('',#7649,1.E-1);
#7651=ORIENTED_EDGE('',*,*,#4090,.F.);
#7653=ORIENTED_EDGE('',*,*,#7652,.T.);
#7655=ORIENTED_EDGE('',*,*,#7654,.T.);
#7656=ORIENTED_EDGE('',*,*,#7637,.F.);
#7657=EDGE_LOOP('',(#7651,#7653,#7655,#7656));
#7658=FACE_OUTER_BOUND('',#7657,.F.);
#7659=ADVANCED_FACE('',(#7658),#7650,.T.);
#7660=CARTESIAN_POINT('',(-3.5E0,-2.675E0,2.85E0));
#7661=DIRECTION('',(0.E0,-1.E0,0.E0));
#7662=DIRECTION('',(1.E0,0.E0,0.E0));
#7663=AXIS2_PLACEMENT_3D('',#7660,#7661,#7662);
#7664=CYLINDRICAL_SURFACE('',#7663,1.5E0);
#7665=ORIENTED_EDGE('',*,*,#4088,.F.);
#7667=ORIENTED_EDGE('',*,*,#7666,.T.);
#7669=ORIENTED_EDGE('',*,*,#7668,.T.);
#7670=ORIENTED_EDGE('',*,*,#7652,.F.);
#7671=EDGE_LOOP('',(#7665,#7667,#7669,#7670));
#7672=FACE_OUTER_BOUND('',#7671,.F.);
#7673=ADVANCED_FACE('',(#7672),#7664,.T.);
#7674=CARTESIAN_POINT('',(-3.28E0,-2.675E0,4.232606234616E0));
#7675=DIRECTION('',(0.E0,-1.E0,0.E0));
#7676=DIRECTION('',(1.E0,0.E0,0.E0));
#7677=AXIS2_PLACEMENT_3D('',#7674,#7675,#7676);
#7678=CYLINDRICAL_SURFACE('',#7677,1.E-1);
#7679=ORIENTED_EDGE('',*,*,#4086,.F.);
#7681=ORIENTED_EDGE('',*,*,#7680,.T.);
#7683=ORIENTED_EDGE('',*,*,#7682,.T.);
#7684=ORIENTED_EDGE('',*,*,#7666,.F.);
#7685=EDGE_LOOP('',(#7679,#7681,#7683,#7684));
#7686=FACE_OUTER_BOUND('',#7685,.F.);
#7687=ADVANCED_FACE('',(#7686),#7678,.T.);
#7688=CARTESIAN_POINT('',(-3.18E0,-2.675E0,4.02E0));
#7689=DIRECTION('',(1.E0,0.E0,0.E0));
#7690=DIRECTION('',(0.E0,0.E0,1.E0));
#7691=AXIS2_PLACEMENT_3D('',#7688,#7689,#7690);
#7692=PLANE('',#7691);
#7693=ORIENTED_EDGE('',*,*,#4084,.F.);
#7695=ORIENTED_EDGE('',*,*,#7694,.T.);
#7697=ORIENTED_EDGE('',*,*,#7696,.T.);
#7698=ORIENTED_EDGE('',*,*,#7680,.F.);
#7699=EDGE_LOOP('',(#7693,#7695,#7697,#7698));
#7700=FACE_OUTER_BOUND('',#7699,.F.);
#7701=ADVANCED_FACE('',(#7700),#7692,.T.);
#7702=CARTESIAN_POINT('',(-2.33E0,-2.675E0,4.02E0));
#7703=DIRECTION('',(0.E0,-1.E0,0.E0));
#7704=DIRECTION('',(1.E0,0.E0,0.E0));
#7705=AXIS2_PLACEMENT_3D('',#7702,#7703,#7704);
#7706=CYLINDRICAL_SURFACE('',#7705,8.5E-1);
#7707=ORIENTED_EDGE('',*,*,#4082,.T.);
#7709=ORIENTED_EDGE('',*,*,#7708,.T.);
#7711=ORIENTED_EDGE('',*,*,#7710,.T.);
#7712=ORIENTED_EDGE('',*,*,#7694,.F.);
#7713=EDGE_LOOP('',(#7707,#7709,#7711,#7712));
#7714=FACE_OUTER_BOUND('',#7713,.F.);
#7715=ADVANCED_FACE('',(#7714),#7706,.F.);
#7716=CARTESIAN_POINT('',(-2.117393765384E0,-2.675E0,3.17E0));
#7717=DIRECTION('',(0.E0,0.E0,1.E0));
#7718=DIRECTION('',(-1.E0,0.E0,0.E0));
#7719=AXIS2_PLACEMENT_3D('',#7716,#7717,#7718);
#7720=PLANE('',#7719);
#7721=ORIENTED_EDGE('',*,*,#4080,.F.);
#7723=ORIENTED_EDGE('',*,*,#7722,.T.);
#7725=ORIENTED_EDGE('',*,*,#7724,.T.);
#7726=ORIENTED_EDGE('',*,*,#7708,.F.);
#7727=EDGE_LOOP('',(#7721,#7723,#7725,#7726));
#7728=FACE_OUTER_BOUND('',#7727,.F.);
#7729=ADVANCED_FACE('',(#7728),#7720,.T.);
#7730=CARTESIAN_POINT('',(-2.117393765384E0,-2.675E0,3.07E0));
#7731=DIRECTION('',(0.E0,-1.E0,0.E0));
#7732=DIRECTION('',(1.E0,0.E0,0.E0));
#7733=AXIS2_PLACEMENT_3D('',#7730,#7731,#7732);
#7734=CYLINDRICAL_SURFACE('',#7733,1.E-1);
#7735=ORIENTED_EDGE('',*,*,#4078,.F.);
#7737=ORIENTED_EDGE('',*,*,#7736,.T.);
#7739=ORIENTED_EDGE('',*,*,#7738,.T.);
#7740=ORIENTED_EDGE('',*,*,#7722,.F.);
#7741=EDGE_LOOP('',(#7735,#7737,#7739,#7740));
#7742=FACE_OUTER_BOUND('',#7741,.F.);
#7743=ADVANCED_FACE('',(#7742),#7734,.T.);
#7744=CARTESIAN_POINT('',(-3.5E0,-2.675E0,2.85E0));
#7745=DIRECTION('',(0.E0,-1.E0,0.E0));
#7746=DIRECTION('',(1.E0,0.E0,0.E0));
#7747=AXIS2_PLACEMENT_3D('',#7744,#7745,#7746);
#7748=CYLINDRICAL_SURFACE('',#7747,1.5E0);
#7749=ORIENTED_EDGE('',*,*,#4076,.F.);
#7751=ORIENTED_EDGE('',*,*,#7750,.T.);
#7753=ORIENTED_EDGE('',*,*,#7752,.T.);
#7754=ORIENTED_EDGE('',*,*,#7736,.F.);
#7755=EDGE_LOOP('',(#7749,#7751,#7753,#7754));
#7756=FACE_OUTER_BOUND('',#7755,.F.);
#7757=ADVANCED_FACE('',(#7756),#7748,.T.);
#7758=CARTESIAN_POINT('',(-2.117393765384E0,-2.675E0,2.63E0));
#7759=DIRECTION('',(0.E0,-1.E0,0.E0));
#7760=DIRECTION('',(1.E0,0.E0,0.E0));
#7761=AXIS2_PLACEMENT_3D('',#7758,#7759,#7760);
#7762=CYLINDRICAL_SURFACE('',#7761,1.E-1);
#7763=ORIENTED_EDGE('',*,*,#4074,.F.);
#7765=ORIENTED_EDGE('',*,*,#7764,.T.);
#7767=ORIENTED_EDGE('',*,*,#7766,.T.);
#7768=ORIENTED_EDGE('',*,*,#7750,.F.);
#7769=EDGE_LOOP('',(#7763,#7765,#7767,#7768));
#7770=FACE_OUTER_BOUND('',#7769,.F.);
#7771=ADVANCED_FACE('',(#7770),#7762,.T.);
#7772=CARTESIAN_POINT('',(-2.33E0,-2.675E0,2.53E0));
#7773=DIRECTION('',(0.E0,0.E0,-1.E0));
#7774=DIRECTION('',(1.E0,0.E0,0.E0));
#7775=AXIS2_PLACEMENT_3D('',#7772,#7773,#7774);
#7776=PLANE('',#7775);
#7777=ORIENTED_EDGE('',*,*,#4072,.F.);
#7779=ORIENTED_EDGE('',*,*,#7778,.T.);
#7781=ORIENTED_EDGE('',*,*,#7780,.T.);
#7782=ORIENTED_EDGE('',*,*,#7764,.F.);
#7783=EDGE_LOOP('',(#7777,#7779,#7781,#7782));
#7784=FACE_OUTER_BOUND('',#7783,.F.);
#7785=ADVANCED_FACE('',(#7784),#7776,.T.);
#7786=CARTESIAN_POINT('',(-2.33E0,-2.675E0,1.68E0));
#7787=DIRECTION('',(0.E0,-1.E0,0.E0));
#7788=DIRECTION('',(1.E0,0.E0,0.E0));
#7789=AXIS2_PLACEMENT_3D('',#7786,#7787,#7788);
#7790=CYLINDRICAL_SURFACE('',#7789,8.5E-1);
#7791=ORIENTED_EDGE('',*,*,#4070,.T.);
#7793=ORIENTED_EDGE('',*,*,#7792,.T.);
#7795=ORIENTED_EDGE('',*,*,#7794,.T.);
#7796=ORIENTED_EDGE('',*,*,#7778,.F.);
#7797=EDGE_LOOP('',(#7791,#7793,#7795,#7796));
#7798=FACE_OUTER_BOUND('',#7797,.F.);
#7799=ADVANCED_FACE('',(#7798),#7790,.F.);
#7800=CARTESIAN_POINT('',(-3.18E0,-2.675E0,1.467393765384E0));
#7801=DIRECTION('',(1.E0,0.E0,0.E0));
#7802=DIRECTION('',(0.E0,0.E0,1.E0));
#7803=AXIS2_PLACEMENT_3D('',#7800,#7801,#7802);
#7804=PLANE('',#7803);
#7805=ORIENTED_EDGE('',*,*,#4068,.F.);
#7807=ORIENTED_EDGE('',*,*,#7806,.T.);
#7809=ORIENTED_EDGE('',*,*,#7808,.T.);
#7810=ORIENTED_EDGE('',*,*,#7792,.F.);
#7811=EDGE_LOOP('',(#7805,#7807,#7809,#7810));
#7812=FACE_OUTER_BOUND('',#7811,.F.);
#7813=ADVANCED_FACE('',(#7812),#7804,.T.);
#7814=CARTESIAN_POINT('',(-3.28E0,-2.675E0,1.467393765384E0));
#7815=DIRECTION('',(0.E0,-1.E0,0.E0));
#7816=DIRECTION('',(1.E0,0.E0,0.E0));
#7817=AXIS2_PLACEMENT_3D('',#7814,#7815,#7816);
#7818=CYLINDRICAL_SURFACE('',#7817,1.E-1);
#7819=ORIENTED_EDGE('',*,*,#4066,.F.);
#7821=ORIENTED_EDGE('',*,*,#7820,.T.);
#7823=ORIENTED_EDGE('',*,*,#7822,.T.);
#7824=ORIENTED_EDGE('',*,*,#7806,.F.);
#7825=EDGE_LOOP('',(#7819,#7821,#7823,#7824));
#7826=FACE_OUTER_BOUND('',#7825,.F.);
#7827=ADVANCED_FACE('',(#7826),#7818,.T.);
#7828=CARTESIAN_POINT('',(-3.5E0,-2.675E0,2.85E0));
#7829=DIRECTION('',(0.E0,-1.E0,0.E0));
#7830=DIRECTION('',(1.E0,0.E0,0.E0));
#7831=AXIS2_PLACEMENT_3D('',#7828,#7829,#7830);
#7832=CYLINDRICAL_SURFACE('',#7831,1.5E0);
#7833=ORIENTED_EDGE('',*,*,#4064,.F.);
#7835=ORIENTED_EDGE('',*,*,#7834,.T.);
#7837=ORIENTED_EDGE('',*,*,#7836,.T.);
#7838=ORIENTED_EDGE('',*,*,#7820,.F.);
#7839=EDGE_LOOP('',(#7833,#7835,#7837,#7838));
#7840=FACE_OUTER_BOUND('',#7839,.F.);
#7841=ADVANCED_FACE('',(#7840),#7832,.T.);
#7842=CARTESIAN_POINT('',(-3.72E0,-2.675E0,1.467393765384E0));
#7843=DIRECTION('',(0.E0,-1.E0,0.E0));
#7844=DIRECTION('',(1.E0,0.E0,0.E0));
#7845=AXIS2_PLACEMENT_3D('',#7842,#7843,#7844);
#7846=CYLINDRICAL_SURFACE('',#7845,1.E-1);
#7847=ORIENTED_EDGE('',*,*,#4062,.F.);
#7849=ORIENTED_EDGE('',*,*,#7848,.T.);
#7851=ORIENTED_EDGE('',*,*,#7850,.T.);
#7852=ORIENTED_EDGE('',*,*,#7834,.F.);
#7853=EDGE_LOOP('',(#7847,#7849,#7851,#7852));
#7854=FACE_OUTER_BOUND('',#7853,.F.);
#7855=ADVANCED_FACE('',(#7854),#7846,.T.);
#7856=CARTESIAN_POINT('',(-3.82E0,-2.675E0,1.68E0));
#7857=DIRECTION('',(-1.E0,0.E0,0.E0));
#7858=DIRECTION('',(0.E0,0.E0,-1.E0));
#7859=AXIS2_PLACEMENT_3D('',#7856,#7857,#7858);
#7860=PLANE('',#7859);
#7861=ORIENTED_EDGE('',*,*,#4060,.F.);
#7863=ORIENTED_EDGE('',*,*,#7862,.T.);
#7865=ORIENTED_EDGE('',*,*,#7864,.T.);
#7866=ORIENTED_EDGE('',*,*,#7848,.F.);
#7867=EDGE_LOOP('',(#7861,#7863,#7865,#7866));
#7868=FACE_OUTER_BOUND('',#7867,.F.);
#7869=ADVANCED_FACE('',(#7868),#7860,.T.);
#7870=CARTESIAN_POINT('',(-4.67E0,-2.675E0,1.68E0));
#7871=DIRECTION('',(0.E0,-1.E0,0.E0));
#7872=DIRECTION('',(1.E0,0.E0,0.E0));
#7873=AXIS2_PLACEMENT_3D('',#7870,#7871,#7872);
#7874=CYLINDRICAL_SURFACE('',#7873,8.5E-1);
#7875=ORIENTED_EDGE('',*,*,#4058,.T.);
#7877=ORIENTED_EDGE('',*,*,#7876,.T.);
#7879=ORIENTED_EDGE('',*,*,#7878,.T.);
#7880=ORIENTED_EDGE('',*,*,#7862,.F.);
#7881=EDGE_LOOP('',(#7875,#7877,#7879,#7880));
#7882=FACE_OUTER_BOUND('',#7881,.F.);
#7883=ADVANCED_FACE('',(#7882),#7874,.F.);
#7884=CARTESIAN_POINT('',(-4.882606234616E0,-2.675E0,2.53E0));
#7885=DIRECTION('',(0.E0,0.E0,-1.E0));
#7886=DIRECTION('',(1.E0,0.E0,0.E0));
#7887=AXIS2_PLACEMENT_3D('',#7884,#7885,#7886);
#7888=PLANE('',#7887);
#7889=ORIENTED_EDGE('',*,*,#4056,.F.);
#7891=ORIENTED_EDGE('',*,*,#7890,.T.);
#7893=ORIENTED_EDGE('',*,*,#7892,.T.);
#7894=ORIENTED_EDGE('',*,*,#7876,.F.);
#7895=EDGE_LOOP('',(#7889,#7891,#7893,#7894));
#7896=FACE_OUTER_BOUND('',#7895,.F.);
#7897=ADVANCED_FACE('',(#7896),#7888,.T.);
#7898=CARTESIAN_POINT('',(-4.882606234616E0,-2.675E0,2.63E0));
#7899=DIRECTION('',(0.E0,-1.E0,0.E0));
#7900=DIRECTION('',(1.E0,0.E0,0.E0));
#7901=AXIS2_PLACEMENT_3D('',#7898,#7899,#7900);
#7902=CYLINDRICAL_SURFACE('',#7901,1.E-1);
#7903=ORIENTED_EDGE('',*,*,#4054,.F.);
#7905=ORIENTED_EDGE('',*,*,#7904,.T.);
#7907=ORIENTED_EDGE('',*,*,#7906,.T.);
#7908=ORIENTED_EDGE('',*,*,#7890,.F.);
#7909=EDGE_LOOP('',(#7903,#7905,#7907,#7908));
#7910=FACE_OUTER_BOUND('',#7909,.F.);
#7911=ADVANCED_FACE('',(#7910),#7902,.T.);
#7912=CARTESIAN_POINT('',(-3.5E0,-2.675E0,2.85E0));
#7913=DIRECTION('',(0.E0,-1.E0,0.E0));
#7914=DIRECTION('',(1.E0,0.E0,0.E0));
#7915=AXIS2_PLACEMENT_3D('',#7912,#7913,#7914);
#7916=CYLINDRICAL_SURFACE('',#7915,1.5E0);
#7917=ORIENTED_EDGE('',*,*,#4052,.F.);
#7919=ORIENTED_EDGE('',*,*,#7918,.T.);
#7921=ORIENTED_EDGE('',*,*,#7920,.T.);
#7922=ORIENTED_EDGE('',*,*,#7904,.F.);
#7923=EDGE_LOOP('',(#7917,#7919,#7921,#7922));
#7924=FACE_OUTER_BOUND('',#7923,.F.);
#7925=ADVANCED_FACE('',(#7924),#7916,.T.);
#7926=CARTESIAN_POINT('',(-4.882606234616E0,-2.675E0,3.07E0));
#7927=DIRECTION('',(0.E0,-1.E0,0.E0));
#7928=DIRECTION('',(1.E0,0.E0,0.E0));
#7929=AXIS2_PLACEMENT_3D('',#7926,#7927,#7928);
#7930=CYLINDRICAL_SURFACE('',#7929,1.E-1);
#7931=ORIENTED_EDGE('',*,*,#4050,.F.);
#7933=ORIENTED_EDGE('',*,*,#7932,.T.);
#7935=ORIENTED_EDGE('',*,*,#7934,.T.);
#7936=ORIENTED_EDGE('',*,*,#7918,.F.);
#7937=EDGE_LOOP('',(#7931,#7933,#7935,#7936));
#7938=FACE_OUTER_BOUND('',#7937,.F.);
#7939=ADVANCED_FACE('',(#7938),#7930,.T.);
#7940=CARTESIAN_POINT('',(-4.67E0,-2.675E0,3.17E0));
#7941=DIRECTION('',(0.E0,0.E0,1.E0));
#7942=DIRECTION('',(-1.E0,0.E0,0.E0));
#7943=AXIS2_PLACEMENT_3D('',#7940,#7941,#7942);
#7944=PLANE('',#7943);
#7945=ORIENTED_EDGE('',*,*,#4048,.F.);
#7947=ORIENTED_EDGE('',*,*,#7946,.T.);
#7949=ORIENTED_EDGE('',*,*,#7948,.T.);
#7950=ORIENTED_EDGE('',*,*,#7932,.F.);
#7951=EDGE_LOOP('',(#7945,#7947,#7949,#7950));
#7952=FACE_OUTER_BOUND('',#7951,.F.);
#7953=ADVANCED_FACE('',(#7952),#7944,.T.);
#7954=CARTESIAN_POINT('',(-4.67E0,-2.675E0,4.02E0));
#7955=DIRECTION('',(0.E0,-1.E0,0.E0));
#7956=DIRECTION('',(1.E0,0.E0,0.E0));
#7957=AXIS2_PLACEMENT_3D('',#7954,#7955,#7956);
#7958=CYLINDRICAL_SURFACE('',#7957,8.5E-1);
#7959=ORIENTED_EDGE('',*,*,#4046,.T.);
#7960=ORIENTED_EDGE('',*,*,#7641,.T.);
#7962=ORIENTED_EDGE('',*,*,#7961,.T.);
#7963=ORIENTED_EDGE('',*,*,#7946,.F.);
#7964=EDGE_LOOP('',(#7959,#7960,#7962,#7963));
#7965=FACE_OUTER_BOUND('',#7964,.F.);
#7966=ADVANCED_FACE('',(#7965),#7958,.F.);
#7967=CARTESIAN_POINT('',(0.E0,-5.845E0,0.E0));
#7968=DIRECTION('',(0.E0,-1.E0,0.E0));
#7969=DIRECTION('',(1.E0,0.E0,0.E0));
#7970=AXIS2_PLACEMENT_3D('',#7967,#7968,#7969);
#7971=PLANE('',#7970);
#7972=ORIENTED_EDGE('',*,*,#7639,.F.);
#7973=ORIENTED_EDGE('',*,*,#7654,.F.);
#7974=ORIENTED_EDGE('',*,*,#7668,.F.);
#7975=ORIENTED_EDGE('',*,*,#7682,.F.);
#7976=ORIENTED_EDGE('',*,*,#7696,.F.);
#7977=ORIENTED_EDGE('',*,*,#7710,.F.);
#7978=ORIENTED_EDGE('',*,*,#7724,.F.);
#7979=ORIENTED_EDGE('',*,*,#7738,.F.);
#7980=ORIENTED_EDGE('',*,*,#7752,.F.);
#7981=ORIENTED_EDGE('',*,*,#7766,.F.);
#7982=ORIENTED_EDGE('',*,*,#7780,.F.);
#7983=ORIENTED_EDGE('',*,*,#7794,.F.);
#7984=ORIENTED_EDGE('',*,*,#7808,.F.);
#7985=ORIENTED_EDGE('',*,*,#7822,.F.);
#7986=ORIENTED_EDGE('',*,*,#7836,.F.);
#7987=ORIENTED_EDGE('',*,*,#7850,.F.);
#7988=ORIENTED_EDGE('',*,*,#7864,.F.);
#7989=ORIENTED_EDGE('',*,*,#7878,.F.);
#7990=ORIENTED_EDGE('',*,*,#7892,.F.);
#7991=ORIENTED_EDGE('',*,*,#7906,.F.);
#7992=ORIENTED_EDGE('',*,*,#7920,.F.);
#7993=ORIENTED_EDGE('',*,*,#7934,.F.);
#7994=ORIENTED_EDGE('',*,*,#7948,.F.);
#7995=ORIENTED_EDGE('',*,*,#7961,.F.);
#7996=EDGE_LOOP('',(#7972,#7973,#7974,#7975,#7976,#7977,#7978,#7979,#7980,#7981,
#7982,#7983,#7984,#7985,#7986,#7987,#7988,#7989,#7990,#7991,#7992,#7993,#7994,
#7995));
#7997=FACE_OUTER_BOUND('',#7996,.F.);
#7998=ADVANCED_FACE('',(#7997),#7971,.T.);
#7999=CARTESIAN_POINT('',(3.82E0,-2.675E0,4.232606234616E0));
#8000=DIRECTION('',(-1.E0,0.E0,0.E0));
#8001=DIRECTION('',(0.E0,0.E0,-1.E0));
#8002=AXIS2_PLACEMENT_3D('',#7999,#8000,#8001);
#8003=PLANE('',#8002);
#8005=ORIENTED_EDGE('',*,*,#8004,.F.);
#8006=ORIENTED_EDGE('',*,*,#4094,.T.);
#8008=ORIENTED_EDGE('',*,*,#8007,.T.);
#8010=ORIENTED_EDGE('',*,*,#8009,.F.);
#8011=EDGE_LOOP('',(#8005,#8006,#8008,#8010));
#8012=FACE_OUTER_BOUND('',#8011,.F.);
#8013=ADVANCED_FACE('',(#8012),#8003,.F.);
#8014=CARTESIAN_POINT('',(3.72E0,-2.675E0,4.232606234616E0));
#8015=DIRECTION('',(0.E0,1.E0,0.E0));
#8016=DIRECTION('',(-1.E0,0.E0,0.E0));
#8017=AXIS2_PLACEMENT_3D('',#8014,#8015,#8016);
#8018=CYLINDRICAL_SURFACE('',#8017,1.E-1);
#8019=ORIENTED_EDGE('',*,*,#8004,.T.);
#8021=ORIENTED_EDGE('',*,*,#8020,.F.);
#8023=ORIENTED_EDGE('',*,*,#8022,.F.);
#8024=ORIENTED_EDGE('',*,*,#4096,.T.);
#8025=EDGE_LOOP('',(#8019,#8021,#8023,#8024));
#8026=FACE_OUTER_BOUND('',#8025,.F.);
#8027=ADVANCED_FACE('',(#8026),#8018,.T.);
#8028=CARTESIAN_POINT('',(0.E0,-5.845E0,0.E0));
#8029=DIRECTION('',(0.E0,1.E0,0.E0));
#8030=DIRECTION('',(-1.E0,0.E0,0.E0));
#8031=AXIS2_PLACEMENT_3D('',#8028,#8029,#8030);
#8032=PLANE('',#8031);
#8033=ORIENTED_EDGE('',*,*,#8009,.T.);
#8035=ORIENTED_EDGE('',*,*,#8034,.T.);
#8037=ORIENTED_EDGE('',*,*,#8036,.T.);
#8039=ORIENTED_EDGE('',*,*,#8038,.T.);
#8041=ORIENTED_EDGE('',*,*,#8040,.T.);
#8043=ORIENTED_EDGE('',*,*,#8042,.T.);
#8045=ORIENTED_EDGE('',*,*,#8044,.T.);
#8047=ORIENTED_EDGE('',*,*,#8046,.T.);
#8049=ORIENTED_EDGE('',*,*,#8048,.T.);
#8051=ORIENTED_EDGE('',*,*,#8050,.T.);
#8053=ORIENTED_EDGE('',*,*,#8052,.T.);
#8055=ORIENTED_EDGE('',*,*,#8054,.T.);
#8057=ORIENTED_EDGE('',*,*,#8056,.T.);
#8059=ORIENTED_EDGE('',*,*,#8058,.T.);
#8061=ORIENTED_EDGE('',*,*,#8060,.T.);
#8063=ORIENTED_EDGE('',*,*,#8062,.T.);
#8065=ORIENTED_EDGE('',*,*,#8064,.T.);
#8067=ORIENTED_EDGE('',*,*,#8066,.T.);
#8069=ORIENTED_EDGE('',*,*,#8068,.T.);
#8071=ORIENTED_EDGE('',*,*,#8070,.T.);
#8073=ORIENTED_EDGE('',*,*,#8072,.T.);
#8075=ORIENTED_EDGE('',*,*,#8074,.T.);
#8077=ORIENTED_EDGE('',*,*,#8076,.T.);
#8078=ORIENTED_EDGE('',*,*,#8020,.T.);
#8079=EDGE_LOOP('',(#8033,#8035,#8037,#8039,#8041,#8043,#8045,#8047,#8049,#8051,
#8053,#8055,#8057,#8059,#8061,#8063,#8065,#8067,#8069,#8071,#8073,#8075,#8077,
#8078));
#8080=FACE_OUTER_BOUND('',#8079,.F.);
#8081=ADVANCED_FACE('',(#8080),#8032,.F.);
#8082=CARTESIAN_POINT('',(4.67E0,-2.675E0,4.02E0));
#8083=DIRECTION('',(0.E0,1.E0,0.E0));
#8084=DIRECTION('',(-1.E0,0.E0,0.E0));
#8085=AXIS2_PLACEMENT_3D('',#8082,#8083,#8084);
#8086=CYLINDRICAL_SURFACE('',#8085,8.5E-1);
#8087=ORIENTED_EDGE('',*,*,#8007,.F.);
#8088=ORIENTED_EDGE('',*,*,#4140,.F.);
#8090=ORIENTED_EDGE('',*,*,#8089,.T.);
#8091=ORIENTED_EDGE('',*,*,#8034,.F.);
#8092=EDGE_LOOP('',(#8087,#8088,#8090,#8091));
#8093=FACE_OUTER_BOUND('',#8092,.F.);
#8094=ADVANCED_FACE('',(#8093),#8086,.F.);
#8095=CARTESIAN_POINT('',(4.67E0,-2.675E0,3.17E0));
#8096=DIRECTION('',(0.E0,0.E0,-1.E0));
#8097=DIRECTION('',(1.E0,0.E0,0.E0));
#8098=AXIS2_PLACEMENT_3D('',#8095,#8096,#8097);
#8099=PLANE('',#8098);
#8100=ORIENTED_EDGE('',*,*,#8089,.F.);
#8101=ORIENTED_EDGE('',*,*,#4138,.T.);
#8103=ORIENTED_EDGE('',*,*,#8102,.T.);
#8104=ORIENTED_EDGE('',*,*,#8036,.F.);
#8105=EDGE_LOOP('',(#8100,#8101,#8103,#8104));
#8106=FACE_OUTER_BOUND('',#8105,.F.);
#8107=ADVANCED_FACE('',(#8106),#8099,.F.);
#8108=CARTESIAN_POINT('',(4.882606234616E0,-2.675E0,3.07E0));
#8109=DIRECTION('',(0.E0,1.E0,0.E0));
#8110=DIRECTION('',(-1.E0,0.E0,0.E0));
#8111=AXIS2_PLACEMENT_3D('',#8108,#8109,#8110);
#8112=CYLINDRICAL_SURFACE('',#8111,1.E-1);
#8113=ORIENTED_EDGE('',*,*,#8102,.F.);
#8114=ORIENTED_EDGE('',*,*,#4136,.T.);
#8116=ORIENTED_EDGE('',*,*,#8115,.T.);
#8117=ORIENTED_EDGE('',*,*,#8038,.F.);
#8118=EDGE_LOOP('',(#8113,#8114,#8116,#8117));
#8119=FACE_OUTER_BOUND('',#8118,.F.);
#8120=ADVANCED_FACE('',(#8119),#8112,.T.);
#8121=CARTESIAN_POINT('',(3.5E0,-2.675E0,2.85E0));
#8122=DIRECTION('',(0.E0,1.E0,0.E0));
#8123=DIRECTION('',(-1.E0,0.E0,0.E0));
#8124=AXIS2_PLACEMENT_3D('',#8121,#8122,#8123);
#8125=CYLINDRICAL_SURFACE('',#8124,1.5E0);
#8126=ORIENTED_EDGE('',*,*,#8115,.F.);
#8127=ORIENTED_EDGE('',*,*,#4134,.T.);
#8129=ORIENTED_EDGE('',*,*,#8128,.T.);
#8130=ORIENTED_EDGE('',*,*,#8040,.F.);
#8131=EDGE_LOOP('',(#8126,#8127,#8129,#8130));
#8132=FACE_OUTER_BOUND('',#8131,.F.);
#8133=ADVANCED_FACE('',(#8132),#8125,.T.);
#8134=CARTESIAN_POINT('',(4.882606234616E0,-2.675E0,2.63E0));
#8135=DIRECTION('',(0.E0,1.E0,0.E0));
#8136=DIRECTION('',(-1.E0,0.E0,0.E0));
#8137=AXIS2_PLACEMENT_3D('',#8134,#8135,#8136);
#8138=CYLINDRICAL_SURFACE('',#8137,1.E-1);
#8139=ORIENTED_EDGE('',*,*,#8128,.F.);
#8140=ORIENTED_EDGE('',*,*,#4132,.T.);
#8142=ORIENTED_EDGE('',*,*,#8141,.T.);
#8143=ORIENTED_EDGE('',*,*,#8042,.F.);
#8144=EDGE_LOOP('',(#8139,#8140,#8142,#8143));
#8145=FACE_OUTER_BOUND('',#8144,.F.);
#8146=ADVANCED_FACE('',(#8145),#8138,.T.);
#8147=CARTESIAN_POINT('',(4.882606234616E0,-2.675E0,2.53E0));
#8148=DIRECTION('',(0.E0,0.E0,1.E0));
#8149=DIRECTION('',(-1.E0,0.E0,0.E0));
#8150=AXIS2_PLACEMENT_3D('',#8147,#8148,#8149);
#8151=PLANE('',#8150);
#8152=ORIENTED_EDGE('',*,*,#8141,.F.);
#8153=ORIENTED_EDGE('',*,*,#4130,.T.);
#8155=ORIENTED_EDGE('',*,*,#8154,.T.);
#8156=ORIENTED_EDGE('',*,*,#8044,.F.);
#8157=EDGE_LOOP('',(#8152,#8153,#8155,#8156));
#8158=FACE_OUTER_BOUND('',#8157,.F.);
#8159=ADVANCED_FACE('',(#8158),#8151,.F.);
#8160=CARTESIAN_POINT('',(4.67E0,-2.675E0,1.68E0));
#8161=DIRECTION('',(0.E0,1.E0,0.E0));
#8162=DIRECTION('',(-1.E0,0.E0,0.E0));
#8163=AXIS2_PLACEMENT_3D('',#8160,#8161,#8162);
#8164=CYLINDRICAL_SURFACE('',#8163,8.5E-1);
#8165=ORIENTED_EDGE('',*,*,#8154,.F.);
#8166=ORIENTED_EDGE('',*,*,#4128,.F.);
#8168=ORIENTED_EDGE('',*,*,#8167,.T.);
#8169=ORIENTED_EDGE('',*,*,#8046,.F.);
#8170=EDGE_LOOP('',(#8165,#8166,#8168,#8169));
#8171=FACE_OUTER_BOUND('',#8170,.F.);
#8172=ADVANCED_FACE('',(#8171),#8164,.F.);
#8173=CARTESIAN_POINT('',(3.82E0,-2.675E0,1.68E0));
#8174=DIRECTION('',(-1.E0,0.E0,0.E0));
#8175=DIRECTION('',(0.E0,0.E0,-1.E0));
#8176=AXIS2_PLACEMENT_3D('',#8173,#8174,#8175);
#8177=PLANE('',#8176);
#8178=ORIENTED_EDGE('',*,*,#8167,.F.);
#8179=ORIENTED_EDGE('',*,*,#4126,.T.);
#8181=ORIENTED_EDGE('',*,*,#8180,.T.);
#8182=ORIENTED_EDGE('',*,*,#8048,.F.);
#8183=EDGE_LOOP('',(#8178,#8179,#8181,#8182));
#8184=FACE_OUTER_BOUND('',#8183,.F.);
#8185=ADVANCED_FACE('',(#8184),#8177,.F.);
#8186=CARTESIAN_POINT('',(3.72E0,-2.675E0,1.467393765384E0));
#8187=DIRECTION('',(0.E0,1.E0,0.E0));
#8188=DIRECTION('',(-1.E0,0.E0,0.E0));
#8189=AXIS2_PLACEMENT_3D('',#8186,#8187,#8188);
#8190=CYLINDRICAL_SURFACE('',#8189,1.E-1);
#8191=ORIENTED_EDGE('',*,*,#8180,.F.);
#8192=ORIENTED_EDGE('',*,*,#4124,.T.);
#8194=ORIENTED_EDGE('',*,*,#8193,.T.);
#8195=ORIENTED_EDGE('',*,*,#8050,.F.);
#8196=EDGE_LOOP('',(#8191,#8192,#8194,#8195));
#8197=FACE_OUTER_BOUND('',#8196,.F.);
#8198=ADVANCED_FACE('',(#8197),#8190,.T.);
#8199=CARTESIAN_POINT('',(3.5E0,-2.675E0,2.85E0));
#8200=DIRECTION('',(0.E0,1.E0,0.E0));
#8201=DIRECTION('',(-1.E0,0.E0,0.E0));
#8202=AXIS2_PLACEMENT_3D('',#8199,#8200,#8201);
#8203=CYLINDRICAL_SURFACE('',#8202,1.5E0);
#8204=ORIENTED_EDGE('',*,*,#8193,.F.);
#8205=ORIENTED_EDGE('',*,*,#4122,.T.);
#8207=ORIENTED_EDGE('',*,*,#8206,.T.);
#8208=ORIENTED_EDGE('',*,*,#8052,.F.);
#8209=EDGE_LOOP('',(#8204,#8205,#8207,#8208));
#8210=FACE_OUTER_BOUND('',#8209,.F.);
#8211=ADVANCED_FACE('',(#8210),#8203,.T.);
#8212=CARTESIAN_POINT('',(3.28E0,-2.675E0,1.467393765384E0));
#8213=DIRECTION('',(0.E0,1.E0,0.E0));
#8214=DIRECTION('',(-1.E0,0.E0,0.E0));
#8215=AXIS2_PLACEMENT_3D('',#8212,#8213,#8214);
#8216=CYLINDRICAL_SURFACE('',#8215,1.E-1);
#8217=ORIENTED_EDGE('',*,*,#8206,.F.);
#8218=ORIENTED_EDGE('',*,*,#4120,.T.);
#8220=ORIENTED_EDGE('',*,*,#8219,.T.);
#8221=ORIENTED_EDGE('',*,*,#8054,.F.);
#8222=EDGE_LOOP('',(#8217,#8218,#8220,#8221));
#8223=FACE_OUTER_BOUND('',#8222,.F.);
#8224=ADVANCED_FACE('',(#8223),#8216,.T.);
#8225=CARTESIAN_POINT('',(3.18E0,-2.675E0,1.467393765384E0));
#8226=DIRECTION('',(1.E0,0.E0,0.E0));
#8227=DIRECTION('',(0.E0,0.E0,1.E0));
#8228=AXIS2_PLACEMENT_3D('',#8225,#8226,#8227);
#8229=PLANE('',#8228);
#8230=ORIENTED_EDGE('',*,*,#8219,.F.);
#8231=ORIENTED_EDGE('',*,*,#4118,.T.);
#8233=ORIENTED_EDGE('',*,*,#8232,.T.);
#8234=ORIENTED_EDGE('',*,*,#8056,.F.);
#8235=EDGE_LOOP('',(#8230,#8231,#8233,#8234));
#8236=FACE_OUTER_BOUND('',#8235,.F.);
#8237=ADVANCED_FACE('',(#8236),#8229,.F.);
#8238=CARTESIAN_POINT('',(2.33E0,-2.675E0,1.68E0));
#8239=DIRECTION('',(0.E0,1.E0,0.E0));
#8240=DIRECTION('',(-1.E0,0.E0,0.E0));
#8241=AXIS2_PLACEMENT_3D('',#8238,#8239,#8240);
#8242=CYLINDRICAL_SURFACE('',#8241,8.5E-1);
#8243=ORIENTED_EDGE('',*,*,#8232,.F.);
#8244=ORIENTED_EDGE('',*,*,#4116,.F.);
#8246=ORIENTED_EDGE('',*,*,#8245,.T.);
#8247=ORIENTED_EDGE('',*,*,#8058,.F.);
#8248=EDGE_LOOP('',(#8243,#8244,#8246,#8247));
#8249=FACE_OUTER_BOUND('',#8248,.F.);
#8250=ADVANCED_FACE('',(#8249),#8242,.F.);
#8251=CARTESIAN_POINT('',(2.33E0,-2.675E0,2.53E0));
#8252=DIRECTION('',(0.E0,0.E0,1.E0));
#8253=DIRECTION('',(-1.E0,0.E0,0.E0));
#8254=AXIS2_PLACEMENT_3D('',#8251,#8252,#8253);
#8255=PLANE('',#8254);
#8256=ORIENTED_EDGE('',*,*,#8245,.F.);
#8257=ORIENTED_EDGE('',*,*,#4114,.T.);
#8259=ORIENTED_EDGE('',*,*,#8258,.T.);
#8260=ORIENTED_EDGE('',*,*,#8060,.F.);
#8261=EDGE_LOOP('',(#8256,#8257,#8259,#8260));
#8262=FACE_OUTER_BOUND('',#8261,.F.);
#8263=ADVANCED_FACE('',(#8262),#8255,.F.);
#8264=CARTESIAN_POINT('',(2.117393765384E0,-2.675E0,2.63E0));
#8265=DIRECTION('',(0.E0,1.E0,0.E0));
#8266=DIRECTION('',(-1.E0,0.E0,0.E0));
#8267=AXIS2_PLACEMENT_3D('',#8264,#8265,#8266);
#8268=CYLINDRICAL_SURFACE('',#8267,1.E-1);
#8269=ORIENTED_EDGE('',*,*,#8258,.F.);
#8270=ORIENTED_EDGE('',*,*,#4112,.T.);
#8272=ORIENTED_EDGE('',*,*,#8271,.T.);
#8273=ORIENTED_EDGE('',*,*,#8062,.F.);
#8274=EDGE_LOOP('',(#8269,#8270,#8272,#8273));
#8275=FACE_OUTER_BOUND('',#8274,.F.);
#8276=ADVANCED_FACE('',(#8275),#8268,.T.);
#8277=CARTESIAN_POINT('',(3.5E0,-2.675E0,2.85E0));
#8278=DIRECTION('',(0.E0,1.E0,0.E0));
#8279=DIRECTION('',(-1.E0,0.E0,0.E0));
#8280=AXIS2_PLACEMENT_3D('',#8277,#8278,#8279);
#8281=CYLINDRICAL_SURFACE('',#8280,1.5E0);
#8282=ORIENTED_EDGE('',*,*,#8271,.F.);
#8283=ORIENTED_EDGE('',*,*,#4110,.T.);
#8285=ORIENTED_EDGE('',*,*,#8284,.T.);
#8286=ORIENTED_EDGE('',*,*,#8064,.F.);
#8287=EDGE_LOOP('',(#8282,#8283,#8285,#8286));
#8288=FACE_OUTER_BOUND('',#8287,.F.);
#8289=ADVANCED_FACE('',(#8288),#8281,.T.);
#8290=CARTESIAN_POINT('',(2.117393765384E0,-2.675E0,3.07E0));
#8291=DIRECTION('',(0.E0,1.E0,0.E0));
#8292=DIRECTION('',(-1.E0,0.E0,0.E0));
#8293=AXIS2_PLACEMENT_3D('',#8290,#8291,#8292);
#8294=CYLINDRICAL_SURFACE('',#8293,1.E-1);
#8295=ORIENTED_EDGE('',*,*,#8284,.F.);
#8296=ORIENTED_EDGE('',*,*,#4108,.T.);
#8298=ORIENTED_EDGE('',*,*,#8297,.T.);
#8299=ORIENTED_EDGE('',*,*,#8066,.F.);
#8300=EDGE_LOOP('',(#8295,#8296,#8298,#8299));
#8301=FACE_OUTER_BOUND('',#8300,.F.);
#8302=ADVANCED_FACE('',(#8301),#8294,.T.);
#8303=CARTESIAN_POINT('',(2.117393765384E0,-2.675E0,3.17E0));
#8304=DIRECTION('',(0.E0,0.E0,-1.E0));
#8305=DIRECTION('',(1.E0,0.E0,0.E0));
#8306=AXIS2_PLACEMENT_3D('',#8303,#8304,#8305);
#8307=PLANE('',#8306);
#8308=ORIENTED_EDGE('',*,*,#8297,.F.);
#8309=ORIENTED_EDGE('',*,*,#4106,.T.);
#8311=ORIENTED_EDGE('',*,*,#8310,.T.);
#8312=ORIENTED_EDGE('',*,*,#8068,.F.);
#8313=EDGE_LOOP('',(#8308,#8309,#8311,#8312));
#8314=FACE_OUTER_BOUND('',#8313,.F.);
#8315=ADVANCED_FACE('',(#8314),#8307,.F.);
#8316=CARTESIAN_POINT('',(2.33E0,-2.675E0,4.02E0));
#8317=DIRECTION('',(0.E0,1.E0,0.E0));
#8318=DIRECTION('',(-1.E0,0.E0,0.E0));
#8319=AXIS2_PLACEMENT_3D('',#8316,#8317,#8318);
#8320=CYLINDRICAL_SURFACE('',#8319,8.5E-1);
#8321=ORIENTED_EDGE('',*,*,#8310,.F.);
#8322=ORIENTED_EDGE('',*,*,#4104,.F.);
#8324=ORIENTED_EDGE('',*,*,#8323,.T.);
#8325=ORIENTED_EDGE('',*,*,#8070,.F.);
#8326=EDGE_LOOP('',(#8321,#8322,#8324,#8325));
#8327=FACE_OUTER_BOUND('',#8326,.F.);
#8328=ADVANCED_FACE('',(#8327),#8320,.F.);
#8329=CARTESIAN_POINT('',(3.18E0,-2.675E0,4.02E0));
#8330=DIRECTION('',(1.E0,0.E0,0.E0));
#8331=DIRECTION('',(0.E0,0.E0,1.E0));
#8332=AXIS2_PLACEMENT_3D('',#8329,#8330,#8331);
#8333=PLANE('',#8332);
#8334=ORIENTED_EDGE('',*,*,#8323,.F.);
#8335=ORIENTED_EDGE('',*,*,#4102,.T.);
#8337=ORIENTED_EDGE('',*,*,#8336,.T.);
#8338=ORIENTED_EDGE('',*,*,#8072,.F.);
#8339=EDGE_LOOP('',(#8334,#8335,#8337,#8338));
#8340=FACE_OUTER_BOUND('',#8339,.F.);
#8341=ADVANCED_FACE('',(#8340),#8333,.F.);
#8342=CARTESIAN_POINT('',(3.28E0,-2.675E0,4.232606234616E0));
#8343=DIRECTION('',(0.E0,1.E0,0.E0));
#8344=DIRECTION('',(-1.E0,0.E0,0.E0));
#8345=AXIS2_PLACEMENT_3D('',#8342,#8343,#8344);
#8346=CYLINDRICAL_SURFACE('',#8345,1.E-1);
#8347=ORIENTED_EDGE('',*,*,#8336,.F.);
#8348=ORIENTED_EDGE('',*,*,#4100,.T.);
#8350=ORIENTED_EDGE('',*,*,#8349,.T.);
#8351=ORIENTED_EDGE('',*,*,#8074,.F.);
#8352=EDGE_LOOP('',(#8347,#8348,#8350,#8351));
#8353=FACE_OUTER_BOUND('',#8352,.F.);
#8354=ADVANCED_FACE('',(#8353),#8346,.T.);
#8355=CARTESIAN_POINT('',(3.5E0,-2.675E0,2.85E0));
#8356=DIRECTION('',(0.E0,1.E0,0.E0));
#8357=DIRECTION('',(-1.E0,0.E0,0.E0));
#8358=AXIS2_PLACEMENT_3D('',#8355,#8356,#8357);
#8359=CYLINDRICAL_SURFACE('',#8358,1.5E0);
#8360=ORIENTED_EDGE('',*,*,#8349,.F.);
#8361=ORIENTED_EDGE('',*,*,#4098,.T.);
#8362=ORIENTED_EDGE('',*,*,#8022,.T.);
#8363=ORIENTED_EDGE('',*,*,#8076,.F.);
#8364=EDGE_LOOP('',(#8360,#8361,#8362,#8363));
#8365=FACE_OUTER_BOUND('',#8364,.F.);
#8366=ADVANCED_FACE('',(#8365),#8359,.T.);
#8367=CLOSED_SHELL('',(#4144,#4159,#4173,#4187,#4200,#4212,#4228,#4242,#4255,
#4268,#4280,#4295,#4317,#4333,#4371,#4390,#4405,#4424,#4438,#4456,#4553,#4568,
#4582,#4596,#4609,#4631,#4646,#4670,#4685,#4700,#4714,#4728,#4743,#4756,#4818,
#4832,#4854,#4866,#4879,#4891,#4904,#4917,#4932,#4946,#4961,#4974,#4986,#4999,
#5011,#5027,#5050,#5065,#5080,#5094,#5108,#5122,#5136,#5150,#5165,#5179,#5194,
#5208,#5222,#5235,#5250,#5264,#5281,#5294,#5306,#5328,#5342,#5361,#5383,#5397,
#5410,#5424,#5447,#5461,#5490,#5505,#5519,#5549,#5564,#5585,#5601,#5613,#5626,
#5641,#5654,#5667,#5681,#5703,#5719,#5735,#5754,#5767,#5788,#5814,#5827,#5841,
#5858,#5880,#5895,#5914,#5952,#5966,#5984,#6007,#6020,#6033,#6046,#6058,#6076,
#6089,#6102,#6115,#6128,#6141,#6153,#6165,#6181,#6195,#6209,#6229,#6242,#6255,
#6268,#6282,#6294,#6314,#6327,#6340,#6353,#6366,#6378,#6390,#6404,#6418,#6431,
#6443,#6462,#6474,#6488,#6502,#6518,#6531,#6546,#6558,#6580,#6595,#6618,#6633,
#6648,#6662,#6676,#6689,#6703,#6717,#6732,#6746,#6761,#6775,#6789,#6802,#6816,
#6829,#6846,#6859,#6871,#6884,#6896,#6909,#6921,#6937,#6960,#6975,#6990,#7004,
#7018,#7032,#7046,#7060,#7075,#7089,#7104,#7118,#7132,#7145,#7160,#7174,#7191,
#7204,#7216,#7242,#7256,#7269,#7282,#7295,#7308,#7320,#7333,#7345,#7361,#7375,
#7389,#7403,#7417,#7431,#7446,#7462,#7481,#7502,#7515,#7528,#7541,#7554,#7566,
#7579,#7592,#7605,#7618,#7630,#7645,#7659,#7673,#7687,#7701,#7715,#7729,#7743,
#7757,#7771,#7785,#7799,#7813,#7827,#7841,#7855,#7869,#7883,#7897,#7911,#7925,
#7939,#7953,#7966,#7998,#8013,#8027,#8081,#8094,#8107,#8120,#8133,#8146,#8159,
#8172,#8185,#8198,#8211,#8224,#8237,#8250,#8263,#8276,#8289,#8302,#8315,#8328,
#8341,#8354,#8366));
#8368=MANIFOLD_SOLID_BREP('',#8367);
#8369=CARTESIAN_POINT('',(0.E0,0.E0,0.E0));
#8370=DIRECTION('',(0.E0,0.E0,1.E0));
#8371=DIRECTION('',(1.E0,0.E0,0.E0));
#8372=AXIS2_PLACEMENT_3D('CSYS',#8369,#8370,#8371);
#8373=CARTESIAN_POINT('',(-3.5E0,-2.975E0,2.85E0));
#8374=DIRECTION('',(0.E0,-1.E0,0.E0));
#8375=DIRECTION('',(-1.E0,0.E0,0.E0));
#8376=AXIS2_PLACEMENT_3D('',#8373,#8374,#8375);
#8380=CARTESIAN_POINT('',(-3.5E0,-2.975E0,2.85E0));
#8381=DIRECTION('',(0.E0,-1.E0,0.E0));
#8382=DIRECTION('',(1.E0,0.E0,0.E0));
#8383=AXIS2_PLACEMENT_3D('',#8380,#8381,#8382);
#8389=CARTESIAN_POINT('',(3.5E0,-2.975E0,2.85E0));
#8390=DIRECTION('',(0.E0,1.E0,0.E0));
#8391=DIRECTION('',(1.E0,0.E0,0.E0));
#8392=AXIS2_PLACEMENT_3D('',#8389,#8390,#8391);
#8396=CARTESIAN_POINT('',(3.5E0,-2.975E0,2.85E0));
#8397=DIRECTION('',(0.E0,1.E0,0.E0));
#8398=DIRECTION('',(-1.E0,0.E0,0.E0));
#8399=AXIS2_PLACEMENT_3D('',#8396,#8397,#8398);
#8404=CARTESIAN_POINT('',(-5.25E0,-2.975E0,-5.06E0));
#8405=DIRECTION('',(0.E0,-1.E0,0.E0));
#8406=DIRECTION('',(1.E0,0.E0,0.E0));
#8407=AXIS2_PLACEMENT_3D('',#8404,#8405,#8406);
#8411=CARTESIAN_POINT('',(-5.25E0,-2.975E0,-5.06E0));
#8412=DIRECTION('',(0.E0,-1.E0,0.E0));
#8413=DIRECTION('',(-1.E0,0.E0,0.E0));
#8414=AXIS2_PLACEMENT_3D('',#8411,#8412,#8413);
#8419=CARTESIAN_POINT('',(-1.75E0,-2.975E0,-5.06E0));
#8420=DIRECTION('',(0.E0,-1.E0,0.E0));
#8421=DIRECTION('',(1.E0,0.E0,0.E0));
#8422=AXIS2_PLACEMENT_3D('',#8419,#8420,#8421);
#8426=CARTESIAN_POINT('',(-1.75E0,-2.975E0,-5.06E0));
#8427=DIRECTION('',(0.E0,-1.E0,0.E0));
#8428=DIRECTION('',(-1.E0,0.E0,0.E0));
#8429=AXIS2_PLACEMENT_3D('',#8426,#8427,#8428);
#8434=CARTESIAN_POINT('',(1.75E0,-2.975E0,-5.06E0));
#8435=DIRECTION('',(0.E0,-1.E0,0.E0));
#8436=DIRECTION('',(1.E0,0.E0,0.E0));
#8437=AXIS2_PLACEMENT_3D('',#8434,#8435,#8436);
#8441=CARTESIAN_POINT('',(1.75E0,-2.975E0,-5.06E0));
#8442=DIRECTION('',(0.E0,-1.E0,0.E0));
#8443=DIRECTION('',(-1.E0,0.E0,0.E0));
#8444=AXIS2_PLACEMENT_3D('',#8441,#8442,#8443);
#8449=CARTESIAN_POINT('',(5.25E0,-2.975E0,-5.06E0));
#8450=DIRECTION('',(0.E0,-1.E0,0.E0));
#8451=DIRECTION('',(1.E0,0.E0,0.E0));
#8452=AXIS2_PLACEMENT_3D('',#8449,#8450,#8451);
#8456=CARTESIAN_POINT('',(5.25E0,-2.975E0,-5.06E0));
#8457=DIRECTION('',(0.E0,-1.E0,0.E0));
#8458=DIRECTION('',(-1.E0,0.E0,0.E0));
#8459=AXIS2_PLACEMENT_3D('',#8456,#8457,#8458);
#8465=DIMENSIONAL_EXPONENTS(0.E0,0.E0,0.E0,0.E0,0.E0,0.E0,0.E0);
#8467=PLANE_ANGLE_MEASURE_WITH_UNIT(PLANE_ANGLE_MEASURE(1.745329251994E-2),
#8466);
#8468=(CONVERSION_BASED_UNIT('DEGREE',#8467)NAMED_UNIT(*)PLANE_ANGLE_UNIT());
#8470=UNCERTAINTY_MEASURE_WITH_UNIT(LENGTH_MEASURE(2.639495007331E-3),#8464,
'closure',
'Maximum model space distance between geometric entities at asserted connectivities');
#8471=(GEOMETRIC_REPRESENTATION_CONTEXT(3)GLOBAL_UNCERTAINTY_ASSIGNED_CONTEXT((
#8470))GLOBAL_UNIT_ASSIGNED_CONTEXT((#8464,#8468,#8469))REPRESENTATION_CONTEXT(
'ID1','3'));
#8388=GEOMETRIC_SET('',(#8387,#8403,#8418,#8433,#8448,#8463));
#8475=SHAPE_REPRESENTATION_RELATIONSHIP('','',#8474,#8472);
#8476=SHAPE_REPRESENTATION_RELATIONSHIP('','',#8474,#8473);
#8477=APPLICATION_CONTEXT(
'CONFIGURATION CONTROLLED 3D DESIGNS OF MECHANICAL PARTS AND ASSEMBLIES');
#8478=APPLICATION_PROTOCOL_DEFINITION('international standard',
'config_control_design',1994,#8477);
#8479=DESIGN_CONTEXT('',#8477,'design');
#8480=MECHANICAL_CONTEXT('',#8477,'mechanical');
#8481=PRODUCT('1723104104','1723104104','NOT SPECIFIED',(#8480));
#8482=PRODUCT_DEFINITION_FORMATION_WITH_SPECIFIED_SOURCE('9','LAST_VERSION',
#8481,.MADE.);
#8486=PRODUCT_CATEGORY('part','');
#8487=PRODUCT_RELATED_PRODUCT_CATEGORY('detail','',(#8481));
#8488=PRODUCT_CATEGORY_RELATIONSHIP('','',#8486,#8487);
#8489=SECURITY_CLASSIFICATION_LEVEL('unclassified');
#8490=SECURITY_CLASSIFICATION('','',#8489);
#8491=CC_DESIGN_SECURITY_CLASSIFICATION(#8490,(#8482));
#8492=APPROVAL_STATUS('approved');
#8493=APPROVAL(#8492,'');
#8494=CC_DESIGN_APPROVAL(#8493,(#8490,#8482,#8483));
#8495=CALENDAR_DATE(121,5,5);
#8496=COORDINATED_UNIVERSAL_TIME_OFFSET(5,30,.AHEAD.);
#8497=LOCAL_TIME(15,2,8.E0,#8496);
#8498=DATE_AND_TIME(#8495,#8497);
#8499=APPROVAL_DATE_TIME(#8498,#8493);
#8500=DATE_TIME_ROLE('creation_date');
#8501=CC_DESIGN_DATE_AND_TIME_ASSIGNMENT(#8498,#8500,(#8483));
#8502=DATE_TIME_ROLE('classification_date');
#8503=CC_DESIGN_DATE_AND_TIME_ASSIGNMENT(#8498,#8502,(#8490));
#8504=PERSON('UNSPECIFIED','UNSPECIFIED',$,$,$,$);
#8505=ORGANIZATION('UNSPECIFIED','UNSPECIFIED','UNSPECIFIED');
#8506=PERSON_AND_ORGANIZATION(#8504,#8505);
#8507=APPROVAL_ROLE('approver');
#8508=APPROVAL_PERSON_ORGANIZATION(#8506,#8493,#8507);
#8509=PERSON_AND_ORGANIZATION_ROLE('creator');
#8510=CC_DESIGN_PERSON_AND_ORGANIZATION_ASSIGNMENT(#8506,#8509,(#8482,#8483));
#8511=PERSON_AND_ORGANIZATION_ROLE('design_supplier');
#8512=CC_DESIGN_PERSON_AND_ORGANIZATION_ASSIGNMENT(#8506,#8511,(#8482));
#8513=PERSON_AND_ORGANIZATION_ROLE('classification_officer');
#8514=CC_DESIGN_PERSON_AND_ORGANIZATION_ASSIGNMENT(#8506,#8513,(#8490));
#8515=PERSON_AND_ORGANIZATION_ROLE('design_owner');
#8516=CC_DESIGN_PERSON_AND_ORGANIZATION_ASSIGNMENT(#8506,#8515,(#8481));
#105=CIRCLE('',#104,8.5E-1);
#114=CIRCLE('',#113,1.E-1);
#119=CIRCLE('',#118,1.5E0);
#124=CIRCLE('',#123,1.E-1);
#133=CIRCLE('',#132,8.5E-1);
#142=CIRCLE('',#141,1.E-1);
#147=CIRCLE('',#146,1.5E0);
#152=CIRCLE('',#151,1.E-1);
#161=CIRCLE('',#160,8.5E-1);
#170=CIRCLE('',#169,1.E-1);
#175=CIRCLE('',#174,1.5E0);
#180=CIRCLE('',#179,1.E-1);
#189=CIRCLE('',#188,8.5E-1);
#198=CIRCLE('',#197,1.E-1);
#203=CIRCLE('',#202,1.5E0);
#208=CIRCLE('',#207,1.E-1);
#217=CIRCLE('',#216,1.E-1);
#222=CIRCLE('',#221,1.5E0);
#227=CIRCLE('',#226,1.E-1);
#236=CIRCLE('',#235,8.5E-1);
#245=CIRCLE('',#244,1.E-1);
#250=CIRCLE('',#249,1.5E0);
#255=CIRCLE('',#254,1.E-1);
#264=CIRCLE('',#263,8.5E-1);
#273=CIRCLE('',#272,1.E-1);
#278=CIRCLE('',#277,1.5E0);
#283=CIRCLE('',#282,1.E-1);
#292=CIRCLE('',#291,8.5E-1);
#301=CIRCLE('',#300,1.E-1);
#306=CIRCLE('',#305,1.5E0);
#311=CIRCLE('',#310,1.E-1);
#320=CIRCLE('',#319,8.5E-1);
#565=CIRCLE('',#564,2.E-1);
#634=CIRCLE('',#633,2.E-1);
#739=CIRCLE('',#738,1.135E0);
#752=CIRCLE('',#751,5.E-1);
#865=CIRCLE('',#864,2.E-1);
#890=CIRCLE('',#889,2.E-1);
#915=CIRCLE('',#914,5.E-1);
#928=CIRCLE('',#927,1.135E0);
#1013=CIRCLE('',#1012,1.135E0);
#1026=CIRCLE('',#1025,5.E-1);
#1127=CIRCLE('',#1126,5.E-1);
#1140=CIRCLE('',#1139,1.135E0);
#1210=B_SPLINE_CURVE_WITH_KNOTS('',3,(#1205,#1206,#1207,#1208,#1209),
.UNSPECIFIED.,.F.,.F.,(4,1,4),(0.E0,5.E-1,1.E0),.UNSPECIFIED.);
#1215=CIRCLE('',#1214,2.E-1);
#1220=CIRCLE('',#1219,2.E-1);
#1225=CIRCLE('',#1224,2.E-1);
#1233=B_SPLINE_CURVE_WITH_KNOTS('',3,(#1226,#1227,#1228,#1229,#1230,#1231,
#1232),.UNSPECIFIED.,.F.,.F.,(4,1,1,1,4),(0.E0,2.5E-1,5.E-1,7.5E-1,1.E0),
.UNSPECIFIED.);
#1270=B_SPLINE_CURVE_WITH_KNOTS('',3,(#1262,#1263,#1264,#1265,#1266,#1267,#1268,
#1269),.UNSPECIFIED.,.F.,.F.,(4,1,1,1,1,4),(0.E0,2.E-1,4.E-1,6.E-1,8.E-1,1.E0),
.UNSPECIFIED.);
#1323=CIRCLE('',#1322,2.E-1);
#1332=B_SPLINE_CURVE_WITH_KNOTS('',3,(#1324,#1325,#1326,#1327,#1328,#1329,#1330,
#1331),.UNSPECIFIED.,.F.,.F.,(4,1,1,1,1,4),(0.E0,2.E-1,4.E-1,6.E-1,8.E-1,1.E0),
.UNSPECIFIED.);
#1337=CIRCLE('',#1336,7.5E-1);
#1342=CIRCLE('',#1341,7.5E-1);
#1395=B_SPLINE_CURVE_WITH_KNOTS('',3,(#1387,#1388,#1389,#1390,#1391,#1392,#1393,
#1394),.UNSPECIFIED.,.F.,.F.,(4,1,1,1,1,4),(0.E0,2.E-1,4.E-1,6.E-1,8.E-1,1.E0),
.UNSPECIFIED.);
#1400=CIRCLE('',#1399,2.E-1);
#1421=B_SPLINE_CURVE_WITH_KNOTS('',3,(#1413,#1414,#1415,#1416,#1417,#1418,#1419,
#1420),.UNSPECIFIED.,.F.,.F.,(4,1,1,1,1,4),(0.E0,2.E-1,4.E-1,6.E-1,8.E-1,1.E0),
.UNSPECIFIED.);
#1426=CIRCLE('',#1425,2.E-1);
#1431=CIRCLE('',#1430,2.E-1);
#1436=CIRCLE('',#1435,2.E-1);
#1444=B_SPLINE_CURVE_WITH_KNOTS('',3,(#1437,#1438,#1439,#1440,#1441,#1442,
#1443),.UNSPECIFIED.,.F.,.F.,(4,1,1,1,4),(0.E0,2.5E-1,5.E-1,7.5E-1,1.E0),
.UNSPECIFIED.);
#1477=CIRCLE('',#1476,7.5E-1);
#1486=CIRCLE('',#1485,7.5E-1);
#1507=CIRCLE('',#1506,1.3E-1);
#1516=CIRCLE('',#1515,5.E-1);
#1873=CIRCLE('',#1872,5.E-1);
#1882=CIRCLE('',#1881,1.3E-1);
#1895=CIRCLE('',#1894,5.E-1);
#1904=CIRCLE('',#1903,5.E-1);
#1929=CIRCLE('',#1928,1.3E-1);
#1938=CIRCLE('',#1937,1.3E-1);
#1972=B_SPLINE_CURVE_WITH_KNOTS('',3,(#1967,#1968,#1969,#1970,#1971),
.UNSPECIFIED.,.F.,.F.,(4,1,4),(0.E0,5.E-1,1.E0),.UNSPECIFIED.);
#2057=CIRCLE('',#2056,1.135E0);
#2070=CIRCLE('',#2069,5.E-1);
#2171=CIRCLE('',#2170,5.E-1);
#2184=CIRCLE('',#2183,1.135E0);
#2253=CIRCLE('',#2252,1.135E0);
#2266=CIRCLE('',#2265,5.E-1);
#2367=CIRCLE('',#2366,5.E-1);
#2380=CIRCLE('',#2379,1.135E0);
#2729=CIRCLE('',#2728,1.E-1);
#2734=CIRCLE('',#2733,1.5E0);
#2739=CIRCLE('',#2738,1.E-1);
#2748=CIRCLE('',#2747,8.5E-1);
#2757=CIRCLE('',#2756,1.E-1);
#2762=CIRCLE('',#2761,1.5E0);
#2767=CIRCLE('',#2766,1.E-1);
#2776=CIRCLE('',#2775,8.5E-1);
#2785=CIRCLE('',#2784,1.E-1);
#2790=CIRCLE('',#2789,1.5E0);
#2795=CIRCLE('',#2794,1.E-1);
#2804=CIRCLE('',#2803,8.5E-1);
#2813=CIRCLE('',#2812,1.E-1);
#2818=CIRCLE('',#2817,1.5E0);
#2823=CIRCLE('',#2822,1.E-1);
#2832=CIRCLE('',#2831,8.5E-1);
#2849=CIRCLE('',#2848,8.5E-1);
#2858=CIRCLE('',#2857,1.E-1);
#2863=CIRCLE('',#2862,1.5E0);
#2868=CIRCLE('',#2867,1.E-1);
#2877=CIRCLE('',#2876,8.5E-1);
#2886=CIRCLE('',#2885,1.E-1);
#2891=CIRCLE('',#2890,1.5E0);
#2896=CIRCLE('',#2895,1.E-1);
#2905=CIRCLE('',#2904,8.5E-1);
#2914=CIRCLE('',#2913,1.E-1);
#2919=CIRCLE('',#2918,1.5E0);
#2924=CIRCLE('',#2923,1.E-1);
#2933=CIRCLE('',#2932,8.5E-1);
#2942=CIRCLE('',#2941,1.E-1);
#2947=CIRCLE('',#2946,1.5E0);
#2952=CIRCLE('',#2951,1.E-1);
#3986=EDGE_CURVE('',#3802,#3797,#36,.T.);
#3988=EDGE_CURVE('',#3802,#3779,#40,.T.);
#3990=EDGE_CURVE('',#3779,#3780,#44,.T.);
#3992=EDGE_CURVE('',#3782,#3780,#48,.T.);
#3994=EDGE_CURVE('',#3782,#3043,#52,.T.);
#3996=EDGE_CURVE('',#3043,#3044,#56,.T.);
#3998=EDGE_CURVE('',#3044,#3804,#60,.T.);
#4000=EDGE_CURVE('',#3804,#3797,#64,.T.);
#4004=EDGE_CURVE('',#3287,#3288,#20,.T.);
#4006=EDGE_CURVE('',#3288,#3290,#24,.T.);
#4008=EDGE_CURVE('',#3292,#3290,#28,.T.);
#4010=EDGE_CURVE('',#3292,#3287,#32,.T.);
#4014=EDGE_CURVE('',#3279,#3280,#4,.T.);
#4016=EDGE_CURVE('',#3280,#3282,#8,.T.);
#4018=EDGE_CURVE('',#3284,#3282,#12,.T.);
#4020=EDGE_CURVE('',#3284,#3279,#16,.T.);
#4024=EDGE_CURVE('',#3859,#3860,#68,.T.);
#4026=EDGE_CURVE('',#3860,#3864,#72,.T.);
#4028=EDGE_CURVE('',#3863,#3864,#76,.T.);
#4030=EDGE_CURVE('',#3859,#3863,#80,.T.);
#4034=EDGE_CURVE('',#3940,#3942,#84,.T.);
#4036=EDGE_CURVE('',#3940,#3948,#88,.T.);
#4038=EDGE_CURVE('',#3948,#3950,#92,.T.);
#4040=EDGE_CURVE('',#3942,#3950,#96,.T.);
#4044=EDGE_CURVE('',#3343,#3344,#100,.T.);
#4046=EDGE_CURVE('',#3346,#3344,#105,.T.);
#4048=EDGE_CURVE('',#3346,#3348,#109,.T.);
#4050=EDGE_CURVE('',#3348,#3350,#114,.T.);
#4052=EDGE_CURVE('',#3350,#3352,#119,.T.);
#4054=EDGE_CURVE('',#3352,#3354,#124,.T.);
#4056=EDGE_CURVE('',#3354,#3356,#128,.T.);
#4058=EDGE_CURVE('',#3358,#3356,#133,.T.);
#4060=EDGE_CURVE('',#3358,#3360,#137,.T.);
#4062=EDGE_CURVE('',#3360,#3362,#142,.T.);
#4064=EDGE_CURVE('',#3362,#3364,#147,.T.);
#4066=EDGE_CURVE('',#3364,#3366,#152,.T.);
#4068=EDGE_CURVE('',#3366,#3368,#156,.T.);
#4070=EDGE_CURVE('',#3370,#3368,#161,.T.);
#4072=EDGE_CURVE('',#3370,#3372,#165,.T.);
#4074=EDGE_CURVE('',#3372,#3374,#170,.T.);
#4076=EDGE_CURVE('',#3374,#3376,#175,.T.);
#4078=EDGE_CURVE('',#3376,#3378,#180,.T.);
#4080=EDGE_CURVE('',#3378,#3380,#184,.T.);
#4082=EDGE_CURVE('',#3382,#3380,#189,.T.);
#4084=EDGE_CURVE('',#3382,#3384,#193,.T.);
#4086=EDGE_CURVE('',#3384,#3386,#198,.T.);
#4088=EDGE_CURVE('',#3386,#3388,#203,.T.);
#4090=EDGE_CURVE('',#3388,#3343,#208,.T.);
#4094=EDGE_CURVE('',#3536,#3538,#212,.T.);
#4096=EDGE_CURVE('',#3582,#3536,#217,.T.);
#4098=EDGE_CURVE('',#3580,#3582,#222,.T.);
#4100=EDGE_CURVE('',#3578,#3580,#227,.T.);
#4102=EDGE_CURVE('',#3576,#3578,#231,.T.);
#4104=EDGE_CURVE('',#3576,#3574,#236,.T.);
#4106=EDGE_CURVE('',#3572,#3574,#240,.T.);
#4108=EDGE_CURVE('',#3570,#3572,#245,.T.);
#4110=EDGE_CURVE('',#3568,#3570,#250,.T.);
#4112=EDGE_CURVE('',#3566,#3568,#255,.T.);
#4114=EDGE_CURVE('',#3564,#3566,#259,.T.);
#4116=EDGE_CURVE('',#3564,#3562,#264,.T.);
#4118=EDGE_CURVE('',#3560,#3562,#268,.T.);
#4120=EDGE_CURVE('',#3558,#3560,#273,.T.);
#4122=EDGE_CURVE('',#3556,#3558,#278,.T.);
#4124=EDGE_CURVE('',#3554,#3556,#283,.T.);
#4126=EDGE_CURVE('',#3552,#3554,#287,.T.);
#4128=EDGE_CURVE('',#3552,#3550,#292,.T.);
#4130=EDGE_CURVE('',#3548,#3550,#296,.T.);
#4132=EDGE_CURVE('',#3546,#3548,#301,.T.);
#4134=EDGE_CURVE('',#3544,#3546,#306,.T.);
#4136=EDGE_CURVE('',#3542,#3544,#311,.T.);
#4138=EDGE_CURVE('',#3540,#3542,#315,.T.);
#4140=EDGE_CURVE('',#3540,#3538,#320,.T.);
#4151=EDGE_CURVE('',#3279,#3264,#324,.T.);
#4153=EDGE_CURVE('',#3264,#3266,#352,.T.);
#4155=EDGE_CURVE('',#3280,#3266,#336,.T.);
#4165=EDGE_CURVE('',#3284,#3263,#328,.T.);
#4167=EDGE_CURVE('',#3263,#3264,#340,.T.);
#4180=EDGE_CURVE('',#3282,#3268,#332,.T.);
#4182=EDGE_CURVE('',#3268,#3263,#344,.T.);
#4195=EDGE_CURVE('',#3266,#3268,#348,.T.);
#4218=EDGE_CURVE('',#3271,#3272,#356,.T.);
#4220=EDGE_CURVE('',#3276,#3271,#360,.T.);
#4222=EDGE_CURVE('',#3274,#3276,#364,.T.);
#4224=EDGE_CURVE('',#3272,#3274,#368,.T.);
#4235=EDGE_CURVE('',#3287,#3271,#372,.T.);
#4238=EDGE_CURVE('',#3288,#3272,#384,.T.);
#4250=EDGE_CURVE('',#3292,#3276,#376,.T.);
#4262=EDGE_CURVE('',#3290,#3274,#380,.T.);
#4286=EDGE_CURVE('',#3797,#3798,#388,.T.);
#4288=EDGE_CURVE('',#3798,#3800,#392,.T.);
#4290=EDGE_CURVE('',#3802,#3800,#877,.T.);
#4301=EDGE_CURVE('',#3946,#3970,#396,.T.);
#4303=EDGE_CURVE('',#3974,#3946,#400,.T.);
#4305=EDGE_CURVE('',#3974,#3980,#404,.T.);
#4307=EDGE_CURVE('',#3980,#3798,#484,.T.);
#4311=EDGE_CURVE('',#3804,#3806,#496,.T.);
#4313=EDGE_CURVE('',#3970,#3806,#2512,.T.);
#4323=EDGE_CURVE('',#3964,#3972,#408,.T.);
#4325=EDGE_CURVE('',#3809,#3964,#2488,.T.);
#4327=EDGE_CURVE('',#3809,#3810,#516,.T.);
#4329=EDGE_CURVE('',#3810,#3972,#480,.T.);
#4339=EDGE_CURVE('',#3944,#3915,#412,.T.);
#4341=EDGE_CURVE('',#3915,#3916,#416,.T.);
#4343=EDGE_CURVE('',#3916,#3918,#420,.T.);
#4345=EDGE_CURVE('',#3918,#3920,#424,.T.);
#4347=EDGE_CURVE('',#3920,#3922,#428,.T.);
#4349=EDGE_CURVE('',#3922,#3946,#432,.T.);
#4352=EDGE_CURVE('',#3970,#3952,#2508,.T.);
#4354=EDGE_CURVE('',#3952,#3933,#436,.T.);
#4356=EDGE_CURVE('',#3933,#3934,#440,.T.);
#4358=EDGE_CURVE('',#3934,#3936,#444,.T.);
#4360=EDGE_CURVE('',#3936,#3938,#448,.T.);
#4362=EDGE_CURVE('',#3938,#3954,#452,.T.);
#4364=EDGE_CURVE('',#3964,#3954,#2480,.T.);
#4367=EDGE_CURVE('',#3972,#3944,#476,.T.);
#4377=EDGE_CURVE('',#3948,#3925,#456,.T.);
#4379=EDGE_CURVE('',#3925,#3926,#460,.T.);
#4381=EDGE_CURVE('',#3926,#3928,#464,.T.);
#4383=EDGE_CURVE('',#3928,#3930,#468,.T.);
#4385=EDGE_CURVE('',#3930,#3950,#472,.T.);
#4397=EDGE_CURVE('',#3976,#3944,#492,.T.);
#4399=EDGE_CURVE('',#3976,#3897,#2588,.T.);
#4401=EDGE_CURVE('',#3897,#3915,#2624,.T.);
#4413=EDGE_CURVE('',#3810,#3812,#512,.T.);
#4415=EDGE_CURVE('',#3812,#3800,#881,.T.);
#4419=EDGE_CURVE('',#3980,#3976,#488,.T.);
#4432=EDGE_CURVE('',#3044,#3176,#500,.T.);
#4434=EDGE_CURVE('',#3176,#3806,#504,.T.);
#4444=EDGE_CURVE('',#3238,#3236,#508,.T.);
#4446=EDGE_CURVE('',#3812,#3236,#885,.T.);
#4450=EDGE_CURVE('',#3260,#3809,#520,.T.);
#4452=EDGE_CURVE('',#3260,#3238,#524,.T.);
#4462=EDGE_CURVE('',#3227,#3228,#565,.T.);
#4464=EDGE_CURVE('',#3227,#3163,#1572,.T.);
#4466=EDGE_CURVE('',#3171,#3163,#569,.T.);
#4468=EDGE_CURVE('',#3171,#3172,#573,.T.);
#4470=EDGE_CURVE('',#3172,#3167,#577,.T.);
#4472=EDGE_CURVE('',#3167,#3067,#1556,.T.);
#4474=EDGE_CURVE('',#3054,#3067,#1886,.T.);
#4476=EDGE_CURVE('',#3054,#3086,#581,.T.);
#4478=EDGE_CURVE('',#3086,#3450,#585,.T.);
#4480=EDGE_CURVE('',#3450,#3443,#589,.T.);
#4482=EDGE_CURVE('',#3443,#3444,#593,.T.);
#4484=EDGE_CURVE('',#3444,#3446,#597,.T.);
#4486=EDGE_CURVE('',#3446,#3448,#601,.T.);
#4488=EDGE_CURVE('',#3448,#3465,#605,.T.);
#4490=EDGE_CURVE('',#3465,#3466,#609,.T.);
#4492=EDGE_CURVE('',#3466,#3468,#613,.T.);
#4494=EDGE_CURVE('',#3468,#3470,#617,.T.);
#4496=EDGE_CURVE('',#3470,#3584,#621,.T.);
#4498=EDGE_CURVE('',#3088,#3584,#625,.T.);
#4500=EDGE_CURVE('',#3088,#3064,#629,.T.);
#4502=EDGE_CURVE('',#3064,#3071,#1502,.T.);
#4504=EDGE_CURVE('',#3071,#3240,#1540,.T.);
#4506=EDGE_CURVE('',#3238,#3240,#634,.T.);
#4509=EDGE_CURVE('',#3260,#3112,#638,.T.);
#4511=EDGE_CURVE('',#3111,#3112,#642,.T.);
#4513=EDGE_CURVE('',#3176,#3111,#646,.T.);
#4517=EDGE_CURVE('',#3043,#3174,#650,.T.);
#4519=EDGE_CURVE('',#3174,#3107,#654,.T.);
#4521=EDGE_CURVE('',#3107,#3108,#658,.T.);
#4523=EDGE_CURVE('',#3258,#3108,#662,.T.);
#4525=EDGE_CURVE('',#3258,#3228,#666,.T.);
#4529=EDGE_CURVE('',#3133,#3134,#544,.T.);
#4531=EDGE_CURVE('',#3134,#3136,#548,.T.);
#4533=EDGE_CURVE('',#3486,#3136,#2448,.T.);
#4535=EDGE_CURVE('',#3486,#3483,#552,.T.);
#4537=EDGE_CURVE('',#3483,#3484,#556,.T.);
#4539=EDGE_CURVE('',#3484,#3133,#560,.T.);
#4543=EDGE_CURVE('',#3099,#3100,#528,.T.);
#4545=EDGE_CURVE('',#3100,#3102,#532,.T.);
#4547=EDGE_CURVE('',#3102,#3104,#536,.T.);
#4549=EDGE_CURVE('',#3104,#3099,#540,.T.);
#4560=EDGE_CURVE('',#3099,#3092,#674,.T.);
#4562=EDGE_CURVE('',#3091,#3092,#686,.T.);
#4564=EDGE_CURVE('',#3100,#3091,#670,.T.);
#4575=EDGE_CURVE('',#3104,#3096,#678,.T.);
#4577=EDGE_CURVE('',#3092,#3096,#690,.T.);
#4589=EDGE_CURVE('',#3102,#3094,#682,.T.);
#4591=EDGE_CURVE('',#3096,#3094,#694,.T.);
#4604=EDGE_CURVE('',#3094,#3091,#698,.T.);
#4621=EDGE_CURVE('',#3426,#3428,#702,.T.);
#4623=EDGE_CURVE('',#3426,#3430,#706,.T.);
#4625=EDGE_CURVE('',#3430,#3432,#710,.T.);
#4627=EDGE_CURVE('',#3428,#3432,#714,.T.);
#4637=EDGE_CURVE('',#3140,#3143,#718,.T.);
#4639=EDGE_CURVE('',#3140,#3426,#722,.T.);
#4642=EDGE_CURVE('',#3428,#3143,#726,.T.);
#4652=EDGE_CURVE('',#3152,#3422,#730,.T.);
#4654=EDGE_CURVE('',#3152,#3395,#734,.T.);
#4656=EDGE_CURVE('',#3395,#3396,#739,.T.);
#4658=EDGE_CURVE('',#3396,#3408,#743,.T.);
#4660=EDGE_CURVE('',#3407,#3408,#800,.T.);
#4662=EDGE_CURVE('',#3407,#3391,#747,.T.);
#4664=EDGE_CURVE('',#3391,#3392,#752,.T.);
#4666=EDGE_CURVE('',#3392,#3422,#756,.T.);
#4676=EDGE_CURVE('',#3139,#3140,#760,.T.);
#4679=EDGE_CURVE('',#3143,#3144,#784,.T.);
#4681=EDGE_CURVE('',#3139,#3144,#780,.T.);
#4692=EDGE_CURVE('',#3414,#3139,#776,.T.);
#4694=EDGE_CURVE('',#3416,#3414,#764,.T.);
#4696=EDGE_CURVE('',#3416,#3140,#936,.T.);
#4706=EDGE_CURVE('',#3147,#3144,#768,.T.);
#4708=EDGE_CURVE('',#3147,#3414,#772,.T.);
#4721=EDGE_CURVE('',#3148,#3143,#796,.T.);
#4723=EDGE_CURVE('',#3147,#3148,#788,.T.);
#4734=EDGE_CURVE('',#3408,#3412,#804,.T.);
#4737=EDGE_CURVE('',#3396,#3404,#792,.T.);
#4739=EDGE_CURVE('',#3404,#3412,#923,.T.);
#4752=EDGE_CURVE('',#3432,#3148,#898,.T.);
#4762=EDGE_CURVE('',#3230,#3232,#865,.T.);
#4764=EDGE_CURVE('',#3790,#3230,#1600,.T.);
#4766=EDGE_CURVE('',#3790,#3792,#869,.T.);
#4768=EDGE_CURVE('',#3779,#3792,#873,.T.);
#4774=EDGE_CURVE('',#3235,#3236,#890,.T.);
#4776=EDGE_CURVE('',#3235,#3232,#1532,.T.);
#4780=EDGE_CURVE('',#3603,#3604,#816,.T.);
#4782=EDGE_CURVE('',#3604,#3608,#820,.T.);
#4784=EDGE_CURVE('',#3607,#3608,#824,.T.);
#4786=EDGE_CURVE('',#3603,#3607,#828,.T.);
#4790=EDGE_CURVE('',#3635,#3636,#832,.T.);
#4792=EDGE_CURVE('',#3636,#3640,#836,.T.);
#4794=EDGE_CURVE('',#3639,#3640,#840,.T.);
#4796=EDGE_CURVE('',#3635,#3639,#844,.T.);
#4800=EDGE_CURVE('',#3667,#3668,#848,.T.);
#4802=EDGE_CURVE('',#3668,#3672,#852,.T.);
#4804=EDGE_CURVE('',#3671,#3672,#856,.T.);
#4806=EDGE_CURVE('',#3667,#3671,#860,.T.);
#4812=EDGE_CURVE('',#3411,#3412,#808,.T.);
#4814=EDGE_CURVE('',#3407,#3411,#812,.T.);
#4824=EDGE_CURVE('',#3148,#3416,#894,.T.);
#4828=EDGE_CURVE('',#3416,#3430,#902,.T.);
#4838=EDGE_CURVE('',#3420,#3155,#906,.T.);
#4840=EDGE_CURVE('',#3400,#3420,#910,.T.);
#4842=EDGE_CURVE('',#3399,#3400,#915,.T.);
#4844=EDGE_CURVE('',#3411,#3399,#919,.T.);
#4848=EDGE_CURVE('',#3403,#3404,#928,.T.);
#4850=EDGE_CURVE('',#3155,#3403,#932,.T.);
#4874=EDGE_CURVE('',#3391,#3399,#940,.T.);
#4900=EDGE_CURVE('',#3392,#3400,#948,.T.);
#4910=EDGE_CURVE('',#3420,#3422,#944,.T.);
#4924=EDGE_CURVE('',#3418,#3420,#952,.T.);
#4926=EDGE_CURVE('',#3418,#3424,#976,.T.);
#4928=EDGE_CURVE('',#3424,#3422,#964,.T.);
#4938=EDGE_CURVE('',#3155,#3156,#960,.T.);
#4940=EDGE_CURVE('',#3418,#3156,#980,.T.);
#4952=EDGE_CURVE('',#3151,#3152,#956,.T.);
#4954=EDGE_CURVE('',#3156,#3151,#968,.T.);
#4957=EDGE_CURVE('',#3155,#3152,#984,.T.);
#4970=EDGE_CURVE('',#3151,#3424,#972,.T.);
#4994=EDGE_CURVE('',#3395,#3403,#988,.T.);
#5017=EDGE_CURVE('',#3686,#3680,#992,.T.);
#5019=EDGE_CURVE('',#3686,#3611,#996,.T.);
#5021=EDGE_CURVE('',#3611,#3612,#1172,.T.);
#5023=EDGE_CURVE('',#3612,#3680,#1000,.T.);
#5033=EDGE_CURVE('',#3692,#3702,#1004,.T.);
#5035=EDGE_CURVE('',#3692,#3591,#1008,.T.);
#5037=EDGE_CURVE('',#3591,#3592,#1013,.T.);
#5039=EDGE_CURVE('',#3592,#3604,#1017,.T.);
#5042=EDGE_CURVE('',#3603,#3587,#1021,.T.);
#5044=EDGE_CURVE('',#3587,#3588,#1026,.T.);
#5046=EDGE_CURVE('',#3588,#3702,#1030,.T.);
#5056=EDGE_CURVE('',#3688,#3676,#1046,.T.);
#5058=EDGE_CURVE('',#3688,#3686,#1148,.T.);
#5061=EDGE_CURVE('',#3680,#3676,#1050,.T.);
#5071=EDGE_CURVE('',#3675,#3676,#1034,.T.);
#5073=EDGE_CURVE('',#3675,#3682,#1038,.T.);
#5075=EDGE_CURVE('',#3682,#3688,#1042,.T.);
#5088=EDGE_CURVE('',#3679,#3680,#1062,.T.);
#5090=EDGE_CURVE('',#3675,#3679,#1054,.T.);
#5102=EDGE_CURVE('',#3592,#3600,#1058,.T.);
#5104=EDGE_CURVE('',#3600,#3608,#1135,.T.);
#5116=EDGE_CURVE('',#3612,#3616,#1184,.T.);
#5118=EDGE_CURVE('',#3616,#3679,#1110,.T.);
#5129=EDGE_CURVE('',#3591,#3599,#1066,.T.);
#5131=EDGE_CURVE('',#3599,#3600,#1140,.T.);
#5142=EDGE_CURVE('',#3691,#3692,#1070,.T.);
#5144=EDGE_CURVE('',#3691,#3599,#1144,.T.);
#5157=EDGE_CURVE('',#3696,#3692,#1074,.T.);
#5159=EDGE_CURVE('',#3695,#3696,#2216,.T.);
#5161=EDGE_CURVE('',#3691,#3695,#1078,.T.);
#5172=EDGE_CURVE('',#3704,#3702,#1082,.T.);
#5174=EDGE_CURVE('',#3696,#3704,#2220,.T.);
#5185=EDGE_CURVE('',#3700,#3702,#1090,.T.);
#5187=EDGE_CURVE('',#3698,#3700,#1086,.T.);
#5189=EDGE_CURVE('',#3698,#3704,#2224,.T.);
#5202=EDGE_CURVE('',#3588,#3596,#1094,.T.);
#5204=EDGE_CURVE('',#3596,#3700,#1122,.T.);
#5215=EDGE_CURVE('',#3587,#3595,#1098,.T.);
#5217=EDGE_CURVE('',#3595,#3596,#1127,.T.);
#5229=EDGE_CURVE('',#3607,#3595,#1131,.T.);
#5241=EDGE_CURVE('',#3684,#3686,#1102,.T.);
#5243=EDGE_CURVE('',#3684,#3615,#1114,.T.);
#5245=EDGE_CURVE('',#3611,#3615,#1176,.T.);
#5256=EDGE_CURVE('',#3679,#3684,#1106,.T.);
#5259=EDGE_CURVE('',#3615,#3616,#1180,.T.);
#5270=EDGE_CURVE('',#3700,#3691,#1118,.T.);
#5290=EDGE_CURVE('',#3684,#3682,#1152,.T.);
#5312=EDGE_CURVE('',#3435,#3436,#1156,.T.);
#5314=EDGE_CURVE('',#3436,#3440,#1160,.T.);
#5316=EDGE_CURVE('',#3440,#3438,#1164,.T.);
#5318=EDGE_CURVE('',#3438,#3435,#1168,.T.);
#5335=EDGE_CURVE('',#3443,#3436,#1192,.T.);
#5338=EDGE_CURVE('',#3444,#3435,#1188,.T.);
#5348=EDGE_CURVE('',#3188,#3450,#1200,.T.);
#5350=EDGE_CURVE('',#3190,#3188,#1210,.T.);
#5352=EDGE_CURVE('',#3190,#3454,#1302,.T.);
#5354=EDGE_CURVE('',#3454,#3440,#1996,.T.);
#5367=EDGE_CURVE('',#3187,#3188,#1196,.T.);
#5371=EDGE_CURVE('',#3086,#3082,#1929,.T.);
#5373=EDGE_CURVE('',#3076,#3082,#1912,.T.);
#5375=EDGE_CURVE('',#3075,#3076,#1895,.T.);
#5377=EDGE_CURVE('',#3194,#3075,#1464,.T.);
#5379=EDGE_CURVE('',#3194,#3187,#1204,.T.);
#5390=EDGE_CURVE('',#3187,#3180,#1215,.T.);
#5392=EDGE_CURVE('',#3180,#3190,#1306,.T.);
#5404=EDGE_CURVE('',#3184,#3187,#1220,.T.);
#5406=EDGE_CURVE('',#3180,#3184,#1225,.T.);
#5416=EDGE_CURVE('',#3192,#3184,#1241,.T.);
#5420=EDGE_CURVE('',#3194,#3192,#1233,.T.);
#5430=EDGE_CURVE('',#3183,#3184,#1237,.T.);
#5433=EDGE_CURVE('',#3192,#3202,#1490,.T.);
#5435=EDGE_CURVE('',#3201,#3202,#1245,.T.);
#5437=EDGE_CURVE('',#3201,#3210,#1249,.T.);
#5439=EDGE_CURVE('',#3210,#3124,#1253,.T.);
#5441=EDGE_CURVE('',#3123,#3124,#1257,.T.);
#5443=EDGE_CURVE('',#3183,#3123,#1261,.T.);
#5453=EDGE_CURVE('',#3179,#3180,#1310,.T.);
#5457=EDGE_CURVE('',#3183,#3179,#1270,.T.);
#5467=EDGE_CURVE('',#3216,#3221,#1274,.T.);
#5469=EDGE_CURVE('',#3212,#3216,#1332,.T.);
#5471=EDGE_CURVE('',#3206,#3212,#1278,.T.);
#5473=EDGE_CURVE('',#3205,#3206,#1282,.T.);
#5475=EDGE_CURVE('',#3205,#3474,#1286,.T.);
#5477=EDGE_CURVE('',#3472,#3474,#1290,.T.);
#5479=EDGE_CURVE('',#3452,#3472,#1294,.T.);
#5481=EDGE_CURVE('',#3452,#3454,#1298,.T.);
#5486=EDGE_CURVE('',#3221,#3179,#1395,.T.);
#5496=EDGE_CURVE('',#3215,#3216,#1314,.T.);
#5499=EDGE_CURVE('',#3221,#3222,#1318,.T.);
#5501=EDGE_CURVE('',#3215,#3222,#1350,.T.);
#5512=EDGE_CURVE('',#3215,#3218,#1323,.T.);
#5514=EDGE_CURVE('',#3218,#3212,#1408,.T.);
#5525=EDGE_CURVE('',#3243,#3244,#1337,.T.);
#5527=EDGE_CURVE('',#3068,#3243,#1890,.T.);
#5529=EDGE_CURVE('',#3068,#3072,#1548,.T.);
#5531=EDGE_CURVE('',#3072,#3256,#1498,.T.);
#5533=EDGE_CURVE('',#3254,#3256,#1342,.T.);
#5535=EDGE_CURVE('',#3115,#3254,#1378,.T.);
#5537=EDGE_CURVE('',#3115,#3218,#1346,.T.);
#5541=EDGE_CURVE('',#3224,#3222,#1400,.T.);
#5543=EDGE_CURVE('',#3119,#3224,#1354,.T.);
#5545=EDGE_CURVE('',#3244,#3119,#1362,.T.);
#5556=EDGE_CURVE('',#3246,#3244,#1358,.T.);
#5558=EDGE_CURVE('',#3246,#3248,#1477,.T.);
#5560=EDGE_CURVE('',#3248,#3243,#1860,.T.);
#5572=EDGE_CURVE('',#3119,#3120,#1366,.T.);
#5574=EDGE_CURVE('',#3120,#3116,#1370,.T.);
#5576=EDGE_CURVE('',#3115,#3116,#1374,.T.);
#5579=EDGE_CURVE('',#3254,#3252,#1382,.T.);
#5581=EDGE_CURVE('',#3246,#3252,#1481,.T.);
#5591=EDGE_CURVE('',#3179,#3224,#1386,.T.);
#5595=EDGE_CURVE('',#3120,#3123,#1404,.T.);
#5622=EDGE_CURVE('',#3116,#3124,#1412,.T.);
#5633=EDGE_CURVE('',#3212,#3210,#1421,.T.);
#5648=EDGE_CURVE('',#3201,#3206,#1426,.T.);
#5661=EDGE_CURVE('',#3197,#3201,#1431,.T.);
#5663=EDGE_CURVE('',#3206,#3197,#1436,.T.);
#5673=EDGE_CURVE('',#3197,#3198,#1448,.T.);
#5677=EDGE_CURVE('',#3202,#3198,#1444,.T.);
#5688=EDGE_CURVE('',#3198,#3079,#1468,.T.);
#5690=EDGE_CURVE('',#3079,#3080,#1904,.T.);
#5692=EDGE_CURVE('',#3080,#3084,#1920,.T.);
#5694=EDGE_CURVE('',#3088,#3084,#1938,.T.);
#5697=EDGE_CURVE('',#3208,#3584,#1452,.T.);
#5699=EDGE_CURVE('',#3208,#3197,#1456,.T.);
#5709=EDGE_CURVE('',#3047,#3192,#1460,.T.);
#5713=EDGE_CURVE('',#3048,#3075,#1899,.T.);
#5715=EDGE_CURVE('',#3047,#3048,#1868,.T.);
#5727=EDGE_CURVE('',#3202,#3057,#1472,.T.);
#5729=EDGE_CURVE('',#3057,#3058,#1520,.T.);
#5731=EDGE_CURVE('',#3079,#3058,#1908,.T.);
#5743=EDGE_CURVE('',#3251,#3252,#1486,.T.);
#5745=EDGE_CURVE('',#3251,#3057,#1524,.T.);
#5750=EDGE_CURVE('',#3248,#3047,#1864,.T.);
#5763=EDGE_CURVE('',#3256,#3251,#1494,.T.);
#5775=EDGE_CURVE('',#3071,#3072,#1544,.T.);
#5778=EDGE_CURVE('',#3062,#3064,#1507,.T.);
#5780=EDGE_CURVE('',#3060,#3062,#1511,.T.);
#5782=EDGE_CURVE('',#3058,#3060,#1516,.T.);
#5794=EDGE_CURVE('',#3232,#3227,#1528,.T.);
#5797=EDGE_CURVE('',#3240,#3235,#1536,.T.);
#5802=EDGE_CURVE('',#3067,#3068,#1552,.T.);
#5805=EDGE_CURVE('',#3167,#3168,#1560,.T.);
#5807=EDGE_CURVE('',#3168,#3164,#1564,.T.);
#5809=EDGE_CURVE('',#3163,#3164,#1568,.T.);
#5821=EDGE_CURVE('',#3230,#3228,#1584,.T.);
#5833=EDGE_CURVE('',#3782,#3784,#1576,.T.);
#5835=EDGE_CURVE('',#3174,#3784,#1580,.T.);
#5849=EDGE_CURVE('',#3258,#3787,#1588,.T.);
#5851=EDGE_CURVE('',#3787,#3788,#1592,.T.);
#5853=EDGE_CURVE('',#3788,#3790,#1596,.T.);
#5864=EDGE_CURVE('',#3886,#3867,#1604,.T.);
#5866=EDGE_CURVE('',#3784,#3867,#1800,.T.);
#5870=EDGE_CURVE('',#3780,#3794,#1788,.T.);
#5872=EDGE_CURVE('',#3978,#3794,#1756,.T.);
#5874=EDGE_CURVE('',#3978,#3890,#1608,.T.);
#5876=EDGE_CURVE('',#3890,#3886,#1612,.T.);
#5886=EDGE_CURVE('',#3883,#3888,#1616,.T.);
#5888=EDGE_CURVE('',#3788,#3888,#1760,.T.);
#5891=EDGE_CURVE('',#3883,#3787,#1848,.T.);
#5902=EDGE_CURVE('',#3848,#3864,#1620,.T.);
#5904=EDGE_CURVE('',#3846,#3848,#1624,.T.);
#5906=EDGE_CURVE('',#3844,#3846,#1628,.T.);
#5908=EDGE_CURVE('',#3843,#3844,#1632,.T.);
#5910=EDGE_CURVE('',#3863,#3843,#1636,.T.);
#5920=EDGE_CURVE('',#3867,#3868,#1792,.T.);
#5923=EDGE_CURVE('',#3840,#3886,#1640,.T.);
#5925=EDGE_CURVE('',#3838,#3840,#1644,.T.);
#5927=EDGE_CURVE('',#3836,#3838,#1648,.T.);
#5929=EDGE_CURVE('',#3834,#3836,#1652,.T.);
#5931=EDGE_CURVE('',#3833,#3834,#1656,.T.);
#5933=EDGE_CURVE('',#3892,#3833,#1660,.T.);
#5935=EDGE_CURVE('',#3888,#3892,#1744,.T.);
#5938=EDGE_CURVE('',#3883,#3884,#1844,.T.);
#5940=EDGE_CURVE('',#3856,#3884,#1664,.T.);
#5942=EDGE_CURVE('',#3854,#3856,#1668,.T.);
#5944=EDGE_CURVE('',#3852,#3854,#1672,.T.);
#5946=EDGE_CURVE('',#3851,#3852,#1676,.T.);
#5948=EDGE_CURVE('',#3868,#3851,#1680,.T.);
#5959=EDGE_CURVE('',#3830,#3860,#1704,.T.);
#5961=EDGE_CURVE('',#3830,#3848,#1684,.T.);
#5973=EDGE_CURVE('',#3859,#3825,#1688,.T.);
#5975=EDGE_CURVE('',#3825,#3826,#1692,.T.);
#5977=EDGE_CURVE('',#3826,#3828,#1696,.T.);
#5979=EDGE_CURVE('',#3828,#3830,#1700,.T.);
#5991=EDGE_CURVE('',#3978,#3894,#1752,.T.);
#5993=EDGE_CURVE('',#3894,#3815,#1708,.T.);
#5995=EDGE_CURVE('',#3815,#3816,#1712,.T.);
#5997=EDGE_CURVE('',#3816,#3818,#1716,.T.);
#5999=EDGE_CURVE('',#3818,#3820,#1720,.T.);
#6001=EDGE_CURVE('',#3820,#3822,#1724,.T.);
#6003=EDGE_CURVE('',#3822,#3890,#1728,.T.);
#6015=EDGE_CURVE('',#3825,#3843,#1732,.T.);
#6029=EDGE_CURVE('',#3826,#3844,#1736,.T.);
#6042=EDGE_CURVE('',#3828,#3846,#1740,.T.);
#6065=EDGE_CURVE('',#3894,#3892,#1748,.T.);
#6069=EDGE_CURVE('',#3794,#3792,#1784,.T.);
#6084=EDGE_CURVE('',#3815,#3833,#1764,.T.);
#6098=EDGE_CURVE('',#3816,#3834,#1768,.T.);
#6111=EDGE_CURVE('',#3818,#3836,#1772,.T.);
#6124=EDGE_CURVE('',#3820,#3838,#1776,.T.);
#6137=EDGE_CURVE('',#3822,#3840,#1780,.T.);
#6172=EDGE_CURVE('',#3870,#3868,#1796,.T.);
#6174=EDGE_CURVE('',#3107,#3870,#1828,.T.);
#6189=EDGE_CURVE('',#3872,#3851,#1804,.T.);
#6191=EDGE_CURVE('',#3870,#3872,#1808,.T.);
#6201=EDGE_CURVE('',#3872,#3874,#1812,.T.);
#6205=EDGE_CURVE('',#3874,#3852,#1832,.T.);
#6217=EDGE_CURVE('',#3874,#3876,#1816,.T.);
#6219=EDGE_CURVE('',#3876,#3878,#1820,.T.);
#6221=EDGE_CURVE('',#3878,#3880,#1824,.T.);
#6223=EDGE_CURVE('',#3108,#3880,#1852,.T.);
#6238=EDGE_CURVE('',#3876,#3854,#1836,.T.);
#6251=EDGE_CURVE('',#3878,#3856,#1840,.T.);
#6264=EDGE_CURVE('',#3880,#3884,#1856,.T.);
#6303=EDGE_CURVE('',#3048,#3050,#1873,.T.);
#6305=EDGE_CURVE('',#3050,#3052,#1877,.T.);
#6307=EDGE_CURVE('',#3052,#3054,#1882,.T.);
#6321=EDGE_CURVE('',#3050,#3076,#1916,.T.);
#6336=EDGE_CURVE('',#3080,#3060,#1924,.T.);
#6347=EDGE_CURVE('',#3052,#3082,#1933,.T.);
#6362=EDGE_CURVE('',#3084,#3062,#1942,.T.);
#6398=EDGE_CURVE('',#3172,#3159,#1954,.T.);
#6400=EDGE_CURVE('',#3168,#3159,#1962,.T.);
#6411=EDGE_CURVE('',#3160,#3171,#1946,.T.);
#6413=EDGE_CURVE('',#3159,#3160,#1950,.T.);
#6425=EDGE_CURVE('',#3164,#3160,#1958,.T.);
#6450=EDGE_CURVE('',#3208,#3205,#1972,.T.);
#6454=EDGE_CURVE('',#3470,#3462,#1976,.T.);
#6456=EDGE_CURVE('',#3458,#3462,#2008,.T.);
#6458=EDGE_CURVE('',#3474,#3458,#1966,.T.);
#6481=EDGE_CURVE('',#3468,#3460,#1980,.T.);
#6483=EDGE_CURVE('',#3462,#3460,#2012,.T.);
#6495=EDGE_CURVE('',#3466,#3457,#1984,.T.);
#6497=EDGE_CURVE('',#3460,#3457,#2016,.T.);
#6509=EDGE_CURVE('',#3465,#3472,#1988,.T.);
#6513=EDGE_CURVE('',#3457,#3458,#2004,.T.);
#6526=EDGE_CURVE('',#3448,#3452,#1992,.T.);
#6538=EDGE_CURVE('',#3446,#3438,#2000,.T.);
#6570=EDGE_CURVE('',#3643,#3644,#2020,.T.);
#6572=EDGE_CURVE('',#3643,#3647,#2024,.T.);
#6574=EDGE_CURVE('',#3647,#3648,#2028,.T.);
#6576=EDGE_CURVE('',#3644,#3648,#2032,.T.);
#6586=EDGE_CURVE('',#3718,#3712,#2036,.T.);
#6588=EDGE_CURVE('',#3718,#3643,#2040,.T.);
#6591=EDGE_CURVE('',#3644,#3712,#2044,.T.);
#6601=EDGE_CURVE('',#3724,#3734,#2048,.T.);
#6603=EDGE_CURVE('',#3724,#3623,#2052,.T.);
#6605=EDGE_CURVE('',#3623,#3624,#2057,.T.);
#6607=EDGE_CURVE('',#3624,#3636,#2061,.T.);
#6610=EDGE_CURVE('',#3635,#3619,#2065,.T.);
#6612=EDGE_CURVE('',#3619,#3620,#2070,.T.);
#6614=EDGE_CURVE('',#3620,#3734,#2074,.T.);
#6624=EDGE_CURVE('',#3720,#3708,#2090,.T.);
#6626=EDGE_CURVE('',#3720,#3718,#2192,.T.);
#6629=EDGE_CURVE('',#3712,#3708,#2094,.T.);
#6639=EDGE_CURVE('',#3707,#3708,#2078,.T.);
#6641=EDGE_CURVE('',#3707,#3714,#2082,.T.);
#6643=EDGE_CURVE('',#3714,#3720,#2086,.T.);
#6656=EDGE_CURVE('',#3711,#3712,#2106,.T.);
#6658=EDGE_CURVE('',#3707,#3711,#2098,.T.);
#6670=EDGE_CURVE('',#3624,#3632,#2102,.T.);
#6672=EDGE_CURVE('',#3632,#3640,#2179,.T.);
#6685=EDGE_CURVE('',#3648,#3711,#2154,.T.);
#6696=EDGE_CURVE('',#3623,#3631,#2110,.T.);
#6698=EDGE_CURVE('',#3631,#3632,#2184,.T.);
#6709=EDGE_CURVE('',#3723,#3724,#2114,.T.);
#6711=EDGE_CURVE('',#3723,#3631,#2188,.T.);
#6724=EDGE_CURVE('',#3728,#3724,#2118,.T.);
#6726=EDGE_CURVE('',#3727,#3728,#2200,.T.);
#6728=EDGE_CURVE('',#3723,#3727,#2122,.T.);
#6739=EDGE_CURVE('',#3736,#3734,#2126,.T.);
#6741=EDGE_CURVE('',#3728,#3736,#2204,.T.);
#6752=EDGE_CURVE('',#3732,#3734,#2134,.T.);
#6754=EDGE_CURVE('',#3730,#3732,#2130,.T.);
#6756=EDGE_CURVE('',#3730,#3736,#2208,.T.);
#6769=EDGE_CURVE('',#3620,#3628,#2138,.T.);
#6771=EDGE_CURVE('',#3628,#3732,#2166,.T.);
#6782=EDGE_CURVE('',#3619,#3627,#2142,.T.);
#6784=EDGE_CURVE('',#3627,#3628,#2171,.T.);
#6796=EDGE_CURVE('',#3639,#3627,#2175,.T.);
#6808=EDGE_CURVE('',#3716,#3718,#2146,.T.);
#6810=EDGE_CURVE('',#3716,#3647,#2158,.T.);
#6822=EDGE_CURVE('',#3711,#3716,#2150,.T.);
#6835=EDGE_CURVE('',#3732,#3723,#2162,.T.);
#6855=EDGE_CURVE('',#3716,#3714,#2196,.T.);
#6877=EDGE_CURVE('',#3730,#3727,#2212,.T.);
#6902=EDGE_CURVE('',#3698,#3695,#2228,.T.);
#6927=EDGE_CURVE('',#3750,#3744,#2232,.T.);
#6929=EDGE_CURVE('',#3750,#3770,#2236,.T.);
#6931=EDGE_CURVE('',#3770,#3772,#2416,.T.);
#6933=EDGE_CURVE('',#3772,#3744,#2240,.T.);
#6943=EDGE_CURVE('',#3756,#3766,#2244,.T.);
#6945=EDGE_CURVE('',#3756,#3655,#2248,.T.);
#6947=EDGE_CURVE('',#3655,#3656,#2253,.T.);
#6949=EDGE_CURVE('',#3656,#3668,#2257,.T.);
#6952=EDGE_CURVE('',#3667,#3651,#2261,.T.);
#6954=EDGE_CURVE('',#3651,#3652,#2266,.T.);
#6956=EDGE_CURVE('',#3652,#3766,#2270,.T.);
#6966=EDGE_CURVE('',#3752,#3740,#2286,.T.);
#6968=EDGE_CURVE('',#3752,#3750,#2388,.T.);
#6971=EDGE_CURVE('',#3744,#3740,#2290,.T.);
#6981=EDGE_CURVE('',#3739,#3740,#2274,.T.);
#6983=EDGE_CURVE('',#3739,#3746,#2278,.T.);
#6985=EDGE_CURVE('',#3746,#3752,#2282,.T.);
#6998=EDGE_CURVE('',#3743,#3744,#2302,.T.);
#7000=EDGE_CURVE('',#3739,#3743,#2294,.T.);
#7012=EDGE_CURVE('',#3656,#3664,#2298,.T.);
#7014=EDGE_CURVE('',#3664,#3672,#2375,.T.);
#7026=EDGE_CURVE('',#3772,#3776,#2428,.T.);
#7028=EDGE_CURVE('',#3776,#3743,#2350,.T.);
#7039=EDGE_CURVE('',#3655,#3663,#2306,.T.);
#7041=EDGE_CURVE('',#3663,#3664,#2380,.T.);
#7052=EDGE_CURVE('',#3755,#3756,#2310,.T.);
#7054=EDGE_CURVE('',#3755,#3663,#2384,.T.);
#7067=EDGE_CURVE('',#3760,#3756,#2314,.T.);
#7069=EDGE_CURVE('',#3759,#3760,#2464,.T.);
#7071=EDGE_CURVE('',#3755,#3759,#2318,.T.);
#7082=EDGE_CURVE('',#3768,#3766,#2322,.T.);
#7084=EDGE_CURVE('',#3760,#3768,#2468,.T.);
#7095=EDGE_CURVE('',#3764,#3766,#2330,.T.);
#7097=EDGE_CURVE('',#3762,#3764,#2326,.T.);
#7099=EDGE_CURVE('',#3762,#3768,#2472,.T.);
#7112=EDGE_CURVE('',#3652,#3660,#2334,.T.);
#7114=EDGE_CURVE('',#3660,#3764,#2362,.T.);
#7125=EDGE_CURVE('',#3651,#3659,#2338,.T.);
#7127=EDGE_CURVE('',#3659,#3660,#2367,.T.);
#7139=EDGE_CURVE('',#3671,#3659,#2371,.T.);
#7151=EDGE_CURVE('',#3748,#3750,#2342,.T.);
#7153=EDGE_CURVE('',#3748,#3774,#2354,.T.);
#7155=EDGE_CURVE('',#3770,#3774,#2420,.T.);
#7166=EDGE_CURVE('',#3743,#3748,#2346,.T.);
#7169=EDGE_CURVE('',#3774,#3776,#2424,.T.);
#7180=EDGE_CURVE('',#3764,#3755,#2358,.T.);
#7200=EDGE_CURVE('',#3748,#3746,#2392,.T.);
#7222=EDGE_CURVE('',#3130,#3127,#2396,.T.);
#7224=EDGE_CURVE('',#3130,#3477,#2400,.T.);
#7226=EDGE_CURVE('',#3477,#3478,#2404,.T.);
#7228=EDGE_CURVE('',#3478,#3480,#2408,.T.);
#7230=EDGE_CURVE('',#3128,#3480,#2440,.T.);
#7232=EDGE_CURVE('',#3127,#3128,#2412,.T.);
#7249=EDGE_CURVE('',#3134,#3127,#2432,.T.);
#7252=EDGE_CURVE('',#3130,#3133,#2460,.T.);
#7265=EDGE_CURVE('',#3128,#3136,#2436,.T.);
#7276=EDGE_CURVE('',#3486,#3480,#2444,.T.);
#7291=EDGE_CURVE('',#3483,#3478,#2452,.T.);
#7304=EDGE_CURVE('',#3484,#3477,#2456,.T.);
#7326=EDGE_CURVE('',#3762,#3759,#2476,.T.);
#7352=EDGE_CURVE('',#3966,#3954,#2484,.T.);
#7354=EDGE_CURVE('',#3112,#3966,#2528,.T.);
#7368=EDGE_CURVE('',#3962,#3938,#2492,.T.);
#7370=EDGE_CURVE('',#3962,#3966,#2532,.T.);
#7381=EDGE_CURVE('',#3960,#3936,#2496,.T.);
#7383=EDGE_CURVE('',#3960,#3962,#2536,.T.);
#7395=EDGE_CURVE('',#3958,#3934,#2500,.T.);
#7397=EDGE_CURVE('',#3958,#3960,#2540,.T.);
#7409=EDGE_CURVE('',#3956,#3933,#2504,.T.);
#7411=EDGE_CURVE('',#3956,#3958,#2544,.T.);
#7424=EDGE_CURVE('',#3968,#3952,#2520,.T.);
#7426=EDGE_CURVE('',#3968,#3956,#2524,.T.);
#7441=EDGE_CURVE('',#3111,#3968,#2516,.T.);
#7468=EDGE_CURVE('',#3940,#3907,#2548,.T.);
#7471=EDGE_CURVE('',#3912,#3942,#2552,.T.);
#7473=EDGE_CURVE('',#3910,#3912,#2556,.T.);
#7475=EDGE_CURVE('',#3908,#3910,#2560,.T.);
#7477=EDGE_CURVE('',#3907,#3908,#2564,.T.);
#7488=EDGE_CURVE('',#3904,#3974,#2568,.T.);
#7490=EDGE_CURVE('',#3902,#3904,#2572,.T.);
#7492=EDGE_CURVE('',#3900,#3902,#2576,.T.);
#7494=EDGE_CURVE('',#3898,#3900,#2580,.T.);
#7496=EDGE_CURVE('',#3897,#3898,#2584,.T.);
#7509=EDGE_CURVE('',#3907,#3925,#2592,.T.);
#7522=EDGE_CURVE('',#3908,#3926,#2596,.T.);
#7535=EDGE_CURVE('',#3910,#3928,#2600,.T.);
#7548=EDGE_CURVE('',#3912,#3930,#2604,.T.);
#7573=EDGE_CURVE('',#3904,#3922,#2608,.T.);
#7588=EDGE_CURVE('',#3902,#3920,#2612,.T.);
#7601=EDGE_CURVE('',#3900,#3918,#2616,.T.);
#7614=EDGE_CURVE('',#3898,#3916,#2620,.T.);
#7637=EDGE_CURVE('',#3343,#3295,#2628,.T.);
#7639=EDGE_CURVE('',#3295,#3296,#2724,.T.);
#7641=EDGE_CURVE('',#3344,#3296,#2720,.T.);
#7652=EDGE_CURVE('',#3388,#3340,#2632,.T.);
#7654=EDGE_CURVE('',#3340,#3295,#2729,.T.);
#7666=EDGE_CURVE('',#3386,#3338,#2636,.T.);
#7668=EDGE_CURVE('',#3338,#3340,#2734,.T.);
#7680=EDGE_CURVE('',#3384,#3336,#2640,.T.);
#7682=EDGE_CURVE('',#3336,#3338,#2739,.T.);
#7694=EDGE_CURVE('',#3382,#3334,#2644,.T.);
#7696=EDGE_CURVE('',#3334,#3336,#2743,.T.);
#7708=EDGE_CURVE('',#3380,#3332,#2648,.T.);
#7710=EDGE_CURVE('',#3332,#3334,#2748,.T.);
#7722=EDGE_CURVE('',#3378,#3330,#2652,.T.);
#7724=EDGE_CURVE('',#3330,#3332,#2752,.T.);
#7736=EDGE_CURVE('',#3376,#3328,#2656,.T.);
#7738=EDGE_CURVE('',#3328,#3330,#2757,.T.);
#7750=EDGE_CURVE('',#3374,#3326,#2660,.T.);
#7752=EDGE_CURVE('',#3326,#3328,#2762,.T.);
#7764=EDGE_CURVE('',#3372,#3324,#2664,.T.);
#7766=EDGE_CURVE('',#3324,#3326,#2767,.T.);
#7778=EDGE_CURVE('',#3370,#3322,#2668,.T.);
#7780=EDGE_CURVE('',#3322,#3324,#2771,.T.);
#7792=EDGE_CURVE('',#3368,#3320,#2672,.T.);
#7794=EDGE_CURVE('',#3320,#3322,#2776,.T.);
#7806=EDGE_CURVE('',#3366,#3318,#2676,.T.);
#7808=EDGE_CURVE('',#3318,#3320,#2780,.T.);
#7820=EDGE_CURVE('',#3364,#3316,#2680,.T.);
#7822=EDGE_CURVE('',#3316,#3318,#2785,.T.);
#7834=EDGE_CURVE('',#3362,#3314,#2684,.T.);
#7836=EDGE_CURVE('',#3314,#3316,#2790,.T.);
#7848=EDGE_CURVE('',#3360,#3312,#2688,.T.);
#7850=EDGE_CURVE('',#3312,#3314,#2795,.T.);
#7862=EDGE_CURVE('',#3358,#3310,#2692,.T.);
#7864=EDGE_CURVE('',#3310,#3312,#2799,.T.);
#7876=EDGE_CURVE('',#3356,#3308,#2696,.T.);
#7878=EDGE_CURVE('',#3308,#3310,#2804,.T.);
#7890=EDGE_CURVE('',#3354,#3306,#2700,.T.);
#7892=EDGE_CURVE('',#3306,#3308,#2808,.T.);
#7904=EDGE_CURVE('',#3352,#3304,#2704,.T.);
#7906=EDGE_CURVE('',#3304,#3306,#2813,.T.);
#7918=EDGE_CURVE('',#3350,#3302,#2708,.T.);
#7920=EDGE_CURVE('',#3302,#3304,#2818,.T.);
#7932=EDGE_CURVE('',#3348,#3300,#2712,.T.);
#7934=EDGE_CURVE('',#3300,#3302,#2823,.T.);
#7946=EDGE_CURVE('',#3346,#3298,#2716,.T.);
#7948=EDGE_CURVE('',#3298,#3300,#2827,.T.);
#7961=EDGE_CURVE('',#3296,#3298,#2832,.T.);
#8004=EDGE_CURVE('',#3536,#3489,#2836,.T.);
#8007=EDGE_CURVE('',#3538,#3490,#2956,.T.);
#8009=EDGE_CURVE('',#3489,#3490,#2844,.T.);
#8020=EDGE_CURVE('',#3534,#3489,#2952,.T.);
#8022=EDGE_CURVE('',#3582,#3534,#2840,.T.);
#8034=EDGE_CURVE('',#3490,#3492,#2849,.T.);
#8036=EDGE_CURVE('',#3492,#3494,#2853,.T.);
#8038=EDGE_CURVE('',#3494,#3496,#2858,.T.);
#8040=EDGE_CURVE('',#3496,#3498,#2863,.T.);
#8042=EDGE_CURVE('',#3498,#3500,#2868,.T.);
#8044=EDGE_CURVE('',#3500,#3502,#2872,.T.);
#8046=EDGE_CURVE('',#3502,#3504,#2877,.T.);
#8048=EDGE_CURVE('',#3504,#3506,#2881,.T.);
#8050=EDGE_CURVE('',#3506,#3508,#2886,.T.);
#8052=EDGE_CURVE('',#3508,#3510,#2891,.T.);
#8054=EDGE_CURVE('',#3510,#3512,#2896,.T.);
#8056=EDGE_CURVE('',#3512,#3514,#2900,.T.);
#8058=EDGE_CURVE('',#3514,#3516,#2905,.T.);
#8060=EDGE_CURVE('',#3516,#3518,#2909,.T.);
#8062=EDGE_CURVE('',#3518,#3520,#2914,.T.);
#8064=EDGE_CURVE('',#3520,#3522,#2919,.T.);
#8066=EDGE_CURVE('',#3522,#3524,#2924,.T.);
#8068=EDGE_CURVE('',#3524,#3526,#2928,.T.);
#8070=EDGE_CURVE('',#3526,#3528,#2933,.T.);
#8072=EDGE_CURVE('',#3528,#3530,#2937,.T.);
#8074=EDGE_CURVE('',#3530,#3532,#2942,.T.);
#8076=EDGE_CURVE('',#3532,#3534,#2947,.T.);
#8089=EDGE_CURVE('',#3540,#3492,#2960,.T.);
#8102=EDGE_CURVE('',#3542,#3494,#2964,.T.);
#8115=EDGE_CURVE('',#3544,#3496,#2968,.T.);
#8128=EDGE_CURVE('',#3546,#3498,#2972,.T.);
#8141=EDGE_CURVE('',#3548,#3500,#2976,.T.);
#8154=EDGE_CURVE('',#3550,#3502,#2980,.T.);
#8167=EDGE_CURVE('',#3552,#3504,#2984,.T.);
#8180=EDGE_CURVE('',#3554,#3506,#2988,.T.);
#8193=EDGE_CURVE('',#3556,#3508,#2992,.T.);
#8206=EDGE_CURVE('',#3558,#3510,#2996,.T.);
#8219=EDGE_CURVE('',#3560,#3512,#3000,.T.);
#8232=EDGE_CURVE('',#3562,#3514,#3004,.T.);
#8245=EDGE_CURVE('',#3564,#3516,#3008,.T.);
#8258=EDGE_CURVE('',#3566,#3518,#3012,.T.);
#8271=EDGE_CURVE('',#3568,#3520,#3016,.T.);
#8284=EDGE_CURVE('',#3570,#3522,#3020,.T.);
#8297=EDGE_CURVE('',#3572,#3524,#3024,.T.);
#8310=EDGE_CURVE('',#3574,#3526,#3028,.T.);
#8323=EDGE_CURVE('',#3576,#3528,#3032,.T.);
#8336=EDGE_CURVE('',#3578,#3530,#3036,.T.);
#8349=EDGE_CURVE('',#3580,#3532,#3040,.T.);
#8377=CIRCLE('',#8376,1.525E0);
#8378=TRIMMED_CURVE('',#8377,(PARAMETER_VALUE(0.E0)),(PARAMETER_VALUE(1.8E2)),
.T.,.UNSPECIFIED.);
#8379=COMPOSITE_CURVE_SEGMENT(.CONTINUOUS.,.T.,#8378);
#8384=CIRCLE('',#8383,1.525E0);
#8385=TRIMMED_CURVE('',#8384,(PARAMETER_VALUE(0.E0)),(PARAMETER_VALUE(1.8E2)),
.T.,.UNSPECIFIED.);
#8386=COMPOSITE_CURVE_SEGMENT(.CONTINUOUS.,.T.,#8385);
#8387=COMPOSITE_CURVE('',(#8379,#8386),.F.);
#8393=CIRCLE('',#8392,1.525E0);
#8394=TRIMMED_CURVE('',#8393,(PARAMETER_VALUE(0.E0)),(PARAMETER_VALUE(1.8E2)),
.T.,.UNSPECIFIED.);
#8395=COMPOSITE_CURVE_SEGMENT(.CONTINUOUS.,.T.,#8394);
#8400=CIRCLE('',#8399,1.525E0);
#8401=TRIMMED_CURVE('',#8400,(PARAMETER_VALUE(0.E0)),(PARAMETER_VALUE(1.8E2)),
.T.,.UNSPECIFIED.);
#8402=COMPOSITE_CURVE_SEGMENT(.CONTINUOUS.,.T.,#8401);
#8403=COMPOSITE_CURVE('',(#8395,#8402),.F.);
#8408=CIRCLE('',#8407,5.1E-1);
#8409=TRIMMED_CURVE('',#8408,(PARAMETER_VALUE(0.E0)),(PARAMETER_VALUE(1.8E2)),
.T.,.UNSPECIFIED.);
#8410=COMPOSITE_CURVE_SEGMENT(.CONTINUOUS.,.T.,#8409);
#8415=CIRCLE('',#8414,5.1E-1);
#8416=TRIMMED_CURVE('',#8415,(PARAMETER_VALUE(0.E0)),(PARAMETER_VALUE(1.8E2)),
.T.,.UNSPECIFIED.);
#8417=COMPOSITE_CURVE_SEGMENT(.CONTINUOUS.,.T.,#8416);
#8418=COMPOSITE_CURVE('',(#8410,#8417),.F.);
#8423=CIRCLE('',#8422,5.1E-1);
#8424=TRIMMED_CURVE('',#8423,(PARAMETER_VALUE(0.E0)),(PARAMETER_VALUE(1.8E2)),
.T.,.UNSPECIFIED.);
#8425=COMPOSITE_CURVE_SEGMENT(.CONTINUOUS.,.T.,#8424);
#8430=CIRCLE('',#8429,5.1E-1);
#8431=TRIMMED_CURVE('',#8430,(PARAMETER_VALUE(0.E0)),(PARAMETER_VALUE(1.8E2)),
.T.,.UNSPECIFIED.);
#8432=COMPOSITE_CURVE_SEGMENT(.CONTINUOUS.,.T.,#8431);
#8433=COMPOSITE_CURVE('',(#8425,#8432),.F.);
#8438=CIRCLE('',#8437,5.1E-1);
#8439=TRIMMED_CURVE('',#8438,(PARAMETER_VALUE(0.E0)),(PARAMETER_VALUE(1.8E2)),
.T.,.UNSPECIFIED.);
#8440=COMPOSITE_CURVE_SEGMENT(.CONTINUOUS.,.T.,#8439);
#8445=CIRCLE('',#8444,5.1E-1);
#8446=TRIMMED_CURVE('',#8445,(PARAMETER_VALUE(0.E0)),(PARAMETER_VALUE(1.8E2)),
.T.,.UNSPECIFIED.);
#8447=COMPOSITE_CURVE_SEGMENT(.CONTINUOUS.,.T.,#8446);
#8448=COMPOSITE_CURVE('',(#8440,#8447),.F.);
#8453=CIRCLE('',#8452,5.1E-1);
#8454=TRIMMED_CURVE('',#8453,(PARAMETER_VALUE(0.E0)),(PARAMETER_VALUE(1.8E2)),
.T.,.UNSPECIFIED.);
#8455=COMPOSITE_CURVE_SEGMENT(.CONTINUOUS.,.T.,#8454);
#8460=CIRCLE('',#8459,5.1E-1);
#8461=TRIMMED_CURVE('',#8460,(PARAMETER_VALUE(0.E0)),(PARAMETER_VALUE(1.8E2)),
.T.,.UNSPECIFIED.);
#8462=COMPOSITE_CURVE_SEGMENT(.CONTINUOUS.,.T.,#8461);
#8463=COMPOSITE_CURVE('',(#8455,#8462),.F.);
#8464=(LENGTH_UNIT()NAMED_UNIT(*)SI_UNIT(.MILLI.,.METRE.));
#8466=(NAMED_UNIT(*)PLANE_ANGLE_UNIT()SI_UNIT($,.RADIAN.));
#8469=(NAMED_UNIT(*)SI_UNIT($,.STERADIAN.)SOLID_ANGLE_UNIT());
#8472=ADVANCED_BREP_SHAPE_REPRESENTATION('',(#8368),#8471);
#8473=GEOMETRICALLY_BOUNDED_SURFACE_SHAPE_REPRESENTATION('',(#8388),#8471);
#8474=SHAPE_REPRESENTATION('',(#8372),#8471);
#8483=PRODUCT_DEFINITION('design','',#8482,#8479);
#8484=PRODUCT_DEFINITION_SHAPE('','SHAPE FOR 1723104104.',#8483);
#8485=SHAPE_DEFINITION_REPRESENTATION(#8484,#8474);
ENDSEC;
END-ISO-10303-21;
