ISO-10303-21;
HEADER;
FILE_DESCRIPTION((''),'2;1');
FILE_NAME('1723103105','2021-05-05T',('gga'),(''),
'PRO/ENGINEER BY PARAMETRIC TECHNOLOGY CORPORATION, 2016010',
'PRO/ENGINEER BY PARAMETRIC TECHNOLOGY CORPORATION, 2016010','');
FILE_SCHEMA(('CONFIG_CONTROL_DESIGN'));
ENDSEC;
DATA;
#1=DIRECTION('',(1.E0,0.E0,0.E0));
#2=VECTOR('',#1,1.2E0);
#3=CARTESIAN_POINT('',(-8.15E0,-2.675E0,-1.6E0));
#4=LINE('',#3,#2);
#5=DIRECTION('',(0.E0,0.E0,1.E0));
#6=VECTOR('',#5,8.2E0);
#7=CARTESIAN_POINT('',(-6.95E0,-2.675E0,-1.6E0));
#8=LINE('',#7,#6);
#9=DIRECTION('',(1.E0,0.E0,0.E0));
#10=VECTOR('',#9,1.2E0);
#11=CARTESIAN_POINT('',(-8.15E0,-2.675E0,6.6E0));
#12=LINE('',#11,#10);
#13=DIRECTION('',(0.E0,0.E0,-1.E0));
#14=VECTOR('',#13,8.2E0);
#15=CARTESIAN_POINT('',(-8.15E0,-2.675E0,6.6E0));
#16=LINE('',#15,#14);
#17=DIRECTION('',(-1.E0,0.E0,0.E0));
#18=VECTOR('',#17,1.2E0);
#19=CARTESIAN_POINT('',(8.15E0,-2.675E0,6.6E0));
#20=LINE('',#19,#18);
#21=DIRECTION('',(0.E0,0.E0,-1.E0));
#22=VECTOR('',#21,8.2E0);
#23=CARTESIAN_POINT('',(6.95E0,-2.675E0,6.6E0));
#24=LINE('',#23,#22);
#25=DIRECTION('',(-1.E0,0.E0,0.E0));
#26=VECTOR('',#25,1.2E0);
#27=CARTESIAN_POINT('',(8.15E0,-2.675E0,-1.6E0));
#28=LINE('',#27,#26);
#29=DIRECTION('',(0.E0,0.E0,1.E0));
#30=VECTOR('',#29,8.2E0);
#31=CARTESIAN_POINT('',(8.15E0,-2.675E0,-1.6E0));
#32=LINE('',#31,#30);
#33=DIRECTION('',(0.E0,0.E0,1.E0));
#34=VECTOR('',#33,4.73E0);
#35=CARTESIAN_POINT('',(9.24E0,-2.675E0,-3.1E0));
#36=LINE('',#35,#34);
#37=DIRECTION('',(-1.E0,0.E0,0.E0));
#38=VECTOR('',#37,1.848E1);
#39=CARTESIAN_POINT('',(9.24E0,-2.675E0,-3.1E0));
#40=LINE('',#39,#38);
#41=DIRECTION('',(0.E0,0.E0,1.E0));
#42=VECTOR('',#41,4.73E0);
#43=CARTESIAN_POINT('',(-9.24E0,-2.675E0,-3.1E0));
#44=LINE('',#43,#42);
#45=DIRECTION('',(1.E0,0.E0,0.E0));
#46=VECTOR('',#45,1.16E0);
#47=CARTESIAN_POINT('',(-1.04E1,-2.675E0,1.63E0));
#48=LINE('',#47,#46);
#49=DIRECTION('',(0.E0,0.E0,1.E0));
#50=VECTOR('',#49,6.47E0);
#51=CARTESIAN_POINT('',(-1.04E1,-2.675E0,1.63E0));
#52=LINE('',#51,#50);
#53=DIRECTION('',(1.E0,0.E0,0.E0));
#54=VECTOR('',#53,2.08E1);
#55=CARTESIAN_POINT('',(-1.04E1,-2.675E0,8.1E0));
#56=LINE('',#55,#54);
#57=DIRECTION('',(0.E0,0.E0,-1.E0));
#58=VECTOR('',#57,6.47E0);
#59=CARTESIAN_POINT('',(1.04E1,-2.675E0,8.1E0));
#60=LINE('',#59,#58);
#61=DIRECTION('',(-1.E0,0.E0,0.E0));
#62=VECTOR('',#61,1.16E0);
#63=CARTESIAN_POINT('',(1.04E1,-2.675E0,1.63E0));
#64=LINE('',#63,#62);
#65=DIRECTION('',(0.E0,0.E0,1.E0));
#66=VECTOR('',#65,1.5E0);
#67=CARTESIAN_POINT('',(-9.25E0,-2.675E0,2.105E0));
#68=LINE('',#67,#66);
#69=DIRECTION('',(-1.E0,0.E0,0.E0));
#70=VECTOR('',#69,5.E-1);
#71=CARTESIAN_POINT('',(-9.25E0,-2.675E0,3.605E0));
#72=LINE('',#71,#70);
#73=DIRECTION('',(0.E0,0.E0,1.E0));
#74=VECTOR('',#73,1.5E0);
#75=CARTESIAN_POINT('',(-9.75E0,-2.675E0,2.105E0));
#76=LINE('',#75,#74);
#77=DIRECTION('',(-1.E0,0.E0,0.E0));
#78=VECTOR('',#77,5.E-1);
#79=CARTESIAN_POINT('',(-9.25E0,-2.675E0,2.105E0));
#80=LINE('',#79,#78);
#81=DIRECTION('',(0.E0,0.E0,1.E0));
#82=VECTOR('',#81,1.5E0);
#83=CARTESIAN_POINT('',(9.25E0,-2.675E0,2.105E0));
#84=LINE('',#83,#82);
#85=DIRECTION('',(1.E0,0.E0,0.E0));
#86=VECTOR('',#85,5.E-1);
#87=CARTESIAN_POINT('',(9.25E0,-2.675E0,2.105E0));
#88=LINE('',#87,#86);
#89=DIRECTION('',(0.E0,0.E0,1.E0));
#90=VECTOR('',#89,1.5E0);
#91=CARTESIAN_POINT('',(9.75E0,-2.675E0,2.105E0));
#92=LINE('',#91,#90);
#93=DIRECTION('',(1.E0,0.E0,0.E0));
#94=VECTOR('',#93,5.E-1);
#95=CARTESIAN_POINT('',(9.25E0,-2.675E0,3.605E0));
#96=LINE('',#95,#94);
#97=DIRECTION('',(0.E0,0.E0,-1.E0));
#98=VECTOR('',#97,2.126062346164E-1);
#99=CARTESIAN_POINT('',(-5.57E0,-2.675E0,4.232606234616E0));
#100=LINE('',#99,#98);
#101=CARTESIAN_POINT('',(-6.42E0,-2.675E0,4.02E0));
#102=DIRECTION('',(0.E0,-1.E0,0.E0));
#103=DIRECTION('',(0.E0,0.E0,-1.E0));
#104=AXIS2_PLACEMENT_3D('',#101,#102,#103);
#106=DIRECTION('',(-1.E0,0.E0,0.E0));
#107=VECTOR('',#106,2.126062346164E-1);
#108=CARTESIAN_POINT('',(-6.42E0,-2.675E0,3.17E0));
#109=LINE('',#108,#107);
#110=CARTESIAN_POINT('',(-6.632606234616E0,-2.675E0,3.07E0));
#111=DIRECTION('',(0.E0,-1.E0,0.E0));
#112=DIRECTION('',(-2.664535259100E-14,0.E0,1.E0));
#113=AXIS2_PLACEMENT_3D('',#110,#111,#112);
#115=CARTESIAN_POINT('',(-5.25E0,-2.675E0,2.85E0));
#116=DIRECTION('',(0.E0,-1.E0,0.E0));
#117=DIRECTION('',(-9.875758818688E-1,0.E0,1.571428571429E-1));
#118=AXIS2_PLACEMENT_3D('',#115,#116,#117);
#120=CARTESIAN_POINT('',(-6.632606234616E0,-2.675E0,2.63E0));
#121=DIRECTION('',(0.E0,-1.E0,0.E0));
#122=DIRECTION('',(-9.875758818688E-1,0.E0,-1.571428571428E-1));
#123=AXIS2_PLACEMENT_3D('',#120,#121,#122);
#125=DIRECTION('',(1.E0,0.E0,0.E0));
#126=VECTOR('',#125,2.126062346164E-1);
#127=CARTESIAN_POINT('',(-6.632606234616E0,-2.675E0,2.53E0));
#128=LINE('',#127,#126);
#129=CARTESIAN_POINT('',(-6.42E0,-2.675E0,1.68E0));
#130=DIRECTION('',(0.E0,-1.E0,0.E0));
#131=DIRECTION('',(1.E0,0.E0,0.E0));
#132=AXIS2_PLACEMENT_3D('',#129,#130,#131);
#134=DIRECTION('',(0.E0,0.E0,-1.E0));
#135=VECTOR('',#134,2.126062346164E-1);
#136=CARTESIAN_POINT('',(-5.57E0,-2.675E0,1.68E0));
#137=LINE('',#136,#135);
#138=CARTESIAN_POINT('',(-5.47E0,-2.675E0,1.467393765384E0));
#139=DIRECTION('',(0.E0,-1.E0,0.E0));
#140=DIRECTION('',(-1.E0,0.E0,0.E0));
#141=AXIS2_PLACEMENT_3D('',#138,#139,#140);
#143=CARTESIAN_POINT('',(-5.25E0,-2.675E0,2.85E0));
#144=DIRECTION('',(0.E0,-1.E0,0.E0));
#145=DIRECTION('',(-1.571428571429E-1,0.E0,-9.875758818688E-1));
#146=AXIS2_PLACEMENT_3D('',#143,#144,#145);
#148=CARTESIAN_POINT('',(-5.03E0,-2.675E0,1.467393765384E0));
#149=DIRECTION('',(0.E0,-1.E0,0.E0));
#150=DIRECTION('',(1.571428571429E-1,0.E0,-9.875758818688E-1));
#151=AXIS2_PLACEMENT_3D('',#148,#149,#150);
#153=DIRECTION('',(0.E0,0.E0,1.E0));
#154=VECTOR('',#153,2.126062346163E-1);
#155=CARTESIAN_POINT('',(-4.93E0,-2.675E0,1.467393765384E0));
#156=LINE('',#155,#154);
#157=CARTESIAN_POINT('',(-4.08E0,-2.675E0,1.68E0));
#158=DIRECTION('',(0.E0,-1.E0,0.E0));
#159=DIRECTION('',(0.E0,0.E0,1.E0));
#160=AXIS2_PLACEMENT_3D('',#157,#158,#159);
#162=DIRECTION('',(1.E0,0.E0,0.E0));
#163=VECTOR('',#162,2.126062346163E-1);
#164=CARTESIAN_POINT('',(-4.08E0,-2.675E0,2.53E0));
#165=LINE('',#164,#163);
#166=CARTESIAN_POINT('',(-3.867393765384E0,-2.675E0,2.63E0));
#167=DIRECTION('',(0.E0,-1.E0,0.E0));
#168=DIRECTION('',(-1.776356839400E-14,0.E0,-1.E0));
#169=AXIS2_PLACEMENT_3D('',#166,#167,#168);
#171=CARTESIAN_POINT('',(-5.25E0,-2.675E0,2.85E0));
#172=DIRECTION('',(0.E0,-1.E0,0.E0));
#173=DIRECTION('',(9.875758818688E-1,0.E0,-1.571428571429E-1));
#174=AXIS2_PLACEMENT_3D('',#171,#172,#173);
#176=CARTESIAN_POINT('',(-3.867393765384E0,-2.675E0,3.07E0));
#177=DIRECTION('',(0.E0,-1.E0,0.E0));
#178=DIRECTION('',(9.875758818688E-1,0.E0,1.571428571429E-1));
#179=AXIS2_PLACEMENT_3D('',#176,#177,#178);
#181=DIRECTION('',(-1.E0,0.E0,0.E0));
#182=VECTOR('',#181,2.126062346164E-1);
#183=CARTESIAN_POINT('',(-3.867393765384E0,-2.675E0,3.17E0));
#184=LINE('',#183,#182);
#185=CARTESIAN_POINT('',(-4.08E0,-2.675E0,4.02E0));
#186=DIRECTION('',(0.E0,-1.E0,0.E0));
#187=DIRECTION('',(-1.E0,0.E0,0.E0));
#188=AXIS2_PLACEMENT_3D('',#185,#186,#187);
#190=DIRECTION('',(0.E0,0.E0,1.E0));
#191=VECTOR('',#190,2.126062346163E-1);
#192=CARTESIAN_POINT('',(-4.93E0,-2.675E0,4.02E0));
#193=LINE('',#192,#191);
#194=CARTESIAN_POINT('',(-5.03E0,-2.675E0,4.232606234616E0));
#195=DIRECTION('',(0.E0,-1.E0,0.E0));
#196=DIRECTION('',(1.E0,0.E0,0.E0));
#197=AXIS2_PLACEMENT_3D('',#194,#195,#196);
#199=CARTESIAN_POINT('',(-5.25E0,-2.675E0,2.85E0));
#200=DIRECTION('',(0.E0,-1.E0,0.E0));
#201=DIRECTION('',(1.571428571429E-1,0.E0,9.875758818688E-1));
#202=AXIS2_PLACEMENT_3D('',#199,#200,#201);
#204=CARTESIAN_POINT('',(-5.47E0,-2.675E0,4.232606234616E0));
#205=DIRECTION('',(0.E0,-1.E0,0.E0));
#206=DIRECTION('',(-1.571428571429E-1,0.E0,9.875758818688E-1));
#207=AXIS2_PLACEMENT_3D('',#204,#205,#206);
#209=DIRECTION('',(0.E0,0.E0,-1.E0));
#210=VECTOR('',#209,2.126062346164E-1);
#211=CARTESIAN_POINT('',(5.57E0,-2.675E0,4.232606234616E0));
#212=LINE('',#211,#210);
#213=CARTESIAN_POINT('',(5.47E0,-2.675E0,4.232606234616E0));
#214=DIRECTION('',(0.E0,1.E0,0.E0));
#215=DIRECTION('',(1.571428571429E-1,0.E0,9.875758818688E-1));
#216=AXIS2_PLACEMENT_3D('',#213,#214,#215);
#218=CARTESIAN_POINT('',(5.25E0,-2.675E0,2.85E0));
#219=DIRECTION('',(0.E0,1.E0,0.E0));
#220=DIRECTION('',(-1.571428571429E-1,0.E0,9.875758818688E-1));
#221=AXIS2_PLACEMENT_3D('',#218,#219,#220);
#223=CARTESIAN_POINT('',(5.03E0,-2.675E0,4.232606234616E0));
#224=DIRECTION('',(0.E0,1.E0,0.E0));
#225=DIRECTION('',(-1.E0,0.E0,0.E0));
#226=AXIS2_PLACEMENT_3D('',#223,#224,#225);
#228=DIRECTION('',(0.E0,0.E0,1.E0));
#229=VECTOR('',#228,2.126062346163E-1);
#230=CARTESIAN_POINT('',(4.93E0,-2.675E0,4.02E0));
#231=LINE('',#230,#229);
#232=CARTESIAN_POINT('',(4.08E0,-2.675E0,4.02E0));
#233=DIRECTION('',(0.E0,1.E0,0.E0));
#234=DIRECTION('',(1.E0,0.E0,0.E0));
#235=AXIS2_PLACEMENT_3D('',#232,#233,#234);
#237=DIRECTION('',(1.E0,0.E0,0.E0));
#238=VECTOR('',#237,2.126062346164E-1);
#239=CARTESIAN_POINT('',(3.867393765384E0,-2.675E0,3.17E0));
#240=LINE('',#239,#238);
#241=CARTESIAN_POINT('',(3.867393765384E0,-2.675E0,3.07E0));
#242=DIRECTION('',(0.E0,1.E0,0.E0));
#243=DIRECTION('',(-9.875758818688E-1,0.E0,1.571428571429E-1));
#244=AXIS2_PLACEMENT_3D('',#241,#242,#243);
#246=CARTESIAN_POINT('',(5.25E0,-2.675E0,2.85E0));
#247=DIRECTION('',(0.E0,1.E0,0.E0));
#248=DIRECTION('',(-9.875758818688E-1,0.E0,-1.571428571429E-1));
#249=AXIS2_PLACEMENT_3D('',#246,#247,#248);
#251=CARTESIAN_POINT('',(3.867393765384E0,-2.675E0,2.63E0));
#252=DIRECTION('',(0.E0,1.E0,0.E0));
#253=DIRECTION('',(1.776356839400E-14,0.E0,-1.E0));
#254=AXIS2_PLACEMENT_3D('',#251,#252,#253);
#256=DIRECTION('',(-1.E0,0.E0,0.E0));
#257=VECTOR('',#256,2.126062346163E-1);
#258=CARTESIAN_POINT('',(4.08E0,-2.675E0,2.53E0));
#259=LINE('',#258,#257);
#260=CARTESIAN_POINT('',(4.08E0,-2.675E0,1.68E0));
#261=DIRECTION('',(0.E0,1.E0,0.E0));
#262=DIRECTION('',(0.E0,0.E0,1.E0));
#263=AXIS2_PLACEMENT_3D('',#260,#261,#262);
#265=DIRECTION('',(0.E0,0.E0,1.E0));
#266=VECTOR('',#265,2.126062346163E-1);
#267=CARTESIAN_POINT('',(4.93E0,-2.675E0,1.467393765384E0));
#268=LINE('',#267,#266);
#269=CARTESIAN_POINT('',(5.03E0,-2.675E0,1.467393765384E0));
#270=DIRECTION('',(0.E0,1.E0,0.E0));
#271=DIRECTION('',(-1.571428571429E-1,0.E0,-9.875758818688E-1));
#272=AXIS2_PLACEMENT_3D('',#269,#270,#271);
#274=CARTESIAN_POINT('',(5.25E0,-2.675E0,2.85E0));
#275=DIRECTION('',(0.E0,1.E0,0.E0));
#276=DIRECTION('',(1.571428571429E-1,0.E0,-9.875758818688E-1));
#277=AXIS2_PLACEMENT_3D('',#274,#275,#276);
#279=CARTESIAN_POINT('',(5.47E0,-2.675E0,1.467393765384E0));
#280=DIRECTION('',(0.E0,1.E0,0.E0));
#281=DIRECTION('',(1.E0,0.E0,0.E0));
#282=AXIS2_PLACEMENT_3D('',#279,#280,#281);
#284=DIRECTION('',(0.E0,0.E0,-1.E0));
#285=VECTOR('',#284,2.126062346164E-1);
#286=CARTESIAN_POINT('',(5.57E0,-2.675E0,1.68E0));
#287=LINE('',#286,#285);
#288=CARTESIAN_POINT('',(6.42E0,-2.675E0,1.68E0));
#289=DIRECTION('',(0.E0,1.E0,0.E0));
#290=DIRECTION('',(-1.E0,0.E0,0.E0));
#291=AXIS2_PLACEMENT_3D('',#288,#289,#290);
#293=DIRECTION('',(-1.E0,0.E0,0.E0));
#294=VECTOR('',#293,2.126062346164E-1);
#295=CARTESIAN_POINT('',(6.632606234616E0,-2.675E0,2.53E0));
#296=LINE('',#295,#294);
#297=CARTESIAN_POINT('',(6.632606234616E0,-2.675E0,2.63E0));
#298=DIRECTION('',(0.E0,1.E0,0.E0));
#299=DIRECTION('',(9.875758818688E-1,0.E0,-1.571428571428E-1));
#300=AXIS2_PLACEMENT_3D('',#297,#298,#299);
#302=CARTESIAN_POINT('',(5.25E0,-2.675E0,2.85E0));
#303=DIRECTION('',(0.E0,1.E0,0.E0));
#304=DIRECTION('',(9.875758818688E-1,0.E0,1.571428571429E-1));
#305=AXIS2_PLACEMENT_3D('',#302,#303,#304);
#307=CARTESIAN_POINT('',(6.632606234616E0,-2.675E0,3.07E0));
#308=DIRECTION('',(0.E0,1.E0,0.E0));
#309=DIRECTION('',(2.664535259100E-14,0.E0,1.E0));
#310=AXIS2_PLACEMENT_3D('',#307,#308,#309);
#312=DIRECTION('',(1.E0,0.E0,0.E0));
#313=VECTOR('',#312,2.126062346164E-1);
#314=CARTESIAN_POINT('',(6.42E0,-2.675E0,3.17E0));
#315=LINE('',#314,#313);
#316=CARTESIAN_POINT('',(6.42E0,-2.675E0,4.02E0));
#317=DIRECTION('',(0.E0,1.E0,0.E0));
#318=DIRECTION('',(0.E0,0.E0,-1.E0));
#319=AXIS2_PLACEMENT_3D('',#316,#317,#318);
#321=DIRECTION('',(0.E0,-1.E0,0.E0));
#322=VECTOR('',#321,3.E-1);
#323=CARTESIAN_POINT('',(-8.15E0,-2.675E0,-1.6E0));
#324=LINE('',#323,#322);
#325=DIRECTION('',(0.E0,-1.E0,0.E0));
#326=VECTOR('',#325,3.E-1);
#327=CARTESIAN_POINT('',(-8.15E0,-2.675E0,6.6E0));
#328=LINE('',#327,#326);
#329=DIRECTION('',(0.E0,-1.E0,0.E0));
#330=VECTOR('',#329,3.E-1);
#331=CARTESIAN_POINT('',(-6.95E0,-2.675E0,6.6E0));
#332=LINE('',#331,#330);
#333=DIRECTION('',(0.E0,-1.E0,0.E0));
#334=VECTOR('',#333,3.E-1);
#335=CARTESIAN_POINT('',(-6.95E0,-2.675E0,-1.6E0));
#336=LINE('',#335,#334);
#337=DIRECTION('',(0.E0,0.E0,-1.E0));
#338=VECTOR('',#337,8.2E0);
#339=CARTESIAN_POINT('',(-8.15E0,-2.975E0,6.6E0));
#340=LINE('',#339,#338);
#341=DIRECTION('',(-1.E0,0.E0,0.E0));
#342=VECTOR('',#341,1.2E0);
#343=CARTESIAN_POINT('',(-6.95E0,-2.975E0,6.6E0));
#344=LINE('',#343,#342);
#345=DIRECTION('',(0.E0,0.E0,1.E0));
#346=VECTOR('',#345,8.2E0);
#347=CARTESIAN_POINT('',(-6.95E0,-2.975E0,-1.6E0));
#348=LINE('',#347,#346);
#349=DIRECTION('',(1.E0,0.E0,0.E0));
#350=VECTOR('',#349,1.2E0);
#351=CARTESIAN_POINT('',(-8.15E0,-2.975E0,-1.6E0));
#352=LINE('',#351,#350);
#353=DIRECTION('',(-1.E0,0.E0,0.E0));
#354=VECTOR('',#353,1.2E0);
#355=CARTESIAN_POINT('',(8.15E0,-2.975E0,6.6E0));
#356=LINE('',#355,#354);
#357=DIRECTION('',(0.E0,0.E0,1.E0));
#358=VECTOR('',#357,8.2E0);
#359=CARTESIAN_POINT('',(8.15E0,-2.975E0,-1.6E0));
#360=LINE('',#359,#358);
#361=DIRECTION('',(1.E0,0.E0,0.E0));
#362=VECTOR('',#361,1.2E0);
#363=CARTESIAN_POINT('',(6.95E0,-2.975E0,-1.6E0));
#364=LINE('',#363,#362);
#365=DIRECTION('',(0.E0,0.E0,-1.E0));
#366=VECTOR('',#365,8.2E0);
#367=CARTESIAN_POINT('',(6.95E0,-2.975E0,6.6E0));
#368=LINE('',#367,#366);
#369=DIRECTION('',(0.E0,-1.E0,0.E0));
#370=VECTOR('',#369,3.E-1);
#371=CARTESIAN_POINT('',(8.15E0,-2.675E0,6.6E0));
#372=LINE('',#371,#370);
#373=DIRECTION('',(0.E0,-1.E0,0.E0));
#374=VECTOR('',#373,3.E-1);
#375=CARTESIAN_POINT('',(8.15E0,-2.675E0,-1.6E0));
#376=LINE('',#375,#374);
#377=DIRECTION('',(0.E0,-1.E0,0.E0));
#378=VECTOR('',#377,3.E-1);
#379=CARTESIAN_POINT('',(6.95E0,-2.675E0,-1.6E0));
#380=LINE('',#379,#378);
#381=DIRECTION('',(0.E0,-1.E0,0.E0));
#382=VECTOR('',#381,3.E-1);
#383=CARTESIAN_POINT('',(6.95E0,-2.675E0,6.6E0));
#384=LINE('',#383,#382);
#385=DIRECTION('',(0.E0,1.E0,0.E0));
#386=VECTOR('',#385,3.7E0);
#387=CARTESIAN_POINT('',(9.24E0,-2.675E0,1.63E0));
#388=LINE('',#387,#386);
#389=DIRECTION('',(0.E0,1.566058943358E-1,-9.876611736113E-1));
#390=VECTOR('',#389,4.789091771933E0);
#391=CARTESIAN_POINT('',(9.24E0,1.025E0,1.63E0));
#392=LINE('',#391,#390);
#393=DIRECTION('',(0.E0,1.E0,0.E0));
#394=VECTOR('',#393,2.E0);
#395=CARTESIAN_POINT('',(9.75E0,-2.5E0,1.63E0));
#396=LINE('',#395,#394);
#397=DIRECTION('',(1.E0,0.E0,0.E0));
#398=VECTOR('',#397,5.E-1);
#399=CARTESIAN_POINT('',(9.25E0,-2.5E0,1.63E0));
#400=LINE('',#399,#398);
#401=DIRECTION('',(0.E0,1.E0,0.E0));
#402=VECTOR('',#401,3.525E0);
#403=CARTESIAN_POINT('',(9.25E0,-2.5E0,1.63E0));
#404=LINE('',#403,#402);
#405=DIRECTION('',(0.E0,1.E0,0.E0));
#406=VECTOR('',#405,5.25E-1);
#407=CARTESIAN_POINT('',(9.75E0,5.E-1,1.63E0));
#408=LINE('',#407,#406);
#409=DIRECTION('',(0.E0,-1.E0,0.E0));
#410=VECTOR('',#409,7.742071881607E-1);
#411=CARTESIAN_POINT('',(9.75E0,1.774207188161E0,-3.095E0));
#412=LINE('',#411,#410);
#413=DIRECTION('',(0.E0,0.E0,1.E0));
#414=VECTOR('',#413,7.53E-1);
#415=CARTESIAN_POINT('',(9.75E0,1.E0,-3.095E0));
#416=LINE('',#415,#414);
#417=DIRECTION('',(0.E0,-1.E0,0.E0));
#418=VECTOR('',#417,2.E0);
#419=CARTESIAN_POINT('',(9.75E0,1.E0,-2.342E0));
#420=LINE('',#419,#418);
#421=DIRECTION('',(0.E0,0.E0,-1.E0));
#422=VECTOR('',#421,7.53E-1);
#423=CARTESIAN_POINT('',(9.75E0,-1.E0,-2.342E0));
#424=LINE('',#423,#422);
#425=DIRECTION('',(0.E0,-1.E0,0.E0));
#426=VECTOR('',#425,1.5E0);
#427=CARTESIAN_POINT('',(9.75E0,-1.E0,-3.095E0));
#428=LINE('',#427,#426);
#429=DIRECTION('',(0.E0,0.E0,1.E0));
#430=VECTOR('',#429,4.725E0);
#431=CARTESIAN_POINT('',(9.75E0,-2.5E0,-3.095E0));
#432=LINE('',#431,#430);
#433=DIRECTION('',(0.E0,1.E0,0.E0));
#434=VECTOR('',#433,1.7E-1);
#435=CARTESIAN_POINT('',(9.75E0,-5.E-1,7.4E0));
#436=LINE('',#435,#434);
#437=DIRECTION('',(0.E0,0.E0,1.E0));
#438=VECTOR('',#437,4.5E-1);
#439=CARTESIAN_POINT('',(9.75E0,-3.3E-1,7.4E0));
#440=LINE('',#439,#438);
#441=DIRECTION('',(0.E0,1.E0,0.E0));
#442=VECTOR('',#441,6.6E-1);
#443=CARTESIAN_POINT('',(9.75E0,-3.3E-1,7.85E0));
#444=LINE('',#443,#442);
#445=DIRECTION('',(0.E0,0.E0,-1.E0));
#446=VECTOR('',#445,4.5E-1);
#447=CARTESIAN_POINT('',(9.75E0,3.3E-1,7.85E0));
#448=LINE('',#447,#446);
#449=DIRECTION('',(0.E0,1.E0,0.E0));
#450=VECTOR('',#449,1.7E-1);
#451=CARTESIAN_POINT('',(9.75E0,3.3E-1,7.4E0));
#452=LINE('',#451,#450);
#453=DIRECTION('',(0.E0,-1.E0,0.E0));
#454=VECTOR('',#453,2.225E0);
#455=CARTESIAN_POINT('',(9.75E0,-2.675E0,2.105E0));
#456=LINE('',#455,#454);
#457=DIRECTION('',(0.E0,-9.805806756909E-1,1.961161351382E-1));
#458=VECTOR('',#457,1.019803902719E0);
#459=CARTESIAN_POINT('',(9.75E0,-4.9E0,2.105E0));
#460=LINE('',#459,#458);
#461=DIRECTION('',(0.E0,0.E0,1.E0));
#462=VECTOR('',#461,1.1E0);
#463=CARTESIAN_POINT('',(9.75E0,-5.9E0,2.305E0));
#464=LINE('',#463,#462);
#465=DIRECTION('',(0.E0,9.805806756909E-1,1.961161351382E-1));
#466=VECTOR('',#465,1.019803902719E0);
#467=CARTESIAN_POINT('',(9.75E0,-5.9E0,3.405E0));
#468=LINE('',#467,#466);
#469=DIRECTION('',(0.E0,1.E0,0.E0));
#470=VECTOR('',#469,2.225E0);
#471=CARTESIAN_POINT('',(9.75E0,-4.9E0,3.605E0));
#472=LINE('',#471,#470);
#473=DIRECTION('',(0.E0,1.566058943358E-1,-9.876611736113E-1));
#474=VECTOR('',#473,4.784029307058E0);
#475=CARTESIAN_POINT('',(9.75E0,1.025E0,1.63E0));
#476=LINE('',#475,#474);
#477=DIRECTION('',(-1.E0,0.E0,0.E0));
#478=VECTOR('',#477,6.5E-1);
#479=CARTESIAN_POINT('',(1.04E1,1.025E0,1.63E0));
#480=LINE('',#479,#478);
#481=DIRECTION('',(-1.E0,0.E0,0.E0));
#482=VECTOR('',#481,1.000000000001E-2);
#483=CARTESIAN_POINT('',(9.25E0,1.025E0,1.63E0));
#484=LINE('',#483,#482);
#485=DIRECTION('',(0.E0,1.566058943358E-1,-9.876611736113E-1));
#486=VECTOR('',#485,4.784029307058E0);
#487=CARTESIAN_POINT('',(9.25E0,1.025E0,1.63E0));
#488=LINE('',#487,#486);
#489=DIRECTION('',(1.E0,0.E0,0.E0));
#490=VECTOR('',#489,5.E-1);
#491=CARTESIAN_POINT('',(9.25E0,1.774207188161E0,-3.095E0));
#492=LINE('',#491,#490);
#493=DIRECTION('',(0.E0,1.E0,0.E0));
#494=VECTOR('',#493,2.175E0);
#495=CARTESIAN_POINT('',(1.04E1,-2.675E0,1.63E0));
#496=LINE('',#495,#494);
#497=DIRECTION('',(0.E0,1.E0,0.E0));
#498=VECTOR('',#497,2.175E0);
#499=CARTESIAN_POINT('',(1.04E1,-2.675E0,8.1E0));
#500=LINE('',#499,#498);
#501=DIRECTION('',(0.E0,0.E0,-1.E0));
#502=VECTOR('',#501,6.47E0);
#503=CARTESIAN_POINT('',(1.04E1,-5.E-1,8.1E0));
#504=LINE('',#503,#502);
#505=DIRECTION('',(0.E0,0.E0,-1.E0));
#506=VECTOR('',#505,1.12E1);
#507=CARTESIAN_POINT('',(1.04E1,2.475E0,8.1E0));
#508=LINE('',#507,#506);
#509=DIRECTION('',(0.E0,1.566058943358E-1,-9.876611736113E-1));
#510=VECTOR('',#509,4.789091771933E0);
#511=CARTESIAN_POINT('',(1.04E1,1.025E0,1.63E0));
#512=LINE('',#511,#510);
#513=DIRECTION('',(0.E0,1.E0,0.E0));
#514=VECTOR('',#513,5.25E-1);
#515=CARTESIAN_POINT('',(1.04E1,5.E-1,1.63E0));
#516=LINE('',#515,#514);
#517=DIRECTION('',(0.E0,0.E0,-1.E0));
#518=VECTOR('',#517,6.47E0);
#519=CARTESIAN_POINT('',(1.04E1,5.E-1,8.1E0));
#520=LINE('',#519,#518);
#521=DIRECTION('',(0.E0,1.E0,0.E0));
#522=VECTOR('',#521,1.975E0);
#523=CARTESIAN_POINT('',(1.04E1,5.E-1,8.1E0));
#524=LINE('',#523,#522);
#525=DIRECTION('',(0.E0,-1.E0,0.E0));
#526=VECTOR('',#525,3.181375258210E0);
#527=CARTESIAN_POINT('',(5.409312370895E0,1.835687629105E0,8.1E0));
#528=LINE('',#527,#526);
#529=DIRECTION('',(1.E0,0.E0,0.E0));
#530=VECTOR('',#529,3.181375258210E0);
#531=CARTESIAN_POINT('',(5.409312370895E0,-1.345687629105E0,8.1E0));
#532=LINE('',#531,#530);
#533=DIRECTION('',(0.E0,1.E0,0.E0));
#534=VECTOR('',#533,3.181375258210E0);
#535=CARTESIAN_POINT('',(8.590687629105E0,-1.345687629105E0,8.1E0));
#536=LINE('',#535,#534);
#537=DIRECTION('',(-1.E0,0.E0,0.E0));
#538=VECTOR('',#537,3.181375258210E0);
#539=CARTESIAN_POINT('',(8.590687629105E0,1.835687629105E0,8.1E0));
#540=LINE('',#539,#538);
#541=DIRECTION('',(1.E0,0.E0,0.E0));
#542=VECTOR('',#541,1.181375258210E0);
#543=CARTESIAN_POINT('',(-8.590687629105E0,-2.005687629105E0,8.1E0));
#544=LINE('',#543,#542);
#545=DIRECTION('',(0.E0,1.E0,0.E0));
#546=VECTOR('',#545,6.6E-1);
#547=CARTESIAN_POINT('',(-7.409312370895E0,-2.005687629105E0,8.1E0));
#548=LINE('',#547,#546);
#549=DIRECTION('',(1.E0,0.E0,0.E0));
#550=VECTOR('',#549,2.E0);
#551=CARTESIAN_POINT('',(-7.409312370895E0,-1.345687629105E0,8.1E0));
#552=LINE('',#551,#550);
#553=DIRECTION('',(0.E0,1.E0,0.E0));
#554=VECTOR('',#553,3.181375258210E0);
#555=CARTESIAN_POINT('',(-5.409312370895E0,-1.345687629105E0,8.1E0));
#556=LINE('',#555,#554);
#557=DIRECTION('',(-1.E0,0.E0,0.E0));
#558=VECTOR('',#557,3.181375258210E0);
#559=CARTESIAN_POINT('',(-5.409312370895E0,1.835687629105E0,8.1E0));
#560=LINE('',#559,#558);
#561=CARTESIAN_POINT('',(-1.02E1,2.475E0,8.1E0));
#562=DIRECTION('',(0.E0,0.E0,1.E0));
#563=DIRECTION('',(0.E0,1.E0,0.E0));
#564=AXIS2_PLACEMENT_3D('',#561,#562,#563);
#566=DIRECTION('',(0.E0,1.E0,0.E0));
#567=VECTOR('',#566,1.E-1);
#568=CARTESIAN_POINT('',(-7.5E0,2.575E0,8.1E0));
#569=LINE('',#568,#567);
#570=DIRECTION('',(1.E0,0.E0,0.E0));
#571=VECTOR('',#570,1.E0);
#572=CARTESIAN_POINT('',(-7.5E0,2.575E0,8.1E0));
#573=LINE('',#572,#571);
#574=DIRECTION('',(0.E0,1.E0,0.E0));
#575=VECTOR('',#574,1.E-1);
#576=CARTESIAN_POINT('',(-6.5E0,2.575E0,8.1E0));
#577=LINE('',#576,#575);
#578=DIRECTION('',(1.E0,0.E0,0.E0));
#579=VECTOR('',#578,9.5E-1);
#580=CARTESIAN_POINT('',(-3.9E0,2.795E0,8.1E0));
#581=LINE('',#580,#579);
#582=DIRECTION('',(0.E0,-1.E0,0.E0));
#583=VECTOR('',#582,9.593123708949E-1);
#584=CARTESIAN_POINT('',(-2.95E0,2.795E0,8.1E0));
#585=LINE('',#584,#583);
#586=DIRECTION('',(-1.E0,0.E0,0.E0));
#587=VECTOR('',#586,2.140687629105E0);
#588=CARTESIAN_POINT('',(-2.95E0,1.835687629105E0,8.1E0));
#589=LINE('',#588,#587);
#590=DIRECTION('',(0.E0,-1.E0,0.E0));
#591=VECTOR('',#590,3.181375258210E0);
#592=CARTESIAN_POINT('',(-5.090687629105E0,1.835687629105E0,8.1E0));
#593=LINE('',#592,#591);
#594=DIRECTION('',(1.E0,0.E0,0.E0));
#595=VECTOR('',#594,3.181375258210E0);
#596=CARTESIAN_POINT('',(-5.090687629105E0,-1.345687629105E0,8.1E0));
#597=LINE('',#596,#595);
#598=DIRECTION('',(0.E0,1.E0,0.E0));
#599=VECTOR('',#598,3.075084486289E0);
#600=CARTESIAN_POINT('',(-1.909312370895E0,-1.345687629105E0,8.1E0));
#601=LINE('',#600,#599);
#602=DIRECTION('',(1.E0,0.E0,0.E0));
#603=VECTOR('',#602,3.186247417897E-1);
#604=CARTESIAN_POINT('',(-1.909312370895E0,1.729396857184E0,8.1E0));
#605=LINE('',#604,#603);
#606=DIRECTION('',(0.E0,-1.E0,0.E0));
#607=VECTOR('',#606,3.075084486289E0);
#608=CARTESIAN_POINT('',(-1.590687629105E0,1.729396857184E0,8.1E0));
#609=LINE('',#608,#607);
#610=DIRECTION('',(1.E0,0.E0,0.E0));
#611=VECTOR('',#610,3.181375258210E0);
#612=CARTESIAN_POINT('',(-1.590687629105E0,-1.345687629105E0,8.1E0));
#613=LINE('',#612,#611);
#614=DIRECTION('',(0.E0,1.E0,0.E0));
#615=VECTOR('',#614,3.075084486289E0);
#616=CARTESIAN_POINT('',(1.590687629105E0,-1.345687629105E0,8.1E0));
#617=LINE('',#616,#615);
#618=DIRECTION('',(1.E0,0.E0,0.E0));
#619=VECTOR('',#618,3.186247417897E-1);
#620=CARTESIAN_POINT('',(1.590687629105E0,1.729396857184E0,8.1E0));
#621=LINE('',#620,#619);
#622=DIRECTION('',(0.E0,-1.E0,0.E0));
#623=VECTOR('',#622,3.075084486289E0);
#624=CARTESIAN_POINT('',(1.909312370895E0,1.729396857184E0,8.1E0));
#625=LINE('',#624,#623);
#626=DIRECTION('',(1.E0,0.E0,0.E0));
#627=VECTOR('',#626,3.181375258210E0);
#628=CARTESIAN_POINT('',(1.909312370895E0,-1.345687629105E0,8.1E0));
#629=LINE('',#628,#627);
#630=DIRECTION('',(0.E0,1.E0,0.E0));
#631=VECTOR('',#630,3.181375258210E0);
#632=CARTESIAN_POINT('',(5.090687629105E0,-1.345687629105E0,8.1E0));
#633=LINE('',#632,#631);
#634=DIRECTION('',(-1.E0,0.E0,0.E0));
#635=VECTOR('',#634,2.140687629105E0);
#636=CARTESIAN_POINT('',(5.090687629105E0,1.835687629105E0,8.1E0));
#637=LINE('',#636,#635);
#638=DIRECTION('',(0.E0,-1.E0,0.E0));
#639=VECTOR('',#638,9.593123708949E-1);
#640=CARTESIAN_POINT('',(2.95E0,2.795E0,8.1E0));
#641=LINE('',#640,#639);
#642=DIRECTION('',(1.E0,0.E0,0.E0));
#643=VECTOR('',#642,9.5E-1);
#644=CARTESIAN_POINT('',(2.95E0,2.795E0,8.1E0));
#645=LINE('',#644,#643);
#646=CARTESIAN_POINT('',(1.02E1,2.475E0,8.1E0));
#647=DIRECTION('',(0.E0,0.E0,1.E0));
#648=DIRECTION('',(1.E0,0.E0,0.E0));
#649=AXIS2_PLACEMENT_3D('',#646,#647,#648);
#651=DIRECTION('',(-1.E0,0.E0,0.E0));
#652=VECTOR('',#651,1.15E0);
#653=CARTESIAN_POINT('',(1.04E1,5.E-1,8.1E0));
#654=LINE('',#653,#652);
#655=DIRECTION('',(0.E0,1.E0,0.E0));
#656=VECTOR('',#655,1.E0);
#657=CARTESIAN_POINT('',(9.25E0,-5.E-1,8.1E0));
#658=LINE('',#657,#656);
#659=DIRECTION('',(-1.E0,0.E0,0.E0));
#660=VECTOR('',#659,1.15E0);
#661=CARTESIAN_POINT('',(1.04E1,-5.E-1,8.1E0));
#662=LINE('',#661,#660);
#663=DIRECTION('',(0.E0,1.E0,0.E0));
#664=VECTOR('',#663,2.175E0);
#665=CARTESIAN_POINT('',(-1.04E1,-2.675E0,8.1E0));
#666=LINE('',#665,#664);
#667=DIRECTION('',(1.E0,0.E0,0.E0));
#668=VECTOR('',#667,1.15E0);
#669=CARTESIAN_POINT('',(-1.04E1,-5.E-1,8.1E0));
#670=LINE('',#669,#668);
#671=DIRECTION('',(0.E0,1.E0,0.E0));
#672=VECTOR('',#671,1.E0);
#673=CARTESIAN_POINT('',(-9.25E0,-5.E-1,8.1E0));
#674=LINE('',#673,#672);
#675=DIRECTION('',(1.E0,0.E0,0.E0));
#676=VECTOR('',#675,1.15E0);
#677=CARTESIAN_POINT('',(-1.04E1,5.E-1,8.1E0));
#678=LINE('',#677,#676);
#679=DIRECTION('',(0.E0,1.E0,0.E0));
#680=VECTOR('',#679,1.975E0);
#681=CARTESIAN_POINT('',(-1.04E1,5.E-1,8.1E0));
#682=LINE('',#681,#680);
#683=DIRECTION('',(8.726203243944E-3,8.726203243944E-3,-9.999238504776E-1));
#684=VECTOR('',#683,8.100616858105E0);
#685=CARTESIAN_POINT('',(5.409312370895E0,-1.345687629105E0,8.1E0));
#686=LINE('',#685,#684);
#687=DIRECTION('',(8.726203243944E-3,-8.726203243944E-3,-9.999238504776E-1));
#688=VECTOR('',#687,8.100616858105E0);
#689=CARTESIAN_POINT('',(5.409312370895E0,1.835687629105E0,8.1E0));
#690=LINE('',#689,#688);
#691=DIRECTION('',(-8.726203243944E-3,-8.726203243944E-3,-9.999238504776E-1));
#692=VECTOR('',#691,8.100616858105E0);
#693=CARTESIAN_POINT('',(8.590687629105E0,1.835687629105E0,8.1E0));
#694=LINE('',#693,#692);
#695=DIRECTION('',(-8.726203243944E-3,8.726203243944E-3,-9.999238504776E-1));
#696=VECTOR('',#695,8.100616858105E0);
#697=CARTESIAN_POINT('',(8.590687629105E0,-1.345687629105E0,8.1E0));
#698=LINE('',#697,#696);
#699=DIRECTION('',(0.E0,1.E0,0.E0));
#700=VECTOR('',#699,3.04E0);
#701=CARTESIAN_POINT('',(5.48E0,-1.275E0,0.E0));
#702=LINE('',#701,#700);
#703=DIRECTION('',(1.E0,0.E0,0.E0));
#704=VECTOR('',#703,3.04E0);
#705=CARTESIAN_POINT('',(5.48E0,1.765E0,0.E0));
#706=LINE('',#705,#704);
#707=DIRECTION('',(0.E0,-1.E0,0.E0));
#708=VECTOR('',#707,3.04E0);
#709=CARTESIAN_POINT('',(8.52E0,1.765E0,0.E0));
#710=LINE('',#709,#708);
#711=DIRECTION('',(-1.E0,0.E0,0.E0));
#712=VECTOR('',#711,3.04E0);
#713=CARTESIAN_POINT('',(8.52E0,-1.275E0,0.E0));
#714=LINE('',#713,#712);
#715=DIRECTION('',(0.E0,1.E0,0.E0));
#716=VECTOR('',#715,6.35E-1);
#717=CARTESIAN_POINT('',(6.6825E0,-7.25E-2,0.E0));
#718=LINE('',#717,#716);
#719=DIRECTION('',(1.E0,0.E0,0.E0));
#720=VECTOR('',#719,6.35E-1);
#721=CARTESIAN_POINT('',(6.6825E0,-7.25E-2,0.E0));
#722=LINE('',#721,#720);
#723=DIRECTION('',(0.E0,1.E0,0.E0));
#724=VECTOR('',#723,6.35E-1);
#725=CARTESIAN_POINT('',(7.3175E0,-7.25E-2,0.E0));
#726=LINE('',#725,#724);
#727=DIRECTION('',(1.E0,0.E0,0.E0));
#728=VECTOR('',#727,6.35E-1);
#729=CARTESIAN_POINT('',(6.6825E0,5.625E-1,0.E0));
#730=LINE('',#729,#728);
#731=DIRECTION('',(0.E0,1.E0,0.E0));
#732=VECTOR('',#731,6.35E-1);
#733=CARTESIAN_POINT('',(6.6825E0,-7.25E-2,5.6E0));
#734=LINE('',#733,#732);
#735=DIRECTION('',(0.E0,0.E0,-1.E0));
#736=VECTOR('',#735,5.6E0);
#737=CARTESIAN_POINT('',(6.6825E0,-7.25E-2,5.6E0));
#738=LINE('',#737,#736);
#739=DIRECTION('',(0.E0,0.E0,1.E0));
#740=VECTOR('',#739,5.6E0);
#741=CARTESIAN_POINT('',(6.6825E0,5.625E-1,0.E0));
#742=LINE('',#741,#740);
#743=DIRECTION('',(0.E0,0.E0,1.E0));
#744=VECTOR('',#743,6.35E-1);
#745=CARTESIAN_POINT('',(6.6825E0,-5.375E0,-5.3775E0));
#746=LINE('',#745,#744);
#747=DIRECTION('',(0.E0,1.E0,0.E0));
#748=VECTOR('',#747,4.8025E0);
#749=CARTESIAN_POINT('',(6.6825E0,-5.375E0,-5.3775E0));
#750=LINE('',#749,#748);
#751=CARTESIAN_POINT('',(6.6825E0,-5.725E-1,-4.2425E0));
#752=DIRECTION('',(1.E0,0.E0,0.E0));
#753=DIRECTION('',(0.E0,0.E0,-1.E0));
#754=AXIS2_PLACEMENT_3D('',#751,#752,#753);
#756=DIRECTION('',(0.E0,0.E0,1.E0));
#757=VECTOR('',#756,1.1425E0);
#758=CARTESIAN_POINT('',(6.6825E0,5.625E-1,-4.2425E0));
#759=LINE('',#758,#757);
#760=DIRECTION('',(0.E0,0.E0,-1.E0));
#761=VECTOR('',#760,1.1425E0);
#762=CARTESIAN_POINT('',(6.6825E0,-7.25E-2,-3.1E0));
#763=LINE('',#762,#761);
#764=CARTESIAN_POINT('',(6.6825E0,-5.725E-1,-4.2425E0));
#765=DIRECTION('',(-1.E0,0.E0,0.E0));
#766=DIRECTION('',(0.E0,1.E0,0.E0));
#767=AXIS2_PLACEMENT_3D('',#764,#765,#766);
#769=DIRECTION('',(0.E0,-1.E0,0.E0));
#770=VECTOR('',#769,4.8025E0);
#771=CARTESIAN_POINT('',(6.6825E0,-5.725E-1,-4.7425E0));
#772=LINE('',#771,#770);
#773=DIRECTION('',(-1.E0,0.E0,0.E0));
#774=VECTOR('',#773,2.35E-1);
#775=CARTESIAN_POINT('',(7.1175E0,3.625E-1,6.4E0));
#776=LINE('',#775,#774);
#777=DIRECTION('',(0.E0,-1.E0,0.E0));
#778=VECTOR('',#777,2.35E-1);
#779=CARTESIAN_POINT('',(7.1175E0,3.625E-1,6.4E0));
#780=LINE('',#779,#778);
#781=DIRECTION('',(-1.E0,0.E0,0.E0));
#782=VECTOR('',#781,2.35E-1);
#783=CARTESIAN_POINT('',(7.1175E0,1.275E-1,6.4E0));
#784=LINE('',#783,#782);
#785=DIRECTION('',(0.E0,1.E0,0.E0));
#786=VECTOR('',#785,2.35E-1);
#787=CARTESIAN_POINT('',(6.8825E0,1.275E-1,6.4E0));
#788=LINE('',#787,#786);
#789=DIRECTION('',(2.357022603955E-1,-2.357022603955E-1,9.428090415821E-1));
#790=VECTOR('',#789,8.485281374239E-1);
#791=CARTESIAN_POINT('',(6.6825E0,5.625E-1,5.6E0));
#792=LINE('',#791,#790);
#793=DIRECTION('',(2.357022603955E-1,2.357022603955E-1,-9.428090415821E-1));
#794=VECTOR('',#793,8.485281374239E-1);
#795=CARTESIAN_POINT('',(7.1175E0,3.625E-1,6.4E0));
#796=LINE('',#795,#794);
#797=DIRECTION('',(1.E0,0.E0,0.E0));
#798=VECTOR('',#797,6.35E-1);
#799=CARTESIAN_POINT('',(6.6825E0,5.625E-1,-4.2425E0));
#800=LINE('',#799,#798);
#801=DIRECTION('',(-1.E0,0.E0,0.E0));
#802=VECTOR('',#801,6.35E-1);
#803=CARTESIAN_POINT('',(7.3175E0,5.625E-1,5.6E0));
#804=LINE('',#803,#802);
#805=DIRECTION('',(0.E0,1.E0,0.E0));
#806=VECTOR('',#805,6.35E-1);
#807=CARTESIAN_POINT('',(-7.3175E0,-7.25E-2,-3.1E0));
#808=LINE('',#807,#806);
#809=DIRECTION('',(1.E0,0.E0,0.E0));
#810=VECTOR('',#809,6.35E-1);
#811=CARTESIAN_POINT('',(-7.3175E0,5.625E-1,-3.1E0));
#812=LINE('',#811,#810);
#813=DIRECTION('',(0.E0,1.E0,0.E0));
#814=VECTOR('',#813,6.35E-1);
#815=CARTESIAN_POINT('',(-6.6825E0,-7.25E-2,-3.1E0));
#816=LINE('',#815,#814);
#817=DIRECTION('',(1.E0,0.E0,0.E0));
#818=VECTOR('',#817,6.35E-1);
#819=CARTESIAN_POINT('',(-7.3175E0,-7.25E-2,-3.1E0));
#820=LINE('',#819,#818);
#821=DIRECTION('',(0.E0,1.E0,0.E0));
#822=VECTOR('',#821,6.35E-1);
#823=CARTESIAN_POINT('',(-3.8175E0,-7.25E-2,-3.1E0));
#824=LINE('',#823,#822);
#825=DIRECTION('',(1.E0,0.E0,0.E0));
#826=VECTOR('',#825,6.35E-1);
#827=CARTESIAN_POINT('',(-3.8175E0,5.625E-1,-3.1E0));
#828=LINE('',#827,#826);
#829=DIRECTION('',(0.E0,1.E0,0.E0));
#830=VECTOR('',#829,6.35E-1);
#831=CARTESIAN_POINT('',(-3.1825E0,-7.25E-2,-3.1E0));
#832=LINE('',#831,#830);
#833=DIRECTION('',(1.E0,0.E0,0.E0));
#834=VECTOR('',#833,6.35E-1);
#835=CARTESIAN_POINT('',(-3.8175E0,-7.25E-2,-3.1E0));
#836=LINE('',#835,#834);
#837=DIRECTION('',(0.E0,1.E0,0.E0));
#838=VECTOR('',#837,6.35E-1);
#839=CARTESIAN_POINT('',(-3.175E-1,-7.25E-2,-3.1E0));
#840=LINE('',#839,#838);
#841=DIRECTION('',(1.E0,0.E0,0.E0));
#842=VECTOR('',#841,6.35E-1);
#843=CARTESIAN_POINT('',(-3.175E-1,5.625E-1,-3.1E0));
#844=LINE('',#843,#842);
#845=DIRECTION('',(0.E0,1.E0,0.E0));
#846=VECTOR('',#845,6.35E-1);
#847=CARTESIAN_POINT('',(3.175E-1,-7.25E-2,-3.1E0));
#848=LINE('',#847,#846);
#849=DIRECTION('',(1.E0,0.E0,0.E0));
#850=VECTOR('',#849,6.35E-1);
#851=CARTESIAN_POINT('',(-3.175E-1,-7.25E-2,-3.1E0));
#852=LINE('',#851,#850);
#853=DIRECTION('',(0.E0,1.E0,0.E0));
#854=VECTOR('',#853,6.35E-1);
#855=CARTESIAN_POINT('',(3.1825E0,-7.25E-2,-3.1E0));
#856=LINE('',#855,#854);
#857=DIRECTION('',(1.E0,0.E0,0.E0));
#858=VECTOR('',#857,6.35E-1);
#859=CARTESIAN_POINT('',(3.1825E0,5.625E-1,-3.1E0));
#860=LINE('',#859,#858);
#861=DIRECTION('',(0.E0,1.E0,0.E0));
#862=VECTOR('',#861,6.35E-1);
#863=CARTESIAN_POINT('',(3.8175E0,-7.25E-2,-3.1E0));
#864=LINE('',#863,#862);
#865=DIRECTION('',(1.E0,0.E0,0.E0));
#866=VECTOR('',#865,6.35E-1);
#867=CARTESIAN_POINT('',(3.1825E0,-7.25E-2,-3.1E0));
#868=LINE('',#867,#866);
#869=DIRECTION('',(0.E0,1.E0,0.E0));
#870=VECTOR('',#869,6.35E-1);
#871=CARTESIAN_POINT('',(6.6825E0,-7.25E-2,-3.1E0));
#872=LINE('',#871,#870);
#873=DIRECTION('',(1.E0,0.E0,0.E0));
#874=VECTOR('',#873,6.35E-1);
#875=CARTESIAN_POINT('',(6.6825E0,5.625E-1,-3.1E0));
#876=LINE('',#875,#874);
#877=DIRECTION('',(0.E0,1.E0,0.E0));
#878=VECTOR('',#877,6.35E-1);
#879=CARTESIAN_POINT('',(7.3175E0,-7.25E-2,-3.1E0));
#880=LINE('',#879,#878);
#881=DIRECTION('',(1.E0,0.E0,0.E0));
#882=VECTOR('',#881,6.35E-1);
#883=CARTESIAN_POINT('',(6.6825E0,-7.25E-2,-3.1E0));
#884=LINE('',#883,#882);
#885=CARTESIAN_POINT('',(-1.02E1,2.475E0,-3.1E0));
#886=DIRECTION('',(0.E0,0.E0,-1.E0));
#887=DIRECTION('',(-1.E0,0.E0,0.E0));
#888=AXIS2_PLACEMENT_3D('',#885,#886,#887);
#890=DIRECTION('',(1.E0,0.E0,0.E0));
#891=VECTOR('',#890,1.16E0);
#892=CARTESIAN_POINT('',(-1.04E1,1.775E0,-3.1E0));
#893=LINE('',#892,#891);
#894=DIRECTION('',(0.E0,1.E0,0.E0));
#895=VECTOR('',#894,4.45E0);
#896=CARTESIAN_POINT('',(-9.24E0,-2.675E0,-3.1E0));
#897=LINE('',#896,#895);
#898=DIRECTION('',(0.E0,1.E0,0.E0));
#899=VECTOR('',#898,4.45E0);
#900=CARTESIAN_POINT('',(9.24E0,-2.675E0,-3.1E0));
#901=LINE('',#900,#899);
#902=DIRECTION('',(-1.E0,0.E0,0.E0));
#903=VECTOR('',#902,1.16E0);
#904=CARTESIAN_POINT('',(1.04E1,1.775E0,-3.1E0));
#905=LINE('',#904,#903);
#906=DIRECTION('',(0.E0,1.E0,0.E0));
#907=VECTOR('',#906,7.E-1);
#908=CARTESIAN_POINT('',(1.04E1,1.775E0,-3.1E0));
#909=LINE('',#908,#907);
#910=CARTESIAN_POINT('',(1.02E1,2.475E0,-3.1E0));
#911=DIRECTION('',(0.E0,0.E0,-1.E0));
#912=DIRECTION('',(0.E0,1.E0,0.E0));
#913=AXIS2_PLACEMENT_3D('',#910,#911,#912);
#915=DIRECTION('',(0.E0,1.E0,0.E0));
#916=VECTOR('',#915,6.35E-1);
#917=CARTESIAN_POINT('',(-7.3175E0,-7.25E-2,5.6E0));
#918=LINE('',#917,#916);
#919=DIRECTION('',(0.E0,0.E0,-1.E0));
#920=VECTOR('',#919,5.6E0);
#921=CARTESIAN_POINT('',(-7.3175E0,-7.25E-2,5.6E0));
#922=LINE('',#921,#920);
#923=DIRECTION('',(0.E0,0.E0,1.E0));
#924=VECTOR('',#923,5.6E0);
#925=CARTESIAN_POINT('',(-7.3175E0,5.625E-1,0.E0));
#926=LINE('',#925,#924);
#927=DIRECTION('',(0.E0,0.E0,1.E0));
#928=VECTOR('',#927,6.35E-1);
#929=CARTESIAN_POINT('',(-7.3175E0,-5.375E0,-5.3775E0));
#930=LINE('',#929,#928);
#931=DIRECTION('',(0.E0,1.E0,0.E0));
#932=VECTOR('',#931,4.8025E0);
#933=CARTESIAN_POINT('',(-7.3175E0,-5.375E0,-5.3775E0));
#934=LINE('',#933,#932);
#935=CARTESIAN_POINT('',(-7.3175E0,-5.725E-1,-4.2425E0));
#936=DIRECTION('',(1.E0,0.E0,0.E0));
#937=DIRECTION('',(0.E0,0.E0,-1.E0));
#938=AXIS2_PLACEMENT_3D('',#935,#936,#937);
#940=DIRECTION('',(0.E0,0.E0,1.E0));
#941=VECTOR('',#940,1.1425E0);
#942=CARTESIAN_POINT('',(-7.3175E0,5.625E-1,-4.2425E0));
#943=LINE('',#942,#941);
#944=DIRECTION('',(0.E0,0.E0,-1.E0));
#945=VECTOR('',#944,1.1425E0);
#946=CARTESIAN_POINT('',(-7.3175E0,-7.25E-2,-3.1E0));
#947=LINE('',#946,#945);
#948=CARTESIAN_POINT('',(-7.3175E0,-5.725E-1,-4.2425E0));
#949=DIRECTION('',(-1.E0,0.E0,0.E0));
#950=DIRECTION('',(0.E0,1.E0,0.E0));
#951=AXIS2_PLACEMENT_3D('',#948,#949,#950);
#953=DIRECTION('',(0.E0,-1.E0,0.E0));
#954=VECTOR('',#953,4.8025E0);
#955=CARTESIAN_POINT('',(-7.3175E0,-5.725E-1,-4.7425E0));
#956=LINE('',#955,#954);
#957=DIRECTION('',(-2.357022603955E-1,-2.357022603955E-1,-9.428090415821E-1));
#958=VECTOR('',#957,8.485281374239E-1);
#959=CARTESIAN_POINT('',(-7.1175E0,1.275E-1,6.4E0));
#960=LINE('',#959,#958);
#961=DIRECTION('',(-2.357022603955E-1,2.357022603955E-1,9.428090415821E-1));
#962=VECTOR('',#961,8.485281374239E-1);
#963=CARTESIAN_POINT('',(-6.6825E0,-7.25E-2,5.6E0));
#964=LINE('',#963,#962);
#965=DIRECTION('',(-1.E0,0.E0,0.E0));
#966=VECTOR('',#965,2.35E-1);
#967=CARTESIAN_POINT('',(-6.8825E0,3.625E-1,6.4E0));
#968=LINE('',#967,#966);
#969=DIRECTION('',(0.E0,-1.E0,0.E0));
#970=VECTOR('',#969,2.35E-1);
#971=CARTESIAN_POINT('',(-6.8825E0,3.625E-1,6.4E0));
#972=LINE('',#971,#970);
#973=DIRECTION('',(-1.E0,0.E0,0.E0));
#974=VECTOR('',#973,2.35E-1);
#975=CARTESIAN_POINT('',(-6.8825E0,1.275E-1,6.4E0));
#976=LINE('',#975,#974);
#977=DIRECTION('',(0.E0,1.E0,0.E0));
#978=VECTOR('',#977,2.35E-1);
#979=CARTESIAN_POINT('',(-7.1175E0,1.275E-1,6.4E0));
#980=LINE('',#979,#978);
#981=DIRECTION('',(2.357022603955E-1,-2.357022603955E-1,9.428090415821E-1));
#982=VECTOR('',#981,8.485281374239E-1);
#983=CARTESIAN_POINT('',(-7.3175E0,5.625E-1,5.6E0));
#984=LINE('',#983,#982);
#985=DIRECTION('',(2.357022603955E-1,2.357022603955E-1,-9.428090415821E-1));
#986=VECTOR('',#985,8.485281374239E-1);
#987=CARTESIAN_POINT('',(-6.8825E0,3.625E-1,6.4E0));
#988=LINE('',#987,#986);
#989=DIRECTION('',(1.E0,0.E0,0.E0));
#990=VECTOR('',#989,6.35E-1);
#991=CARTESIAN_POINT('',(-7.3175E0,5.625E-1,-4.2425E0));
#992=LINE('',#991,#990);
#993=DIRECTION('',(-1.E0,0.E0,0.E0));
#994=VECTOR('',#993,6.35E-1);
#995=CARTESIAN_POINT('',(-6.6825E0,5.625E-1,5.6E0));
#996=LINE('',#995,#994);
#997=DIRECTION('',(1.E0,0.E0,0.E0));
#998=VECTOR('',#997,6.35E-1);
#999=CARTESIAN_POINT('',(-7.3175E0,-5.725E-1,-5.3775E0));
#1000=LINE('',#999,#998);
#1001=DIRECTION('',(-1.E0,0.E0,0.E0));
#1002=VECTOR('',#1001,6.35E-1);
#1003=CARTESIAN_POINT('',(-6.6825E0,-5.375E0,-5.3775E0));
#1004=LINE('',#1003,#1002);
#1005=DIRECTION('',(-2.357022603955E-1,9.428090415821E-1,-2.357022603955E-1));
#1006=VECTOR('',#1005,8.485281374239E-1);
#1007=CARTESIAN_POINT('',(-7.1175E0,-6.175E0,-5.1775E0));
#1008=LINE('',#1007,#1006);
#1009=DIRECTION('',(-2.357022603955E-1,-9.428090415821E-1,2.357022603955E-1));
#1010=VECTOR('',#1009,8.485281374239E-1);
#1011=CARTESIAN_POINT('',(-6.6825E0,-5.375E0,-5.3775E0));
#1012=LINE('',#1011,#1010);
#1013=DIRECTION('',(-2.357022603955E-1,9.428090415821E-1,2.357022603955E-1));
#1014=VECTOR('',#1013,8.485281374239E-1);
#1015=CARTESIAN_POINT('',(-7.1175E0,-6.175E0,-4.9425E0));
#1016=LINE('',#1015,#1014);
#1017=DIRECTION('',(2.357022603955E-1,9.428090415821E-1,2.357022603955E-1));
#1018=VECTOR('',#1017,8.485281374239E-1);
#1019=CARTESIAN_POINT('',(-6.8825E0,-6.175E0,-4.9425E0));
#1020=LINE('',#1019,#1018);
#1021=DIRECTION('',(-1.E0,0.E0,0.E0));
#1022=VECTOR('',#1021,6.35E-1);
#1023=CARTESIAN_POINT('',(-6.6825E0,-5.375E0,-4.7425E0));
#1024=LINE('',#1023,#1022);
#1025=DIRECTION('',(1.E0,0.E0,0.E0));
#1026=VECTOR('',#1025,6.35E-1);
#1027=CARTESIAN_POINT('',(-7.3175E0,-5.725E-1,-4.7425E0));
#1028=LINE('',#1027,#1026);
#1029=DIRECTION('',(1.E0,0.E0,0.E0));
#1030=VECTOR('',#1029,6.35E-1);
#1031=CARTESIAN_POINT('',(-7.3175E0,-7.25E-2,-4.2425E0));
#1032=LINE('',#1031,#1030);
#1033=DIRECTION('',(-1.E0,0.E0,0.E0));
#1034=VECTOR('',#1033,6.35E-1);
#1035=CARTESIAN_POINT('',(-6.6825E0,-7.25E-2,5.6E0));
#1036=LINE('',#1035,#1034);
#1037=DIRECTION('',(0.E0,-1.E0,0.E0));
#1038=VECTOR('',#1037,6.35E-1);
#1039=CARTESIAN_POINT('',(-6.6825E0,5.625E-1,5.6E0));
#1040=LINE('',#1039,#1038);
#1041=DIRECTION('',(0.E0,0.E0,1.E0));
#1042=VECTOR('',#1041,5.6E0);
#1043=CARTESIAN_POINT('',(-6.6825E0,5.625E-1,0.E0));
#1044=LINE('',#1043,#1042);
#1045=DIRECTION('',(0.E0,0.E0,-1.E0));
#1046=VECTOR('',#1045,5.6E0);
#1047=CARTESIAN_POINT('',(-6.6825E0,-7.25E-2,5.6E0));
#1048=LINE('',#1047,#1046);
#1049=DIRECTION('',(0.E0,0.E0,-1.E0));
#1050=VECTOR('',#1049,6.35E-1);
#1051=CARTESIAN_POINT('',(-6.6825E0,-5.375E0,-4.7425E0));
#1052=LINE('',#1051,#1050);
#1053=DIRECTION('',(0.E0,-1.E0,0.E0));
#1054=VECTOR('',#1053,4.8025E0);
#1055=CARTESIAN_POINT('',(-6.6825E0,-5.725E-1,-4.7425E0));
#1056=LINE('',#1055,#1054);
#1057=CARTESIAN_POINT('',(-6.6825E0,-5.725E-1,-4.2425E0));
#1058=DIRECTION('',(-1.E0,0.E0,0.E0));
#1059=DIRECTION('',(0.E0,1.E0,0.E0));
#1060=AXIS2_PLACEMENT_3D('',#1057,#1058,#1059);
#1062=DIRECTION('',(0.E0,0.E0,-1.E0));
#1063=VECTOR('',#1062,1.1425E0);
#1064=CARTESIAN_POINT('',(-6.6825E0,-7.25E-2,-3.1E0));
#1065=LINE('',#1064,#1063);
#1066=DIRECTION('',(0.E0,0.E0,1.E0));
#1067=VECTOR('',#1066,1.1425E0);
#1068=CARTESIAN_POINT('',(-6.6825E0,5.625E-1,-4.2425E0));
#1069=LINE('',#1068,#1067);
#1070=CARTESIAN_POINT('',(-6.6825E0,-5.725E-1,-4.2425E0));
#1071=DIRECTION('',(1.E0,0.E0,0.E0));
#1072=DIRECTION('',(0.E0,0.E0,-1.E0));
#1073=AXIS2_PLACEMENT_3D('',#1070,#1071,#1072);
#1075=DIRECTION('',(0.E0,1.E0,0.E0));
#1076=VECTOR('',#1075,4.8025E0);
#1077=CARTESIAN_POINT('',(-6.6825E0,-5.375E0,-5.3775E0));
#1078=LINE('',#1077,#1076);
#1079=DIRECTION('',(-1.E0,0.E0,0.E0));
#1080=VECTOR('',#1079,2.E0);
#1081=CARTESIAN_POINT('',(-5.48E0,-1.275E0,0.E0));
#1082=LINE('',#1081,#1080);
#1083=DIRECTION('',(0.E0,-1.E0,0.E0));
#1084=VECTOR('',#1083,6.6E-1);
#1085=CARTESIAN_POINT('',(-7.48E0,-1.275E0,0.E0));
#1086=LINE('',#1085,#1084);
#1087=DIRECTION('',(-1.E0,0.E0,0.E0));
#1088=VECTOR('',#1087,1.04E0);
#1089=CARTESIAN_POINT('',(-7.48E0,-1.935E0,0.E0));
#1090=LINE('',#1089,#1088);
#1091=DIRECTION('',(1.E0,0.E0,0.E0));
#1092=VECTOR('',#1091,3.04E0);
#1093=CARTESIAN_POINT('',(-8.52E0,1.765E0,0.E0));
#1094=LINE('',#1093,#1092);
#1095=DIRECTION('',(0.E0,-1.E0,0.E0));
#1096=VECTOR('',#1095,3.04E0);
#1097=CARTESIAN_POINT('',(-5.48E0,1.765E0,0.E0));
#1098=LINE('',#1097,#1096);
#1099=DIRECTION('',(0.E0,1.E0,0.E0));
#1100=VECTOR('',#1099,6.35E-1);
#1101=CARTESIAN_POINT('',(-7.3175E0,-7.25E-2,0.E0));
#1102=LINE('',#1101,#1100);
#1103=DIRECTION('',(1.E0,0.E0,0.E0));
#1104=VECTOR('',#1103,6.35E-1);
#1105=CARTESIAN_POINT('',(-7.3175E0,-7.25E-2,0.E0));
#1106=LINE('',#1105,#1104);
#1107=DIRECTION('',(0.E0,1.E0,0.E0));
#1108=VECTOR('',#1107,6.35E-1);
#1109=CARTESIAN_POINT('',(-6.6825E0,-7.25E-2,0.E0));
#1110=LINE('',#1109,#1108);
#1111=DIRECTION('',(1.E0,0.E0,0.E0));
#1112=VECTOR('',#1111,6.35E-1);
#1113=CARTESIAN_POINT('',(-7.3175E0,5.625E-1,0.E0));
#1114=LINE('',#1113,#1112);
#1115=DIRECTION('',(8.726203243944E-3,-8.726203243944E-3,9.999238504776E-1));
#1116=VECTOR('',#1115,8.100616858105E0);
#1117=CARTESIAN_POINT('',(-7.48E0,-1.275E0,0.E0));
#1118=LINE('',#1117,#1116);
#1119=DIRECTION('',(-8.726203243944E-3,8.726203243944E-3,-9.999238504776E-1));
#1120=VECTOR('',#1119,8.100616858105E0);
#1121=CARTESIAN_POINT('',(-5.409312370895E0,-1.345687629105E0,8.1E0));
#1122=LINE('',#1121,#1120);
#1123=DIRECTION('',(-8.726203243944E-3,8.726203243944E-3,-9.999238504776E-1));
#1124=VECTOR('',#1123,8.100616858105E0);
#1125=CARTESIAN_POINT('',(-7.409312370895E0,-2.005687629105E0,8.1E0));
#1126=LINE('',#1125,#1124);
#1127=DIRECTION('',(0.E0,-1.E0,0.E0));
#1128=VECTOR('',#1127,3.7E0);
#1129=CARTESIAN_POINT('',(-8.52E0,1.765E0,0.E0));
#1130=LINE('',#1129,#1128);
#1131=DIRECTION('',(8.726203243944E-3,8.726203243944E-3,-9.999238504776E-1));
#1132=VECTOR('',#1131,8.100616858105E0);
#1133=CARTESIAN_POINT('',(-8.590687629105E0,-2.005687629105E0,8.1E0));
#1134=LINE('',#1133,#1132);
#1135=DIRECTION('',(0.E0,1.E0,0.E0));
#1136=VECTOR('',#1135,3.841375258210E0);
#1137=CARTESIAN_POINT('',(-8.590687629105E0,-2.005687629105E0,8.1E0));
#1138=LINE('',#1137,#1136);
#1139=DIRECTION('',(8.726203243944E-3,-8.726203243944E-3,-9.999238504776E-1));
#1140=VECTOR('',#1139,8.100616858105E0);
#1141=CARTESIAN_POINT('',(-8.590687629105E0,1.835687629105E0,8.1E0));
#1142=LINE('',#1141,#1140);
#1143=DIRECTION('',(-8.726203243944E-3,-8.726203243944E-3,-9.999238504776E-1));
#1144=VECTOR('',#1143,8.100616858105E0);
#1145=CARTESIAN_POINT('',(-5.409312370895E0,1.835687629105E0,8.1E0));
#1146=LINE('',#1145,#1144);
#1147=DIRECTION('',(-1.E0,0.E0,0.E0));
#1148=VECTOR('',#1147,2.35E-1);
#1149=CARTESIAN_POINT('',(-6.8825E0,-6.175E0,-5.1775E0));
#1150=LINE('',#1149,#1148);
#1151=DIRECTION('',(0.E0,0.E0,1.E0));
#1152=VECTOR('',#1151,2.35E-1);
#1153=CARTESIAN_POINT('',(-7.1175E0,-6.175E0,-5.1775E0));
#1154=LINE('',#1153,#1152);
#1155=DIRECTION('',(-1.E0,0.E0,0.E0));
#1156=VECTOR('',#1155,2.35E-1);
#1157=CARTESIAN_POINT('',(-6.8825E0,-6.175E0,-4.9425E0));
#1158=LINE('',#1157,#1156);
#1159=DIRECTION('',(0.E0,0.E0,-1.E0));
#1160=VECTOR('',#1159,2.35E-1);
#1161=CARTESIAN_POINT('',(-6.8825E0,-6.175E0,-4.9425E0));
#1162=LINE('',#1161,#1160);
#1163=DIRECTION('',(0.E0,1.E0,0.E0));
#1164=VECTOR('',#1163,6.35E-1);
#1165=CARTESIAN_POINT('',(-3.8175E0,-7.25E-2,5.6E0));
#1166=LINE('',#1165,#1164);
#1167=DIRECTION('',(0.E0,0.E0,-1.E0));
#1168=VECTOR('',#1167,5.6E0);
#1169=CARTESIAN_POINT('',(-3.8175E0,-7.25E-2,5.6E0));
#1170=LINE('',#1169,#1168);
#1171=DIRECTION('',(0.E0,0.E0,1.E0));
#1172=VECTOR('',#1171,5.6E0);
#1173=CARTESIAN_POINT('',(-3.8175E0,5.625E-1,0.E0));
#1174=LINE('',#1173,#1172);
#1175=DIRECTION('',(0.E0,0.E0,1.E0));
#1176=VECTOR('',#1175,6.35E-1);
#1177=CARTESIAN_POINT('',(-3.8175E0,-5.375E0,-5.3775E0));
#1178=LINE('',#1177,#1176);
#1179=DIRECTION('',(0.E0,1.E0,0.E0));
#1180=VECTOR('',#1179,4.8025E0);
#1181=CARTESIAN_POINT('',(-3.8175E0,-5.375E0,-5.3775E0));
#1182=LINE('',#1181,#1180);
#1183=CARTESIAN_POINT('',(-3.8175E0,-5.725E-1,-4.2425E0));
#1184=DIRECTION('',(1.E0,0.E0,0.E0));
#1185=DIRECTION('',(0.E0,0.E0,-1.E0));
#1186=AXIS2_PLACEMENT_3D('',#1183,#1184,#1185);
#1188=DIRECTION('',(0.E0,0.E0,1.E0));
#1189=VECTOR('',#1188,1.1425E0);
#1190=CARTESIAN_POINT('',(-3.8175E0,5.625E-1,-4.2425E0));
#1191=LINE('',#1190,#1189);
#1192=DIRECTION('',(0.E0,0.E0,-1.E0));
#1193=VECTOR('',#1192,1.1425E0);
#1194=CARTESIAN_POINT('',(-3.8175E0,-7.25E-2,-3.1E0));
#1195=LINE('',#1194,#1193);
#1196=CARTESIAN_POINT('',(-3.8175E0,-5.725E-1,-4.2425E0));
#1197=DIRECTION('',(-1.E0,0.E0,0.E0));
#1198=DIRECTION('',(0.E0,1.E0,0.E0));
#1199=AXIS2_PLACEMENT_3D('',#1196,#1197,#1198);
#1201=DIRECTION('',(0.E0,-1.E0,0.E0));
#1202=VECTOR('',#1201,4.8025E0);
#1203=CARTESIAN_POINT('',(-3.8175E0,-5.725E-1,-4.7425E0));
#1204=LINE('',#1203,#1202);
#1205=DIRECTION('',(-1.E0,0.E0,0.E0));
#1206=VECTOR('',#1205,2.35E-1);
#1207=CARTESIAN_POINT('',(-3.3825E0,3.625E-1,6.4E0));
#1208=LINE('',#1207,#1206);
#1209=DIRECTION('',(0.E0,-1.E0,0.E0));
#1210=VECTOR('',#1209,2.35E-1);
#1211=CARTESIAN_POINT('',(-3.3825E0,3.625E-1,6.4E0));
#1212=LINE('',#1211,#1210);
#1213=DIRECTION('',(-1.E0,0.E0,0.E0));
#1214=VECTOR('',#1213,2.35E-1);
#1215=CARTESIAN_POINT('',(-3.3825E0,1.275E-1,6.4E0));
#1216=LINE('',#1215,#1214);
#1217=DIRECTION('',(0.E0,1.E0,0.E0));
#1218=VECTOR('',#1217,2.35E-1);
#1219=CARTESIAN_POINT('',(-3.6175E0,1.275E-1,6.4E0));
#1220=LINE('',#1219,#1218);
#1221=DIRECTION('',(2.357022603955E-1,-2.357022603955E-1,9.428090415821E-1));
#1222=VECTOR('',#1221,8.485281374239E-1);
#1223=CARTESIAN_POINT('',(-3.8175E0,5.625E-1,5.6E0));
#1224=LINE('',#1223,#1222);
#1225=DIRECTION('',(2.357022603955E-1,2.357022603955E-1,-9.428090415821E-1));
#1226=VECTOR('',#1225,8.485281374239E-1);
#1227=CARTESIAN_POINT('',(-3.3825E0,3.625E-1,6.4E0));
#1228=LINE('',#1227,#1226);
#1229=DIRECTION('',(1.E0,0.E0,0.E0));
#1230=VECTOR('',#1229,6.35E-1);
#1231=CARTESIAN_POINT('',(-3.8175E0,5.625E-1,-4.2425E0));
#1232=LINE('',#1231,#1230);
#1233=DIRECTION('',(-1.E0,0.E0,0.E0));
#1234=VECTOR('',#1233,6.35E-1);
#1235=CARTESIAN_POINT('',(-3.1825E0,5.625E-1,5.6E0));
#1236=LINE('',#1235,#1234);
#1237=DIRECTION('',(1.E0,0.E0,0.E0));
#1238=VECTOR('',#1237,6.35E-1);
#1239=CARTESIAN_POINT('',(-3.8175E0,-5.725E-1,-5.3775E0));
#1240=LINE('',#1239,#1238);
#1241=DIRECTION('',(-1.E0,0.E0,0.E0));
#1242=VECTOR('',#1241,6.35E-1);
#1243=CARTESIAN_POINT('',(-3.1825E0,-5.375E0,-5.3775E0));
#1244=LINE('',#1243,#1242);
#1245=DIRECTION('',(-2.357022603955E-1,9.428090415821E-1,-2.357022603955E-1));
#1246=VECTOR('',#1245,8.485281374239E-1);
#1247=CARTESIAN_POINT('',(-3.6175E0,-6.175E0,-5.1775E0));
#1248=LINE('',#1247,#1246);
#1249=DIRECTION('',(-2.357022603955E-1,-9.428090415821E-1,2.357022603955E-1));
#1250=VECTOR('',#1249,8.485281374239E-1);
#1251=CARTESIAN_POINT('',(-3.1825E0,-5.375E0,-5.3775E0));
#1252=LINE('',#1251,#1250);
#1253=DIRECTION('',(-2.357022603955E-1,9.428090415821E-1,2.357022603955E-1));
#1254=VECTOR('',#1253,8.485281374239E-1);
#1255=CARTESIAN_POINT('',(-3.6175E0,-6.175E0,-4.9425E0));
#1256=LINE('',#1255,#1254);
#1257=DIRECTION('',(2.357022603955E-1,9.428090415821E-1,2.357022603955E-1));
#1258=VECTOR('',#1257,8.485281374239E-1);
#1259=CARTESIAN_POINT('',(-3.3825E0,-6.175E0,-4.9425E0));
#1260=LINE('',#1259,#1258);
#1261=DIRECTION('',(-1.E0,0.E0,0.E0));
#1262=VECTOR('',#1261,6.35E-1);
#1263=CARTESIAN_POINT('',(-3.1825E0,-5.375E0,-4.7425E0));
#1264=LINE('',#1263,#1262);
#1265=DIRECTION('',(1.E0,0.E0,0.E0));
#1266=VECTOR('',#1265,6.35E-1);
#1267=CARTESIAN_POINT('',(-3.8175E0,-5.725E-1,-4.7425E0));
#1268=LINE('',#1267,#1266);
#1269=DIRECTION('',(1.E0,0.E0,0.E0));
#1270=VECTOR('',#1269,6.35E-1);
#1271=CARTESIAN_POINT('',(-3.8175E0,-7.25E-2,-4.2425E0));
#1272=LINE('',#1271,#1270);
#1273=DIRECTION('',(-1.E0,0.E0,0.E0));
#1274=VECTOR('',#1273,6.35E-1);
#1275=CARTESIAN_POINT('',(-3.1825E0,-7.25E-2,5.6E0));
#1276=LINE('',#1275,#1274);
#1277=DIRECTION('',(0.E0,-1.E0,0.E0));
#1278=VECTOR('',#1277,6.35E-1);
#1279=CARTESIAN_POINT('',(-3.1825E0,5.625E-1,5.6E0));
#1280=LINE('',#1279,#1278);
#1281=DIRECTION('',(0.E0,0.E0,1.E0));
#1282=VECTOR('',#1281,5.6E0);
#1283=CARTESIAN_POINT('',(-3.1825E0,5.625E-1,0.E0));
#1284=LINE('',#1283,#1282);
#1285=DIRECTION('',(0.E0,0.E0,-1.E0));
#1286=VECTOR('',#1285,5.6E0);
#1287=CARTESIAN_POINT('',(-3.1825E0,-7.25E-2,5.6E0));
#1288=LINE('',#1287,#1286);
#1289=DIRECTION('',(0.E0,0.E0,-1.E0));
#1290=VECTOR('',#1289,6.35E-1);
#1291=CARTESIAN_POINT('',(-3.1825E0,-5.375E0,-4.7425E0));
#1292=LINE('',#1291,#1290);
#1293=DIRECTION('',(0.E0,-1.E0,0.E0));
#1294=VECTOR('',#1293,4.8025E0);
#1295=CARTESIAN_POINT('',(-3.1825E0,-5.725E-1,-4.7425E0));
#1296=LINE('',#1295,#1294);
#1297=CARTESIAN_POINT('',(-3.1825E0,-5.725E-1,-4.2425E0));
#1298=DIRECTION('',(-1.E0,0.E0,0.E0));
#1299=DIRECTION('',(0.E0,1.E0,0.E0));
#1300=AXIS2_PLACEMENT_3D('',#1297,#1298,#1299);
#1302=DIRECTION('',(0.E0,0.E0,-1.E0));
#1303=VECTOR('',#1302,1.1425E0);
#1304=CARTESIAN_POINT('',(-3.1825E0,-7.25E-2,-3.1E0));
#1305=LINE('',#1304,#1303);
#1306=DIRECTION('',(0.E0,0.E0,1.E0));
#1307=VECTOR('',#1306,1.1425E0);
#1308=CARTESIAN_POINT('',(-3.1825E0,5.625E-1,-4.2425E0));
#1309=LINE('',#1308,#1307);
#1310=CARTESIAN_POINT('',(-3.1825E0,-5.725E-1,-4.2425E0));
#1311=DIRECTION('',(1.E0,0.E0,0.E0));
#1312=DIRECTION('',(0.E0,0.E0,-1.E0));
#1313=AXIS2_PLACEMENT_3D('',#1310,#1311,#1312);
#1315=DIRECTION('',(0.E0,1.E0,0.E0));
#1316=VECTOR('',#1315,4.8025E0);
#1317=CARTESIAN_POINT('',(-3.1825E0,-5.375E0,-5.3775E0));
#1318=LINE('',#1317,#1316);
#1319=DIRECTION('',(-2.357022603955E-1,-2.357022603955E-1,-9.428090415821E-1));
#1320=VECTOR('',#1319,8.485281374239E-1);
#1321=CARTESIAN_POINT('',(-3.6175E0,1.275E-1,6.4E0));
#1322=LINE('',#1321,#1320);
#1323=DIRECTION('',(-2.357022603955E-1,2.357022603955E-1,9.428090415821E-1));
#1324=VECTOR('',#1323,8.485281374239E-1);
#1325=CARTESIAN_POINT('',(-3.1825E0,-7.25E-2,5.6E0));
#1326=LINE('',#1325,#1324);
#1327=DIRECTION('',(0.E0,1.E0,0.E0));
#1328=VECTOR('',#1327,3.04E0);
#1329=CARTESIAN_POINT('',(-5.02E0,-1.275E0,0.E0));
#1330=LINE('',#1329,#1328);
#1331=DIRECTION('',(1.E0,0.E0,0.E0));
#1332=VECTOR('',#1331,3.04E0);
#1333=CARTESIAN_POINT('',(-5.02E0,1.765E0,0.E0));
#1334=LINE('',#1333,#1332);
#1335=DIRECTION('',(0.E0,-1.E0,0.E0));
#1336=VECTOR('',#1335,3.04E0);
#1337=CARTESIAN_POINT('',(-1.98E0,1.765E0,0.E0));
#1338=LINE('',#1337,#1336);
#1339=DIRECTION('',(-1.E0,0.E0,0.E0));
#1340=VECTOR('',#1339,3.04E0);
#1341=CARTESIAN_POINT('',(-1.98E0,-1.275E0,0.E0));
#1342=LINE('',#1341,#1340);
#1343=DIRECTION('',(0.E0,1.E0,0.E0));
#1344=VECTOR('',#1343,6.35E-1);
#1345=CARTESIAN_POINT('',(-3.8175E0,-7.25E-2,0.E0));
#1346=LINE('',#1345,#1344);
#1347=DIRECTION('',(1.E0,0.E0,0.E0));
#1348=VECTOR('',#1347,6.35E-1);
#1349=CARTESIAN_POINT('',(-3.8175E0,-7.25E-2,0.E0));
#1350=LINE('',#1349,#1348);
#1351=DIRECTION('',(0.E0,1.E0,0.E0));
#1352=VECTOR('',#1351,6.35E-1);
#1353=CARTESIAN_POINT('',(-3.1825E0,-7.25E-2,0.E0));
#1354=LINE('',#1353,#1352);
#1355=DIRECTION('',(1.E0,0.E0,0.E0));
#1356=VECTOR('',#1355,6.35E-1);
#1357=CARTESIAN_POINT('',(-3.8175E0,5.625E-1,0.E0));
#1358=LINE('',#1357,#1356);
#1359=DIRECTION('',(8.726203243944E-3,8.726203243944E-3,-9.999238504776E-1));
#1360=VECTOR('',#1359,8.100616858105E0);
#1361=CARTESIAN_POINT('',(-5.090687629105E0,-1.345687629105E0,8.1E0));
#1362=LINE('',#1361,#1360);
#1363=DIRECTION('',(8.726203243944E-3,-8.726203243944E-3,-9.999238504776E-1));
#1364=VECTOR('',#1363,8.100616858105E0);
#1365=CARTESIAN_POINT('',(-5.090687629105E0,1.835687629105E0,8.1E0));
#1366=LINE('',#1365,#1364);
#1367=DIRECTION('',(0.E0,-1.E0,0.E0));
#1368=VECTOR('',#1367,2.869459186282E0);
#1369=CARTESIAN_POINT('',(-2.95E0,4.672857404561E0,4.4E0));
#1370=LINE('',#1369,#1368);
#1371=DIRECTION('',(0.E0,8.726535498374E-3,9.999619230642E-1));
#1372=VECTOR('',#1371,3.700140890027E0);
#1373=CARTESIAN_POINT('',(-2.95E0,1.803398218279E0,4.4E0));
#1374=LINE('',#1373,#1372);
#1375=DIRECTION('',(0.E0,-1.745240643728E-2,-9.998476951564E-1));
#1376=VECTOR('',#1375,5.756835614329E0);
#1377=CARTESIAN_POINT('',(-2.95E0,4.773328039495E0,1.015595882038E1));
#1378=LINE('',#1377,#1376);
#1379=CARTESIAN_POINT('',(-2.75E0,1.801652844721E0,4.2E0));
#1380=CARTESIAN_POINT('',(-2.816667935946E0,1.801652844721E0,4.2E0));
#1381=CARTESIAN_POINT('',(-2.899510321725E0,1.802093477920E0,4.250491563476E0));
#1382=CARTESIAN_POINT('',(-2.95E0,1.802816438170E0,4.333334602565E0));
#1383=CARTESIAN_POINT('',(-2.95E0,1.803398218279E0,4.4E0));
#1385=CARTESIAN_POINT('',(-2.75E0,4.672857404561E0,4.4E0));
#1386=DIRECTION('',(0.E0,-1.E0,0.E0));
#1387=DIRECTION('',(-1.E0,0.E0,0.E0));
#1388=AXIS2_PLACEMENT_3D('',#1385,#1386,#1387);
#1390=CARTESIAN_POINT('',(-2.75E0,4.672857404561E0,4.4E0));
#1391=DIRECTION('',(0.E0,1.745240643728E-2,9.998476951564E-1));
#1392=DIRECTION('',(0.E0,9.998476951564E-1,-1.745240643728E-2));
#1393=AXIS2_PLACEMENT_3D('',#1390,#1391,#1392);
#1395=CARTESIAN_POINT('',(-2.75E0,4.672857404561E0,4.4E0));
#1396=DIRECTION('',(1.E0,0.E0,0.E0));
#1397=DIRECTION('',(0.E0,0.E0,-1.E0));
#1398=AXIS2_PLACEMENT_3D('',#1395,#1396,#1397);
#1400=CARTESIAN_POINT('',(-2.95E0,4.773328039495E0,1.015595882038E1));
#1401=CARTESIAN_POINT('',(-2.95E0,4.837150292480E0,1.018571962571E1));
#1402=CARTESIAN_POINT('',(-2.915505059124E0,4.901620638429E0,1.021578264175E1));
#1403=CARTESIAN_POINT('',(-2.838324514318E0,4.959315815634E0,1.024268634472E1));
#1404=CARTESIAN_POINT('',(-2.785210032341E0,4.975E0,1.025E1));
#1405=CARTESIAN_POINT('',(-2.75E0,4.975E0,1.025E1));
#1407=DIRECTION('',(-1.E0,0.E0,0.E0));
#1408=VECTOR('',#1407,1.595E0);
#1409=CARTESIAN_POINT('',(-1.155E0,4.872826943592E0,4.396509518713E0));
#1410=LINE('',#1409,#1408);
#1411=DIRECTION('',(0.E0,-1.745240643728E-2,-9.998476951564E-1));
#1412=VECTOR('',#1411,5.854382132043E0);
#1413=CARTESIAN_POINT('',(-2.75E0,4.975E0,1.025E1));
#1414=LINE('',#1413,#1412);
#1415=DIRECTION('',(0.E0,1.745240643728E-2,9.998476951564E-1));
#1416=VECTOR('',#1415,5.854382132043E0);
#1417=CARTESIAN_POINT('',(2.75E0,4.872826943592E0,4.396509518713E0));
#1418=LINE('',#1417,#1416);
#1419=DIRECTION('',(-1.E0,0.E0,0.E0));
#1420=VECTOR('',#1419,1.595E0);
#1421=CARTESIAN_POINT('',(2.75E0,4.872826943592E0,4.396509518713E0));
#1422=LINE('',#1421,#1420);
#1423=DIRECTION('',(0.E0,1.745240643728E-2,9.998476951564E-1));
#1424=VECTOR('',#1423,4.704206954792E0);
#1425=CARTESIAN_POINT('',(1.155E0,4.872826943592E0,4.396509518713E0));
#1426=LINE('',#1425,#1424);
#1427=DIRECTION('',(1.E0,0.E0,0.E0));
#1428=VECTOR('',#1427,2.31E0);
#1429=CARTESIAN_POINT('',(-1.155E0,4.954926675333E0,9.1E0));
#1430=LINE('',#1429,#1428);
#1431=DIRECTION('',(0.E0,1.745240643728E-2,9.998476951564E-1));
#1432=VECTOR('',#1431,4.704206954792E0);
#1433=CARTESIAN_POINT('',(-1.155E0,4.872826943592E0,4.396509518713E0));
#1434=LINE('',#1433,#1432);
#1435=CARTESIAN_POINT('',(-1.155E0,4.872826943592E0,4.396509518713E0));
#1436=CARTESIAN_POINT('',(-1.155E0,4.872454233117E0,4.375156949865E0));
#1437=CARTESIAN_POINT('',(-1.154999188149E0,4.865268760720E0,4.334802133205E0));
#1438=CARTESIAN_POINT('',(-1.155002841479E0,4.836001527312E0,4.278738274710E0));
#1439=CARTESIAN_POINT('',(-1.154989445935E0,4.791250527628E0,4.234774917998E0));
#1440=CARTESIAN_POINT('',(-1.155039374781E0,4.734688353732E0,4.206441140044E0));
#1441=CARTESIAN_POINT('',(-1.154915161555E0,4.694212685088E0,4.200083880373E0));
#1442=CARTESIAN_POINT('',(-1.154915161555E0,4.673928702281E0,4.200083880373E0));
#1444=DIRECTION('',(-1.E0,0.E0,0.E0));
#1445=VECTOR('',#1444,1.91E0);
#1446=CARTESIAN_POINT('',(9.55E-1,4.475E0,4.2E0));
#1447=LINE('',#1446,#1445);
#1448=DIRECTION('',(-9.999997730778E-1,6.716241359116E-4,5.258676648464E-5));
#1449=VECTOR('',#1448,1.595085200405E0);
#1450=CARTESIAN_POINT('',(2.75E0,4.672857404561E0,4.2E0));
#1451=LINE('',#1450,#1449);
#1452=DIRECTION('',(0.E0,1.E0,0.E0));
#1453=VECTOR('',#1452,2.871204559840E0);
#1454=CARTESIAN_POINT('',(2.75E0,1.801652844721E0,4.2E0));
#1455=LINE('',#1454,#1453);
#1456=DIRECTION('',(-1.E0,0.E0,0.E0));
#1457=VECTOR('',#1456,8.066528447212E-1);
#1458=CARTESIAN_POINT('',(2.75E0,1.801652844721E0,4.2E0));
#1459=LINE('',#1458,#1457);
#1460=DIRECTION('',(0.E0,1.E0,0.E0));
#1461=VECTOR('',#1460,7.225598753690E-2);
#1462=CARTESIAN_POINT('',(1.943347155279E0,1.729396857184E0,4.2E0));
#1463=LINE('',#1462,#1461);
#1464=DIRECTION('',(1.E0,0.E0,0.E0));
#1465=VECTOR('',#1464,3.866943105576E-1);
#1466=CARTESIAN_POINT('',(1.556652844721E0,1.729396857184E0,4.2E0));
#1467=LINE('',#1466,#1465);
#1468=DIRECTION('',(0.E0,1.E0,0.E0));
#1469=VECTOR('',#1468,7.225598753690E-2);
#1470=CARTESIAN_POINT('',(1.556652844721E0,1.729396857184E0,4.2E0));
#1471=LINE('',#1470,#1469);
#1472=DIRECTION('',(-1.E0,0.E0,0.E0));
#1473=VECTOR('',#1472,3.113305689442E0);
#1474=CARTESIAN_POINT('',(1.556652844721E0,1.801652844721E0,4.2E0));
#1475=LINE('',#1474,#1473);
#1476=DIRECTION('',(0.E0,1.E0,0.E0));
#1477=VECTOR('',#1476,7.225598753690E-2);
#1478=CARTESIAN_POINT('',(-1.556652844721E0,1.729396857184E0,4.2E0));
#1479=LINE('',#1478,#1477);
#1480=DIRECTION('',(1.E0,0.E0,0.E0));
#1481=VECTOR('',#1480,3.866943105576E-1);
#1482=CARTESIAN_POINT('',(-1.943347155279E0,1.729396857184E0,4.2E0));
#1483=LINE('',#1482,#1481);
#1484=DIRECTION('',(0.E0,1.E0,0.E0));
#1485=VECTOR('',#1484,7.225598753690E-2);
#1486=CARTESIAN_POINT('',(-1.943347155279E0,1.729396857184E0,4.2E0));
#1487=LINE('',#1486,#1485);
#1488=DIRECTION('',(1.E0,0.E0,0.E0));
#1489=VECTOR('',#1488,8.066528447212E-1);
#1490=CARTESIAN_POINT('',(-2.75E0,1.801652844721E0,4.2E0));
#1491=LINE('',#1490,#1489);
#1492=DIRECTION('',(0.E0,-1.E0,0.E0));
#1493=VECTOR('',#1492,2.871204559840E0);
#1494=CARTESIAN_POINT('',(-2.75E0,4.672857404561E0,4.2E0));
#1495=LINE('',#1494,#1493);
#1496=DIRECTION('',(-9.999997730778E-1,-6.716241359121E-4,-5.258676648464E-5));
#1497=VECTOR('',#1496,1.595085200405E0);
#1498=CARTESIAN_POINT('',(-1.154915161555E0,4.673928702281E0,4.200083880373E0));
#1499=LINE('',#1498,#1497);
#1500=DIRECTION('',(0.E0,0.E0,1.E0));
#1501=VECTOR('',#1500,1.35E0);
#1502=CARTESIAN_POINT('',(9.55E-1,4.475E0,2.85E0));
#1503=LINE('',#1502,#1501);
#1504=DIRECTION('',(0.E0,0.E0,-1.E0));
#1505=VECTOR('',#1504,1.35E0);
#1506=CARTESIAN_POINT('',(-9.55E-1,4.475E0,4.2E0));
#1507=LINE('',#1506,#1505);
#1508=CARTESIAN_POINT('',(9.55E-1,4.675E0,2.85E0));
#1509=DIRECTION('',(0.E0,0.E0,1.E0));
#1510=DIRECTION('',(0.E0,-1.E0,0.E0));
#1511=AXIS2_PLACEMENT_3D('',#1508,#1509,#1510);
#1513=CARTESIAN_POINT('',(1.154915161555E0,4.673928702281E0,4.200083880373E0));
#1514=CARTESIAN_POINT('',(1.154915161555E0,4.653390573402E0,4.200083880373E0));
#1515=CARTESIAN_POINT('',(1.148411730914E0,4.612480976659E0,4.199961069875E0));
#1516=CARTESIAN_POINT('',(1.119454019023E0,4.555410328340E0,4.200010434879E0));
#1517=CARTESIAN_POINT('',(1.074592586246E0,4.510535407230E0,4.199997190610E0));
#1518=CARTESIAN_POINT('',(1.017517938746E0,4.481627649490E0,4.200000802683E0));
#1519=CARTESIAN_POINT('',(9.766100142631E-1,4.475E0,4.2E0));
#1520=CARTESIAN_POINT('',(9.55E-1,4.475E0,4.2E0));
#1522=CARTESIAN_POINT('',(-3.15E0,5.235E0,2.85E0));
#1523=DIRECTION('',(0.E0,0.E0,-1.E0));
#1524=DIRECTION('',(-1.E0,0.E0,0.E0));
#1525=AXIS2_PLACEMENT_3D('',#1522,#1523,#1524);
#1527=CARTESIAN_POINT('',(3.15E0,5.235E0,2.85E0));
#1528=DIRECTION('',(0.E0,0.E0,-1.E0));
#1529=DIRECTION('',(0.E0,1.E0,0.E0));
#1530=AXIS2_PLACEMENT_3D('',#1527,#1528,#1529);
#1532=DIRECTION('',(0.E0,-1.E0,0.E0));
#1533=VECTOR('',#1532,1.31E0);
#1534=CARTESIAN_POINT('',(1.155E0,5.985E0,2.85E0));
#1535=LINE('',#1534,#1533);
#1536=DIRECTION('',(-1.E0,0.E0,0.E0));
#1537=VECTOR('',#1536,1.91E0);
#1538=CARTESIAN_POINT('',(9.55E-1,4.475E0,2.85E0));
#1539=LINE('',#1538,#1537);
#1540=DIRECTION('',(0.E0,-1.E0,0.E0));
#1541=VECTOR('',#1540,1.31E0);
#1542=CARTESIAN_POINT('',(-1.155E0,5.985E0,2.85E0));
#1543=LINE('',#1542,#1541);
#1544=DIRECTION('',(0.E0,0.E0,-1.E0));
#1545=VECTOR('',#1544,7.4E0);
#1546=CARTESIAN_POINT('',(-3.15E0,5.985E0,1.025E1));
#1547=LINE('',#1546,#1545);
#1548=DIRECTION('',(1.E0,0.E0,0.E0));
#1549=VECTOR('',#1548,1.995E0);
#1550=CARTESIAN_POINT('',(-3.15E0,5.985E0,2.85E0));
#1551=LINE('',#1550,#1549);
#1552=DIRECTION('',(0.E0,0.E0,1.E0));
#1553=VECTOR('',#1552,6.25E0);
#1554=CARTESIAN_POINT('',(-1.155E0,5.985E0,2.85E0));
#1555=LINE('',#1554,#1553);
#1556=DIRECTION('',(1.E0,0.E0,0.E0));
#1557=VECTOR('',#1556,2.31E0);
#1558=CARTESIAN_POINT('',(-1.155E0,5.985E0,9.1E0));
#1559=LINE('',#1558,#1557);
#1560=DIRECTION('',(0.E0,0.E0,1.E0));
#1561=VECTOR('',#1560,6.25E0);
#1562=CARTESIAN_POINT('',(1.155E0,5.985E0,2.85E0));
#1563=LINE('',#1562,#1561);
#1564=DIRECTION('',(1.E0,0.E0,0.E0));
#1565=VECTOR('',#1564,1.995E0);
#1566=CARTESIAN_POINT('',(1.155E0,5.985E0,2.85E0));
#1567=LINE('',#1566,#1565);
#1568=DIRECTION('',(0.E0,0.E0,1.E0));
#1569=VECTOR('',#1568,7.4E0);
#1570=CARTESIAN_POINT('',(3.15E0,5.985E0,2.85E0));
#1571=LINE('',#1570,#1569);
#1572=DIRECTION('',(-6.283936814027E-5,7.935043115590E-4,-9.999996832010E-1));
#1573=VECTOR('',#1572,1.350084308078E0);
#1574=CARTESIAN_POINT('',(-1.154915161555E0,4.673928702281E0,4.200083880373E0));
#1575=LINE('',#1574,#1573);
#1576=CARTESIAN_POINT('',(-9.55E-1,4.475E0,4.2E0));
#1577=CARTESIAN_POINT('',(-9.766100142631E-1,4.475E0,4.2E0));
#1578=CARTESIAN_POINT('',(-1.017517938746E0,4.481627649490E0,4.200000802683E0));
#1579=CARTESIAN_POINT('',(-1.074592586246E0,4.510535407230E0,4.199997190610E0));
#1580=CARTESIAN_POINT('',(-1.119454019023E0,4.555410328340E0,4.200010434879E0));
#1581=CARTESIAN_POINT('',(-1.148411730914E0,4.612480976659E0,4.199961069875E0));
#1582=CARTESIAN_POINT('',(-1.154915161555E0,4.653390573402E0,4.200083880373E0));
#1583=CARTESIAN_POINT('',(-1.154915161555E0,4.673928702281E0,4.200083880373E0));
#1585=CARTESIAN_POINT('',(-9.55E-1,4.675E0,2.85E0));
#1586=DIRECTION('',(0.E0,0.E0,1.E0));
#1587=DIRECTION('',(-1.E0,0.E0,0.E0));
#1588=AXIS2_PLACEMENT_3D('',#1585,#1586,#1587);
#1590=DIRECTION('',(0.E0,-1.E0,0.E0));
#1591=VECTOR('',#1590,1.030073324667E0);
#1592=CARTESIAN_POINT('',(-1.155E0,5.985E0,9.1E0));
#1593=LINE('',#1592,#1591);
#1594=DIRECTION('',(-6.283936814027E-5,-7.935043115583E-4,9.999996832010E-1));
#1595=VECTOR('',#1594,1.350084308078E0);
#1596=CARTESIAN_POINT('',(1.155E0,4.675E0,2.85E0));
#1597=LINE('',#1596,#1595);
#1598=DIRECTION('',(0.E0,-1.E0,0.E0));
#1599=VECTOR('',#1598,1.030073324667E0);
#1600=CARTESIAN_POINT('',(1.155E0,5.985E0,9.1E0));
#1601=LINE('',#1600,#1599);
#1602=CARTESIAN_POINT('',(1.154915161555E0,4.673928702281E0,4.200083880373E0));
#1603=CARTESIAN_POINT('',(1.154915161555E0,4.694212685088E0,4.200083880373E0));
#1604=CARTESIAN_POINT('',(1.155039374781E0,4.734688353732E0,4.206441140044E0));
#1605=CARTESIAN_POINT('',(1.154989445935E0,4.791250527628E0,4.234774917998E0));
#1606=CARTESIAN_POINT('',(1.155002841479E0,4.836001527312E0,4.278738274710E0));
#1607=CARTESIAN_POINT('',(1.154999188149E0,4.865268760720E0,4.334802133205E0));
#1608=CARTESIAN_POINT('',(1.155E0,4.872454233117E0,4.375156949865E0));
#1609=CARTESIAN_POINT('',(1.155E0,4.872826943592E0,4.396509518713E0));
#1611=CARTESIAN_POINT('',(2.75E0,4.672857404561E0,4.4E0));
#1612=DIRECTION('',(-1.E0,0.E0,0.E0));
#1613=DIRECTION('',(0.E0,9.998476951564E-1,-1.745240643729E-2));
#1614=AXIS2_PLACEMENT_3D('',#1611,#1612,#1613);
#1616=CARTESIAN_POINT('',(2.75E0,4.672857404561E0,4.4E0));
#1617=DIRECTION('',(0.E0,1.745240643728E-2,9.998476951564E-1));
#1618=DIRECTION('',(1.E0,0.E0,0.E0));
#1619=AXIS2_PLACEMENT_3D('',#1616,#1617,#1618);
#1621=CARTESIAN_POINT('',(2.75E0,4.672857404561E0,4.4E0));
#1622=DIRECTION('',(0.E0,-1.E0,0.E0));
#1623=DIRECTION('',(0.E0,0.E0,-1.E0));
#1624=AXIS2_PLACEMENT_3D('',#1621,#1622,#1623);
#1626=CARTESIAN_POINT('',(2.75E0,4.975E0,1.025E1));
#1627=CARTESIAN_POINT('',(2.785210032341E0,4.975E0,1.025E1));
#1628=CARTESIAN_POINT('',(2.838324514318E0,4.959315815634E0,1.024268634472E1));
#1629=CARTESIAN_POINT('',(2.915505059124E0,4.901620638429E0,1.021578264175E1));
#1630=CARTESIAN_POINT('',(2.95E0,4.837150292480E0,1.018571962571E1));
#1631=CARTESIAN_POINT('',(2.95E0,4.773328039495E0,1.015595882038E1));
#1633=DIRECTION('',(0.E0,1.745240643728E-2,9.998476951564E-1));
#1634=VECTOR('',#1633,5.756835614329E0);
#1635=CARTESIAN_POINT('',(2.95E0,4.672857404561E0,4.4E0));
#1636=LINE('',#1635,#1634);
#1637=DIRECTION('',(0.E0,8.726535498374E-3,9.999619230642E-1));
#1638=VECTOR('',#1637,3.700140890027E0);
#1639=CARTESIAN_POINT('',(2.95E0,1.803398218279E0,4.4E0));
#1640=LINE('',#1639,#1638);
#1641=DIRECTION('',(0.E0,1.E0,0.E0));
#1642=VECTOR('',#1641,2.869459186282E0);
#1643=CARTESIAN_POINT('',(2.95E0,1.803398218279E0,4.4E0));
#1644=LINE('',#1643,#1642);
#1645=DIRECTION('',(1.E0,0.E0,0.E0));
#1646=VECTOR('',#1645,1.15E0);
#1647=CARTESIAN_POINT('',(-3.9E0,4.975E0,1.025E1));
#1648=LINE('',#1647,#1646);
#1649=DIRECTION('',(0.E0,-9.063077870366E-1,-4.226182617407E-1));
#1650=VECTOR('',#1649,1.720869215374E0);
#1651=CARTESIAN_POINT('',(-2.95E0,4.773328039495E0,1.015595882038E1));
#1652=LINE('',#1651,#1650);
#1653=DIRECTION('',(0.E0,-9.063077870367E-1,-4.226182617407E-1));
#1654=VECTOR('',#1653,1.720869215374E0);
#1655=CARTESIAN_POINT('',(2.95E0,4.773328039495E0,1.015595882038E1));
#1656=LINE('',#1655,#1654);
#1657=DIRECTION('',(1.E0,0.E0,0.E0));
#1658=VECTOR('',#1657,1.15E0);
#1659=CARTESIAN_POINT('',(2.75E0,4.975E0,1.025E1));
#1660=LINE('',#1659,#1658);
#1661=CARTESIAN_POINT('',(-3.15E0,5.235E0,1.025E1));
#1662=DIRECTION('',(0.E0,0.E0,1.E0));
#1663=DIRECTION('',(0.E0,1.E0,0.E0));
#1664=AXIS2_PLACEMENT_3D('',#1661,#1662,#1663);
#1666=DIRECTION('',(1.E0,0.E0,0.E0));
#1667=VECTOR('',#1666,6.3E0);
#1668=CARTESIAN_POINT('',(-3.15E0,5.985E0,1.025E1));
#1669=LINE('',#1668,#1667);
#1670=CARTESIAN_POINT('',(3.15E0,5.235E0,1.025E1));
#1671=DIRECTION('',(0.E0,0.E0,1.E0));
#1672=DIRECTION('',(1.E0,0.E0,0.E0));
#1673=AXIS2_PLACEMENT_3D('',#1670,#1671,#1672);
#1675=DIRECTION('',(1.E0,0.E0,0.E0));
#1676=VECTOR('',#1675,5.5E0);
#1677=CARTESIAN_POINT('',(-2.75E0,4.975E0,1.025E1));
#1678=LINE('',#1677,#1676);
#1679=DIRECTION('',(0.E0,0.E0,1.E0));
#1680=VECTOR('',#1679,7.4E0);
#1681=CARTESIAN_POINT('',(3.9E0,5.235E0,2.85E0));
#1682=LINE('',#1681,#1680);
#1683=DIRECTION('',(0.E0,1.E0,0.E0));
#1684=VECTOR('',#1683,2.56E0);
#1685=CARTESIAN_POINT('',(3.9E0,2.675E0,2.85E0));
#1686=LINE('',#1685,#1684);
#1687=DIRECTION('',(0.E0,-1.E0,0.E0));
#1688=VECTOR('',#1687,1.2E-1);
#1689=CARTESIAN_POINT('',(3.9E0,2.795E0,8.1E0));
#1690=LINE('',#1689,#1688);
#1691=CARTESIAN_POINT('',(3.9E0,2.795E0,8.23E0));
#1692=DIRECTION('',(-1.E0,0.E0,0.E0));
#1693=DIRECTION('',(0.E0,1.E0,0.E0));
#1694=AXIS2_PLACEMENT_3D('',#1691,#1692,#1693);
#1696=DIRECTION('',(0.E0,0.E0,-1.E0));
#1697=VECTOR('',#1696,7.455341703785E-1);
#1698=CARTESIAN_POINT('',(3.9E0,2.925E0,8.975534170379E0));
#1699=LINE('',#1698,#1697);
#1700=CARTESIAN_POINT('',(3.9E0,3.425E0,8.975534170379E0));
#1701=DIRECTION('',(1.E0,0.E0,0.E0));
#1702=DIRECTION('',(0.E0,-4.226182617407E-1,9.063077870366E-1));
#1703=AXIS2_PLACEMENT_3D('',#1700,#1701,#1702);
#1705=DIRECTION('',(0.E0,-9.063077870366E-1,-4.226182617407E-1));
#1706=VECTOR('',#1705,1.943389603469E0);
#1707=CARTESIAN_POINT('',(3.9E0,4.975E0,1.025E1));
#1708=LINE('',#1707,#1706);
#1709=DIRECTION('',(0.E0,-1.E0,0.E0));
#1710=VECTOR('',#1709,2.6E-1);
#1711=CARTESIAN_POINT('',(3.9E0,5.235E0,1.025E1));
#1712=LINE('',#1711,#1710);
#1713=DIRECTION('',(0.E0,0.E0,1.E0));
#1714=VECTOR('',#1713,1.12E1);
#1715=CARTESIAN_POINT('',(-1.02E1,2.675E0,-3.1E0));
#1716=LINE('',#1715,#1714);
#1717=DIRECTION('',(-1.E0,0.E0,0.E0));
#1718=VECTOR('',#1717,2.04E1);
#1719=CARTESIAN_POINT('',(1.02E1,2.675E0,-3.1E0));
#1720=LINE('',#1719,#1718);
#1721=DIRECTION('',(0.E0,0.E0,-1.E0));
#1722=VECTOR('',#1721,1.12E1);
#1723=CARTESIAN_POINT('',(1.02E1,2.675E0,8.1E0));
#1724=LINE('',#1723,#1722);
#1725=DIRECTION('',(1.E0,0.E0,0.E0));
#1726=VECTOR('',#1725,6.3E0);
#1727=CARTESIAN_POINT('',(3.9E0,2.675E0,8.1E0));
#1728=LINE('',#1727,#1726);
#1729=DIRECTION('',(0.E0,0.E0,-1.E0));
#1730=VECTOR('',#1729,5.25E0);
#1731=CARTESIAN_POINT('',(3.9E0,2.675E0,8.1E0));
#1732=LINE('',#1731,#1730);
#1733=DIRECTION('',(1.E0,0.E0,0.E0));
#1734=VECTOR('',#1733,7.8E0);
#1735=CARTESIAN_POINT('',(-3.9E0,2.675E0,2.85E0));
#1736=LINE('',#1735,#1734);
#1737=DIRECTION('',(0.E0,0.E0,-1.E0));
#1738=VECTOR('',#1737,5.25E0);
#1739=CARTESIAN_POINT('',(-3.9E0,2.675E0,8.1E0));
#1740=LINE('',#1739,#1738);
#1741=DIRECTION('',(1.E0,0.E0,0.E0));
#1742=VECTOR('',#1741,2.6E0);
#1743=CARTESIAN_POINT('',(-6.5E0,2.675E0,8.1E0));
#1744=LINE('',#1743,#1742);
#1745=DIRECTION('',(0.E0,0.E0,-1.E0));
#1746=VECTOR('',#1745,5.24E0);
#1747=CARTESIAN_POINT('',(-6.5E0,2.675E0,8.1E0));
#1748=LINE('',#1747,#1746);
#1749=DIRECTION('',(-1.E0,0.E0,0.E0));
#1750=VECTOR('',#1749,1.E0);
#1751=CARTESIAN_POINT('',(-6.5E0,2.675E0,2.86E0));
#1752=LINE('',#1751,#1750);
#1753=DIRECTION('',(0.E0,0.E0,-1.E0));
#1754=VECTOR('',#1753,5.24E0);
#1755=CARTESIAN_POINT('',(-7.5E0,2.675E0,8.1E0));
#1756=LINE('',#1755,#1754);
#1757=DIRECTION('',(1.E0,0.E0,0.E0));
#1758=VECTOR('',#1757,2.7E0);
#1759=CARTESIAN_POINT('',(-1.02E1,2.675E0,8.1E0));
#1760=LINE('',#1759,#1758);
#1761=DIRECTION('',(0.E0,1.E0,0.E0));
#1762=VECTOR('',#1761,2.175E0);
#1763=CARTESIAN_POINT('',(-1.04E1,-2.675E0,1.63E0));
#1764=LINE('',#1763,#1762);
#1765=DIRECTION('',(0.E0,0.E0,-1.E0));
#1766=VECTOR('',#1765,6.47E0);
#1767=CARTESIAN_POINT('',(-1.04E1,-5.E-1,8.1E0));
#1768=LINE('',#1767,#1766);
#1769=DIRECTION('',(0.E0,0.E0,1.E0));
#1770=VECTOR('',#1769,1.12E1);
#1771=CARTESIAN_POINT('',(-1.04E1,2.475E0,-3.1E0));
#1772=LINE('',#1771,#1770);
#1773=DIRECTION('',(0.E0,0.E0,-1.E0));
#1774=VECTOR('',#1773,6.47E0);
#1775=CARTESIAN_POINT('',(-1.04E1,5.E-1,8.1E0));
#1776=LINE('',#1775,#1774);
#1777=DIRECTION('',(0.E0,1.E0,0.E0));
#1778=VECTOR('',#1777,5.25E-1);
#1779=CARTESIAN_POINT('',(-1.04E1,5.E-1,1.63E0));
#1780=LINE('',#1779,#1778);
#1781=DIRECTION('',(0.E0,1.566058943358E-1,-9.876611736113E-1));
#1782=VECTOR('',#1781,4.789091771933E0);
#1783=CARTESIAN_POINT('',(-1.04E1,1.025E0,1.63E0));
#1784=LINE('',#1783,#1782);
#1785=DIRECTION('',(0.E0,1.E0,0.E0));
#1786=VECTOR('',#1785,7.E-1);
#1787=CARTESIAN_POINT('',(-1.04E1,1.775E0,-3.1E0));
#1788=LINE('',#1787,#1786);
#1789=DIRECTION('',(0.E0,1.E0,0.E0));
#1790=VECTOR('',#1789,2.E0);
#1791=CARTESIAN_POINT('',(-9.75E0,-2.5E0,1.63E0));
#1792=LINE('',#1791,#1790);
#1793=DIRECTION('',(0.E0,-1.E0,0.E0));
#1794=VECTOR('',#1793,3.525E0);
#1795=CARTESIAN_POINT('',(-9.25E0,1.025E0,1.63E0));
#1796=LINE('',#1795,#1794);
#1797=DIRECTION('',(-1.E0,0.E0,0.E0));
#1798=VECTOR('',#1797,5.E-1);
#1799=CARTESIAN_POINT('',(-9.25E0,-2.5E0,1.63E0));
#1800=LINE('',#1799,#1798);
#1801=DIRECTION('',(0.E0,1.E0,0.E0));
#1802=VECTOR('',#1801,5.25E-1);
#1803=CARTESIAN_POINT('',(-9.75E0,5.E-1,1.63E0));
#1804=LINE('',#1803,#1802);
#1805=DIRECTION('',(0.E0,1.E0,0.E0));
#1806=VECTOR('',#1805,2.225E0);
#1807=CARTESIAN_POINT('',(-9.75E0,-4.9E0,3.605E0));
#1808=LINE('',#1807,#1806);
#1809=DIRECTION('',(0.E0,9.805806756909E-1,1.961161351382E-1));
#1810=VECTOR('',#1809,1.019803902719E0);
#1811=CARTESIAN_POINT('',(-9.75E0,-5.9E0,3.405E0));
#1812=LINE('',#1811,#1810);
#1813=DIRECTION('',(0.E0,0.E0,1.E0));
#1814=VECTOR('',#1813,1.1E0);
#1815=CARTESIAN_POINT('',(-9.75E0,-5.9E0,2.305E0));
#1816=LINE('',#1815,#1814);
#1817=DIRECTION('',(0.E0,-9.805806756909E-1,1.961161351382E-1));
#1818=VECTOR('',#1817,1.019803902719E0);
#1819=CARTESIAN_POINT('',(-9.75E0,-4.9E0,2.105E0));
#1820=LINE('',#1819,#1818);
#1821=DIRECTION('',(0.E0,-1.E0,0.E0));
#1822=VECTOR('',#1821,2.225E0);
#1823=CARTESIAN_POINT('',(-9.75E0,-2.675E0,2.105E0));
#1824=LINE('',#1823,#1822);
#1825=DIRECTION('',(0.E0,0.E0,1.E0));
#1826=VECTOR('',#1825,4.725E0);
#1827=CARTESIAN_POINT('',(-9.75E0,-2.5E0,-3.095E0));
#1828=LINE('',#1827,#1826);
#1829=DIRECTION('',(0.E0,-1.E0,0.E0));
#1830=VECTOR('',#1829,1.5E0);
#1831=CARTESIAN_POINT('',(-9.75E0,-1.E0,-3.095E0));
#1832=LINE('',#1831,#1830);
#1833=DIRECTION('',(0.E0,0.E0,-1.E0));
#1834=VECTOR('',#1833,7.53E-1);
#1835=CARTESIAN_POINT('',(-9.75E0,-1.E0,-2.342E0));
#1836=LINE('',#1835,#1834);
#1837=DIRECTION('',(0.E0,-1.E0,0.E0));
#1838=VECTOR('',#1837,2.E0);
#1839=CARTESIAN_POINT('',(-9.75E0,1.E0,-2.342E0));
#1840=LINE('',#1839,#1838);
#1841=DIRECTION('',(0.E0,0.E0,1.E0));
#1842=VECTOR('',#1841,7.53E-1);
#1843=CARTESIAN_POINT('',(-9.75E0,1.E0,-3.095E0));
#1844=LINE('',#1843,#1842);
#1845=DIRECTION('',(0.E0,-1.E0,0.E0));
#1846=VECTOR('',#1845,7.742071881607E-1);
#1847=CARTESIAN_POINT('',(-9.75E0,1.774207188161E0,-3.095E0));
#1848=LINE('',#1847,#1846);
#1849=DIRECTION('',(0.E0,1.E0,0.E0));
#1850=VECTOR('',#1849,1.7E-1);
#1851=CARTESIAN_POINT('',(-9.75E0,3.3E-1,7.4E0));
#1852=LINE('',#1851,#1850);
#1853=DIRECTION('',(0.E0,0.E0,-1.E0));
#1854=VECTOR('',#1853,4.5E-1);
#1855=CARTESIAN_POINT('',(-9.75E0,3.3E-1,7.85E0));
#1856=LINE('',#1855,#1854);
#1857=DIRECTION('',(0.E0,1.E0,0.E0));
#1858=VECTOR('',#1857,6.6E-1);
#1859=CARTESIAN_POINT('',(-9.75E0,-3.3E-1,7.85E0));
#1860=LINE('',#1859,#1858);
#1861=DIRECTION('',(0.E0,0.E0,1.E0));
#1862=VECTOR('',#1861,4.5E-1);
#1863=CARTESIAN_POINT('',(-9.75E0,-3.3E-1,7.4E0));
#1864=LINE('',#1863,#1862);
#1865=DIRECTION('',(0.E0,1.E0,0.E0));
#1866=VECTOR('',#1865,1.7E-1);
#1867=CARTESIAN_POINT('',(-9.75E0,-5.E-1,7.4E0));
#1868=LINE('',#1867,#1866);
#1869=DIRECTION('',(-1.E0,0.E0,0.E0));
#1870=VECTOR('',#1869,5.E-1);
#1871=CARTESIAN_POINT('',(-9.25E0,-4.9E0,3.605E0));
#1872=LINE('',#1871,#1870);
#1873=DIRECTION('',(0.E0,-1.E0,0.E0));
#1874=VECTOR('',#1873,2.225E0);
#1875=CARTESIAN_POINT('',(-9.25E0,-2.675E0,2.105E0));
#1876=LINE('',#1875,#1874);
#1877=DIRECTION('',(0.E0,-9.805806756909E-1,1.961161351382E-1));
#1878=VECTOR('',#1877,1.019803902719E0);
#1879=CARTESIAN_POINT('',(-9.25E0,-4.9E0,2.105E0));
#1880=LINE('',#1879,#1878);
#1881=DIRECTION('',(0.E0,0.E0,1.E0));
#1882=VECTOR('',#1881,1.1E0);
#1883=CARTESIAN_POINT('',(-9.25E0,-5.9E0,2.305E0));
#1884=LINE('',#1883,#1882);
#1885=DIRECTION('',(0.E0,9.805806756909E-1,1.961161351382E-1));
#1886=VECTOR('',#1885,1.019803902719E0);
#1887=CARTESIAN_POINT('',(-9.25E0,-5.9E0,3.405E0));
#1888=LINE('',#1887,#1886);
#1889=DIRECTION('',(0.E0,1.E0,0.E0));
#1890=VECTOR('',#1889,2.225E0);
#1891=CARTESIAN_POINT('',(-9.25E0,-4.9E0,3.605E0));
#1892=LINE('',#1891,#1890);
#1893=DIRECTION('',(0.E0,-1.E0,0.E0));
#1894=VECTOR('',#1893,7.742071881607E-1);
#1895=CARTESIAN_POINT('',(-9.25E0,1.774207188161E0,-3.095E0));
#1896=LINE('',#1895,#1894);
#1897=DIRECTION('',(0.E0,0.E0,1.E0));
#1898=VECTOR('',#1897,7.53E-1);
#1899=CARTESIAN_POINT('',(-9.25E0,1.E0,-3.095E0));
#1900=LINE('',#1899,#1898);
#1901=DIRECTION('',(0.E0,-1.E0,0.E0));
#1902=VECTOR('',#1901,2.E0);
#1903=CARTESIAN_POINT('',(-9.25E0,1.E0,-2.342E0));
#1904=LINE('',#1903,#1902);
#1905=DIRECTION('',(0.E0,0.E0,-1.E0));
#1906=VECTOR('',#1905,7.53E-1);
#1907=CARTESIAN_POINT('',(-9.25E0,-1.E0,-2.342E0));
#1908=LINE('',#1907,#1906);
#1909=DIRECTION('',(0.E0,-1.E0,0.E0));
#1910=VECTOR('',#1909,1.5E0);
#1911=CARTESIAN_POINT('',(-9.25E0,-1.E0,-3.095E0));
#1912=LINE('',#1911,#1910);
#1913=DIRECTION('',(0.E0,0.E0,1.E0));
#1914=VECTOR('',#1913,4.725E0);
#1915=CARTESIAN_POINT('',(-9.25E0,-2.5E0,-3.095E0));
#1916=LINE('',#1915,#1914);
#1917=DIRECTION('',(-1.E0,0.E0,0.E0));
#1918=VECTOR('',#1917,5.E-1);
#1919=CARTESIAN_POINT('',(-9.25E0,-4.9E0,2.105E0));
#1920=LINE('',#1919,#1918);
#1921=DIRECTION('',(-1.E0,0.E0,0.E0));
#1922=VECTOR('',#1921,5.E-1);
#1923=CARTESIAN_POINT('',(-9.25E0,-5.9E0,2.305E0));
#1924=LINE('',#1923,#1922);
#1925=DIRECTION('',(-1.E0,0.E0,0.E0));
#1926=VECTOR('',#1925,5.E-1);
#1927=CARTESIAN_POINT('',(-9.25E0,-5.9E0,3.405E0));
#1928=LINE('',#1927,#1926);
#1929=DIRECTION('',(0.E0,1.566058943358E-1,-9.876611736113E-1));
#1930=VECTOR('',#1929,4.784029307058E0);
#1931=CARTESIAN_POINT('',(-9.75E0,1.025E0,1.63E0));
#1932=LINE('',#1931,#1930);
#1933=DIRECTION('',(-1.E0,0.E0,0.E0));
#1934=VECTOR('',#1933,5.E-1);
#1935=CARTESIAN_POINT('',(-9.25E0,1.774207188161E0,-3.095E0));
#1936=LINE('',#1935,#1934);
#1937=DIRECTION('',(0.E0,1.566058943358E-1,-9.876611736113E-1));
#1938=VECTOR('',#1937,4.784029307058E0);
#1939=CARTESIAN_POINT('',(-9.25E0,1.025E0,1.63E0));
#1940=LINE('',#1939,#1938);
#1941=DIRECTION('',(1.E0,0.E0,0.E0));
#1942=VECTOR('',#1941,1.000000000001E-2);
#1943=CARTESIAN_POINT('',(-9.25E0,1.025E0,1.63E0));
#1944=LINE('',#1943,#1942);
#1945=DIRECTION('',(1.E0,0.E0,0.E0));
#1946=VECTOR('',#1945,6.5E-1);
#1947=CARTESIAN_POINT('',(-1.04E1,1.025E0,1.63E0));
#1948=LINE('',#1947,#1946);
#1949=DIRECTION('',(-1.E0,0.E0,0.E0));
#1950=VECTOR('',#1949,5.E-1);
#1951=CARTESIAN_POINT('',(-9.25E0,1.E0,-3.095E0));
#1952=LINE('',#1951,#1950);
#1953=DIRECTION('',(-1.E0,0.E0,0.E0));
#1954=VECTOR('',#1953,5.E-1);
#1955=CARTESIAN_POINT('',(-9.25E0,1.E0,-2.342E0));
#1956=LINE('',#1955,#1954);
#1957=DIRECTION('',(-1.E0,0.E0,0.E0));
#1958=VECTOR('',#1957,5.E-1);
#1959=CARTESIAN_POINT('',(-9.25E0,-1.E0,-2.342E0));
#1960=LINE('',#1959,#1958);
#1961=DIRECTION('',(-1.E0,0.E0,0.E0));
#1962=VECTOR('',#1961,5.E-1);
#1963=CARTESIAN_POINT('',(-9.25E0,-1.E0,-3.095E0));
#1964=LINE('',#1963,#1962);
#1965=DIRECTION('',(-1.E0,0.E0,0.E0));
#1966=VECTOR('',#1965,5.E-1);
#1967=CARTESIAN_POINT('',(-9.25E0,-2.5E0,-3.095E0));
#1968=LINE('',#1967,#1966);
#1969=DIRECTION('',(0.E0,1.566058943358E-1,-9.876611736113E-1));
#1970=VECTOR('',#1969,4.789091771933E0);
#1971=CARTESIAN_POINT('',(-9.24E0,1.025E0,1.63E0));
#1972=LINE('',#1971,#1970);
#1973=DIRECTION('',(0.E0,1.E0,0.E0));
#1974=VECTOR('',#1973,3.7E0);
#1975=CARTESIAN_POINT('',(-9.24E0,-2.675E0,1.63E0));
#1976=LINE('',#1975,#1974);
#1977=DIRECTION('',(0.E0,0.E0,1.E0));
#1978=VECTOR('',#1977,5.77E0);
#1979=CARTESIAN_POINT('',(-9.75E0,-5.E-1,1.63E0));
#1980=LINE('',#1979,#1978);
#1981=DIRECTION('',(-1.E0,0.E0,0.E0));
#1982=VECTOR('',#1981,5.E-1);
#1983=CARTESIAN_POINT('',(-9.25E0,-5.E-1,7.4E0));
#1984=LINE('',#1983,#1982);
#1985=DIRECTION('',(1.E0,0.E0,0.E0));
#1986=VECTOR('',#1985,6.5E-1);
#1987=CARTESIAN_POINT('',(-1.04E1,-5.E-1,1.63E0));
#1988=LINE('',#1987,#1986);
#1989=DIRECTION('',(-1.E0,0.E0,0.E0));
#1990=VECTOR('',#1989,5.E-1);
#1991=CARTESIAN_POINT('',(-9.25E0,-3.3E-1,7.4E0));
#1992=LINE('',#1991,#1990);
#1993=DIRECTION('',(0.E0,1.E0,0.E0));
#1994=VECTOR('',#1993,1.7E-1);
#1995=CARTESIAN_POINT('',(-9.25E0,-5.E-1,7.4E0));
#1996=LINE('',#1995,#1994);
#1997=DIRECTION('',(0.E0,0.E0,1.E0));
#1998=VECTOR('',#1997,4.5E-1);
#1999=CARTESIAN_POINT('',(-9.25E0,-3.3E-1,7.4E0));
#2000=LINE('',#1999,#1998);
#2001=DIRECTION('',(0.E0,1.E0,0.E0));
#2002=VECTOR('',#2001,6.6E-1);
#2003=CARTESIAN_POINT('',(-9.25E0,-3.3E-1,7.85E0));
#2004=LINE('',#2003,#2002);
#2005=DIRECTION('',(0.E0,0.E0,-1.E0));
#2006=VECTOR('',#2005,4.5E-1);
#2007=CARTESIAN_POINT('',(-9.25E0,3.3E-1,7.85E0));
#2008=LINE('',#2007,#2006);
#2009=DIRECTION('',(0.E0,1.E0,0.E0));
#2010=VECTOR('',#2009,1.7E-1);
#2011=CARTESIAN_POINT('',(-9.25E0,3.3E-1,7.4E0));
#2012=LINE('',#2011,#2010);
#2013=DIRECTION('',(0.E0,0.E0,-1.E0));
#2014=VECTOR('',#2013,7.E-1);
#2015=CARTESIAN_POINT('',(-9.25E0,-5.E-1,8.1E0));
#2016=LINE('',#2015,#2014);
#2017=DIRECTION('',(-1.E0,0.E0,0.E0));
#2018=VECTOR('',#2017,5.E-1);
#2019=CARTESIAN_POINT('',(-9.25E0,-3.3E-1,7.85E0));
#2020=LINE('',#2019,#2018);
#2021=DIRECTION('',(-1.E0,0.E0,0.E0));
#2022=VECTOR('',#2021,5.E-1);
#2023=CARTESIAN_POINT('',(-9.25E0,3.3E-1,7.85E0));
#2024=LINE('',#2023,#2022);
#2025=DIRECTION('',(-1.E0,0.E0,0.E0));
#2026=VECTOR('',#2025,5.E-1);
#2027=CARTESIAN_POINT('',(-9.25E0,3.3E-1,7.4E0));
#2028=LINE('',#2027,#2026);
#2029=DIRECTION('',(0.E0,0.E0,1.E0));
#2030=VECTOR('',#2029,5.77E0);
#2031=CARTESIAN_POINT('',(-9.75E0,5.E-1,1.63E0));
#2032=LINE('',#2031,#2030);
#2033=DIRECTION('',(-1.E0,0.E0,0.E0));
#2034=VECTOR('',#2033,6.5E-1);
#2035=CARTESIAN_POINT('',(-9.75E0,5.E-1,1.63E0));
#2036=LINE('',#2035,#2034);
#2037=DIRECTION('',(0.E0,0.E0,-1.E0));
#2038=VECTOR('',#2037,7.E-1);
#2039=CARTESIAN_POINT('',(-9.25E0,5.E-1,8.1E0));
#2040=LINE('',#2039,#2038);
#2041=DIRECTION('',(-1.E0,0.E0,0.E0));
#2042=VECTOR('',#2041,5.E-1);
#2043=CARTESIAN_POINT('',(-9.25E0,5.E-1,7.4E0));
#2044=LINE('',#2043,#2042);
#2045=DIRECTION('',(0.E0,0.E0,-1.E0));
#2046=VECTOR('',#2045,7.4E0);
#2047=CARTESIAN_POINT('',(-3.9E0,5.235E0,1.025E1));
#2048=LINE('',#2047,#2046);
#2049=DIRECTION('',(0.E0,-1.E0,0.E0));
#2050=VECTOR('',#2049,2.6E-1);
#2051=CARTESIAN_POINT('',(-3.9E0,5.235E0,1.025E1));
#2052=LINE('',#2051,#2050);
#2053=DIRECTION('',(0.E0,-9.063077870366E-1,-4.226182617407E-1));
#2054=VECTOR('',#2053,1.943389603469E0);
#2055=CARTESIAN_POINT('',(-3.9E0,4.975E0,1.025E1));
#2056=LINE('',#2055,#2054);
#2057=CARTESIAN_POINT('',(-3.9E0,3.425E0,8.975534170379E0));
#2058=DIRECTION('',(1.E0,0.E0,0.E0));
#2059=DIRECTION('',(0.E0,-4.226182617407E-1,9.063077870366E-1));
#2060=AXIS2_PLACEMENT_3D('',#2057,#2058,#2059);
#2062=DIRECTION('',(0.E0,0.E0,-1.E0));
#2063=VECTOR('',#2062,7.455341703785E-1);
#2064=CARTESIAN_POINT('',(-3.9E0,2.925E0,8.975534170379E0));
#2065=LINE('',#2064,#2063);
#2066=CARTESIAN_POINT('',(-3.9E0,2.795E0,8.23E0));
#2067=DIRECTION('',(-1.E0,0.E0,0.E0));
#2068=DIRECTION('',(0.E0,1.E0,0.E0));
#2069=AXIS2_PLACEMENT_3D('',#2066,#2067,#2068);
#2071=DIRECTION('',(0.E0,-1.E0,0.E0));
#2072=VECTOR('',#2071,1.2E-1);
#2073=CARTESIAN_POINT('',(-3.9E0,2.795E0,8.1E0));
#2074=LINE('',#2073,#2072);
#2075=DIRECTION('',(0.E0,1.E0,0.E0));
#2076=VECTOR('',#2075,2.56E0);
#2077=CARTESIAN_POINT('',(-3.9E0,2.675E0,2.85E0));
#2078=LINE('',#2077,#2076);
#2079=CARTESIAN_POINT('',(-2.95E0,3.425E0,8.975534170379E0));
#2080=DIRECTION('',(1.E0,0.E0,0.E0));
#2081=DIRECTION('',(0.E0,-4.226182617407E-1,9.063077870366E-1));
#2082=AXIS2_PLACEMENT_3D('',#2079,#2080,#2081);
#2084=DIRECTION('',(1.E0,0.E0,0.E0));
#2085=VECTOR('',#2084,9.5E-1);
#2086=CARTESIAN_POINT('',(-3.9E0,3.213690869130E0,9.428688063897E0));
#2087=LINE('',#2086,#2085);
#2088=CARTESIAN_POINT('',(2.95E0,3.425E0,8.975534170379E0));
#2089=DIRECTION('',(1.E0,0.E0,0.E0));
#2090=DIRECTION('',(0.E0,-4.226182617407E-1,9.063077870366E-1));
#2091=AXIS2_PLACEMENT_3D('',#2088,#2089,#2090);
#2093=DIRECTION('',(1.E0,0.E0,0.E0));
#2094=VECTOR('',#2093,9.5E-1);
#2095=CARTESIAN_POINT('',(2.95E0,3.213690869130E0,9.428688063897E0));
#2096=LINE('',#2095,#2094);
#2097=DIRECTION('',(0.E0,0.E0,-1.E0));
#2098=VECTOR('',#2097,7.455341703785E-1);
#2099=CARTESIAN_POINT('',(-2.95E0,2.925E0,8.975534170379E0));
#2100=LINE('',#2099,#2098);
#2101=DIRECTION('',(1.E0,0.E0,0.E0));
#2102=VECTOR('',#2101,9.5E-1);
#2103=CARTESIAN_POINT('',(-3.9E0,2.925E0,8.975534170379E0));
#2104=LINE('',#2103,#2102);
#2105=DIRECTION('',(0.E0,0.E0,-1.E0));
#2106=VECTOR('',#2105,7.455341703785E-1);
#2107=CARTESIAN_POINT('',(2.95E0,2.925E0,8.975534170379E0));
#2108=LINE('',#2107,#2106);
#2109=DIRECTION('',(1.E0,0.E0,0.E0));
#2110=VECTOR('',#2109,9.5E-1);
#2111=CARTESIAN_POINT('',(2.95E0,2.925E0,8.975534170379E0));
#2112=LINE('',#2111,#2110);
#2113=CARTESIAN_POINT('',(-2.95E0,2.795E0,8.23E0));
#2114=DIRECTION('',(1.E0,0.E0,0.E0));
#2115=DIRECTION('',(0.E0,0.E0,-1.E0));
#2116=AXIS2_PLACEMENT_3D('',#2113,#2114,#2115);
#2118=DIRECTION('',(1.E0,0.E0,0.E0));
#2119=VECTOR('',#2118,9.5E-1);
#2120=CARTESIAN_POINT('',(-3.9E0,2.925E0,8.23E0));
#2121=LINE('',#2120,#2119);
#2122=CARTESIAN_POINT('',(2.95E0,2.795E0,8.23E0));
#2123=DIRECTION('',(1.E0,0.E0,0.E0));
#2124=DIRECTION('',(0.E0,0.E0,-1.E0));
#2125=AXIS2_PLACEMENT_3D('',#2122,#2123,#2124);
#2127=DIRECTION('',(1.E0,0.E0,0.E0));
#2128=VECTOR('',#2127,9.5E-1);
#2129=CARTESIAN_POINT('',(2.95E0,2.925E0,8.23E0));
#2130=LINE('',#2129,#2128);
#2131=DIRECTION('',(0.E0,0.E0,1.E0));
#2132=VECTOR('',#2131,5.24E0);
#2133=CARTESIAN_POINT('',(-7.5E0,2.575E0,2.86E0));
#2134=LINE('',#2133,#2132);
#2135=DIRECTION('',(-1.E0,0.E0,0.E0));
#2136=VECTOR('',#2135,1.E0);
#2137=CARTESIAN_POINT('',(-6.5E0,2.575E0,2.86E0));
#2138=LINE('',#2137,#2136);
#2139=DIRECTION('',(0.E0,0.E0,-1.E0));
#2140=VECTOR('',#2139,5.24E0);
#2141=CARTESIAN_POINT('',(-6.5E0,2.575E0,8.1E0));
#2142=LINE('',#2141,#2140);
#2143=DIRECTION('',(0.E0,-1.E0,0.E0));
#2144=VECTOR('',#2143,1.E-1);
#2145=CARTESIAN_POINT('',(-7.5E0,2.675E0,2.86E0));
#2146=LINE('',#2145,#2144);
#2147=DIRECTION('',(0.E0,-1.E0,0.E0));
#2148=VECTOR('',#2147,1.E-1);
#2149=CARTESIAN_POINT('',(-6.5E0,2.675E0,2.86E0));
#2150=LINE('',#2149,#2148);
#2151=DIRECTION('',(8.726203243944E-3,-8.726203243944E-3,-9.999238504776E-1));
#2152=VECTOR('',#2151,4.200319852351E0);
#2153=CARTESIAN_POINT('',(1.943347155279E0,1.801652844721E0,4.2E0));
#2154=LINE('',#2153,#2152);
#2155=CARTESIAN_POINT('',(2.95E0,1.803398218279E0,4.4E0));
#2156=CARTESIAN_POINT('',(2.95E0,1.802816438170E0,4.333334602565E0));
#2157=CARTESIAN_POINT('',(2.899510321725E0,1.802093477920E0,4.250491563476E0));
#2158=CARTESIAN_POINT('',(2.816667935946E0,1.801652844721E0,4.2E0));
#2159=CARTESIAN_POINT('',(2.75E0,1.801652844721E0,4.2E0));
#2161=DIRECTION('',(-8.726203243944E-3,-8.726203243944E-3,-9.999238504776E-1));
#2162=VECTOR('',#2161,8.100616858105E0);
#2163=CARTESIAN_POINT('',(5.090687629105E0,1.835687629105E0,8.1E0));
#2164=LINE('',#2163,#2162);
#2165=DIRECTION('',(-8.726203243944E-3,8.726203243944E-3,-9.999238504776E-1));
#2166=VECTOR('',#2165,8.100616858105E0);
#2167=CARTESIAN_POINT('',(5.090687629105E0,-1.345687629105E0,8.1E0));
#2168=LINE('',#2167,#2166);
#2169=DIRECTION('',(8.726203243944E-3,8.726203243944E-3,-9.999238504776E-1));
#2170=VECTOR('',#2169,8.100616858105E0);
#2171=CARTESIAN_POINT('',(1.909312370895E0,-1.345687629105E0,8.1E0));
#2172=LINE('',#2171,#2170);
#2173=DIRECTION('',(8.726535498374E-3,0.E0,-9.999619230642E-1));
#2174=VECTOR('',#2173,3.900148505704E0);
#2175=CARTESIAN_POINT('',(-1.590687629105E0,1.729396857184E0,8.1E0));
#2176=LINE('',#2175,#2174);
#2177=DIRECTION('',(-8.726535498374E-3,0.E0,-9.999619230642E-1));
#2178=VECTOR('',#2177,3.900148505704E0);
#2179=CARTESIAN_POINT('',(-1.909312370895E0,1.729396857184E0,8.1E0));
#2180=LINE('',#2179,#2178);
#2181=DIRECTION('',(8.726535498374E-3,0.E0,-9.999619230642E-1));
#2182=VECTOR('',#2181,3.900148505704E0);
#2183=CARTESIAN_POINT('',(1.909312370895E0,1.729396857184E0,8.1E0));
#2184=LINE('',#2183,#2182);
#2185=DIRECTION('',(-8.726535498374E-3,0.E0,-9.999619230642E-1));
#2186=VECTOR('',#2185,3.900148505704E0);
#2187=CARTESIAN_POINT('',(1.590687629105E0,1.729396857184E0,8.1E0));
#2188=LINE('',#2187,#2186);
#2189=DIRECTION('',(8.726203243944E-3,8.726203243944E-3,-9.999238504776E-1));
#2190=VECTOR('',#2189,8.100616858105E0);
#2191=CARTESIAN_POINT('',(-1.590687629105E0,-1.345687629105E0,8.1E0));
#2192=LINE('',#2191,#2190);
#2193=DIRECTION('',(8.726203243944E-3,-8.726203243944E-3,-9.999238504776E-1));
#2194=VECTOR('',#2193,4.200319852351E0);
#2195=CARTESIAN_POINT('',(-1.556652844721E0,1.801652844721E0,4.2E0));
#2196=LINE('',#2195,#2194);
#2197=DIRECTION('',(-8.726203243944E-3,-8.726203243944E-3,-9.999238504776E-1));
#2198=VECTOR('',#2197,4.200319852351E0);
#2199=CARTESIAN_POINT('',(1.556652844721E0,1.801652844721E0,4.2E0));
#2200=LINE('',#2199,#2198);
#2201=DIRECTION('',(-8.726203243944E-3,8.726203243944E-3,-9.999238504776E-1));
#2202=VECTOR('',#2201,8.100616858105E0);
#2203=CARTESIAN_POINT('',(1.590687629105E0,-1.345687629105E0,8.1E0));
#2204=LINE('',#2203,#2202);
#2205=DIRECTION('',(0.E0,1.E0,0.E0));
#2206=VECTOR('',#2205,3.04E0);
#2207=CARTESIAN_POINT('',(-1.52E0,-1.275E0,0.E0));
#2208=LINE('',#2207,#2206);
#2209=DIRECTION('',(1.E0,0.E0,0.E0));
#2210=VECTOR('',#2209,3.04E0);
#2211=CARTESIAN_POINT('',(-1.52E0,1.765E0,0.E0));
#2212=LINE('',#2211,#2210);
#2213=DIRECTION('',(0.E0,-1.E0,0.E0));
#2214=VECTOR('',#2213,3.04E0);
#2215=CARTESIAN_POINT('',(1.52E0,1.765E0,0.E0));
#2216=LINE('',#2215,#2214);
#2217=DIRECTION('',(-1.E0,0.E0,0.E0));
#2218=VECTOR('',#2217,3.04E0);
#2219=CARTESIAN_POINT('',(1.52E0,-1.275E0,0.E0));
#2220=LINE('',#2219,#2218);
#2221=DIRECTION('',(0.E0,1.E0,0.E0));
#2222=VECTOR('',#2221,6.35E-1);
#2223=CARTESIAN_POINT('',(-3.175E-1,-7.25E-2,0.E0));
#2224=LINE('',#2223,#2222);
#2225=DIRECTION('',(1.E0,0.E0,0.E0));
#2226=VECTOR('',#2225,6.35E-1);
#2227=CARTESIAN_POINT('',(-3.175E-1,-7.25E-2,0.E0));
#2228=LINE('',#2227,#2226);
#2229=DIRECTION('',(0.E0,1.E0,0.E0));
#2230=VECTOR('',#2229,6.35E-1);
#2231=CARTESIAN_POINT('',(3.175E-1,-7.25E-2,0.E0));
#2232=LINE('',#2231,#2230);
#2233=DIRECTION('',(1.E0,0.E0,0.E0));
#2234=VECTOR('',#2233,6.35E-1);
#2235=CARTESIAN_POINT('',(-3.175E-1,5.625E-1,0.E0));
#2236=LINE('',#2235,#2234);
#2237=DIRECTION('',(0.E0,1.E0,0.E0));
#2238=VECTOR('',#2237,6.35E-1);
#2239=CARTESIAN_POINT('',(-3.175E-1,-7.25E-2,5.6E0));
#2240=LINE('',#2239,#2238);
#2241=DIRECTION('',(0.E0,0.E0,-1.E0));
#2242=VECTOR('',#2241,5.6E0);
#2243=CARTESIAN_POINT('',(-3.175E-1,-7.25E-2,5.6E0));
#2244=LINE('',#2243,#2242);
#2245=DIRECTION('',(0.E0,0.E0,1.E0));
#2246=VECTOR('',#2245,5.6E0);
#2247=CARTESIAN_POINT('',(-3.175E-1,5.625E-1,0.E0));
#2248=LINE('',#2247,#2246);
#2249=DIRECTION('',(0.E0,0.E0,1.E0));
#2250=VECTOR('',#2249,6.35E-1);
#2251=CARTESIAN_POINT('',(-3.175E-1,-5.375E0,-5.3775E0));
#2252=LINE('',#2251,#2250);
#2253=DIRECTION('',(0.E0,1.E0,0.E0));
#2254=VECTOR('',#2253,4.8025E0);
#2255=CARTESIAN_POINT('',(-3.175E-1,-5.375E0,-5.3775E0));
#2256=LINE('',#2255,#2254);
#2257=CARTESIAN_POINT('',(-3.175E-1,-5.725E-1,-4.2425E0));
#2258=DIRECTION('',(1.E0,0.E0,0.E0));
#2259=DIRECTION('',(0.E0,0.E0,-1.E0));
#2260=AXIS2_PLACEMENT_3D('',#2257,#2258,#2259);
#2262=DIRECTION('',(0.E0,0.E0,1.E0));
#2263=VECTOR('',#2262,1.1425E0);
#2264=CARTESIAN_POINT('',(-3.175E-1,5.625E-1,-4.2425E0));
#2265=LINE('',#2264,#2263);
#2266=DIRECTION('',(0.E0,0.E0,-1.E0));
#2267=VECTOR('',#2266,1.1425E0);
#2268=CARTESIAN_POINT('',(-3.175E-1,-7.25E-2,-3.1E0));
#2269=LINE('',#2268,#2267);
#2270=CARTESIAN_POINT('',(-3.175E-1,-5.725E-1,-4.2425E0));
#2271=DIRECTION('',(-1.E0,0.E0,0.E0));
#2272=DIRECTION('',(0.E0,1.E0,0.E0));
#2273=AXIS2_PLACEMENT_3D('',#2270,#2271,#2272);
#2275=DIRECTION('',(0.E0,-1.E0,0.E0));
#2276=VECTOR('',#2275,4.8025E0);
#2277=CARTESIAN_POINT('',(-3.175E-1,-5.725E-1,-4.7425E0));
#2278=LINE('',#2277,#2276);
#2279=DIRECTION('',(-1.E0,0.E0,0.E0));
#2280=VECTOR('',#2279,2.35E-1);
#2281=CARTESIAN_POINT('',(1.175E-1,3.625E-1,6.4E0));
#2282=LINE('',#2281,#2280);
#2283=DIRECTION('',(0.E0,-1.E0,0.E0));
#2284=VECTOR('',#2283,2.35E-1);
#2285=CARTESIAN_POINT('',(1.175E-1,3.625E-1,6.4E0));
#2286=LINE('',#2285,#2284);
#2287=DIRECTION('',(-1.E0,0.E0,0.E0));
#2288=VECTOR('',#2287,2.35E-1);
#2289=CARTESIAN_POINT('',(1.175E-1,1.275E-1,6.4E0));
#2290=LINE('',#2289,#2288);
#2291=DIRECTION('',(0.E0,1.E0,0.E0));
#2292=VECTOR('',#2291,2.35E-1);
#2293=CARTESIAN_POINT('',(-1.175E-1,1.275E-1,6.4E0));
#2294=LINE('',#2293,#2292);
#2295=DIRECTION('',(2.357022603955E-1,-2.357022603955E-1,9.428090415821E-1));
#2296=VECTOR('',#2295,8.485281374239E-1);
#2297=CARTESIAN_POINT('',(-3.175E-1,5.625E-1,5.6E0));
#2298=LINE('',#2297,#2296);
#2299=DIRECTION('',(2.357022603955E-1,2.357022603955E-1,-9.428090415821E-1));
#2300=VECTOR('',#2299,8.485281374239E-1);
#2301=CARTESIAN_POINT('',(1.175E-1,3.625E-1,6.4E0));
#2302=LINE('',#2301,#2300);
#2303=DIRECTION('',(1.E0,0.E0,0.E0));
#2304=VECTOR('',#2303,6.35E-1);
#2305=CARTESIAN_POINT('',(-3.175E-1,5.625E-1,-4.2425E0));
#2306=LINE('',#2305,#2304);
#2307=DIRECTION('',(-1.E0,0.E0,0.E0));
#2308=VECTOR('',#2307,6.35E-1);
#2309=CARTESIAN_POINT('',(3.175E-1,5.625E-1,5.6E0));
#2310=LINE('',#2309,#2308);
#2311=DIRECTION('',(1.E0,0.E0,0.E0));
#2312=VECTOR('',#2311,6.35E-1);
#2313=CARTESIAN_POINT('',(-3.175E-1,-5.725E-1,-5.3775E0));
#2314=LINE('',#2313,#2312);
#2315=DIRECTION('',(-1.E0,0.E0,0.E0));
#2316=VECTOR('',#2315,6.35E-1);
#2317=CARTESIAN_POINT('',(3.175E-1,-5.375E0,-5.3775E0));
#2318=LINE('',#2317,#2316);
#2319=DIRECTION('',(-2.357022603955E-1,9.428090415821E-1,-2.357022603955E-1));
#2320=VECTOR('',#2319,8.485281374239E-1);
#2321=CARTESIAN_POINT('',(-1.175E-1,-6.175E0,-5.1775E0));
#2322=LINE('',#2321,#2320);
#2323=DIRECTION('',(-2.357022603955E-1,-9.428090415821E-1,2.357022603955E-1));
#2324=VECTOR('',#2323,8.485281374239E-1);
#2325=CARTESIAN_POINT('',(3.175E-1,-5.375E0,-5.3775E0));
#2326=LINE('',#2325,#2324);
#2327=DIRECTION('',(-2.357022603955E-1,9.428090415821E-1,2.357022603955E-1));
#2328=VECTOR('',#2327,8.485281374239E-1);
#2329=CARTESIAN_POINT('',(-1.175E-1,-6.175E0,-4.9425E0));
#2330=LINE('',#2329,#2328);
#2331=DIRECTION('',(2.357022603955E-1,9.428090415821E-1,2.357022603955E-1));
#2332=VECTOR('',#2331,8.485281374239E-1);
#2333=CARTESIAN_POINT('',(1.175E-1,-6.175E0,-4.9425E0));
#2334=LINE('',#2333,#2332);
#2335=DIRECTION('',(-1.E0,0.E0,0.E0));
#2336=VECTOR('',#2335,6.35E-1);
#2337=CARTESIAN_POINT('',(3.175E-1,-5.375E0,-4.7425E0));
#2338=LINE('',#2337,#2336);
#2339=DIRECTION('',(1.E0,0.E0,0.E0));
#2340=VECTOR('',#2339,6.35E-1);
#2341=CARTESIAN_POINT('',(-3.175E-1,-5.725E-1,-4.7425E0));
#2342=LINE('',#2341,#2340);
#2343=DIRECTION('',(1.E0,0.E0,0.E0));
#2344=VECTOR('',#2343,6.35E-1);
#2345=CARTESIAN_POINT('',(-3.175E-1,-7.25E-2,-4.2425E0));
#2346=LINE('',#2345,#2344);
#2347=DIRECTION('',(-1.E0,0.E0,0.E0));
#2348=VECTOR('',#2347,6.35E-1);
#2349=CARTESIAN_POINT('',(3.175E-1,-7.25E-2,5.6E0));
#2350=LINE('',#2349,#2348);
#2351=DIRECTION('',(0.E0,-1.E0,0.E0));
#2352=VECTOR('',#2351,6.35E-1);
#2353=CARTESIAN_POINT('',(3.175E-1,5.625E-1,5.6E0));
#2354=LINE('',#2353,#2352);
#2355=DIRECTION('',(0.E0,0.E0,1.E0));
#2356=VECTOR('',#2355,5.6E0);
#2357=CARTESIAN_POINT('',(3.175E-1,5.625E-1,0.E0));
#2358=LINE('',#2357,#2356);
#2359=DIRECTION('',(0.E0,0.E0,-1.E0));
#2360=VECTOR('',#2359,5.6E0);
#2361=CARTESIAN_POINT('',(3.175E-1,-7.25E-2,5.6E0));
#2362=LINE('',#2361,#2360);
#2363=DIRECTION('',(0.E0,0.E0,-1.E0));
#2364=VECTOR('',#2363,6.35E-1);
#2365=CARTESIAN_POINT('',(3.175E-1,-5.375E0,-4.7425E0));
#2366=LINE('',#2365,#2364);
#2367=DIRECTION('',(0.E0,-1.E0,0.E0));
#2368=VECTOR('',#2367,4.8025E0);
#2369=CARTESIAN_POINT('',(3.175E-1,-5.725E-1,-4.7425E0));
#2370=LINE('',#2369,#2368);
#2371=CARTESIAN_POINT('',(3.175E-1,-5.725E-1,-4.2425E0));
#2372=DIRECTION('',(-1.E0,0.E0,0.E0));
#2373=DIRECTION('',(0.E0,1.E0,0.E0));
#2374=AXIS2_PLACEMENT_3D('',#2371,#2372,#2373);
#2376=DIRECTION('',(0.E0,0.E0,-1.E0));
#2377=VECTOR('',#2376,1.1425E0);
#2378=CARTESIAN_POINT('',(3.175E-1,-7.25E-2,-3.1E0));
#2379=LINE('',#2378,#2377);
#2380=DIRECTION('',(0.E0,0.E0,1.E0));
#2381=VECTOR('',#2380,1.1425E0);
#2382=CARTESIAN_POINT('',(3.175E-1,5.625E-1,-4.2425E0));
#2383=LINE('',#2382,#2381);
#2384=CARTESIAN_POINT('',(3.175E-1,-5.725E-1,-4.2425E0));
#2385=DIRECTION('',(1.E0,0.E0,0.E0));
#2386=DIRECTION('',(0.E0,0.E0,-1.E0));
#2387=AXIS2_PLACEMENT_3D('',#2384,#2385,#2386);
#2389=DIRECTION('',(0.E0,1.E0,0.E0));
#2390=VECTOR('',#2389,4.8025E0);
#2391=CARTESIAN_POINT('',(3.175E-1,-5.375E0,-5.3775E0));
#2392=LINE('',#2391,#2390);
#2393=DIRECTION('',(-2.357022603955E-1,-2.357022603955E-1,-9.428090415821E-1));
#2394=VECTOR('',#2393,8.485281374239E-1);
#2395=CARTESIAN_POINT('',(-1.175E-1,1.275E-1,6.4E0));
#2396=LINE('',#2395,#2394);
#2397=DIRECTION('',(-2.357022603955E-1,2.357022603955E-1,9.428090415821E-1));
#2398=VECTOR('',#2397,8.485281374239E-1);
#2399=CARTESIAN_POINT('',(3.175E-1,-7.25E-2,5.6E0));
#2400=LINE('',#2399,#2398);
#2401=DIRECTION('',(-1.E0,0.E0,0.E0));
#2402=VECTOR('',#2401,2.35E-1);
#2403=CARTESIAN_POINT('',(1.175E-1,-6.175E0,-5.1775E0));
#2404=LINE('',#2403,#2402);
#2405=DIRECTION('',(0.E0,0.E0,1.E0));
#2406=VECTOR('',#2405,2.35E-1);
#2407=CARTESIAN_POINT('',(-1.175E-1,-6.175E0,-5.1775E0));
#2408=LINE('',#2407,#2406);
#2409=DIRECTION('',(-1.E0,0.E0,0.E0));
#2410=VECTOR('',#2409,2.35E-1);
#2411=CARTESIAN_POINT('',(1.175E-1,-6.175E0,-4.9425E0));
#2412=LINE('',#2411,#2410);
#2413=DIRECTION('',(0.E0,0.E0,-1.E0));
#2414=VECTOR('',#2413,2.35E-1);
#2415=CARTESIAN_POINT('',(1.175E-1,-6.175E0,-4.9425E0));
#2416=LINE('',#2415,#2414);
#2417=DIRECTION('',(-8.726203243944E-3,-8.726203243944E-3,-9.999238504776E-1));
#2418=VECTOR('',#2417,4.200319852351E0);
#2419=CARTESIAN_POINT('',(-1.943347155279E0,1.801652844721E0,4.2E0));
#2420=LINE('',#2419,#2418);
#2421=DIRECTION('',(-8.726203243944E-3,8.726203243944E-3,-9.999238504776E-1));
#2422=VECTOR('',#2421,8.100616858105E0);
#2423=CARTESIAN_POINT('',(-1.909312370895E0,-1.345687629105E0,8.1E0));
#2424=LINE('',#2423,#2422);
#2425=DIRECTION('',(0.E0,1.E0,0.E0));
#2426=VECTOR('',#2425,3.04E0);
#2427=CARTESIAN_POINT('',(1.98E0,-1.275E0,0.E0));
#2428=LINE('',#2427,#2426);
#2429=DIRECTION('',(1.E0,0.E0,0.E0));
#2430=VECTOR('',#2429,3.04E0);
#2431=CARTESIAN_POINT('',(1.98E0,1.765E0,0.E0));
#2432=LINE('',#2431,#2430);
#2433=DIRECTION('',(0.E0,-1.E0,0.E0));
#2434=VECTOR('',#2433,3.04E0);
#2435=CARTESIAN_POINT('',(5.02E0,1.765E0,0.E0));
#2436=LINE('',#2435,#2434);
#2437=DIRECTION('',(-1.E0,0.E0,0.E0));
#2438=VECTOR('',#2437,3.04E0);
#2439=CARTESIAN_POINT('',(5.02E0,-1.275E0,0.E0));
#2440=LINE('',#2439,#2438);
#2441=DIRECTION('',(0.E0,1.E0,0.E0));
#2442=VECTOR('',#2441,6.35E-1);
#2443=CARTESIAN_POINT('',(3.1825E0,-7.25E-2,0.E0));
#2444=LINE('',#2443,#2442);
#2445=DIRECTION('',(1.E0,0.E0,0.E0));
#2446=VECTOR('',#2445,6.35E-1);
#2447=CARTESIAN_POINT('',(3.1825E0,-7.25E-2,0.E0));
#2448=LINE('',#2447,#2446);
#2449=DIRECTION('',(0.E0,1.E0,0.E0));
#2450=VECTOR('',#2449,6.35E-1);
#2451=CARTESIAN_POINT('',(3.8175E0,-7.25E-2,0.E0));
#2452=LINE('',#2451,#2450);
#2453=DIRECTION('',(1.E0,0.E0,0.E0));
#2454=VECTOR('',#2453,6.35E-1);
#2455=CARTESIAN_POINT('',(3.1825E0,5.625E-1,0.E0));
#2456=LINE('',#2455,#2454);
#2457=DIRECTION('',(0.E0,1.E0,0.E0));
#2458=VECTOR('',#2457,6.35E-1);
#2459=CARTESIAN_POINT('',(3.1825E0,-7.25E-2,5.6E0));
#2460=LINE('',#2459,#2458);
#2461=DIRECTION('',(0.E0,0.E0,-1.E0));
#2462=VECTOR('',#2461,5.6E0);
#2463=CARTESIAN_POINT('',(3.1825E0,-7.25E-2,5.6E0));
#2464=LINE('',#2463,#2462);
#2465=DIRECTION('',(0.E0,0.E0,1.E0));
#2466=VECTOR('',#2465,5.6E0);
#2467=CARTESIAN_POINT('',(3.1825E0,5.625E-1,0.E0));
#2468=LINE('',#2467,#2466);
#2469=DIRECTION('',(0.E0,0.E0,1.E0));
#2470=VECTOR('',#2469,6.35E-1);
#2471=CARTESIAN_POINT('',(3.1825E0,-5.375E0,-5.3775E0));
#2472=LINE('',#2471,#2470);
#2473=DIRECTION('',(0.E0,1.E0,0.E0));
#2474=VECTOR('',#2473,4.8025E0);
#2475=CARTESIAN_POINT('',(3.1825E0,-5.375E0,-5.3775E0));
#2476=LINE('',#2475,#2474);
#2477=CARTESIAN_POINT('',(3.1825E0,-5.725E-1,-4.2425E0));
#2478=DIRECTION('',(1.E0,0.E0,0.E0));
#2479=DIRECTION('',(0.E0,0.E0,-1.E0));
#2480=AXIS2_PLACEMENT_3D('',#2477,#2478,#2479);
#2482=DIRECTION('',(0.E0,0.E0,1.E0));
#2483=VECTOR('',#2482,1.1425E0);
#2484=CARTESIAN_POINT('',(3.1825E0,5.625E-1,-4.2425E0));
#2485=LINE('',#2484,#2483);
#2486=DIRECTION('',(0.E0,0.E0,-1.E0));
#2487=VECTOR('',#2486,1.1425E0);
#2488=CARTESIAN_POINT('',(3.1825E0,-7.25E-2,-3.1E0));
#2489=LINE('',#2488,#2487);
#2490=CARTESIAN_POINT('',(3.1825E0,-5.725E-1,-4.2425E0));
#2491=DIRECTION('',(-1.E0,0.E0,0.E0));
#2492=DIRECTION('',(0.E0,1.E0,0.E0));
#2493=AXIS2_PLACEMENT_3D('',#2490,#2491,#2492);
#2495=DIRECTION('',(0.E0,-1.E0,0.E0));
#2496=VECTOR('',#2495,4.8025E0);
#2497=CARTESIAN_POINT('',(3.1825E0,-5.725E-1,-4.7425E0));
#2498=LINE('',#2497,#2496);
#2499=DIRECTION('',(-1.E0,0.E0,0.E0));
#2500=VECTOR('',#2499,2.35E-1);
#2501=CARTESIAN_POINT('',(3.6175E0,3.625E-1,6.4E0));
#2502=LINE('',#2501,#2500);
#2503=DIRECTION('',(0.E0,-1.E0,0.E0));
#2504=VECTOR('',#2503,2.35E-1);
#2505=CARTESIAN_POINT('',(3.6175E0,3.625E-1,6.4E0));
#2506=LINE('',#2505,#2504);
#2507=DIRECTION('',(-1.E0,0.E0,0.E0));
#2508=VECTOR('',#2507,2.35E-1);
#2509=CARTESIAN_POINT('',(3.6175E0,1.275E-1,6.4E0));
#2510=LINE('',#2509,#2508);
#2511=DIRECTION('',(0.E0,1.E0,0.E0));
#2512=VECTOR('',#2511,2.35E-1);
#2513=CARTESIAN_POINT('',(3.3825E0,1.275E-1,6.4E0));
#2514=LINE('',#2513,#2512);
#2515=DIRECTION('',(2.357022603955E-1,-2.357022603955E-1,9.428090415821E-1));
#2516=VECTOR('',#2515,8.485281374239E-1);
#2517=CARTESIAN_POINT('',(3.1825E0,5.625E-1,5.6E0));
#2518=LINE('',#2517,#2516);
#2519=DIRECTION('',(2.357022603955E-1,2.357022603955E-1,-9.428090415821E-1));
#2520=VECTOR('',#2519,8.485281374239E-1);
#2521=CARTESIAN_POINT('',(3.6175E0,3.625E-1,6.4E0));
#2522=LINE('',#2521,#2520);
#2523=DIRECTION('',(1.E0,0.E0,0.E0));
#2524=VECTOR('',#2523,6.35E-1);
#2525=CARTESIAN_POINT('',(3.1825E0,5.625E-1,-4.2425E0));
#2526=LINE('',#2525,#2524);
#2527=DIRECTION('',(-1.E0,0.E0,0.E0));
#2528=VECTOR('',#2527,6.35E-1);
#2529=CARTESIAN_POINT('',(3.8175E0,5.625E-1,5.6E0));
#2530=LINE('',#2529,#2528);
#2531=DIRECTION('',(1.E0,0.E0,0.E0));
#2532=VECTOR('',#2531,6.35E-1);
#2533=CARTESIAN_POINT('',(3.1825E0,-5.725E-1,-5.3775E0));
#2534=LINE('',#2533,#2532);
#2535=DIRECTION('',(-1.E0,0.E0,0.E0));
#2536=VECTOR('',#2535,6.35E-1);
#2537=CARTESIAN_POINT('',(3.8175E0,-5.375E0,-5.3775E0));
#2538=LINE('',#2537,#2536);
#2539=DIRECTION('',(-2.357022603955E-1,9.428090415821E-1,-2.357022603955E-1));
#2540=VECTOR('',#2539,8.485281374239E-1);
#2541=CARTESIAN_POINT('',(3.3825E0,-6.175E0,-5.1775E0));
#2542=LINE('',#2541,#2540);
#2543=DIRECTION('',(-2.357022603955E-1,-9.428090415821E-1,2.357022603955E-1));
#2544=VECTOR('',#2543,8.485281374239E-1);
#2545=CARTESIAN_POINT('',(3.8175E0,-5.375E0,-5.3775E0));
#2546=LINE('',#2545,#2544);
#2547=DIRECTION('',(-2.357022603955E-1,9.428090415821E-1,2.357022603955E-1));
#2548=VECTOR('',#2547,8.485281374239E-1);
#2549=CARTESIAN_POINT('',(3.3825E0,-6.175E0,-4.9425E0));
#2550=LINE('',#2549,#2548);
#2551=DIRECTION('',(2.357022603955E-1,9.428090415821E-1,2.357022603955E-1));
#2552=VECTOR('',#2551,8.485281374239E-1);
#2553=CARTESIAN_POINT('',(3.6175E0,-6.175E0,-4.9425E0));
#2554=LINE('',#2553,#2552);
#2555=DIRECTION('',(-1.E0,0.E0,0.E0));
#2556=VECTOR('',#2555,6.35E-1);
#2557=CARTESIAN_POINT('',(3.8175E0,-5.375E0,-4.7425E0));
#2558=LINE('',#2557,#2556);
#2559=DIRECTION('',(1.E0,0.E0,0.E0));
#2560=VECTOR('',#2559,6.35E-1);
#2561=CARTESIAN_POINT('',(3.1825E0,-5.725E-1,-4.7425E0));
#2562=LINE('',#2561,#2560);
#2563=DIRECTION('',(1.E0,0.E0,0.E0));
#2564=VECTOR('',#2563,6.35E-1);
#2565=CARTESIAN_POINT('',(3.1825E0,-7.25E-2,-4.2425E0));
#2566=LINE('',#2565,#2564);
#2567=DIRECTION('',(-1.E0,0.E0,0.E0));
#2568=VECTOR('',#2567,6.35E-1);
#2569=CARTESIAN_POINT('',(3.8175E0,-7.25E-2,5.6E0));
#2570=LINE('',#2569,#2568);
#2571=DIRECTION('',(0.E0,-1.E0,0.E0));
#2572=VECTOR('',#2571,6.35E-1);
#2573=CARTESIAN_POINT('',(3.8175E0,5.625E-1,5.6E0));
#2574=LINE('',#2573,#2572);
#2575=DIRECTION('',(0.E0,0.E0,1.E0));
#2576=VECTOR('',#2575,5.6E0);
#2577=CARTESIAN_POINT('',(3.8175E0,5.625E-1,0.E0));
#2578=LINE('',#2577,#2576);
#2579=DIRECTION('',(0.E0,0.E0,-1.E0));
#2580=VECTOR('',#2579,5.6E0);
#2581=CARTESIAN_POINT('',(3.8175E0,-7.25E-2,5.6E0));
#2582=LINE('',#2581,#2580);
#2583=DIRECTION('',(0.E0,0.E0,-1.E0));
#2584=VECTOR('',#2583,6.35E-1);
#2585=CARTESIAN_POINT('',(3.8175E0,-5.375E0,-4.7425E0));
#2586=LINE('',#2585,#2584);
#2587=DIRECTION('',(0.E0,-1.E0,0.E0));
#2588=VECTOR('',#2587,4.8025E0);
#2589=CARTESIAN_POINT('',(3.8175E0,-5.725E-1,-4.7425E0));
#2590=LINE('',#2589,#2588);
#2591=CARTESIAN_POINT('',(3.8175E0,-5.725E-1,-4.2425E0));
#2592=DIRECTION('',(-1.E0,0.E0,0.E0));
#2593=DIRECTION('',(0.E0,1.E0,0.E0));
#2594=AXIS2_PLACEMENT_3D('',#2591,#2592,#2593);
#2596=DIRECTION('',(0.E0,0.E0,-1.E0));
#2597=VECTOR('',#2596,1.1425E0);
#2598=CARTESIAN_POINT('',(3.8175E0,-7.25E-2,-3.1E0));
#2599=LINE('',#2598,#2597);
#2600=DIRECTION('',(0.E0,0.E0,1.E0));
#2601=VECTOR('',#2600,1.1425E0);
#2602=CARTESIAN_POINT('',(3.8175E0,5.625E-1,-4.2425E0));
#2603=LINE('',#2602,#2601);
#2604=CARTESIAN_POINT('',(3.8175E0,-5.725E-1,-4.2425E0));
#2605=DIRECTION('',(1.E0,0.E0,0.E0));
#2606=DIRECTION('',(0.E0,0.E0,-1.E0));
#2607=AXIS2_PLACEMENT_3D('',#2604,#2605,#2606);
#2609=DIRECTION('',(0.E0,1.E0,0.E0));
#2610=VECTOR('',#2609,4.8025E0);
#2611=CARTESIAN_POINT('',(3.8175E0,-5.375E0,-5.3775E0));
#2612=LINE('',#2611,#2610);
#2613=DIRECTION('',(-2.357022603955E-1,-2.357022603955E-1,-9.428090415821E-1));
#2614=VECTOR('',#2613,8.485281374239E-1);
#2615=CARTESIAN_POINT('',(3.3825E0,1.275E-1,6.4E0));
#2616=LINE('',#2615,#2614);
#2617=DIRECTION('',(-2.357022603955E-1,2.357022603955E-1,9.428090415821E-1));
#2618=VECTOR('',#2617,8.485281374239E-1);
#2619=CARTESIAN_POINT('',(3.8175E0,-7.25E-2,5.6E0));
#2620=LINE('',#2619,#2618);
#2621=DIRECTION('',(-1.E0,0.E0,0.E0));
#2622=VECTOR('',#2621,2.35E-1);
#2623=CARTESIAN_POINT('',(3.6175E0,-6.175E0,-5.1775E0));
#2624=LINE('',#2623,#2622);
#2625=DIRECTION('',(0.E0,0.E0,1.E0));
#2626=VECTOR('',#2625,2.35E-1);
#2627=CARTESIAN_POINT('',(3.3825E0,-6.175E0,-5.1775E0));
#2628=LINE('',#2627,#2626);
#2629=DIRECTION('',(-1.E0,0.E0,0.E0));
#2630=VECTOR('',#2629,2.35E-1);
#2631=CARTESIAN_POINT('',(3.6175E0,-6.175E0,-4.9425E0));
#2632=LINE('',#2631,#2630);
#2633=DIRECTION('',(0.E0,0.E0,-1.E0));
#2634=VECTOR('',#2633,2.35E-1);
#2635=CARTESIAN_POINT('',(3.6175E0,-6.175E0,-4.9425E0));
#2636=LINE('',#2635,#2634);
#2637=DIRECTION('',(-1.E0,0.E0,0.E0));
#2638=VECTOR('',#2637,2.35E-1);
#2639=CARTESIAN_POINT('',(-3.3825E0,-6.175E0,-5.1775E0));
#2640=LINE('',#2639,#2638);
#2641=DIRECTION('',(0.E0,0.E0,1.E0));
#2642=VECTOR('',#2641,2.35E-1);
#2643=CARTESIAN_POINT('',(-3.6175E0,-6.175E0,-5.1775E0));
#2644=LINE('',#2643,#2642);
#2645=DIRECTION('',(-1.E0,0.E0,0.E0));
#2646=VECTOR('',#2645,2.35E-1);
#2647=CARTESIAN_POINT('',(-3.3825E0,-6.175E0,-4.9425E0));
#2648=LINE('',#2647,#2646);
#2649=DIRECTION('',(0.E0,0.E0,-1.E0));
#2650=VECTOR('',#2649,2.35E-1);
#2651=CARTESIAN_POINT('',(-3.3825E0,-6.175E0,-4.9425E0));
#2652=LINE('',#2651,#2650);
#2653=DIRECTION('',(0.E0,-1.E0,0.E0));
#2654=VECTOR('',#2653,6.35E-1);
#2655=CARTESIAN_POINT('',(7.3175E0,5.625E-1,5.6E0));
#2656=LINE('',#2655,#2654);
#2657=DIRECTION('',(0.E0,0.E0,1.E0));
#2658=VECTOR('',#2657,5.6E0);
#2659=CARTESIAN_POINT('',(7.3175E0,5.625E-1,0.E0));
#2660=LINE('',#2659,#2658);
#2661=DIRECTION('',(0.E0,0.E0,-1.E0));
#2662=VECTOR('',#2661,5.6E0);
#2663=CARTESIAN_POINT('',(7.3175E0,-7.25E-2,5.6E0));
#2664=LINE('',#2663,#2662);
#2665=DIRECTION('',(0.E0,0.E0,-1.E0));
#2666=VECTOR('',#2665,6.35E-1);
#2667=CARTESIAN_POINT('',(7.3175E0,-5.375E0,-4.7425E0));
#2668=LINE('',#2667,#2666);
#2669=DIRECTION('',(0.E0,-1.E0,0.E0));
#2670=VECTOR('',#2669,4.8025E0);
#2671=CARTESIAN_POINT('',(7.3175E0,-5.725E-1,-4.7425E0));
#2672=LINE('',#2671,#2670);
#2673=CARTESIAN_POINT('',(7.3175E0,-5.725E-1,-4.2425E0));
#2674=DIRECTION('',(-1.E0,0.E0,0.E0));
#2675=DIRECTION('',(0.E0,1.E0,0.E0));
#2676=AXIS2_PLACEMENT_3D('',#2673,#2674,#2675);
#2678=DIRECTION('',(0.E0,0.E0,-1.E0));
#2679=VECTOR('',#2678,1.1425E0);
#2680=CARTESIAN_POINT('',(7.3175E0,-7.25E-2,-3.1E0));
#2681=LINE('',#2680,#2679);
#2682=DIRECTION('',(0.E0,0.E0,1.E0));
#2683=VECTOR('',#2682,1.1425E0);
#2684=CARTESIAN_POINT('',(7.3175E0,5.625E-1,-4.2425E0));
#2685=LINE('',#2684,#2683);
#2686=CARTESIAN_POINT('',(7.3175E0,-5.725E-1,-4.2425E0));
#2687=DIRECTION('',(1.E0,0.E0,0.E0));
#2688=DIRECTION('',(0.E0,0.E0,-1.E0));
#2689=AXIS2_PLACEMENT_3D('',#2686,#2687,#2688);
#2691=DIRECTION('',(0.E0,1.E0,0.E0));
#2692=VECTOR('',#2691,4.8025E0);
#2693=CARTESIAN_POINT('',(7.3175E0,-5.375E0,-5.3775E0));
#2694=LINE('',#2693,#2692);
#2695=DIRECTION('',(-2.357022603955E-1,-2.357022603955E-1,-9.428090415821E-1));
#2696=VECTOR('',#2695,8.485281374239E-1);
#2697=CARTESIAN_POINT('',(6.8825E0,1.275E-1,6.4E0));
#2698=LINE('',#2697,#2696);
#2699=DIRECTION('',(-2.357022603955E-1,2.357022603955E-1,9.428090415821E-1));
#2700=VECTOR('',#2699,8.485281374239E-1);
#2701=CARTESIAN_POINT('',(7.3175E0,-7.25E-2,5.6E0));
#2702=LINE('',#2701,#2700);
#2703=DIRECTION('',(-1.E0,0.E0,0.E0));
#2704=VECTOR('',#2703,6.35E-1);
#2705=CARTESIAN_POINT('',(7.3175E0,-7.25E-2,5.6E0));
#2706=LINE('',#2705,#2704);
#2707=DIRECTION('',(1.E0,0.E0,0.E0));
#2708=VECTOR('',#2707,6.35E-1);
#2709=CARTESIAN_POINT('',(6.6825E0,-7.25E-2,-4.2425E0));
#2710=LINE('',#2709,#2708);
#2711=DIRECTION('',(-1.E0,0.E0,0.E0));
#2712=VECTOR('',#2711,6.35E-1);
#2713=CARTESIAN_POINT('',(7.3175E0,-5.375E0,-4.7425E0));
#2714=LINE('',#2713,#2712);
#2715=DIRECTION('',(1.E0,0.E0,0.E0));
#2716=VECTOR('',#2715,6.35E-1);
#2717=CARTESIAN_POINT('',(6.6825E0,-5.725E-1,-4.7425E0));
#2718=LINE('',#2717,#2716);
#2719=DIRECTION('',(2.357022603955E-1,9.428090415821E-1,2.357022603955E-1));
#2720=VECTOR('',#2719,8.485281374239E-1);
#2721=CARTESIAN_POINT('',(7.1175E0,-6.175E0,-4.9425E0));
#2722=LINE('',#2721,#2720);
#2723=DIRECTION('',(-1.E0,0.E0,0.E0));
#2724=VECTOR('',#2723,2.35E-1);
#2725=CARTESIAN_POINT('',(7.1175E0,-6.175E0,-5.1775E0));
#2726=LINE('',#2725,#2724);
#2727=DIRECTION('',(0.E0,0.E0,1.E0));
#2728=VECTOR('',#2727,2.35E-1);
#2729=CARTESIAN_POINT('',(6.8825E0,-6.175E0,-5.1775E0));
#2730=LINE('',#2729,#2728);
#2731=DIRECTION('',(-1.E0,0.E0,0.E0));
#2732=VECTOR('',#2731,2.35E-1);
#2733=CARTESIAN_POINT('',(7.1175E0,-6.175E0,-4.9425E0));
#2734=LINE('',#2733,#2732);
#2735=DIRECTION('',(0.E0,0.E0,-1.E0));
#2736=VECTOR('',#2735,2.35E-1);
#2737=CARTESIAN_POINT('',(7.1175E0,-6.175E0,-4.9425E0));
#2738=LINE('',#2737,#2736);
#2739=DIRECTION('',(-2.357022603955E-1,9.428090415821E-1,-2.357022603955E-1));
#2740=VECTOR('',#2739,8.485281374239E-1);
#2741=CARTESIAN_POINT('',(6.8825E0,-6.175E0,-5.1775E0));
#2742=LINE('',#2741,#2740);
#2743=DIRECTION('',(-2.357022603955E-1,-9.428090415821E-1,2.357022603955E-1));
#2744=VECTOR('',#2743,8.485281374239E-1);
#2745=CARTESIAN_POINT('',(7.3175E0,-5.375E0,-5.3775E0));
#2746=LINE('',#2745,#2744);
#2747=DIRECTION('',(-1.E0,0.E0,0.E0));
#2748=VECTOR('',#2747,6.35E-1);
#2749=CARTESIAN_POINT('',(7.3175E0,-5.375E0,-5.3775E0));
#2750=LINE('',#2749,#2748);
#2751=DIRECTION('',(1.E0,0.E0,0.E0));
#2752=VECTOR('',#2751,6.35E-1);
#2753=CARTESIAN_POINT('',(6.6825E0,-5.725E-1,-5.3775E0));
#2754=LINE('',#2753,#2752);
#2755=DIRECTION('',(-2.357022603955E-1,9.428090415821E-1,2.357022603955E-1));
#2756=VECTOR('',#2755,8.485281374239E-1);
#2757=CARTESIAN_POINT('',(6.8825E0,-6.175E0,-4.9425E0));
#2758=LINE('',#2757,#2756);
#2759=DIRECTION('',(0.E0,0.E0,1.E0));
#2760=VECTOR('',#2759,5.77E0);
#2761=CARTESIAN_POINT('',(9.75E0,5.E-1,1.63E0));
#2762=LINE('',#2761,#2760);
#2763=DIRECTION('',(1.E0,0.E0,0.E0));
#2764=VECTOR('',#2763,5.E-1);
#2765=CARTESIAN_POINT('',(9.25E0,5.E-1,7.4E0));
#2766=LINE('',#2765,#2764);
#2767=DIRECTION('',(-1.E0,0.E0,0.E0));
#2768=VECTOR('',#2767,6.5E-1);
#2769=CARTESIAN_POINT('',(1.04E1,5.E-1,1.63E0));
#2770=LINE('',#2769,#2768);
#2771=DIRECTION('',(1.E0,0.E0,0.E0));
#2772=VECTOR('',#2771,5.E-1);
#2773=CARTESIAN_POINT('',(9.25E0,3.3E-1,7.4E0));
#2774=LINE('',#2773,#2772);
#2775=DIRECTION('',(1.E0,0.E0,0.E0));
#2776=VECTOR('',#2775,5.E-1);
#2777=CARTESIAN_POINT('',(9.25E0,3.3E-1,7.85E0));
#2778=LINE('',#2777,#2776);
#2779=DIRECTION('',(1.E0,0.E0,0.E0));
#2780=VECTOR('',#2779,5.E-1);
#2781=CARTESIAN_POINT('',(9.25E0,-3.3E-1,7.85E0));
#2782=LINE('',#2781,#2780);
#2783=DIRECTION('',(1.E0,0.E0,0.E0));
#2784=VECTOR('',#2783,5.E-1);
#2785=CARTESIAN_POINT('',(9.25E0,-3.3E-1,7.4E0));
#2786=LINE('',#2785,#2784);
#2787=DIRECTION('',(0.E0,0.E0,1.E0));
#2788=VECTOR('',#2787,5.77E0);
#2789=CARTESIAN_POINT('',(9.75E0,-5.E-1,1.63E0));
#2790=LINE('',#2789,#2788);
#2791=DIRECTION('',(1.E0,0.E0,0.E0));
#2792=VECTOR('',#2791,6.5E-1);
#2793=CARTESIAN_POINT('',(9.75E0,-5.E-1,1.63E0));
#2794=LINE('',#2793,#2792);
#2795=DIRECTION('',(0.E0,0.E0,-1.E0));
#2796=VECTOR('',#2795,7.E-1);
#2797=CARTESIAN_POINT('',(9.25E0,-5.E-1,8.1E0));
#2798=LINE('',#2797,#2796);
#2799=DIRECTION('',(1.E0,0.E0,0.E0));
#2800=VECTOR('',#2799,5.E-1);
#2801=CARTESIAN_POINT('',(9.25E0,-5.E-1,7.4E0));
#2802=LINE('',#2801,#2800);
#2803=DIRECTION('',(0.E0,1.E0,0.E0));
#2804=VECTOR('',#2803,1.7E-1);
#2805=CARTESIAN_POINT('',(9.25E0,-5.E-1,7.4E0));
#2806=LINE('',#2805,#2804);
#2807=DIRECTION('',(0.E0,0.E0,-1.E0));
#2808=VECTOR('',#2807,7.E-1);
#2809=CARTESIAN_POINT('',(9.25E0,5.E-1,8.1E0));
#2810=LINE('',#2809,#2808);
#2811=DIRECTION('',(0.E0,1.E0,0.E0));
#2812=VECTOR('',#2811,1.7E-1);
#2813=CARTESIAN_POINT('',(9.25E0,3.3E-1,7.4E0));
#2814=LINE('',#2813,#2812);
#2815=DIRECTION('',(0.E0,0.E0,-1.E0));
#2816=VECTOR('',#2815,4.5E-1);
#2817=CARTESIAN_POINT('',(9.25E0,3.3E-1,7.85E0));
#2818=LINE('',#2817,#2816);
#2819=DIRECTION('',(0.E0,1.E0,0.E0));
#2820=VECTOR('',#2819,6.6E-1);
#2821=CARTESIAN_POINT('',(9.25E0,-3.3E-1,7.85E0));
#2822=LINE('',#2821,#2820);
#2823=DIRECTION('',(0.E0,0.E0,1.E0));
#2824=VECTOR('',#2823,4.5E-1);
#2825=CARTESIAN_POINT('',(9.25E0,-3.3E-1,7.4E0));
#2826=LINE('',#2825,#2824);
#2827=DIRECTION('',(0.E0,-1.E0,0.E0));
#2828=VECTOR('',#2827,2.225E0);
#2829=CARTESIAN_POINT('',(9.25E0,-2.675E0,2.105E0));
#2830=LINE('',#2829,#2828);
#2831=DIRECTION('',(0.E0,1.E0,0.E0));
#2832=VECTOR('',#2831,2.225E0);
#2833=CARTESIAN_POINT('',(9.25E0,-4.9E0,3.605E0));
#2834=LINE('',#2833,#2832);
#2835=DIRECTION('',(0.E0,9.805806756909E-1,1.961161351382E-1));
#2836=VECTOR('',#2835,1.019803902719E0);
#2837=CARTESIAN_POINT('',(9.25E0,-5.9E0,3.405E0));
#2838=LINE('',#2837,#2836);
#2839=DIRECTION('',(0.E0,0.E0,1.E0));
#2840=VECTOR('',#2839,1.1E0);
#2841=CARTESIAN_POINT('',(9.25E0,-5.9E0,2.305E0));
#2842=LINE('',#2841,#2840);
#2843=DIRECTION('',(0.E0,-9.805806756909E-1,1.961161351382E-1));
#2844=VECTOR('',#2843,1.019803902719E0);
#2845=CARTESIAN_POINT('',(9.25E0,-4.9E0,2.105E0));
#2846=LINE('',#2845,#2844);
#2847=DIRECTION('',(0.E0,0.E0,1.E0));
#2848=VECTOR('',#2847,4.725E0);
#2849=CARTESIAN_POINT('',(9.25E0,-2.5E0,-3.095E0));
#2850=LINE('',#2849,#2848);
#2851=DIRECTION('',(0.E0,-1.E0,0.E0));
#2852=VECTOR('',#2851,1.5E0);
#2853=CARTESIAN_POINT('',(9.25E0,-1.E0,-3.095E0));
#2854=LINE('',#2853,#2852);
#2855=DIRECTION('',(0.E0,0.E0,-1.E0));
#2856=VECTOR('',#2855,7.53E-1);
#2857=CARTESIAN_POINT('',(9.25E0,-1.E0,-2.342E0));
#2858=LINE('',#2857,#2856);
#2859=DIRECTION('',(0.E0,-1.E0,0.E0));
#2860=VECTOR('',#2859,2.E0);
#2861=CARTESIAN_POINT('',(9.25E0,1.E0,-2.342E0));
#2862=LINE('',#2861,#2860);
#2863=DIRECTION('',(0.E0,0.E0,1.E0));
#2864=VECTOR('',#2863,7.53E-1);
#2865=CARTESIAN_POINT('',(9.25E0,1.E0,-3.095E0));
#2866=LINE('',#2865,#2864);
#2867=DIRECTION('',(0.E0,-1.E0,0.E0));
#2868=VECTOR('',#2867,7.742071881607E-1);
#2869=CARTESIAN_POINT('',(9.25E0,1.774207188161E0,-3.095E0));
#2870=LINE('',#2869,#2868);
#2871=DIRECTION('',(1.E0,0.E0,0.E0));
#2872=VECTOR('',#2871,5.E-1);
#2873=CARTESIAN_POINT('',(9.25E0,-4.9E0,2.105E0));
#2874=LINE('',#2873,#2872);
#2875=DIRECTION('',(1.E0,0.E0,0.E0));
#2876=VECTOR('',#2875,5.E-1);
#2877=CARTESIAN_POINT('',(9.25E0,-5.9E0,2.305E0));
#2878=LINE('',#2877,#2876);
#2879=DIRECTION('',(1.E0,0.E0,0.E0));
#2880=VECTOR('',#2879,5.E-1);
#2881=CARTESIAN_POINT('',(9.25E0,-5.9E0,3.405E0));
#2882=LINE('',#2881,#2880);
#2883=DIRECTION('',(1.E0,0.E0,0.E0));
#2884=VECTOR('',#2883,5.E-1);
#2885=CARTESIAN_POINT('',(9.25E0,-4.9E0,3.605E0));
#2886=LINE('',#2885,#2884);
#2887=DIRECTION('',(1.E0,0.E0,0.E0));
#2888=VECTOR('',#2887,5.E-1);
#2889=CARTESIAN_POINT('',(9.25E0,-2.5E0,-3.095E0));
#2890=LINE('',#2889,#2888);
#2891=DIRECTION('',(1.E0,0.E0,0.E0));
#2892=VECTOR('',#2891,5.E-1);
#2893=CARTESIAN_POINT('',(9.25E0,-1.E0,-3.095E0));
#2894=LINE('',#2893,#2892);
#2895=DIRECTION('',(1.E0,0.E0,0.E0));
#2896=VECTOR('',#2895,5.E-1);
#2897=CARTESIAN_POINT('',(9.25E0,-1.E0,-2.342E0));
#2898=LINE('',#2897,#2896);
#2899=DIRECTION('',(1.E0,0.E0,0.E0));
#2900=VECTOR('',#2899,5.E-1);
#2901=CARTESIAN_POINT('',(9.25E0,1.E0,-2.342E0));
#2902=LINE('',#2901,#2900);
#2903=DIRECTION('',(1.E0,0.E0,0.E0));
#2904=VECTOR('',#2903,5.E-1);
#2905=CARTESIAN_POINT('',(9.25E0,1.E0,-3.095E0));
#2906=LINE('',#2905,#2904);
#2907=DIRECTION('',(0.E0,-1.E0,0.E0));
#2908=VECTOR('',#2907,3.17E0);
#2909=CARTESIAN_POINT('',(-5.57E0,-2.675E0,4.232606234616E0));
#2910=LINE('',#2909,#2908);
#2911=DIRECTION('',(0.E0,-1.E0,0.E0));
#2912=VECTOR('',#2911,3.17E0);
#2913=CARTESIAN_POINT('',(-5.485714285714E0,-2.675E0,4.331363822803E0));
#2914=LINE('',#2913,#2912);
#2915=DIRECTION('',(0.E0,-1.E0,0.E0));
#2916=VECTOR('',#2915,3.17E0);
#2917=CARTESIAN_POINT('',(-5.014285714286E0,-2.675E0,4.331363822803E0));
#2918=LINE('',#2917,#2916);
#2919=DIRECTION('',(0.E0,-1.E0,0.E0));
#2920=VECTOR('',#2919,3.17E0);
#2921=CARTESIAN_POINT('',(-4.93E0,-2.675E0,4.232606234616E0));
#2922=LINE('',#2921,#2920);
#2923=DIRECTION('',(0.E0,-1.E0,0.E0));
#2924=VECTOR('',#2923,3.17E0);
#2925=CARTESIAN_POINT('',(-4.93E0,-2.675E0,4.02E0));
#2926=LINE('',#2925,#2924);
#2927=DIRECTION('',(0.E0,-1.E0,0.E0));
#2928=VECTOR('',#2927,3.17E0);
#2929=CARTESIAN_POINT('',(-4.08E0,-2.675E0,3.17E0));
#2930=LINE('',#2929,#2928);
#2931=DIRECTION('',(0.E0,-1.E0,0.E0));
#2932=VECTOR('',#2931,3.17E0);
#2933=CARTESIAN_POINT('',(-3.867393765384E0,-2.675E0,3.17E0));
#2934=LINE('',#2933,#2932);
#2935=DIRECTION('',(0.E0,-1.E0,0.E0));
#2936=VECTOR('',#2935,3.17E0);
#2937=CARTESIAN_POINT('',(-3.768636177197E0,-2.675E0,3.085714285714E0));
#2938=LINE('',#2937,#2936);
#2939=DIRECTION('',(0.E0,-1.E0,0.E0));
#2940=VECTOR('',#2939,3.17E0);
#2941=CARTESIAN_POINT('',(-3.768636177197E0,-2.675E0,2.614285714286E0));
#2942=LINE('',#2941,#2940);
#2943=DIRECTION('',(0.E0,-1.E0,0.E0));
#2944=VECTOR('',#2943,3.17E0);
#2945=CARTESIAN_POINT('',(-3.867393765384E0,-2.675E0,2.53E0));
#2946=LINE('',#2945,#2944);
#2947=DIRECTION('',(0.E0,-1.E0,0.E0));
#2948=VECTOR('',#2947,3.17E0);
#2949=CARTESIAN_POINT('',(-4.08E0,-2.675E0,2.53E0));
#2950=LINE('',#2949,#2948);
#2951=DIRECTION('',(0.E0,-1.E0,0.E0));
#2952=VECTOR('',#2951,3.17E0);
#2953=CARTESIAN_POINT('',(-4.93E0,-2.675E0,1.68E0));
#2954=LINE('',#2953,#2952);
#2955=DIRECTION('',(0.E0,-1.E0,0.E0));
#2956=VECTOR('',#2955,3.17E0);
#2957=CARTESIAN_POINT('',(-4.93E0,-2.675E0,1.467393765384E0));
#2958=LINE('',#2957,#2956);
#2959=DIRECTION('',(0.E0,-1.E0,0.E0));
#2960=VECTOR('',#2959,3.17E0);
#2961=CARTESIAN_POINT('',(-5.014285714286E0,-2.675E0,1.368636177197E0));
#2962=LINE('',#2961,#2960);
#2963=DIRECTION('',(0.E0,-1.E0,0.E0));
#2964=VECTOR('',#2963,3.17E0);
#2965=CARTESIAN_POINT('',(-5.485714285714E0,-2.675E0,1.368636177197E0));
#2966=LINE('',#2965,#2964);
#2967=DIRECTION('',(0.E0,-1.E0,0.E0));
#2968=VECTOR('',#2967,3.17E0);
#2969=CARTESIAN_POINT('',(-5.57E0,-2.675E0,1.467393765384E0));
#2970=LINE('',#2969,#2968);
#2971=DIRECTION('',(0.E0,-1.E0,0.E0));
#2972=VECTOR('',#2971,3.17E0);
#2973=CARTESIAN_POINT('',(-5.57E0,-2.675E0,1.68E0));
#2974=LINE('',#2973,#2972);
#2975=DIRECTION('',(0.E0,-1.E0,0.E0));
#2976=VECTOR('',#2975,3.17E0);
#2977=CARTESIAN_POINT('',(-6.42E0,-2.675E0,2.53E0));
#2978=LINE('',#2977,#2976);
#2979=DIRECTION('',(0.E0,-1.E0,0.E0));
#2980=VECTOR('',#2979,3.17E0);
#2981=CARTESIAN_POINT('',(-6.632606234616E0,-2.675E0,2.53E0));
#2982=LINE('',#2981,#2980);
#2983=DIRECTION('',(0.E0,-1.E0,0.E0));
#2984=VECTOR('',#2983,3.17E0);
#2985=CARTESIAN_POINT('',(-6.731363822803E0,-2.675E0,2.614285714286E0));
#2986=LINE('',#2985,#2984);
#2987=DIRECTION('',(0.E0,-1.E0,0.E0));
#2988=VECTOR('',#2987,3.17E0);
#2989=CARTESIAN_POINT('',(-6.731363822803E0,-2.675E0,3.085714285714E0));
#2990=LINE('',#2989,#2988);
#2991=DIRECTION('',(0.E0,-1.E0,0.E0));
#2992=VECTOR('',#2991,3.17E0);
#2993=CARTESIAN_POINT('',(-6.632606234616E0,-2.675E0,3.17E0));
#2994=LINE('',#2993,#2992);
#2995=DIRECTION('',(0.E0,-1.E0,0.E0));
#2996=VECTOR('',#2995,3.17E0);
#2997=CARTESIAN_POINT('',(-6.42E0,-2.675E0,3.17E0));
#2998=LINE('',#2997,#2996);
#2999=DIRECTION('',(0.E0,-1.E0,0.E0));
#3000=VECTOR('',#2999,3.17E0);
#3001=CARTESIAN_POINT('',(-5.57E0,-2.675E0,4.02E0));
#3002=LINE('',#3001,#3000);
#3003=DIRECTION('',(0.E0,0.E0,-1.E0));
#3004=VECTOR('',#3003,2.126062346164E-1);
#3005=CARTESIAN_POINT('',(-5.57E0,-5.845E0,4.232606234616E0));
#3006=LINE('',#3005,#3004);
#3007=CARTESIAN_POINT('',(-5.47E0,-5.845E0,4.232606234616E0));
#3008=DIRECTION('',(0.E0,-1.E0,0.E0));
#3009=DIRECTION('',(-1.571428571429E-1,0.E0,9.875758818688E-1));
#3010=AXIS2_PLACEMENT_3D('',#3007,#3008,#3009);
#3012=CARTESIAN_POINT('',(-5.25E0,-5.845E0,2.85E0));
#3013=DIRECTION('',(0.E0,-1.E0,0.E0));
#3014=DIRECTION('',(1.571428571429E-1,0.E0,9.875758818688E-1));
#3015=AXIS2_PLACEMENT_3D('',#3012,#3013,#3014);
#3017=CARTESIAN_POINT('',(-5.03E0,-5.845E0,4.232606234616E0));
#3018=DIRECTION('',(0.E0,-1.E0,0.E0));
#3019=DIRECTION('',(1.E0,0.E0,0.E0));
#3020=AXIS2_PLACEMENT_3D('',#3017,#3018,#3019);
#3022=DIRECTION('',(0.E0,0.E0,1.E0));
#3023=VECTOR('',#3022,2.126062346163E-1);
#3024=CARTESIAN_POINT('',(-4.93E0,-5.845E0,4.02E0));
#3025=LINE('',#3024,#3023);
#3026=CARTESIAN_POINT('',(-4.08E0,-5.845E0,4.02E0));
#3027=DIRECTION('',(0.E0,1.E0,0.E0));
#3028=DIRECTION('',(0.E0,0.E0,-1.E0));
#3029=AXIS2_PLACEMENT_3D('',#3026,#3027,#3028);
#3031=DIRECTION('',(-1.E0,0.E0,0.E0));
#3032=VECTOR('',#3031,2.126062346163E-1);
#3033=CARTESIAN_POINT('',(-3.867393765384E0,-5.845E0,3.17E0));
#3034=LINE('',#3033,#3032);
#3035=CARTESIAN_POINT('',(-3.867393765384E0,-5.845E0,3.07E0));
#3036=DIRECTION('',(0.E0,-1.E0,0.E0));
#3037=DIRECTION('',(9.875758818688E-1,0.E0,1.571428571429E-1));
#3038=AXIS2_PLACEMENT_3D('',#3035,#3036,#3037);
#3040=CARTESIAN_POINT('',(-5.25E0,-5.845E0,2.85E0));
#3041=DIRECTION('',(0.E0,-1.E0,0.E0));
#3042=DIRECTION('',(9.875758818688E-1,0.E0,-1.571428571429E-1));
#3043=AXIS2_PLACEMENT_3D('',#3040,#3041,#3042);
#3045=CARTESIAN_POINT('',(-3.867393765384E0,-5.845E0,2.63E0));
#3046=DIRECTION('',(0.E0,-1.E0,0.E0));
#3047=DIRECTION('',(0.E0,0.E0,-1.E0));
#3048=AXIS2_PLACEMENT_3D('',#3045,#3046,#3047);
#3050=DIRECTION('',(1.E0,0.E0,0.E0));
#3051=VECTOR('',#3050,2.126062346163E-1);
#3052=CARTESIAN_POINT('',(-4.08E0,-5.845E0,2.53E0));
#3053=LINE('',#3052,#3051);
#3054=CARTESIAN_POINT('',(-4.08E0,-5.845E0,1.68E0));
#3055=DIRECTION('',(0.E0,1.E0,0.E0));
#3056=DIRECTION('',(-1.E0,0.E0,0.E0));
#3057=AXIS2_PLACEMENT_3D('',#3054,#3055,#3056);
#3059=DIRECTION('',(0.E0,0.E0,1.E0));
#3060=VECTOR('',#3059,2.126062346163E-1);
#3061=CARTESIAN_POINT('',(-4.93E0,-5.845E0,1.467393765384E0));
#3062=LINE('',#3061,#3060);
#3063=CARTESIAN_POINT('',(-5.03E0,-5.845E0,1.467393765384E0));
#3064=DIRECTION('',(0.E0,-1.E0,0.E0));
#3065=DIRECTION('',(1.571428571429E-1,0.E0,-9.875758818688E-1));
#3066=AXIS2_PLACEMENT_3D('',#3063,#3064,#3065);
#3068=CARTESIAN_POINT('',(-5.25E0,-5.845E0,2.85E0));
#3069=DIRECTION('',(0.E0,-1.E0,0.E0));
#3070=DIRECTION('',(-1.571428571429E-1,0.E0,-9.875758818688E-1));
#3071=AXIS2_PLACEMENT_3D('',#3068,#3069,#3070);
#3073=CARTESIAN_POINT('',(-5.47E0,-5.845E0,1.467393765384E0));
#3074=DIRECTION('',(0.E0,-1.E0,0.E0));
#3075=DIRECTION('',(-1.E0,0.E0,0.E0));
#3076=AXIS2_PLACEMENT_3D('',#3073,#3074,#3075);
#3078=DIRECTION('',(0.E0,0.E0,-1.E0));
#3079=VECTOR('',#3078,2.126062346164E-1);
#3080=CARTESIAN_POINT('',(-5.57E0,-5.845E0,1.68E0));
#3081=LINE('',#3080,#3079);
#3082=CARTESIAN_POINT('',(-6.42E0,-5.845E0,1.68E0));
#3083=DIRECTION('',(0.E0,1.E0,0.E0));
#3084=DIRECTION('',(0.E0,0.E0,1.E0));
#3085=AXIS2_PLACEMENT_3D('',#3082,#3083,#3084);
#3087=DIRECTION('',(1.E0,0.E0,0.E0));
#3088=VECTOR('',#3087,2.126062346164E-1);
#3089=CARTESIAN_POINT('',(-6.632606234616E0,-5.845E0,2.53E0));
#3090=LINE('',#3089,#3088);
#3091=CARTESIAN_POINT('',(-6.632606234616E0,-5.845E0,2.63E0));
#3092=DIRECTION('',(0.E0,-1.E0,0.E0));
#3093=DIRECTION('',(-9.875758818688E-1,0.E0,-1.571428571428E-1));
#3094=AXIS2_PLACEMENT_3D('',#3091,#3092,#3093);
#3096=CARTESIAN_POINT('',(-5.25E0,-5.845E0,2.85E0));
#3097=DIRECTION('',(0.E0,-1.E0,0.E0));
#3098=DIRECTION('',(-9.875758818688E-1,0.E0,1.571428571429E-1));
#3099=AXIS2_PLACEMENT_3D('',#3096,#3097,#3098);
#3101=CARTESIAN_POINT('',(-6.632606234616E0,-5.845E0,3.07E0));
#3102=DIRECTION('',(0.E0,-1.E0,0.E0));
#3103=DIRECTION('',(-1.776356839400E-14,0.E0,1.E0));
#3104=AXIS2_PLACEMENT_3D('',#3101,#3102,#3103);
#3106=DIRECTION('',(-1.E0,0.E0,0.E0));
#3107=VECTOR('',#3106,2.126062346164E-1);
#3108=CARTESIAN_POINT('',(-6.42E0,-5.845E0,3.17E0));
#3109=LINE('',#3108,#3107);
#3110=CARTESIAN_POINT('',(-6.42E0,-5.845E0,4.02E0));
#3111=DIRECTION('',(0.E0,1.E0,0.E0));
#3112=DIRECTION('',(1.E0,0.E0,0.E0));
#3113=AXIS2_PLACEMENT_3D('',#3110,#3111,#3112);
#3115=DIRECTION('',(0.E0,-1.E0,0.E0));
#3116=VECTOR('',#3115,3.17E0);
#3117=CARTESIAN_POINT('',(5.57E0,-2.675E0,4.232606234616E0));
#3118=LINE('',#3117,#3116);
#3119=DIRECTION('',(0.E0,-1.E0,0.E0));
#3120=VECTOR('',#3119,3.17E0);
#3121=CARTESIAN_POINT('',(5.485714285714E0,-2.675E0,4.331363822803E0));
#3122=LINE('',#3121,#3120);
#3123=DIRECTION('',(0.E0,0.E0,-1.E0));
#3124=VECTOR('',#3123,2.126062346164E-1);
#3125=CARTESIAN_POINT('',(5.57E0,-5.845E0,4.232606234616E0));
#3126=LINE('',#3125,#3124);
#3127=CARTESIAN_POINT('',(6.42E0,-5.845E0,4.02E0));
#3128=DIRECTION('',(0.E0,-1.E0,0.E0));
#3129=DIRECTION('',(-1.E0,0.E0,0.E0));
#3130=AXIS2_PLACEMENT_3D('',#3127,#3128,#3129);
#3132=DIRECTION('',(1.E0,0.E0,0.E0));
#3133=VECTOR('',#3132,2.126062346163E-1);
#3134=CARTESIAN_POINT('',(6.42E0,-5.845E0,3.17E0));
#3135=LINE('',#3134,#3133);
#3136=CARTESIAN_POINT('',(6.632606234616E0,-5.845E0,3.07E0));
#3137=DIRECTION('',(0.E0,1.E0,0.E0));
#3138=DIRECTION('',(1.776356839400E-14,0.E0,1.E0));
#3139=AXIS2_PLACEMENT_3D('',#3136,#3137,#3138);
#3141=CARTESIAN_POINT('',(5.25E0,-5.845E0,2.85E0));
#3142=DIRECTION('',(0.E0,1.E0,0.E0));
#3143=DIRECTION('',(9.875758818688E-1,0.E0,1.571428571429E-1));
#3144=AXIS2_PLACEMENT_3D('',#3141,#3142,#3143);
#3146=CARTESIAN_POINT('',(6.632606234616E0,-5.845E0,2.63E0));
#3147=DIRECTION('',(0.E0,1.E0,0.E0));
#3148=DIRECTION('',(9.875758818688E-1,0.E0,-1.571428571428E-1));
#3149=AXIS2_PLACEMENT_3D('',#3146,#3147,#3148);
#3151=DIRECTION('',(-1.E0,0.E0,0.E0));
#3152=VECTOR('',#3151,2.126062346164E-1);
#3153=CARTESIAN_POINT('',(6.632606234616E0,-5.845E0,2.53E0));
#3154=LINE('',#3153,#3152);
#3155=CARTESIAN_POINT('',(6.42E0,-5.845E0,1.68E0));
#3156=DIRECTION('',(0.E0,-1.E0,0.E0));
#3157=DIRECTION('',(0.E0,0.E0,1.E0));
#3158=AXIS2_PLACEMENT_3D('',#3155,#3156,#3157);
#3160=DIRECTION('',(0.E0,0.E0,-1.E0));
#3161=VECTOR('',#3160,2.126062346164E-1);
#3162=CARTESIAN_POINT('',(5.57E0,-5.845E0,1.68E0));
#3163=LINE('',#3162,#3161);
#3164=CARTESIAN_POINT('',(5.47E0,-5.845E0,1.467393765384E0));
#3165=DIRECTION('',(0.E0,1.E0,0.E0));
#3166=DIRECTION('',(1.E0,0.E0,0.E0));
#3167=AXIS2_PLACEMENT_3D('',#3164,#3165,#3166);
#3169=CARTESIAN_POINT('',(5.25E0,-5.845E0,2.85E0));
#3170=DIRECTION('',(0.E0,1.E0,0.E0));
#3171=DIRECTION('',(1.571428571429E-1,0.E0,-9.875758818688E-1));
#3172=AXIS2_PLACEMENT_3D('',#3169,#3170,#3171);
#3174=CARTESIAN_POINT('',(5.03E0,-5.845E0,1.467393765384E0));
#3175=DIRECTION('',(0.E0,1.E0,0.E0));
#3176=DIRECTION('',(-1.571428571429E-1,0.E0,-9.875758818688E-1));
#3177=AXIS2_PLACEMENT_3D('',#3174,#3175,#3176);
#3179=DIRECTION('',(0.E0,0.E0,1.E0));
#3180=VECTOR('',#3179,2.126062346163E-1);
#3181=CARTESIAN_POINT('',(4.93E0,-5.845E0,1.467393765384E0));
#3182=LINE('',#3181,#3180);
#3183=CARTESIAN_POINT('',(4.08E0,-5.845E0,1.68E0));
#3184=DIRECTION('',(0.E0,-1.E0,0.E0));
#3185=DIRECTION('',(1.E0,0.E0,0.E0));
#3186=AXIS2_PLACEMENT_3D('',#3183,#3184,#3185);
#3188=DIRECTION('',(-1.E0,0.E0,0.E0));
#3189=VECTOR('',#3188,2.126062346163E-1);
#3190=CARTESIAN_POINT('',(4.08E0,-5.845E0,2.53E0));
#3191=LINE('',#3190,#3189);
#3192=CARTESIAN_POINT('',(3.867393765384E0,-5.845E0,2.63E0));
#3193=DIRECTION('',(0.E0,1.E0,0.E0));
#3194=DIRECTION('',(0.E0,0.E0,-1.E0));
#3195=AXIS2_PLACEMENT_3D('',#3192,#3193,#3194);
#3197=CARTESIAN_POINT('',(5.25E0,-5.845E0,2.85E0));
#3198=DIRECTION('',(0.E0,1.E0,0.E0));
#3199=DIRECTION('',(-9.875758818688E-1,0.E0,-1.571428571429E-1));
#3200=AXIS2_PLACEMENT_3D('',#3197,#3198,#3199);
#3202=CARTESIAN_POINT('',(3.867393765384E0,-5.845E0,3.07E0));
#3203=DIRECTION('',(0.E0,1.E0,0.E0));
#3204=DIRECTION('',(-9.875758818688E-1,0.E0,1.571428571429E-1));
#3205=AXIS2_PLACEMENT_3D('',#3202,#3203,#3204);
#3207=DIRECTION('',(1.E0,0.E0,0.E0));
#3208=VECTOR('',#3207,2.126062346163E-1);
#3209=CARTESIAN_POINT('',(3.867393765384E0,-5.845E0,3.17E0));
#3210=LINE('',#3209,#3208);
#3211=CARTESIAN_POINT('',(4.08E0,-5.845E0,4.02E0));
#3212=DIRECTION('',(0.E0,-1.E0,0.E0));
#3213=DIRECTION('',(0.E0,0.E0,-1.E0));
#3214=AXIS2_PLACEMENT_3D('',#3211,#3212,#3213);
#3216=DIRECTION('',(0.E0,0.E0,1.E0));
#3217=VECTOR('',#3216,2.126062346163E-1);
#3218=CARTESIAN_POINT('',(4.93E0,-5.845E0,4.02E0));
#3219=LINE('',#3218,#3217);
#3220=CARTESIAN_POINT('',(5.03E0,-5.845E0,4.232606234616E0));
#3221=DIRECTION('',(0.E0,1.E0,0.E0));
#3222=DIRECTION('',(-1.E0,0.E0,0.E0));
#3223=AXIS2_PLACEMENT_3D('',#3220,#3221,#3222);
#3225=CARTESIAN_POINT('',(5.25E0,-5.845E0,2.85E0));
#3226=DIRECTION('',(0.E0,1.E0,0.E0));
#3227=DIRECTION('',(-1.571428571429E-1,0.E0,9.875758818688E-1));
#3228=AXIS2_PLACEMENT_3D('',#3225,#3226,#3227);
#3230=CARTESIAN_POINT('',(5.47E0,-5.845E0,4.232606234616E0));
#3231=DIRECTION('',(0.E0,1.E0,0.E0));
#3232=DIRECTION('',(1.571428571429E-1,0.E0,9.875758818688E-1));
#3233=AXIS2_PLACEMENT_3D('',#3230,#3231,#3232);
#3235=DIRECTION('',(0.E0,-1.E0,0.E0));
#3236=VECTOR('',#3235,3.17E0);
#3237=CARTESIAN_POINT('',(5.57E0,-2.675E0,4.02E0));
#3238=LINE('',#3237,#3236);
#3239=DIRECTION('',(0.E0,-1.E0,0.E0));
#3240=VECTOR('',#3239,3.17E0);
#3241=CARTESIAN_POINT('',(6.42E0,-2.675E0,3.17E0));
#3242=LINE('',#3241,#3240);
#3243=DIRECTION('',(0.E0,-1.E0,0.E0));
#3244=VECTOR('',#3243,3.17E0);
#3245=CARTESIAN_POINT('',(6.632606234616E0,-2.675E0,3.17E0));
#3246=LINE('',#3245,#3244);
#3247=DIRECTION('',(0.E0,-1.E0,0.E0));
#3248=VECTOR('',#3247,3.17E0);
#3249=CARTESIAN_POINT('',(6.731363822803E0,-2.675E0,3.085714285714E0));
#3250=LINE('',#3249,#3248);
#3251=DIRECTION('',(0.E0,-1.E0,0.E0));
#3252=VECTOR('',#3251,3.17E0);
#3253=CARTESIAN_POINT('',(6.731363822803E0,-2.675E0,2.614285714286E0));
#3254=LINE('',#3253,#3252);
#3255=DIRECTION('',(0.E0,-1.E0,0.E0));
#3256=VECTOR('',#3255,3.17E0);
#3257=CARTESIAN_POINT('',(6.632606234616E0,-2.675E0,2.53E0));
#3258=LINE('',#3257,#3256);
#3259=DIRECTION('',(0.E0,-1.E0,0.E0));
#3260=VECTOR('',#3259,3.17E0);
#3261=CARTESIAN_POINT('',(6.42E0,-2.675E0,2.53E0));
#3262=LINE('',#3261,#3260);
#3263=DIRECTION('',(0.E0,-1.E0,0.E0));
#3264=VECTOR('',#3263,3.17E0);
#3265=CARTESIAN_POINT('',(5.57E0,-2.675E0,1.68E0));
#3266=LINE('',#3265,#3264);
#3267=DIRECTION('',(0.E0,-1.E0,0.E0));
#3268=VECTOR('',#3267,3.17E0);
#3269=CARTESIAN_POINT('',(5.57E0,-2.675E0,1.467393765384E0));
#3270=LINE('',#3269,#3268);
#3271=DIRECTION('',(0.E0,-1.E0,0.E0));
#3272=VECTOR('',#3271,3.17E0);
#3273=CARTESIAN_POINT('',(5.485714285714E0,-2.675E0,1.368636177197E0));
#3274=LINE('',#3273,#3272);
#3275=DIRECTION('',(0.E0,-1.E0,0.E0));
#3276=VECTOR('',#3275,3.17E0);
#3277=CARTESIAN_POINT('',(5.014285714286E0,-2.675E0,1.368636177197E0));
#3278=LINE('',#3277,#3276);
#3279=DIRECTION('',(0.E0,-1.E0,0.E0));
#3280=VECTOR('',#3279,3.17E0);
#3281=CARTESIAN_POINT('',(4.93E0,-2.675E0,1.467393765384E0));
#3282=LINE('',#3281,#3280);
#3283=DIRECTION('',(0.E0,-1.E0,0.E0));
#3284=VECTOR('',#3283,3.17E0);
#3285=CARTESIAN_POINT('',(4.93E0,-2.675E0,1.68E0));
#3286=LINE('',#3285,#3284);
#3287=DIRECTION('',(0.E0,-1.E0,0.E0));
#3288=VECTOR('',#3287,3.17E0);
#3289=CARTESIAN_POINT('',(4.08E0,-2.675E0,2.53E0));
#3290=LINE('',#3289,#3288);
#3291=DIRECTION('',(0.E0,-1.E0,0.E0));
#3292=VECTOR('',#3291,3.17E0);
#3293=CARTESIAN_POINT('',(3.867393765384E0,-2.675E0,2.53E0));
#3294=LINE('',#3293,#3292);
#3295=DIRECTION('',(0.E0,-1.E0,0.E0));
#3296=VECTOR('',#3295,3.17E0);
#3297=CARTESIAN_POINT('',(3.768636177197E0,-2.675E0,2.614285714286E0));
#3298=LINE('',#3297,#3296);
#3299=DIRECTION('',(0.E0,-1.E0,0.E0));
#3300=VECTOR('',#3299,3.17E0);
#3301=CARTESIAN_POINT('',(3.768636177197E0,-2.675E0,3.085714285714E0));
#3302=LINE('',#3301,#3300);
#3303=DIRECTION('',(0.E0,-1.E0,0.E0));
#3304=VECTOR('',#3303,3.17E0);
#3305=CARTESIAN_POINT('',(3.867393765384E0,-2.675E0,3.17E0));
#3306=LINE('',#3305,#3304);
#3307=DIRECTION('',(0.E0,-1.E0,0.E0));
#3308=VECTOR('',#3307,3.17E0);
#3309=CARTESIAN_POINT('',(4.08E0,-2.675E0,3.17E0));
#3310=LINE('',#3309,#3308);
#3311=DIRECTION('',(0.E0,-1.E0,0.E0));
#3312=VECTOR('',#3311,3.17E0);
#3313=CARTESIAN_POINT('',(4.93E0,-2.675E0,4.02E0));
#3314=LINE('',#3313,#3312);
#3315=DIRECTION('',(0.E0,-1.E0,0.E0));
#3316=VECTOR('',#3315,3.17E0);
#3317=CARTESIAN_POINT('',(4.93E0,-2.675E0,4.232606234616E0));
#3318=LINE('',#3317,#3316);
#3319=DIRECTION('',(0.E0,-1.E0,0.E0));
#3320=VECTOR('',#3319,3.17E0);
#3321=CARTESIAN_POINT('',(5.014285714286E0,-2.675E0,4.331363822803E0));
#3322=LINE('',#3321,#3320);
#3323=CARTESIAN_POINT('',(-1.04E1,-2.675E0,8.1E0));
#3324=CARTESIAN_POINT('',(1.04E1,-2.675E0,8.1E0));
#3325=VERTEX_POINT('',#3323);
#3326=VERTEX_POINT('',#3324);
#3327=CARTESIAN_POINT('',(-3.9E0,4.975E0,1.025E1));
#3328=CARTESIAN_POINT('',(-3.9E0,3.213690869130E0,9.428688063897E0));
#3329=VERTEX_POINT('',#3327);
#3330=VERTEX_POINT('',#3328);
#3331=CARTESIAN_POINT('',(-3.9E0,2.925E0,8.975534170379E0));
#3332=VERTEX_POINT('',#3331);
#3333=CARTESIAN_POINT('',(-3.9E0,2.925E0,8.23E0));
#3334=VERTEX_POINT('',#3333);
#3335=CARTESIAN_POINT('',(-3.9E0,2.795E0,8.1E0));
#3336=VERTEX_POINT('',#3335);
#3337=CARTESIAN_POINT('',(3.9E0,4.975E0,1.025E1));
#3338=CARTESIAN_POINT('',(3.9E0,3.213690869130E0,9.428688063897E0));
#3339=VERTEX_POINT('',#3337);
#3340=VERTEX_POINT('',#3338);
#3341=CARTESIAN_POINT('',(3.9E0,2.925E0,8.975534170379E0));
#3342=VERTEX_POINT('',#3341);
#3343=CARTESIAN_POINT('',(3.9E0,2.925E0,8.23E0));
#3344=VERTEX_POINT('',#3343);
#3345=CARTESIAN_POINT('',(3.9E0,2.795E0,8.1E0));
#3346=VERTEX_POINT('',#3345);
#3347=CARTESIAN_POINT('',(-3.9E0,2.675E0,8.1E0));
#3348=CARTESIAN_POINT('',(-3.9E0,2.675E0,2.85E0));
#3349=VERTEX_POINT('',#3347);
#3350=VERTEX_POINT('',#3348);
#3351=CARTESIAN_POINT('',(3.9E0,2.675E0,8.1E0));
#3352=CARTESIAN_POINT('',(3.9E0,2.675E0,2.85E0));
#3353=VERTEX_POINT('',#3351);
#3354=VERTEX_POINT('',#3352);
#3355=CARTESIAN_POINT('',(-2.95E0,3.213690869130E0,9.428688063897E0));
#3356=CARTESIAN_POINT('',(-2.95E0,2.925E0,8.975534170379E0));
#3357=VERTEX_POINT('',#3355);
#3358=VERTEX_POINT('',#3356);
#3359=CARTESIAN_POINT('',(2.95E0,3.213690869130E0,9.428688063897E0));
#3360=CARTESIAN_POINT('',(2.95E0,2.925E0,8.975534170379E0));
#3361=VERTEX_POINT('',#3359);
#3362=VERTEX_POINT('',#3360);
#3363=CARTESIAN_POINT('',(-2.95E0,2.925E0,8.23E0));
#3364=VERTEX_POINT('',#3363);
#3365=CARTESIAN_POINT('',(2.95E0,2.925E0,8.23E0));
#3366=VERTEX_POINT('',#3365);
#3367=CARTESIAN_POINT('',(-2.95E0,2.795E0,8.1E0));
#3368=VERTEX_POINT('',#3367);
#3369=CARTESIAN_POINT('',(2.95E0,2.795E0,8.1E0));
#3370=VERTEX_POINT('',#3369);
#3371=CARTESIAN_POINT('',(-5.48E0,1.765E0,0.E0));
#3372=CARTESIAN_POINT('',(-5.48E0,-1.275E0,0.E0));
#3373=VERTEX_POINT('',#3371);
#3374=VERTEX_POINT('',#3372);
#3375=CARTESIAN_POINT('',(-8.52E0,1.765E0,0.E0));
#3376=VERTEX_POINT('',#3375);
#3377=CARTESIAN_POINT('',(-5.409312370895E0,-1.345687629105E0,8.1E0));
#3378=CARTESIAN_POINT('',(-5.409312370895E0,1.835687629105E0,8.1E0));
#3379=VERTEX_POINT('',#3377);
#3380=VERTEX_POINT('',#3378);
#3381=CARTESIAN_POINT('',(-8.590687629105E0,1.835687629105E0,8.1E0));
#3382=VERTEX_POINT('',#3381);
#3383=CARTESIAN_POINT('',(-7.48E0,-1.935E0,0.E0));
#3384=CARTESIAN_POINT('',(-8.52E0,-1.935E0,0.E0));
#3385=VERTEX_POINT('',#3383);
#3386=VERTEX_POINT('',#3384);
#3387=CARTESIAN_POINT('',(-8.590687629105E0,-2.005687629105E0,8.1E0));
#3388=CARTESIAN_POINT('',(-7.409312370895E0,-2.005687629105E0,8.1E0));
#3389=VERTEX_POINT('',#3387);
#3390=VERTEX_POINT('',#3388);
#3391=CARTESIAN_POINT('',(-7.409312370895E0,-1.345687629105E0,8.1E0));
#3392=VERTEX_POINT('',#3391);
#3393=CARTESIAN_POINT('',(-7.48E0,-1.275E0,0.E0));
#3394=VERTEX_POINT('',#3393);
#3395=CARTESIAN_POINT('',(-9.25E0,-5.E-1,8.1E0));
#3396=CARTESIAN_POINT('',(-9.25E0,5.E-1,8.1E0));
#3397=VERTEX_POINT('',#3395);
#3398=VERTEX_POINT('',#3396);
#3399=CARTESIAN_POINT('',(9.25E0,-5.E-1,8.1E0));
#3400=CARTESIAN_POINT('',(9.25E0,5.E-1,8.1E0));
#3401=VERTEX_POINT('',#3399);
#3402=VERTEX_POINT('',#3400);
#3403=CARTESIAN_POINT('',(1.155E0,5.985E0,2.85E0));
#3404=CARTESIAN_POINT('',(1.155E0,5.985E0,9.1E0));
#3405=VERTEX_POINT('',#3403);
#3406=VERTEX_POINT('',#3404);
#3407=CARTESIAN_POINT('',(-1.155E0,5.985E0,2.85E0));
#3408=CARTESIAN_POINT('',(-1.155E0,5.985E0,9.1E0));
#3409=VERTEX_POINT('',#3407);
#3410=VERTEX_POINT('',#3408);
#3411=CARTESIAN_POINT('',(-1.155E0,4.954926675333E0,9.1E0));
#3412=CARTESIAN_POINT('',(1.155E0,4.954926675333E0,9.1E0));
#3413=VERTEX_POINT('',#3411);
#3414=VERTEX_POINT('',#3412);
#3415=CARTESIAN_POINT('',(-7.1175E0,1.275E-1,6.4E0));
#3416=CARTESIAN_POINT('',(-7.3175E0,-7.25E-2,5.6E0));
#3417=VERTEX_POINT('',#3415);
#3418=VERTEX_POINT('',#3416);
#3419=CARTESIAN_POINT('',(-7.3175E0,5.625E-1,5.6E0));
#3420=CARTESIAN_POINT('',(-7.1175E0,3.625E-1,6.4E0));
#3421=VERTEX_POINT('',#3419);
#3422=VERTEX_POINT('',#3420);
#3423=CARTESIAN_POINT('',(-6.8825E0,3.625E-1,6.4E0));
#3424=CARTESIAN_POINT('',(-6.6825E0,5.625E-1,5.6E0));
#3425=VERTEX_POINT('',#3423);
#3426=VERTEX_POINT('',#3424);
#3427=CARTESIAN_POINT('',(-7.1175E0,-6.175E0,-5.1775E0));
#3428=CARTESIAN_POINT('',(-7.3175E0,-5.375E0,-5.3775E0));
#3429=VERTEX_POINT('',#3427);
#3430=VERTEX_POINT('',#3428);
#3431=CARTESIAN_POINT('',(-6.6825E0,-5.375E0,-5.3775E0));
#3432=CARTESIAN_POINT('',(-6.8825E0,-6.175E0,-5.1775E0));
#3433=VERTEX_POINT('',#3431);
#3434=VERTEX_POINT('',#3432);
#3435=CARTESIAN_POINT('',(-6.5E0,2.575E0,2.86E0));
#3436=CARTESIAN_POINT('',(-7.5E0,2.575E0,2.86E0));
#3437=VERTEX_POINT('',#3435);
#3438=VERTEX_POINT('',#3436);
#3439=CARTESIAN_POINT('',(-7.5E0,2.675E0,8.1E0));
#3440=CARTESIAN_POINT('',(-7.5E0,2.675E0,2.86E0));
#3441=VERTEX_POINT('',#3439);
#3442=VERTEX_POINT('',#3440);
#3443=CARTESIAN_POINT('',(-6.5E0,2.675E0,8.1E0));
#3444=CARTESIAN_POINT('',(-6.5E0,2.675E0,2.86E0));
#3445=VERTEX_POINT('',#3443);
#3446=VERTEX_POINT('',#3444);
#3447=CARTESIAN_POINT('',(-7.5E0,2.575E0,8.1E0));
#3448=CARTESIAN_POINT('',(-6.5E0,2.575E0,8.1E0));
#3449=VERTEX_POINT('',#3447);
#3450=VERTEX_POINT('',#3448);
#3451=CARTESIAN_POINT('',(-1.04E1,-5.E-1,8.1E0));
#3452=VERTEX_POINT('',#3451);
#3453=CARTESIAN_POINT('',(1.04E1,-5.E-1,8.1E0));
#3454=VERTEX_POINT('',#3453);
#3455=CARTESIAN_POINT('',(-1.154915161555E0,4.673928702281E0,4.200083880373E0));
#3456=CARTESIAN_POINT('',(-2.75E0,4.672857404561E0,4.2E0));
#3457=VERTEX_POINT('',#3455);
#3458=VERTEX_POINT('',#3456);
#3459=CARTESIAN_POINT('',(-1.155E0,4.872826943592E0,4.396509518713E0));
#3460=CARTESIAN_POINT('',(-2.75E0,4.872826943592E0,4.396509518713E0));
#3461=VERTEX_POINT('',#3459);
#3462=VERTEX_POINT('',#3460);
#3463=CARTESIAN_POINT('',(-2.95E0,4.672857404561E0,4.4E0));
#3464=CARTESIAN_POINT('',(-2.95E0,1.803398218279E0,4.4E0));
#3465=VERTEX_POINT('',#3463);
#3466=VERTEX_POINT('',#3464);
#3467=CARTESIAN_POINT('',(-2.75E0,1.801652844721E0,4.2E0));
#3468=VERTEX_POINT('',#3467);
#3469=CARTESIAN_POINT('',(-2.75E0,4.975E0,1.025E1));
#3470=VERTEX_POINT('',#3469);
#3471=CARTESIAN_POINT('',(-2.95E0,4.773328039495E0,1.015595882038E1));
#3472=VERTEX_POINT('',#3471);
#3473=CARTESIAN_POINT('',(2.95E0,4.672857404561E0,4.4E0));
#3474=CARTESIAN_POINT('',(2.95E0,4.773328039495E0,1.015595882038E1));
#3475=VERTEX_POINT('',#3473);
#3476=VERTEX_POINT('',#3474);
#3477=CARTESIAN_POINT('',(2.75E0,4.872826943592E0,4.396509518713E0));
#3478=CARTESIAN_POINT('',(2.75E0,4.975E0,1.025E1));
#3479=VERTEX_POINT('',#3477);
#3480=VERTEX_POINT('',#3478);
#3481=CARTESIAN_POINT('',(2.75E0,1.801652844721E0,4.2E0));
#3482=CARTESIAN_POINT('',(2.75E0,4.672857404561E0,4.2E0));
#3483=VERTEX_POINT('',#3481);
#3484=VERTEX_POINT('',#3482);
#3485=CARTESIAN_POINT('',(2.95E0,1.803398218279E0,4.4E0));
#3486=VERTEX_POINT('',#3485);
#3487=CARTESIAN_POINT('',(1.155E0,4.872826943592E0,4.396509518713E0));
#3488=VERTEX_POINT('',#3487);
#3489=CARTESIAN_POINT('',(1.154915161555E0,4.673928702281E0,4.200083880373E0));
#3490=VERTEX_POINT('',#3489);
#3491=CARTESIAN_POINT('',(9.55E-1,4.475E0,2.85E0));
#3492=CARTESIAN_POINT('',(9.55E-1,4.475E0,4.2E0));
#3493=VERTEX_POINT('',#3491);
#3494=VERTEX_POINT('',#3492);
#3495=CARTESIAN_POINT('',(1.155E0,4.675E0,2.85E0));
#3496=VERTEX_POINT('',#3495);
#3497=CARTESIAN_POINT('',(-9.55E-1,4.475E0,4.2E0));
#3498=CARTESIAN_POINT('',(-9.55E-1,4.475E0,2.85E0));
#3499=VERTEX_POINT('',#3497);
#3500=VERTEX_POINT('',#3498);
#3501=CARTESIAN_POINT('',(-1.155E0,4.675E0,2.85E0));
#3502=VERTEX_POINT('',#3501);
#3503=CARTESIAN_POINT('',(-1.02E1,2.675E0,8.1E0));
#3504=CARTESIAN_POINT('',(-1.04E1,2.475E0,8.1E0));
#3505=VERTEX_POINT('',#3503);
#3506=VERTEX_POINT('',#3504);
#3507=CARTESIAN_POINT('',(-1.04E1,2.475E0,-3.1E0));
#3508=VERTEX_POINT('',#3507);
#3509=CARTESIAN_POINT('',(-1.02E1,2.675E0,-3.1E0));
#3510=VERTEX_POINT('',#3509);
#3511=CARTESIAN_POINT('',(1.02E1,2.675E0,-3.1E0));
#3512=CARTESIAN_POINT('',(1.04E1,2.475E0,-3.1E0));
#3513=VERTEX_POINT('',#3511);
#3514=VERTEX_POINT('',#3512);
#3515=CARTESIAN_POINT('',(1.04E1,2.475E0,8.1E0));
#3516=VERTEX_POINT('',#3515);
#3517=CARTESIAN_POINT('',(1.02E1,2.675E0,8.1E0));
#3518=VERTEX_POINT('',#3517);
#3519=CARTESIAN_POINT('',(-3.9E0,5.235E0,2.85E0));
#3520=CARTESIAN_POINT('',(-3.15E0,5.985E0,2.85E0));
#3521=VERTEX_POINT('',#3519);
#3522=VERTEX_POINT('',#3520);
#3523=CARTESIAN_POINT('',(-3.15E0,5.985E0,1.025E1));
#3524=VERTEX_POINT('',#3523);
#3525=CARTESIAN_POINT('',(-3.9E0,5.235E0,1.025E1));
#3526=VERTEX_POINT('',#3525);
#3527=CARTESIAN_POINT('',(3.9E0,5.235E0,1.025E1));
#3528=CARTESIAN_POINT('',(3.15E0,5.985E0,1.025E1));
#3529=VERTEX_POINT('',#3527);
#3530=VERTEX_POINT('',#3528);
#3531=CARTESIAN_POINT('',(3.15E0,5.985E0,2.85E0));
#3532=VERTEX_POINT('',#3531);
#3533=CARTESIAN_POINT('',(3.9E0,5.235E0,2.85E0));
#3534=VERTEX_POINT('',#3533);
#3535=CARTESIAN_POINT('',(-1.04E1,5.E-1,8.1E0));
#3536=VERTEX_POINT('',#3535);
#3537=CARTESIAN_POINT('',(1.04E1,5.E-1,8.1E0));
#3538=VERTEX_POINT('',#3537);
#3539=CARTESIAN_POINT('',(-8.15E0,-2.975E0,6.6E0));
#3540=CARTESIAN_POINT('',(-8.15E0,-2.975E0,-1.6E0));
#3541=VERTEX_POINT('',#3539);
#3542=VERTEX_POINT('',#3540);
#3543=CARTESIAN_POINT('',(-6.95E0,-2.975E0,-1.6E0));
#3544=VERTEX_POINT('',#3543);
#3545=CARTESIAN_POINT('',(-6.95E0,-2.975E0,6.6E0));
#3546=VERTEX_POINT('',#3545);
#3547=CARTESIAN_POINT('',(8.15E0,-2.975E0,6.6E0));
#3548=CARTESIAN_POINT('',(6.95E0,-2.975E0,6.6E0));
#3549=VERTEX_POINT('',#3547);
#3550=VERTEX_POINT('',#3548);
#3551=CARTESIAN_POINT('',(6.95E0,-2.975E0,-1.6E0));
#3552=VERTEX_POINT('',#3551);
#3553=CARTESIAN_POINT('',(8.15E0,-2.975E0,-1.6E0));
#3554=VERTEX_POINT('',#3553);
#3555=CARTESIAN_POINT('',(-8.15E0,-2.675E0,-1.6E0));
#3556=CARTESIAN_POINT('',(-6.95E0,-2.675E0,-1.6E0));
#3557=VERTEX_POINT('',#3555);
#3558=VERTEX_POINT('',#3556);
#3559=CARTESIAN_POINT('',(-6.95E0,-2.675E0,6.6E0));
#3560=VERTEX_POINT('',#3559);
#3561=CARTESIAN_POINT('',(-8.15E0,-2.675E0,6.6E0));
#3562=VERTEX_POINT('',#3561);
#3563=CARTESIAN_POINT('',(8.15E0,-2.675E0,6.6E0));
#3564=CARTESIAN_POINT('',(6.95E0,-2.675E0,6.6E0));
#3565=VERTEX_POINT('',#3563);
#3566=VERTEX_POINT('',#3564);
#3567=CARTESIAN_POINT('',(6.95E0,-2.675E0,-1.6E0));
#3568=VERTEX_POINT('',#3567);
#3569=CARTESIAN_POINT('',(8.15E0,-2.675E0,-1.6E0));
#3570=VERTEX_POINT('',#3569);
#3571=CARTESIAN_POINT('',(-5.57E0,-5.845E0,4.232606234616E0));
#3572=CARTESIAN_POINT('',(-5.57E0,-5.845E0,4.02E0));
#3573=VERTEX_POINT('',#3571);
#3574=VERTEX_POINT('',#3572);
#3575=CARTESIAN_POINT('',(-6.42E0,-5.845E0,3.17E0));
#3576=VERTEX_POINT('',#3575);
#3577=CARTESIAN_POINT('',(-6.632606234616E0,-5.845E0,3.17E0));
#3578=VERTEX_POINT('',#3577);
#3579=CARTESIAN_POINT('',(-6.731363822803E0,-5.845E0,3.085714285714E0));
#3580=VERTEX_POINT('',#3579);
#3581=CARTESIAN_POINT('',(-6.731363822803E0,-5.845E0,2.614285714286E0));
#3582=VERTEX_POINT('',#3581);
#3583=CARTESIAN_POINT('',(-6.632606234616E0,-5.845E0,2.53E0));
#3584=VERTEX_POINT('',#3583);
#3585=CARTESIAN_POINT('',(-6.42E0,-5.845E0,2.53E0));
#3586=VERTEX_POINT('',#3585);
#3587=CARTESIAN_POINT('',(-5.57E0,-5.845E0,1.68E0));
#3588=VERTEX_POINT('',#3587);
#3589=CARTESIAN_POINT('',(-5.57E0,-5.845E0,1.467393765384E0));
#3590=VERTEX_POINT('',#3589);
#3591=CARTESIAN_POINT('',(-5.485714285714E0,-5.845E0,1.368636177197E0));
#3592=VERTEX_POINT('',#3591);
#3593=CARTESIAN_POINT('',(-5.014285714286E0,-5.845E0,1.368636177197E0));
#3594=VERTEX_POINT('',#3593);
#3595=CARTESIAN_POINT('',(-4.93E0,-5.845E0,1.467393765384E0));
#3596=VERTEX_POINT('',#3595);
#3597=CARTESIAN_POINT('',(-4.93E0,-5.845E0,1.68E0));
#3598=VERTEX_POINT('',#3597);
#3599=CARTESIAN_POINT('',(-4.08E0,-5.845E0,2.53E0));
#3600=VERTEX_POINT('',#3599);
#3601=CARTESIAN_POINT('',(-3.867393765384E0,-5.845E0,2.53E0));
#3602=VERTEX_POINT('',#3601);
#3603=CARTESIAN_POINT('',(-3.768636177197E0,-5.845E0,2.614285714286E0));
#3604=VERTEX_POINT('',#3603);
#3605=CARTESIAN_POINT('',(-3.768636177197E0,-5.845E0,3.085714285714E0));
#3606=VERTEX_POINT('',#3605);
#3607=CARTESIAN_POINT('',(-3.867393765384E0,-5.845E0,3.17E0));
#3608=VERTEX_POINT('',#3607);
#3609=CARTESIAN_POINT('',(-4.08E0,-5.845E0,3.17E0));
#3610=VERTEX_POINT('',#3609);
#3611=CARTESIAN_POINT('',(-4.93E0,-5.845E0,4.02E0));
#3612=VERTEX_POINT('',#3611);
#3613=CARTESIAN_POINT('',(-4.93E0,-5.845E0,4.232606234616E0));
#3614=VERTEX_POINT('',#3613);
#3615=CARTESIAN_POINT('',(-5.014285714286E0,-5.845E0,4.331363822803E0));
#3616=VERTEX_POINT('',#3615);
#3617=CARTESIAN_POINT('',(-5.485714285714E0,-5.845E0,4.331363822803E0));
#3618=VERTEX_POINT('',#3617);
#3619=CARTESIAN_POINT('',(-5.57E0,-2.675E0,4.232606234616E0));
#3620=CARTESIAN_POINT('',(-5.57E0,-2.675E0,4.02E0));
#3621=VERTEX_POINT('',#3619);
#3622=VERTEX_POINT('',#3620);
#3623=CARTESIAN_POINT('',(-6.42E0,-2.675E0,3.17E0));
#3624=VERTEX_POINT('',#3623);
#3625=CARTESIAN_POINT('',(-6.632606234616E0,-2.675E0,3.17E0));
#3626=VERTEX_POINT('',#3625);
#3627=CARTESIAN_POINT('',(-6.731363822803E0,-2.675E0,3.085714285714E0));
#3628=VERTEX_POINT('',#3627);
#3629=CARTESIAN_POINT('',(-6.731363822803E0,-2.675E0,2.614285714286E0));
#3630=VERTEX_POINT('',#3629);
#3631=CARTESIAN_POINT('',(-6.632606234616E0,-2.675E0,2.53E0));
#3632=VERTEX_POINT('',#3631);
#3633=CARTESIAN_POINT('',(-6.42E0,-2.675E0,2.53E0));
#3634=VERTEX_POINT('',#3633);
#3635=CARTESIAN_POINT('',(-5.57E0,-2.675E0,1.68E0));
#3636=VERTEX_POINT('',#3635);
#3637=CARTESIAN_POINT('',(-5.57E0,-2.675E0,1.467393765384E0));
#3638=VERTEX_POINT('',#3637);
#3639=CARTESIAN_POINT('',(-5.485714285714E0,-2.675E0,1.368636177197E0));
#3640=VERTEX_POINT('',#3639);
#3641=CARTESIAN_POINT('',(-5.014285714286E0,-2.675E0,1.368636177197E0));
#3642=VERTEX_POINT('',#3641);
#3643=CARTESIAN_POINT('',(-4.93E0,-2.675E0,1.467393765384E0));
#3644=VERTEX_POINT('',#3643);
#3645=CARTESIAN_POINT('',(-4.93E0,-2.675E0,1.68E0));
#3646=VERTEX_POINT('',#3645);
#3647=CARTESIAN_POINT('',(-4.08E0,-2.675E0,2.53E0));
#3648=VERTEX_POINT('',#3647);
#3649=CARTESIAN_POINT('',(-3.867393765384E0,-2.675E0,2.53E0));
#3650=VERTEX_POINT('',#3649);
#3651=CARTESIAN_POINT('',(-3.768636177197E0,-2.675E0,2.614285714286E0));
#3652=VERTEX_POINT('',#3651);
#3653=CARTESIAN_POINT('',(-3.768636177197E0,-2.675E0,3.085714285714E0));
#3654=VERTEX_POINT('',#3653);
#3655=CARTESIAN_POINT('',(-3.867393765384E0,-2.675E0,3.17E0));
#3656=VERTEX_POINT('',#3655);
#3657=CARTESIAN_POINT('',(-4.08E0,-2.675E0,3.17E0));
#3658=VERTEX_POINT('',#3657);
#3659=CARTESIAN_POINT('',(-4.93E0,-2.675E0,4.02E0));
#3660=VERTEX_POINT('',#3659);
#3661=CARTESIAN_POINT('',(-4.93E0,-2.675E0,4.232606234616E0));
#3662=VERTEX_POINT('',#3661);
#3663=CARTESIAN_POINT('',(-5.014285714286E0,-2.675E0,4.331363822803E0));
#3664=VERTEX_POINT('',#3663);
#3665=CARTESIAN_POINT('',(-5.485714285714E0,-2.675E0,4.331363822803E0));
#3666=VERTEX_POINT('',#3665);
#3667=CARTESIAN_POINT('',(-7.3175E0,-7.25E-2,-4.2425E0));
#3668=CARTESIAN_POINT('',(-7.3175E0,-5.725E-1,-4.7425E0));
#3669=VERTEX_POINT('',#3667);
#3670=VERTEX_POINT('',#3668);
#3671=CARTESIAN_POINT('',(-7.3175E0,-5.725E-1,-5.3775E0));
#3672=CARTESIAN_POINT('',(-7.3175E0,5.625E-1,-4.2425E0));
#3673=VERTEX_POINT('',#3671);
#3674=VERTEX_POINT('',#3672);
#3675=CARTESIAN_POINT('',(-6.6825E0,-7.25E-2,-4.2425E0));
#3676=CARTESIAN_POINT('',(-6.6825E0,-5.725E-1,-4.7425E0));
#3677=VERTEX_POINT('',#3675);
#3678=VERTEX_POINT('',#3676);
#3679=CARTESIAN_POINT('',(-6.6825E0,-5.725E-1,-5.3775E0));
#3680=CARTESIAN_POINT('',(-6.6825E0,5.625E-1,-4.2425E0));
#3681=VERTEX_POINT('',#3679);
#3682=VERTEX_POINT('',#3680);
#3683=CARTESIAN_POINT('',(-7.3175E0,-7.25E-2,-3.1E0));
#3684=CARTESIAN_POINT('',(-7.3175E0,5.625E-1,-3.1E0));
#3685=VERTEX_POINT('',#3683);
#3686=VERTEX_POINT('',#3684);
#3687=CARTESIAN_POINT('',(-6.6825E0,-7.25E-2,-3.1E0));
#3688=CARTESIAN_POINT('',(-6.6825E0,5.625E-1,-3.1E0));
#3689=VERTEX_POINT('',#3687);
#3690=VERTEX_POINT('',#3688);
#3691=CARTESIAN_POINT('',(-6.8825E0,1.275E-1,6.4E0));
#3692=VERTEX_POINT('',#3691);
#3693=CARTESIAN_POINT('',(-6.6825E0,-7.25E-2,5.6E0));
#3694=VERTEX_POINT('',#3693);
#3695=CARTESIAN_POINT('',(-6.8825E0,-6.175E0,-4.9425E0));
#3696=VERTEX_POINT('',#3695);
#3697=CARTESIAN_POINT('',(-6.6825E0,-5.375E0,-4.7425E0));
#3698=VERTEX_POINT('',#3697);
#3699=CARTESIAN_POINT('',(-7.3175E0,-5.375E0,-4.7425E0));
#3700=VERTEX_POINT('',#3699);
#3701=CARTESIAN_POINT('',(-7.1175E0,-6.175E0,-4.9425E0));
#3702=VERTEX_POINT('',#3701);
#3703=CARTESIAN_POINT('',(-7.3175E0,-7.25E-2,0.E0));
#3704=VERTEX_POINT('',#3703);
#3705=CARTESIAN_POINT('',(-7.3175E0,5.625E-1,0.E0));
#3706=VERTEX_POINT('',#3705);
#3707=CARTESIAN_POINT('',(-6.6825E0,-7.25E-2,0.E0));
#3708=VERTEX_POINT('',#3707);
#3709=CARTESIAN_POINT('',(-6.6825E0,5.625E-1,0.E0));
#3710=VERTEX_POINT('',#3709);
#3711=CARTESIAN_POINT('',(-5.02E0,-1.275E0,0.E0));
#3712=CARTESIAN_POINT('',(-5.02E0,1.765E0,0.E0));
#3713=VERTEX_POINT('',#3711);
#3714=VERTEX_POINT('',#3712);
#3715=CARTESIAN_POINT('',(-1.98E0,-1.275E0,0.E0));
#3716=VERTEX_POINT('',#3715);
#3717=CARTESIAN_POINT('',(-1.98E0,1.765E0,0.E0));
#3718=VERTEX_POINT('',#3717);
#3719=CARTESIAN_POINT('',(-5.090687629105E0,1.835687629105E0,8.1E0));
#3720=CARTESIAN_POINT('',(-5.090687629105E0,-1.345687629105E0,8.1E0));
#3721=VERTEX_POINT('',#3719);
#3722=VERTEX_POINT('',#3720);
#3723=CARTESIAN_POINT('',(-1.909312370895E0,-1.345687629105E0,8.1E0));
#3724=VERTEX_POINT('',#3723);
#3725=CARTESIAN_POINT('',(-1.909312370895E0,1.729396857184E0,8.1E0));
#3726=VERTEX_POINT('',#3725);
#3727=CARTESIAN_POINT('',(-2.95E0,1.835687629105E0,8.1E0));
#3728=VERTEX_POINT('',#3727);
#3729=CARTESIAN_POINT('',(-1.943347155279E0,1.729396857184E0,4.2E0));
#3730=VERTEX_POINT('',#3729);
#3731=CARTESIAN_POINT('',(-1.943347155279E0,1.801652844721E0,4.2E0));
#3732=VERTEX_POINT('',#3731);
#3733=CARTESIAN_POINT('',(-1.52E0,-1.275E0,0.E0));
#3734=CARTESIAN_POINT('',(-1.52E0,1.765E0,0.E0));
#3735=VERTEX_POINT('',#3733);
#3736=VERTEX_POINT('',#3734);
#3737=CARTESIAN_POINT('',(1.52E0,-1.275E0,0.E0));
#3738=VERTEX_POINT('',#3737);
#3739=CARTESIAN_POINT('',(1.52E0,1.765E0,0.E0));
#3740=VERTEX_POINT('',#3739);
#3741=CARTESIAN_POINT('',(-1.590687629105E0,1.729396857184E0,8.1E0));
#3742=CARTESIAN_POINT('',(-1.590687629105E0,-1.345687629105E0,8.1E0));
#3743=VERTEX_POINT('',#3741);
#3744=VERTEX_POINT('',#3742);
#3745=CARTESIAN_POINT('',(1.590687629105E0,-1.345687629105E0,8.1E0));
#3746=VERTEX_POINT('',#3745);
#3747=CARTESIAN_POINT('',(1.590687629105E0,1.729396857184E0,8.1E0));
#3748=VERTEX_POINT('',#3747);
#3749=CARTESIAN_POINT('',(-1.556652844721E0,1.729396857184E0,4.2E0));
#3750=VERTEX_POINT('',#3749);
#3751=CARTESIAN_POINT('',(1.556652844721E0,1.729396857184E0,4.2E0));
#3752=VERTEX_POINT('',#3751);
#3753=CARTESIAN_POINT('',(-1.556652844721E0,1.801652844721E0,4.2E0));
#3754=VERTEX_POINT('',#3753);
#3755=CARTESIAN_POINT('',(1.556652844721E0,1.801652844721E0,4.2E0));
#3756=VERTEX_POINT('',#3755);
#3757=CARTESIAN_POINT('',(1.98E0,-1.275E0,0.E0));
#3758=CARTESIAN_POINT('',(1.98E0,1.765E0,0.E0));
#3759=VERTEX_POINT('',#3757);
#3760=VERTEX_POINT('',#3758);
#3761=CARTESIAN_POINT('',(5.02E0,-1.275E0,0.E0));
#3762=VERTEX_POINT('',#3761);
#3763=CARTESIAN_POINT('',(5.02E0,1.765E0,0.E0));
#3764=VERTEX_POINT('',#3763);
#3765=CARTESIAN_POINT('',(1.909312370895E0,1.729396857184E0,8.1E0));
#3766=CARTESIAN_POINT('',(1.909312370895E0,-1.345687629105E0,8.1E0));
#3767=VERTEX_POINT('',#3765);
#3768=VERTEX_POINT('',#3766);
#3769=CARTESIAN_POINT('',(5.090687629105E0,-1.345687629105E0,8.1E0));
#3770=VERTEX_POINT('',#3769);
#3771=CARTESIAN_POINT('',(5.090687629105E0,1.835687629105E0,8.1E0));
#3772=VERTEX_POINT('',#3771);
#3773=CARTESIAN_POINT('',(2.95E0,1.835687629105E0,8.1E0));
#3774=VERTEX_POINT('',#3773);
#3775=CARTESIAN_POINT('',(1.943347155279E0,1.729396857184E0,4.2E0));
#3776=VERTEX_POINT('',#3775);
#3777=CARTESIAN_POINT('',(1.943347155279E0,1.801652844721E0,4.2E0));
#3778=VERTEX_POINT('',#3777);
#3779=CARTESIAN_POINT('',(5.48E0,-1.275E0,0.E0));
#3780=CARTESIAN_POINT('',(5.48E0,1.765E0,0.E0));
#3781=VERTEX_POINT('',#3779);
#3782=VERTEX_POINT('',#3780);
#3783=CARTESIAN_POINT('',(8.52E0,-1.275E0,0.E0));
#3784=VERTEX_POINT('',#3783);
#3785=CARTESIAN_POINT('',(8.52E0,1.765E0,0.E0));
#3786=VERTEX_POINT('',#3785);
#3787=CARTESIAN_POINT('',(5.409312370895E0,1.835687629105E0,8.1E0));
#3788=CARTESIAN_POINT('',(5.409312370895E0,-1.345687629105E0,8.1E0));
#3789=VERTEX_POINT('',#3787);
#3790=VERTEX_POINT('',#3788);
#3791=CARTESIAN_POINT('',(8.590687629105E0,-1.345687629105E0,8.1E0));
#3792=VERTEX_POINT('',#3791);
#3793=CARTESIAN_POINT('',(8.590687629105E0,1.835687629105E0,8.1E0));
#3794=VERTEX_POINT('',#3793);
#3795=CARTESIAN_POINT('',(5.57E0,-5.845E0,4.232606234616E0));
#3796=CARTESIAN_POINT('',(5.57E0,-5.845E0,4.02E0));
#3797=VERTEX_POINT('',#3795);
#3798=VERTEX_POINT('',#3796);
#3799=CARTESIAN_POINT('',(6.42E0,-5.845E0,3.17E0));
#3800=VERTEX_POINT('',#3799);
#3801=CARTESIAN_POINT('',(6.632606234616E0,-5.845E0,3.17E0));
#3802=VERTEX_POINT('',#3801);
#3803=CARTESIAN_POINT('',(6.731363822803E0,-5.845E0,3.085714285714E0));
#3804=VERTEX_POINT('',#3803);
#3805=CARTESIAN_POINT('',(6.731363822803E0,-5.845E0,2.614285714286E0));
#3806=VERTEX_POINT('',#3805);
#3807=CARTESIAN_POINT('',(6.632606234616E0,-5.845E0,2.53E0));
#3808=VERTEX_POINT('',#3807);
#3809=CARTESIAN_POINT('',(6.42E0,-5.845E0,2.53E0));
#3810=VERTEX_POINT('',#3809);
#3811=CARTESIAN_POINT('',(5.57E0,-5.845E0,1.68E0));
#3812=VERTEX_POINT('',#3811);
#3813=CARTESIAN_POINT('',(5.57E0,-5.845E0,1.467393765384E0));
#3814=VERTEX_POINT('',#3813);
#3815=CARTESIAN_POINT('',(5.485714285714E0,-5.845E0,1.368636177197E0));
#3816=VERTEX_POINT('',#3815);
#3817=CARTESIAN_POINT('',(5.014285714286E0,-5.845E0,1.368636177197E0));
#3818=VERTEX_POINT('',#3817);
#3819=CARTESIAN_POINT('',(4.93E0,-5.845E0,1.467393765384E0));
#3820=VERTEX_POINT('',#3819);
#3821=CARTESIAN_POINT('',(4.93E0,-5.845E0,1.68E0));
#3822=VERTEX_POINT('',#3821);
#3823=CARTESIAN_POINT('',(4.08E0,-5.845E0,2.53E0));
#3824=VERTEX_POINT('',#3823);
#3825=CARTESIAN_POINT('',(3.867393765384E0,-5.845E0,2.53E0));
#3826=VERTEX_POINT('',#3825);
#3827=CARTESIAN_POINT('',(3.768636177197E0,-5.845E0,2.614285714286E0));
#3828=VERTEX_POINT('',#3827);
#3829=CARTESIAN_POINT('',(3.768636177197E0,-5.845E0,3.085714285714E0));
#3830=VERTEX_POINT('',#3829);
#3831=CARTESIAN_POINT('',(3.867393765384E0,-5.845E0,3.17E0));
#3832=VERTEX_POINT('',#3831);
#3833=CARTESIAN_POINT('',(4.08E0,-5.845E0,3.17E0));
#3834=VERTEX_POINT('',#3833);
#3835=CARTESIAN_POINT('',(4.93E0,-5.845E0,4.02E0));
#3836=VERTEX_POINT('',#3835);
#3837=CARTESIAN_POINT('',(4.93E0,-5.845E0,4.232606234616E0));
#3838=VERTEX_POINT('',#3837);
#3839=CARTESIAN_POINT('',(5.014285714286E0,-5.845E0,4.331363822803E0));
#3840=VERTEX_POINT('',#3839);
#3841=CARTESIAN_POINT('',(5.485714285714E0,-5.845E0,4.331363822803E0));
#3842=VERTEX_POINT('',#3841);
#3843=CARTESIAN_POINT('',(5.57E0,-2.675E0,4.232606234616E0));
#3844=VERTEX_POINT('',#3843);
#3845=CARTESIAN_POINT('',(5.57E0,-2.675E0,4.02E0));
#3846=VERTEX_POINT('',#3845);
#3847=CARTESIAN_POINT('',(6.42E0,-2.675E0,3.17E0));
#3848=VERTEX_POINT('',#3847);
#3849=CARTESIAN_POINT('',(6.632606234616E0,-2.675E0,3.17E0));
#3850=VERTEX_POINT('',#3849);
#3851=CARTESIAN_POINT('',(6.731363822803E0,-2.675E0,3.085714285714E0));
#3852=VERTEX_POINT('',#3851);
#3853=CARTESIAN_POINT('',(6.731363822803E0,-2.675E0,2.614285714286E0));
#3854=VERTEX_POINT('',#3853);
#3855=CARTESIAN_POINT('',(6.632606234616E0,-2.675E0,2.53E0));
#3856=VERTEX_POINT('',#3855);
#3857=CARTESIAN_POINT('',(6.42E0,-2.675E0,2.53E0));
#3858=VERTEX_POINT('',#3857);
#3859=CARTESIAN_POINT('',(5.57E0,-2.675E0,1.68E0));
#3860=VERTEX_POINT('',#3859);
#3861=CARTESIAN_POINT('',(5.57E0,-2.675E0,1.467393765384E0));
#3862=VERTEX_POINT('',#3861);
#3863=CARTESIAN_POINT('',(5.485714285714E0,-2.675E0,1.368636177197E0));
#3864=VERTEX_POINT('',#3863);
#3865=CARTESIAN_POINT('',(5.014285714286E0,-2.675E0,1.368636177197E0));
#3866=VERTEX_POINT('',#3865);
#3867=CARTESIAN_POINT('',(4.93E0,-2.675E0,1.467393765384E0));
#3868=VERTEX_POINT('',#3867);
#3869=CARTESIAN_POINT('',(4.93E0,-2.675E0,1.68E0));
#3870=VERTEX_POINT('',#3869);
#3871=CARTESIAN_POINT('',(4.08E0,-2.675E0,2.53E0));
#3872=VERTEX_POINT('',#3871);
#3873=CARTESIAN_POINT('',(3.867393765384E0,-2.675E0,2.53E0));
#3874=VERTEX_POINT('',#3873);
#3875=CARTESIAN_POINT('',(3.768636177197E0,-2.675E0,2.614285714286E0));
#3876=VERTEX_POINT('',#3875);
#3877=CARTESIAN_POINT('',(3.768636177197E0,-2.675E0,3.085714285714E0));
#3878=VERTEX_POINT('',#3877);
#3879=CARTESIAN_POINT('',(3.867393765384E0,-2.675E0,3.17E0));
#3880=VERTEX_POINT('',#3879);
#3881=CARTESIAN_POINT('',(4.08E0,-2.675E0,3.17E0));
#3882=VERTEX_POINT('',#3881);
#3883=CARTESIAN_POINT('',(4.93E0,-2.675E0,4.02E0));
#3884=VERTEX_POINT('',#3883);
#3885=CARTESIAN_POINT('',(4.93E0,-2.675E0,4.232606234616E0));
#3886=VERTEX_POINT('',#3885);
#3887=CARTESIAN_POINT('',(5.014285714286E0,-2.675E0,4.331363822803E0));
#3888=VERTEX_POINT('',#3887);
#3889=CARTESIAN_POINT('',(5.485714285714E0,-2.675E0,4.331363822803E0));
#3890=VERTEX_POINT('',#3889);
#3891=CARTESIAN_POINT('',(-3.8175E0,-7.25E-2,-4.2425E0));
#3892=CARTESIAN_POINT('',(-3.8175E0,-5.725E-1,-4.7425E0));
#3893=VERTEX_POINT('',#3891);
#3894=VERTEX_POINT('',#3892);
#3895=CARTESIAN_POINT('',(-3.8175E0,-5.725E-1,-5.3775E0));
#3896=CARTESIAN_POINT('',(-3.8175E0,5.625E-1,-4.2425E0));
#3897=VERTEX_POINT('',#3895);
#3898=VERTEX_POINT('',#3896);
#3899=CARTESIAN_POINT('',(-3.1825E0,-7.25E-2,-4.2425E0));
#3900=CARTESIAN_POINT('',(-3.1825E0,-5.725E-1,-4.7425E0));
#3901=VERTEX_POINT('',#3899);
#3902=VERTEX_POINT('',#3900);
#3903=CARTESIAN_POINT('',(-3.1825E0,-5.725E-1,-5.3775E0));
#3904=CARTESIAN_POINT('',(-3.1825E0,5.625E-1,-4.2425E0));
#3905=VERTEX_POINT('',#3903);
#3906=VERTEX_POINT('',#3904);
#3907=CARTESIAN_POINT('',(-3.8175E0,-7.25E-2,-3.1E0));
#3908=CARTESIAN_POINT('',(-3.8175E0,5.625E-1,-3.1E0));
#3909=VERTEX_POINT('',#3907);
#3910=VERTEX_POINT('',#3908);
#3911=CARTESIAN_POINT('',(-3.1825E0,-7.25E-2,-3.1E0));
#3912=CARTESIAN_POINT('',(-3.1825E0,5.625E-1,-3.1E0));
#3913=VERTEX_POINT('',#3911);
#3914=VERTEX_POINT('',#3912);
#3915=CARTESIAN_POINT('',(-3.8175E0,-7.25E-2,0.E0));
#3916=CARTESIAN_POINT('',(-3.8175E0,5.625E-1,0.E0));
#3917=VERTEX_POINT('',#3915);
#3918=VERTEX_POINT('',#3916);
#3919=CARTESIAN_POINT('',(-3.1825E0,-7.25E-2,0.E0));
#3920=CARTESIAN_POINT('',(-3.1825E0,5.625E-1,0.E0));
#3921=VERTEX_POINT('',#3919);
#3922=VERTEX_POINT('',#3920);
#3923=CARTESIAN_POINT('',(-3.175E-1,-7.25E-2,-4.2425E0));
#3924=CARTESIAN_POINT('',(-3.175E-1,-5.725E-1,-4.7425E0));
#3925=VERTEX_POINT('',#3923);
#3926=VERTEX_POINT('',#3924);
#3927=CARTESIAN_POINT('',(-3.175E-1,-5.725E-1,-5.3775E0));
#3928=CARTESIAN_POINT('',(-3.175E-1,5.625E-1,-4.2425E0));
#3929=VERTEX_POINT('',#3927);
#3930=VERTEX_POINT('',#3928);
#3931=CARTESIAN_POINT('',(3.175E-1,-7.25E-2,-4.2425E0));
#3932=CARTESIAN_POINT('',(3.175E-1,-5.725E-1,-4.7425E0));
#3933=VERTEX_POINT('',#3931);
#3934=VERTEX_POINT('',#3932);
#3935=CARTESIAN_POINT('',(3.175E-1,-5.725E-1,-5.3775E0));
#3936=CARTESIAN_POINT('',(3.175E-1,5.625E-1,-4.2425E0));
#3937=VERTEX_POINT('',#3935);
#3938=VERTEX_POINT('',#3936);
#3939=CARTESIAN_POINT('',(-3.175E-1,-7.25E-2,-3.1E0));
#3940=CARTESIAN_POINT('',(-3.175E-1,5.625E-1,-3.1E0));
#3941=VERTEX_POINT('',#3939);
#3942=VERTEX_POINT('',#3940);
#3943=CARTESIAN_POINT('',(3.175E-1,-7.25E-2,-3.1E0));
#3944=CARTESIAN_POINT('',(3.175E-1,5.625E-1,-3.1E0));
#3945=VERTEX_POINT('',#3943);
#3946=VERTEX_POINT('',#3944);
#3947=CARTESIAN_POINT('',(-3.175E-1,-7.25E-2,0.E0));
#3948=CARTESIAN_POINT('',(-3.175E-1,5.625E-1,0.E0));
#3949=VERTEX_POINT('',#3947);
#3950=VERTEX_POINT('',#3948);
#3951=CARTESIAN_POINT('',(3.175E-1,-7.25E-2,0.E0));
#3952=CARTESIAN_POINT('',(3.175E-1,5.625E-1,0.E0));
#3953=VERTEX_POINT('',#3951);
#3954=VERTEX_POINT('',#3952);
#3955=CARTESIAN_POINT('',(3.1825E0,-7.25E-2,-4.2425E0));
#3956=CARTESIAN_POINT('',(3.1825E0,-5.725E-1,-4.7425E0));
#3957=VERTEX_POINT('',#3955);
#3958=VERTEX_POINT('',#3956);
#3959=CARTESIAN_POINT('',(3.1825E0,-5.725E-1,-5.3775E0));
#3960=CARTESIAN_POINT('',(3.1825E0,5.625E-1,-4.2425E0));
#3961=VERTEX_POINT('',#3959);
#3962=VERTEX_POINT('',#3960);
#3963=CARTESIAN_POINT('',(3.8175E0,-7.25E-2,-4.2425E0));
#3964=CARTESIAN_POINT('',(3.8175E0,-5.725E-1,-4.7425E0));
#3965=VERTEX_POINT('',#3963);
#3966=VERTEX_POINT('',#3964);
#3967=CARTESIAN_POINT('',(3.8175E0,-5.725E-1,-5.3775E0));
#3968=CARTESIAN_POINT('',(3.8175E0,5.625E-1,-4.2425E0));
#3969=VERTEX_POINT('',#3967);
#3970=VERTEX_POINT('',#3968);
#3971=CARTESIAN_POINT('',(3.1825E0,-7.25E-2,-3.1E0));
#3972=CARTESIAN_POINT('',(3.1825E0,5.625E-1,-3.1E0));
#3973=VERTEX_POINT('',#3971);
#3974=VERTEX_POINT('',#3972);
#3975=CARTESIAN_POINT('',(3.8175E0,-7.25E-2,-3.1E0));
#3976=CARTESIAN_POINT('',(3.8175E0,5.625E-1,-3.1E0));
#3977=VERTEX_POINT('',#3975);
#3978=VERTEX_POINT('',#3976);
#3979=CARTESIAN_POINT('',(3.1825E0,-7.25E-2,0.E0));
#3980=CARTESIAN_POINT('',(3.1825E0,5.625E-1,0.E0));
#3981=VERTEX_POINT('',#3979);
#3982=VERTEX_POINT('',#3980);
#3983=CARTESIAN_POINT('',(3.8175E0,-7.25E-2,0.E0));
#3984=CARTESIAN_POINT('',(3.8175E0,5.625E-1,0.E0));
#3985=VERTEX_POINT('',#3983);
#3986=VERTEX_POINT('',#3984);
#3987=CARTESIAN_POINT('',(6.6825E0,-7.25E-2,-4.2425E0));
#3988=CARTESIAN_POINT('',(6.6825E0,-5.725E-1,-4.7425E0));
#3989=VERTEX_POINT('',#3987);
#3990=VERTEX_POINT('',#3988);
#3991=CARTESIAN_POINT('',(6.6825E0,-5.725E-1,-5.3775E0));
#3992=CARTESIAN_POINT('',(6.6825E0,5.625E-1,-4.2425E0));
#3993=VERTEX_POINT('',#3991);
#3994=VERTEX_POINT('',#3992);
#3995=CARTESIAN_POINT('',(7.3175E0,-7.25E-2,-4.2425E0));
#3996=CARTESIAN_POINT('',(7.3175E0,-5.725E-1,-4.7425E0));
#3997=VERTEX_POINT('',#3995);
#3998=VERTEX_POINT('',#3996);
#3999=CARTESIAN_POINT('',(7.3175E0,-5.725E-1,-5.3775E0));
#4000=CARTESIAN_POINT('',(7.3175E0,5.625E-1,-4.2425E0));
#4001=VERTEX_POINT('',#3999);
#4002=VERTEX_POINT('',#4000);
#4003=CARTESIAN_POINT('',(6.6825E0,-7.25E-2,-3.1E0));
#4004=CARTESIAN_POINT('',(6.6825E0,5.625E-1,-3.1E0));
#4005=VERTEX_POINT('',#4003);
#4006=VERTEX_POINT('',#4004);
#4007=CARTESIAN_POINT('',(7.3175E0,-7.25E-2,-3.1E0));
#4008=CARTESIAN_POINT('',(7.3175E0,5.625E-1,-3.1E0));
#4009=VERTEX_POINT('',#4007);
#4010=VERTEX_POINT('',#4008);
#4011=CARTESIAN_POINT('',(6.6825E0,-7.25E-2,0.E0));
#4012=CARTESIAN_POINT('',(6.6825E0,5.625E-1,0.E0));
#4013=VERTEX_POINT('',#4011);
#4014=VERTEX_POINT('',#4012);
#4015=CARTESIAN_POINT('',(7.3175E0,-7.25E-2,0.E0));
#4016=CARTESIAN_POINT('',(7.3175E0,5.625E-1,0.E0));
#4017=VERTEX_POINT('',#4015);
#4018=VERTEX_POINT('',#4016);
#4019=CARTESIAN_POINT('',(-3.3825E0,3.625E-1,6.4E0));
#4020=CARTESIAN_POINT('',(-3.6175E0,3.625E-1,6.4E0));
#4021=VERTEX_POINT('',#4019);
#4022=VERTEX_POINT('',#4020);
#4023=CARTESIAN_POINT('',(-3.1825E0,5.625E-1,5.6E0));
#4024=CARTESIAN_POINT('',(-3.8175E0,5.625E-1,5.6E0));
#4025=VERTEX_POINT('',#4023);
#4026=VERTEX_POINT('',#4024);
#4027=CARTESIAN_POINT('',(-3.3825E0,1.275E-1,6.4E0));
#4028=VERTEX_POINT('',#4027);
#4029=CARTESIAN_POINT('',(-3.1825E0,-7.25E-2,5.6E0));
#4030=VERTEX_POINT('',#4029);
#4031=CARTESIAN_POINT('',(-3.8175E0,-7.25E-2,5.6E0));
#4032=VERTEX_POINT('',#4031);
#4033=CARTESIAN_POINT('',(-3.6175E0,1.275E-1,6.4E0));
#4034=VERTEX_POINT('',#4033);
#4035=CARTESIAN_POINT('',(-3.1825E0,-5.375E0,-5.3775E0));
#4036=CARTESIAN_POINT('',(-3.8175E0,-5.375E0,-5.3775E0));
#4037=VERTEX_POINT('',#4035);
#4038=VERTEX_POINT('',#4036);
#4039=CARTESIAN_POINT('',(-3.3825E0,-6.175E0,-5.1775E0));
#4040=CARTESIAN_POINT('',(-3.6175E0,-6.175E0,-5.1775E0));
#4041=VERTEX_POINT('',#4039);
#4042=VERTEX_POINT('',#4040);
#4043=CARTESIAN_POINT('',(-3.3825E0,-6.175E0,-4.9425E0));
#4044=VERTEX_POINT('',#4043);
#4045=CARTESIAN_POINT('',(-3.1825E0,-5.375E0,-4.7425E0));
#4046=VERTEX_POINT('',#4045);
#4047=CARTESIAN_POINT('',(-3.8175E0,-5.375E0,-4.7425E0));
#4048=VERTEX_POINT('',#4047);
#4049=CARTESIAN_POINT('',(-3.6175E0,-6.175E0,-4.9425E0));
#4050=VERTEX_POINT('',#4049);
#4051=CARTESIAN_POINT('',(1.175E-1,3.625E-1,6.4E0));
#4052=CARTESIAN_POINT('',(-1.175E-1,3.625E-1,6.4E0));
#4053=VERTEX_POINT('',#4051);
#4054=VERTEX_POINT('',#4052);
#4055=CARTESIAN_POINT('',(3.175E-1,5.625E-1,5.6E0));
#4056=CARTESIAN_POINT('',(-3.175E-1,5.625E-1,5.6E0));
#4057=VERTEX_POINT('',#4055);
#4058=VERTEX_POINT('',#4056);
#4059=CARTESIAN_POINT('',(1.175E-1,1.275E-1,6.4E0));
#4060=VERTEX_POINT('',#4059);
#4061=CARTESIAN_POINT('',(3.175E-1,-7.25E-2,5.6E0));
#4062=VERTEX_POINT('',#4061);
#4063=CARTESIAN_POINT('',(-3.175E-1,-7.25E-2,5.6E0));
#4064=VERTEX_POINT('',#4063);
#4065=CARTESIAN_POINT('',(-1.175E-1,1.275E-1,6.4E0));
#4066=VERTEX_POINT('',#4065);
#4067=CARTESIAN_POINT('',(3.175E-1,-5.375E0,-5.3775E0));
#4068=CARTESIAN_POINT('',(-3.175E-1,-5.375E0,-5.3775E0));
#4069=VERTEX_POINT('',#4067);
#4070=VERTEX_POINT('',#4068);
#4071=CARTESIAN_POINT('',(1.175E-1,-6.175E0,-5.1775E0));
#4072=CARTESIAN_POINT('',(-1.175E-1,-6.175E0,-5.1775E0));
#4073=VERTEX_POINT('',#4071);
#4074=VERTEX_POINT('',#4072);
#4075=CARTESIAN_POINT('',(1.175E-1,-6.175E0,-4.9425E0));
#4076=VERTEX_POINT('',#4075);
#4077=CARTESIAN_POINT('',(3.175E-1,-5.375E0,-4.7425E0));
#4078=VERTEX_POINT('',#4077);
#4079=CARTESIAN_POINT('',(-3.175E-1,-5.375E0,-4.7425E0));
#4080=VERTEX_POINT('',#4079);
#4081=CARTESIAN_POINT('',(-1.175E-1,-6.175E0,-4.9425E0));
#4082=VERTEX_POINT('',#4081);
#4083=CARTESIAN_POINT('',(3.6175E0,3.625E-1,6.4E0));
#4084=CARTESIAN_POINT('',(3.3825E0,3.625E-1,6.4E0));
#4085=VERTEX_POINT('',#4083);
#4086=VERTEX_POINT('',#4084);
#4087=CARTESIAN_POINT('',(3.8175E0,5.625E-1,5.6E0));
#4088=CARTESIAN_POINT('',(3.1825E0,5.625E-1,5.6E0));
#4089=VERTEX_POINT('',#4087);
#4090=VERTEX_POINT('',#4088);
#4091=CARTESIAN_POINT('',(3.6175E0,1.275E-1,6.4E0));
#4092=VERTEX_POINT('',#4091);
#4093=CARTESIAN_POINT('',(3.8175E0,-7.25E-2,5.6E0));
#4094=VERTEX_POINT('',#4093);
#4095=CARTESIAN_POINT('',(3.1825E0,-7.25E-2,5.6E0));
#4096=VERTEX_POINT('',#4095);
#4097=CARTESIAN_POINT('',(3.3825E0,1.275E-1,6.4E0));
#4098=VERTEX_POINT('',#4097);
#4099=CARTESIAN_POINT('',(3.8175E0,-5.375E0,-5.3775E0));
#4100=CARTESIAN_POINT('',(3.1825E0,-5.375E0,-5.3775E0));
#4101=VERTEX_POINT('',#4099);
#4102=VERTEX_POINT('',#4100);
#4103=CARTESIAN_POINT('',(3.6175E0,-6.175E0,-5.1775E0));
#4104=CARTESIAN_POINT('',(3.3825E0,-6.175E0,-5.1775E0));
#4105=VERTEX_POINT('',#4103);
#4106=VERTEX_POINT('',#4104);
#4107=CARTESIAN_POINT('',(3.6175E0,-6.175E0,-4.9425E0));
#4108=VERTEX_POINT('',#4107);
#4109=CARTESIAN_POINT('',(3.8175E0,-5.375E0,-4.7425E0));
#4110=VERTEX_POINT('',#4109);
#4111=CARTESIAN_POINT('',(3.1825E0,-5.375E0,-4.7425E0));
#4112=VERTEX_POINT('',#4111);
#4113=CARTESIAN_POINT('',(3.3825E0,-6.175E0,-4.9425E0));
#4114=VERTEX_POINT('',#4113);
#4115=CARTESIAN_POINT('',(7.1175E0,3.625E-1,6.4E0));
#4116=CARTESIAN_POINT('',(6.8825E0,3.625E-1,6.4E0));
#4117=VERTEX_POINT('',#4115);
#4118=VERTEX_POINT('',#4116);
#4119=CARTESIAN_POINT('',(7.3175E0,5.625E-1,5.6E0));
#4120=CARTESIAN_POINT('',(6.6825E0,5.625E-1,5.6E0));
#4121=VERTEX_POINT('',#4119);
#4122=VERTEX_POINT('',#4120);
#4123=CARTESIAN_POINT('',(7.1175E0,1.275E-1,6.4E0));
#4124=VERTEX_POINT('',#4123);
#4125=CARTESIAN_POINT('',(7.3175E0,-7.25E-2,5.6E0));
#4126=VERTEX_POINT('',#4125);
#4127=CARTESIAN_POINT('',(6.6825E0,-7.25E-2,5.6E0));
#4128=VERTEX_POINT('',#4127);
#4129=CARTESIAN_POINT('',(6.8825E0,1.275E-1,6.4E0));
#4130=VERTEX_POINT('',#4129);
#4131=CARTESIAN_POINT('',(7.3175E0,-5.375E0,-5.3775E0));
#4132=CARTESIAN_POINT('',(6.6825E0,-5.375E0,-5.3775E0));
#4133=VERTEX_POINT('',#4131);
#4134=VERTEX_POINT('',#4132);
#4135=CARTESIAN_POINT('',(7.1175E0,-6.175E0,-5.1775E0));
#4136=CARTESIAN_POINT('',(6.8825E0,-6.175E0,-5.1775E0));
#4137=VERTEX_POINT('',#4135);
#4138=VERTEX_POINT('',#4136);
#4139=CARTESIAN_POINT('',(7.1175E0,-6.175E0,-4.9425E0));
#4140=VERTEX_POINT('',#4139);
#4141=CARTESIAN_POINT('',(7.3175E0,-5.375E0,-4.7425E0));
#4142=VERTEX_POINT('',#4141);
#4143=CARTESIAN_POINT('',(6.6825E0,-5.375E0,-4.7425E0));
#4144=VERTEX_POINT('',#4143);
#4145=CARTESIAN_POINT('',(6.8825E0,-6.175E0,-4.9425E0));
#4146=VERTEX_POINT('',#4145);
#4147=CARTESIAN_POINT('',(-9.24E0,-2.675E0,-3.1E0));
#4148=CARTESIAN_POINT('',(-9.24E0,-2.675E0,1.63E0));
#4149=VERTEX_POINT('',#4147);
#4150=VERTEX_POINT('',#4148);
#4151=CARTESIAN_POINT('',(-1.04E1,-2.675E0,1.63E0));
#4152=VERTEX_POINT('',#4151);
#4153=CARTESIAN_POINT('',(-1.04E1,-5.E-1,1.63E0));
#4154=VERTEX_POINT('',#4153);
#4155=CARTESIAN_POINT('',(-1.04E1,5.E-1,1.63E0));
#4156=CARTESIAN_POINT('',(-1.04E1,1.025E0,1.63E0));
#4157=VERTEX_POINT('',#4155);
#4158=VERTEX_POINT('',#4156);
#4159=CARTESIAN_POINT('',(-1.04E1,1.775E0,-3.1E0));
#4160=VERTEX_POINT('',#4159);
#4161=CARTESIAN_POINT('',(-9.24E0,1.775E0,-3.1E0));
#4162=VERTEX_POINT('',#4161);
#4163=CARTESIAN_POINT('',(-9.24E0,1.025E0,1.63E0));
#4164=VERTEX_POINT('',#4163);
#4165=CARTESIAN_POINT('',(9.24E0,-2.675E0,1.63E0));
#4166=CARTESIAN_POINT('',(9.24E0,1.025E0,1.63E0));
#4167=VERTEX_POINT('',#4165);
#4168=VERTEX_POINT('',#4166);
#4169=CARTESIAN_POINT('',(9.24E0,1.775E0,-3.1E0));
#4170=VERTEX_POINT('',#4169);
#4171=CARTESIAN_POINT('',(9.24E0,-2.675E0,-3.1E0));
#4172=VERTEX_POINT('',#4171);
#4173=CARTESIAN_POINT('',(1.04E1,-2.675E0,1.63E0));
#4174=VERTEX_POINT('',#4173);
#4175=CARTESIAN_POINT('',(1.04E1,-5.E-1,1.63E0));
#4176=VERTEX_POINT('',#4175);
#4177=CARTESIAN_POINT('',(1.04E1,5.E-1,1.63E0));
#4178=CARTESIAN_POINT('',(1.04E1,1.025E0,1.63E0));
#4179=VERTEX_POINT('',#4177);
#4180=VERTEX_POINT('',#4178);
#4181=CARTESIAN_POINT('',(1.04E1,1.775E0,-3.1E0));
#4182=VERTEX_POINT('',#4181);
#4183=CARTESIAN_POINT('',(-9.25E0,1.E0,-3.095E0));
#4184=CARTESIAN_POINT('',(-9.25E0,1.E0,-2.342E0));
#4185=VERTEX_POINT('',#4183);
#4186=VERTEX_POINT('',#4184);
#4187=CARTESIAN_POINT('',(-9.25E0,-1.E0,-2.342E0));
#4188=VERTEX_POINT('',#4187);
#4189=CARTESIAN_POINT('',(-9.25E0,-1.E0,-3.095E0));
#4190=VERTEX_POINT('',#4189);
#4191=CARTESIAN_POINT('',(-9.25E0,-2.5E0,-3.095E0));
#4192=VERTEX_POINT('',#4191);
#4193=CARTESIAN_POINT('',(-9.25E0,-4.9E0,2.105E0));
#4194=CARTESIAN_POINT('',(-9.25E0,-5.9E0,2.305E0));
#4195=VERTEX_POINT('',#4193);
#4196=VERTEX_POINT('',#4194);
#4197=CARTESIAN_POINT('',(-9.25E0,-5.9E0,3.405E0));
#4198=VERTEX_POINT('',#4197);
#4199=CARTESIAN_POINT('',(-9.25E0,-4.9E0,3.605E0));
#4200=VERTEX_POINT('',#4199);
#4201=CARTESIAN_POINT('',(-9.75E0,1.E0,-3.095E0));
#4202=CARTESIAN_POINT('',(-9.75E0,1.E0,-2.342E0));
#4203=VERTEX_POINT('',#4201);
#4204=VERTEX_POINT('',#4202);
#4205=CARTESIAN_POINT('',(-9.75E0,-1.E0,-2.342E0));
#4206=VERTEX_POINT('',#4205);
#4207=CARTESIAN_POINT('',(-9.75E0,-1.E0,-3.095E0));
#4208=VERTEX_POINT('',#4207);
#4209=CARTESIAN_POINT('',(-9.75E0,-2.5E0,-3.095E0));
#4210=VERTEX_POINT('',#4209);
#4211=CARTESIAN_POINT('',(-9.75E0,-4.9E0,2.105E0));
#4212=CARTESIAN_POINT('',(-9.75E0,-5.9E0,2.305E0));
#4213=VERTEX_POINT('',#4211);
#4214=VERTEX_POINT('',#4212);
#4215=CARTESIAN_POINT('',(-9.75E0,-5.9E0,3.405E0));
#4216=VERTEX_POINT('',#4215);
#4217=CARTESIAN_POINT('',(-9.75E0,-4.9E0,3.605E0));
#4218=VERTEX_POINT('',#4217);
#4219=CARTESIAN_POINT('',(-9.75E0,-3.3E-1,7.4E0));
#4220=CARTESIAN_POINT('',(-9.75E0,-3.3E-1,7.85E0));
#4221=VERTEX_POINT('',#4219);
#4222=VERTEX_POINT('',#4220);
#4223=CARTESIAN_POINT('',(-9.75E0,3.3E-1,7.85E0));
#4224=VERTEX_POINT('',#4223);
#4225=CARTESIAN_POINT('',(-9.75E0,3.3E-1,7.4E0));
#4226=VERTEX_POINT('',#4225);
#4227=CARTESIAN_POINT('',(-9.25E0,-2.675E0,2.105E0));
#4228=CARTESIAN_POINT('',(-9.25E0,-2.675E0,3.605E0));
#4229=VERTEX_POINT('',#4227);
#4230=VERTEX_POINT('',#4228);
#4231=CARTESIAN_POINT('',(-9.75E0,-2.675E0,2.105E0));
#4232=CARTESIAN_POINT('',(-9.75E0,-2.675E0,3.605E0));
#4233=VERTEX_POINT('',#4231);
#4234=VERTEX_POINT('',#4232);
#4235=CARTESIAN_POINT('',(-9.75E0,-5.E-1,1.63E0));
#4236=CARTESIAN_POINT('',(-9.75E0,-5.E-1,7.4E0));
#4237=VERTEX_POINT('',#4235);
#4238=VERTEX_POINT('',#4236);
#4239=CARTESIAN_POINT('',(-9.25E0,-5.E-1,7.4E0));
#4240=VERTEX_POINT('',#4239);
#4241=CARTESIAN_POINT('',(-9.25E0,-3.3E-1,7.4E0));
#4242=VERTEX_POINT('',#4241);
#4243=CARTESIAN_POINT('',(-9.25E0,-3.3E-1,7.85E0));
#4244=VERTEX_POINT('',#4243);
#4245=CARTESIAN_POINT('',(-9.25E0,3.3E-1,7.85E0));
#4246=VERTEX_POINT('',#4245);
#4247=CARTESIAN_POINT('',(-9.25E0,3.3E-1,7.4E0));
#4248=VERTEX_POINT('',#4247);
#4249=CARTESIAN_POINT('',(-9.25E0,5.E-1,7.4E0));
#4250=VERTEX_POINT('',#4249);
#4251=CARTESIAN_POINT('',(-9.75E0,5.E-1,1.63E0));
#4252=CARTESIAN_POINT('',(-9.75E0,5.E-1,7.4E0));
#4253=VERTEX_POINT('',#4251);
#4254=VERTEX_POINT('',#4252);
#4255=CARTESIAN_POINT('',(-9.75E0,-2.5E0,1.63E0));
#4256=VERTEX_POINT('',#4255);
#4257=CARTESIAN_POINT('',(-9.75E0,1.025E0,1.63E0));
#4258=VERTEX_POINT('',#4257);
#4259=CARTESIAN_POINT('',(-9.25E0,-2.5E0,1.63E0));
#4260=VERTEX_POINT('',#4259);
#4261=CARTESIAN_POINT('',(-9.75E0,1.774207188161E0,-3.095E0));
#4262=VERTEX_POINT('',#4261);
#4263=CARTESIAN_POINT('',(-9.25E0,1.774207188161E0,-3.095E0));
#4264=VERTEX_POINT('',#4263);
#4265=CARTESIAN_POINT('',(9.25E0,1.E0,-3.095E0));
#4266=CARTESIAN_POINT('',(9.25E0,1.E0,-2.342E0));
#4267=VERTEX_POINT('',#4265);
#4268=VERTEX_POINT('',#4266);
#4269=CARTESIAN_POINT('',(9.25E0,-1.E0,-2.342E0));
#4270=VERTEX_POINT('',#4269);
#4271=CARTESIAN_POINT('',(9.25E0,-1.E0,-3.095E0));
#4272=VERTEX_POINT('',#4271);
#4273=CARTESIAN_POINT('',(9.25E0,-2.5E0,-3.095E0));
#4274=VERTEX_POINT('',#4273);
#4275=CARTESIAN_POINT('',(9.25E0,-4.9E0,2.105E0));
#4276=CARTESIAN_POINT('',(9.25E0,-5.9E0,2.305E0));
#4277=VERTEX_POINT('',#4275);
#4278=VERTEX_POINT('',#4276);
#4279=CARTESIAN_POINT('',(9.25E0,-5.9E0,3.405E0));
#4280=VERTEX_POINT('',#4279);
#4281=CARTESIAN_POINT('',(9.25E0,-4.9E0,3.605E0));
#4282=VERTEX_POINT('',#4281);
#4283=CARTESIAN_POINT('',(9.75E0,1.E0,-3.095E0));
#4284=CARTESIAN_POINT('',(9.75E0,1.E0,-2.342E0));
#4285=VERTEX_POINT('',#4283);
#4286=VERTEX_POINT('',#4284);
#4287=CARTESIAN_POINT('',(9.75E0,-1.E0,-2.342E0));
#4288=VERTEX_POINT('',#4287);
#4289=CARTESIAN_POINT('',(9.75E0,-1.E0,-3.095E0));
#4290=VERTEX_POINT('',#4289);
#4291=CARTESIAN_POINT('',(9.75E0,-2.5E0,-3.095E0));
#4292=VERTEX_POINT('',#4291);
#4293=CARTESIAN_POINT('',(9.75E0,-4.9E0,2.105E0));
#4294=CARTESIAN_POINT('',(9.75E0,-5.9E0,2.305E0));
#4295=VERTEX_POINT('',#4293);
#4296=VERTEX_POINT('',#4294);
#4297=CARTESIAN_POINT('',(9.75E0,-5.9E0,3.405E0));
#4298=VERTEX_POINT('',#4297);
#4299=CARTESIAN_POINT('',(9.75E0,-4.9E0,3.605E0));
#4300=VERTEX_POINT('',#4299);
#4301=CARTESIAN_POINT('',(9.75E0,-3.3E-1,7.4E0));
#4302=CARTESIAN_POINT('',(9.75E0,-3.3E-1,7.85E0));
#4303=VERTEX_POINT('',#4301);
#4304=VERTEX_POINT('',#4302);
#4305=CARTESIAN_POINT('',(9.75E0,3.3E-1,7.85E0));
#4306=VERTEX_POINT('',#4305);
#4307=CARTESIAN_POINT('',(9.75E0,3.3E-1,7.4E0));
#4308=VERTEX_POINT('',#4307);
#4309=CARTESIAN_POINT('',(9.25E0,-2.675E0,2.105E0));
#4310=VERTEX_POINT('',#4309);
#4311=CARTESIAN_POINT('',(9.25E0,-2.675E0,3.605E0));
#4312=VERTEX_POINT('',#4311);
#4313=CARTESIAN_POINT('',(9.75E0,1.774207188161E0,-3.095E0));
#4314=VERTEX_POINT('',#4313);
#4315=CARTESIAN_POINT('',(9.75E0,-2.5E0,1.63E0));
#4316=VERTEX_POINT('',#4315);
#4317=CARTESIAN_POINT('',(9.75E0,-2.675E0,2.105E0));
#4318=VERTEX_POINT('',#4317);
#4319=CARTESIAN_POINT('',(9.75E0,-2.675E0,3.605E0));
#4320=VERTEX_POINT('',#4319);
#4321=CARTESIAN_POINT('',(9.75E0,-5.E-1,7.4E0));
#4322=VERTEX_POINT('',#4321);
#4323=CARTESIAN_POINT('',(9.75E0,5.E-1,7.4E0));
#4324=VERTEX_POINT('',#4323);
#4325=CARTESIAN_POINT('',(9.25E0,-3.3E-1,7.4E0));
#4326=VERTEX_POINT('',#4325);
#4327=CARTESIAN_POINT('',(9.25E0,-3.3E-1,7.85E0));
#4328=VERTEX_POINT('',#4327);
#4329=CARTESIAN_POINT('',(9.25E0,3.3E-1,7.85E0));
#4330=VERTEX_POINT('',#4329);
#4331=CARTESIAN_POINT('',(9.25E0,3.3E-1,7.4E0));
#4332=VERTEX_POINT('',#4331);
#4333=CARTESIAN_POINT('',(9.75E0,5.E-1,1.63E0));
#4334=VERTEX_POINT('',#4333);
#4335=CARTESIAN_POINT('',(9.25E0,5.E-1,7.4E0));
#4336=VERTEX_POINT('',#4335);
#4337=CARTESIAN_POINT('',(9.25E0,-5.E-1,7.4E0));
#4338=VERTEX_POINT('',#4337);
#4339=CARTESIAN_POINT('',(9.75E0,-5.E-1,1.63E0));
#4340=VERTEX_POINT('',#4339);
#4341=CARTESIAN_POINT('',(9.75E0,1.025E0,1.63E0));
#4342=VERTEX_POINT('',#4341);
#4343=CARTESIAN_POINT('',(9.25E0,-2.5E0,1.63E0));
#4344=VERTEX_POINT('',#4343);
#4345=CARTESIAN_POINT('',(9.25E0,1.774207188161E0,-3.095E0));
#4346=VERTEX_POINT('',#4345);
#4347=CARTESIAN_POINT('',(-9.25E0,1.025E0,1.63E0));
#4348=VERTEX_POINT('',#4347);
#4349=CARTESIAN_POINT('',(9.25E0,1.025E0,1.63E0));
#4350=VERTEX_POINT('',#4349);
#4351=CARTESIAN_POINT('',(0.E0,-2.675E0,0.E0));
#4352=DIRECTION('',(0.E0,1.E0,0.E0));
#4353=DIRECTION('',(1.E0,0.E0,0.E0));
#4354=AXIS2_PLACEMENT_3D('',#4351,#4352,#4353);
#4355=PLANE('',#4354);
#4357=ORIENTED_EDGE('',*,*,#4356,.F.);
#4359=ORIENTED_EDGE('',*,*,#4358,.T.);
#4361=ORIENTED_EDGE('',*,*,#4360,.T.);
#4363=ORIENTED_EDGE('',*,*,#4362,.F.);
#4365=ORIENTED_EDGE('',*,*,#4364,.T.);
#4367=ORIENTED_EDGE('',*,*,#4366,.T.);
#4369=ORIENTED_EDGE('',*,*,#4368,.T.);
#4371=ORIENTED_EDGE('',*,*,#4370,.T.);
#4372=EDGE_LOOP('',(#4357,#4359,#4361,#4363,#4365,#4367,#4369,#4371));
#4373=FACE_OUTER_BOUND('',#4372,.F.);
#4375=ORIENTED_EDGE('',*,*,#4374,.T.);
#4377=ORIENTED_EDGE('',*,*,#4376,.T.);
#4379=ORIENTED_EDGE('',*,*,#4378,.F.);
#4381=ORIENTED_EDGE('',*,*,#4380,.T.);
#4382=EDGE_LOOP('',(#4375,#4377,#4379,#4381));
#4383=FACE_BOUND('',#4382,.F.);
#4385=ORIENTED_EDGE('',*,*,#4384,.T.);
#4387=ORIENTED_EDGE('',*,*,#4386,.T.);
#4389=ORIENTED_EDGE('',*,*,#4388,.F.);
#4391=ORIENTED_EDGE('',*,*,#4390,.T.);
#4392=EDGE_LOOP('',(#4385,#4387,#4389,#4391));
#4393=FACE_BOUND('',#4392,.F.);
#4395=ORIENTED_EDGE('',*,*,#4394,.T.);
#4397=ORIENTED_EDGE('',*,*,#4396,.T.);
#4399=ORIENTED_EDGE('',*,*,#4398,.F.);
#4401=ORIENTED_EDGE('',*,*,#4400,.F.);
#4402=EDGE_LOOP('',(#4395,#4397,#4399,#4401));
#4403=FACE_BOUND('',#4402,.F.);
#4405=ORIENTED_EDGE('',*,*,#4404,.F.);
#4407=ORIENTED_EDGE('',*,*,#4406,.T.);
#4409=ORIENTED_EDGE('',*,*,#4408,.T.);
#4411=ORIENTED_EDGE('',*,*,#4410,.F.);
#4412=EDGE_LOOP('',(#4405,#4407,#4409,#4411));
#4413=FACE_BOUND('',#4412,.F.);
#4415=ORIENTED_EDGE('',*,*,#4414,.T.);
#4417=ORIENTED_EDGE('',*,*,#4416,.F.);
#4419=ORIENTED_EDGE('',*,*,#4418,.T.);
#4421=ORIENTED_EDGE('',*,*,#4420,.T.);
#4423=ORIENTED_EDGE('',*,*,#4422,.T.);
#4425=ORIENTED_EDGE('',*,*,#4424,.T.);
#4427=ORIENTED_EDGE('',*,*,#4426,.T.);
#4429=ORIENTED_EDGE('',*,*,#4428,.F.);
#4431=ORIENTED_EDGE('',*,*,#4430,.T.);
#4433=ORIENTED_EDGE('',*,*,#4432,.T.);
#4435=ORIENTED_EDGE('',*,*,#4434,.T.);
#4437=ORIENTED_EDGE('',*,*,#4436,.T.);
#4439=ORIENTED_EDGE('',*,*,#4438,.T.);
#4441=ORIENTED_EDGE('',*,*,#4440,.F.);
#4443=ORIENTED_EDGE('',*,*,#4442,.T.);
#4445=ORIENTED_EDGE('',*,*,#4444,.T.);
#4447=ORIENTED_EDGE('',*,*,#4446,.T.);
#4449=ORIENTED_EDGE('',*,*,#4448,.T.);
#4451=ORIENTED_EDGE('',*,*,#4450,.T.);
#4453=ORIENTED_EDGE('',*,*,#4452,.F.);
#4455=ORIENTED_EDGE('',*,*,#4454,.T.);
#4457=ORIENTED_EDGE('',*,*,#4456,.T.);
#4459=ORIENTED_EDGE('',*,*,#4458,.T.);
#4461=ORIENTED_EDGE('',*,*,#4460,.T.);
#4462=EDGE_LOOP('',(#4415,#4417,#4419,#4421,#4423,#4425,#4427,#4429,#4431,#4433,
#4435,#4437,#4439,#4441,#4443,#4445,#4447,#4449,#4451,#4453,#4455,#4457,#4459,
#4461));
#4463=FACE_BOUND('',#4462,.F.);
#4465=ORIENTED_EDGE('',*,*,#4464,.F.);
#4467=ORIENTED_EDGE('',*,*,#4466,.F.);
#4469=ORIENTED_EDGE('',*,*,#4468,.F.);
#4471=ORIENTED_EDGE('',*,*,#4470,.F.);
#4473=ORIENTED_EDGE('',*,*,#4472,.F.);
#4475=ORIENTED_EDGE('',*,*,#4474,.T.);
#4477=ORIENTED_EDGE('',*,*,#4476,.F.);
#4479=ORIENTED_EDGE('',*,*,#4478,.F.);
#4481=ORIENTED_EDGE('',*,*,#4480,.F.);
#4483=ORIENTED_EDGE('',*,*,#4482,.F.);
#4485=ORIENTED_EDGE('',*,*,#4484,.F.);
#4487=ORIENTED_EDGE('',*,*,#4486,.T.);
#4489=ORIENTED_EDGE('',*,*,#4488,.F.);
#4491=ORIENTED_EDGE('',*,*,#4490,.F.);
#4493=ORIENTED_EDGE('',*,*,#4492,.F.);
#4495=ORIENTED_EDGE('',*,*,#4494,.F.);
#4497=ORIENTED_EDGE('',*,*,#4496,.F.);
#4499=ORIENTED_EDGE('',*,*,#4498,.T.);
#4501=ORIENTED_EDGE('',*,*,#4500,.F.);
#4503=ORIENTED_EDGE('',*,*,#4502,.F.);
#4505=ORIENTED_EDGE('',*,*,#4504,.F.);
#4507=ORIENTED_EDGE('',*,*,#4506,.F.);
#4509=ORIENTED_EDGE('',*,*,#4508,.F.);
#4511=ORIENTED_EDGE('',*,*,#4510,.T.);
#4512=EDGE_LOOP('',(#4465,#4467,#4469,#4471,#4473,#4475,#4477,#4479,#4481,#4483,
#4485,#4487,#4489,#4491,#4493,#4495,#4497,#4499,#4501,#4503,#4505,#4507,#4509,
#4511));
#4513=FACE_BOUND('',#4512,.F.);
#4514=ADVANCED_FACE('',(#4373,#4383,#4393,#4403,#4413,#4463,#4513),#4355,.F.);
#4515=CARTESIAN_POINT('',(-8.15E0,-2.675E0,-1.6E0));
#4516=DIRECTION('',(0.E0,0.E0,-1.E0));
#4517=DIRECTION('',(1.E0,0.E0,0.E0));
#4518=AXIS2_PLACEMENT_3D('',#4515,#4516,#4517);
#4519=PLANE('',#4518);
#4520=ORIENTED_EDGE('',*,*,#4384,.F.);
#4522=ORIENTED_EDGE('',*,*,#4521,.T.);
#4524=ORIENTED_EDGE('',*,*,#4523,.T.);
#4526=ORIENTED_EDGE('',*,*,#4525,.F.);
#4527=EDGE_LOOP('',(#4520,#4522,#4524,#4526));
#4528=FACE_OUTER_BOUND('',#4527,.F.);
#4529=ADVANCED_FACE('',(#4528),#4519,.T.);
#4530=CARTESIAN_POINT('',(-8.15E0,-2.675E0,6.6E0));
#4531=DIRECTION('',(-1.E0,0.E0,0.E0));
#4532=DIRECTION('',(0.E0,0.E0,-1.E0));
#4533=AXIS2_PLACEMENT_3D('',#4530,#4531,#4532);
#4534=PLANE('',#4533);
#4536=ORIENTED_EDGE('',*,*,#4535,.T.);
#4538=ORIENTED_EDGE('',*,*,#4537,.T.);
#4539=ORIENTED_EDGE('',*,*,#4521,.F.);
#4540=ORIENTED_EDGE('',*,*,#4390,.F.);
#4541=EDGE_LOOP('',(#4536,#4538,#4539,#4540));
#4542=FACE_OUTER_BOUND('',#4541,.F.);
#4543=ADVANCED_FACE('',(#4542),#4534,.T.);
#4544=CARTESIAN_POINT('',(-6.95E0,-2.675E0,6.6E0));
#4545=DIRECTION('',(0.E0,0.E0,1.E0));
#4546=DIRECTION('',(-1.E0,0.E0,0.E0));
#4547=AXIS2_PLACEMENT_3D('',#4544,#4545,#4546);
#4548=PLANE('',#4547);
#4549=ORIENTED_EDGE('',*,*,#4388,.T.);
#4551=ORIENTED_EDGE('',*,*,#4550,.T.);
#4553=ORIENTED_EDGE('',*,*,#4552,.T.);
#4554=ORIENTED_EDGE('',*,*,#4535,.F.);
#4555=EDGE_LOOP('',(#4549,#4551,#4553,#4554));
#4556=FACE_OUTER_BOUND('',#4555,.F.);
#4557=ADVANCED_FACE('',(#4556),#4548,.T.);
#4558=CARTESIAN_POINT('',(-6.95E0,-2.675E0,-1.6E0));
#4559=DIRECTION('',(1.E0,0.E0,0.E0));
#4560=DIRECTION('',(0.E0,0.E0,1.E0));
#4561=AXIS2_PLACEMENT_3D('',#4558,#4559,#4560);
#4562=PLANE('',#4561);
#4563=ORIENTED_EDGE('',*,*,#4386,.F.);
#4564=ORIENTED_EDGE('',*,*,#4525,.T.);
#4566=ORIENTED_EDGE('',*,*,#4565,.T.);
#4567=ORIENTED_EDGE('',*,*,#4550,.F.);
#4568=EDGE_LOOP('',(#4563,#4564,#4566,#4567));
#4569=FACE_OUTER_BOUND('',#4568,.F.);
#4570=ADVANCED_FACE('',(#4569),#4562,.T.);
#4571=CARTESIAN_POINT('',(0.E0,-2.975E0,0.E0));
#4572=DIRECTION('',(0.E0,-1.E0,0.E0));
#4573=DIRECTION('',(1.E0,0.E0,0.E0));
#4574=AXIS2_PLACEMENT_3D('',#4571,#4572,#4573);
#4575=PLANE('',#4574);
#4576=ORIENTED_EDGE('',*,*,#4537,.F.);
#4577=ORIENTED_EDGE('',*,*,#4552,.F.);
#4578=ORIENTED_EDGE('',*,*,#4565,.F.);
#4579=ORIENTED_EDGE('',*,*,#4523,.F.);
#4580=EDGE_LOOP('',(#4576,#4577,#4578,#4579));
#4581=FACE_OUTER_BOUND('',#4580,.F.);
#4582=ADVANCED_FACE('',(#4581),#4575,.T.);
#4583=CARTESIAN_POINT('',(0.E0,-2.975E0,0.E0));
#4584=DIRECTION('',(0.E0,-1.E0,0.E0));
#4585=DIRECTION('',(1.E0,0.E0,0.E0));
#4586=AXIS2_PLACEMENT_3D('',#4583,#4584,#4585);
#4587=PLANE('',#4586);
#4589=ORIENTED_EDGE('',*,*,#4588,.F.);
#4591=ORIENTED_EDGE('',*,*,#4590,.F.);
#4593=ORIENTED_EDGE('',*,*,#4592,.F.);
#4595=ORIENTED_EDGE('',*,*,#4594,.F.);
#4596=EDGE_LOOP('',(#4589,#4591,#4593,#4595));
#4597=FACE_OUTER_BOUND('',#4596,.F.);
#4598=ADVANCED_FACE('',(#4597),#4587,.T.);
#4599=CARTESIAN_POINT('',(8.15E0,-2.675E0,6.6E0));
#4600=DIRECTION('',(0.E0,0.E0,1.E0));
#4601=DIRECTION('',(-1.E0,0.E0,0.E0));
#4602=AXIS2_PLACEMENT_3D('',#4599,#4600,#4601);
#4603=PLANE('',#4602);
#4604=ORIENTED_EDGE('',*,*,#4374,.F.);
#4606=ORIENTED_EDGE('',*,*,#4605,.T.);
#4607=ORIENTED_EDGE('',*,*,#4588,.T.);
#4609=ORIENTED_EDGE('',*,*,#4608,.F.);
#4610=EDGE_LOOP('',(#4604,#4606,#4607,#4609));
#4611=FACE_OUTER_BOUND('',#4610,.F.);
#4612=ADVANCED_FACE('',(#4611),#4603,.T.);
#4613=CARTESIAN_POINT('',(8.15E0,-2.675E0,-1.6E0));
#4614=DIRECTION('',(1.E0,0.E0,0.E0));
#4615=DIRECTION('',(0.E0,0.E0,1.E0));
#4616=AXIS2_PLACEMENT_3D('',#4613,#4614,#4615);
#4617=PLANE('',#4616);
#4618=ORIENTED_EDGE('',*,*,#4605,.F.);
#4619=ORIENTED_EDGE('',*,*,#4380,.F.);
#4621=ORIENTED_EDGE('',*,*,#4620,.T.);
#4622=ORIENTED_EDGE('',*,*,#4590,.T.);
#4623=EDGE_LOOP('',(#4618,#4619,#4621,#4622));
#4624=FACE_OUTER_BOUND('',#4623,.F.);
#4625=ADVANCED_FACE('',(#4624),#4617,.T.);
#4626=CARTESIAN_POINT('',(6.95E0,-2.675E0,-1.6E0));
#4627=DIRECTION('',(0.E0,0.E0,-1.E0));
#4628=DIRECTION('',(1.E0,0.E0,0.E0));
#4629=AXIS2_PLACEMENT_3D('',#4626,#4627,#4628);
#4630=PLANE('',#4629);
#4631=ORIENTED_EDGE('',*,*,#4378,.T.);
#4633=ORIENTED_EDGE('',*,*,#4632,.T.);
#4634=ORIENTED_EDGE('',*,*,#4592,.T.);
#4635=ORIENTED_EDGE('',*,*,#4620,.F.);
#4636=EDGE_LOOP('',(#4631,#4633,#4634,#4635));
#4637=FACE_OUTER_BOUND('',#4636,.F.);
#4638=ADVANCED_FACE('',(#4637),#4630,.T.);
#4639=CARTESIAN_POINT('',(6.95E0,-2.675E0,6.6E0));
#4640=DIRECTION('',(-1.E0,0.E0,0.E0));
#4641=DIRECTION('',(0.E0,0.E0,-1.E0));
#4642=AXIS2_PLACEMENT_3D('',#4639,#4640,#4641);
#4643=PLANE('',#4642);
#4644=ORIENTED_EDGE('',*,*,#4376,.F.);
#4645=ORIENTED_EDGE('',*,*,#4608,.T.);
#4646=ORIENTED_EDGE('',*,*,#4594,.T.);
#4647=ORIENTED_EDGE('',*,*,#4632,.F.);
#4648=EDGE_LOOP('',(#4644,#4645,#4646,#4647));
#4649=FACE_OUTER_BOUND('',#4648,.F.);
#4650=ADVANCED_FACE('',(#4649),#4643,.T.);
#4651=CARTESIAN_POINT('',(9.24E0,-2.675E0,0.E0));
#4652=DIRECTION('',(-1.E0,0.E0,0.E0));
#4653=DIRECTION('',(0.E0,0.E0,1.E0));
#4654=AXIS2_PLACEMENT_3D('',#4651,#4652,#4653);
#4655=PLANE('',#4654);
#4657=ORIENTED_EDGE('',*,*,#4656,.T.);
#4659=ORIENTED_EDGE('',*,*,#4658,.T.);
#4661=ORIENTED_EDGE('',*,*,#4660,.F.);
#4662=ORIENTED_EDGE('',*,*,#4356,.T.);
#4663=EDGE_LOOP('',(#4657,#4659,#4661,#4662));
#4664=FACE_OUTER_BOUND('',#4663,.F.);
#4665=ADVANCED_FACE('',(#4664),#4655,.F.);
#4666=CARTESIAN_POINT('',(1.04E1,-2.675E0,1.63E0));
#4667=DIRECTION('',(0.E0,0.E0,-1.E0));
#4668=DIRECTION('',(0.E0,1.E0,0.E0));
#4669=AXIS2_PLACEMENT_3D('',#4666,#4667,#4668);
#4670=PLANE('',#4669);
#4672=ORIENTED_EDGE('',*,*,#4671,.F.);
#4674=ORIENTED_EDGE('',*,*,#4673,.F.);
#4676=ORIENTED_EDGE('',*,*,#4675,.T.);
#4678=ORIENTED_EDGE('',*,*,#4677,.T.);
#4679=ORIENTED_EDGE('',*,*,#4656,.F.);
#4680=ORIENTED_EDGE('',*,*,#4370,.F.);
#4682=ORIENTED_EDGE('',*,*,#4681,.T.);
#4684=ORIENTED_EDGE('',*,*,#4683,.F.);
#4685=EDGE_LOOP('',(#4672,#4674,#4676,#4678,#4679,#4680,#4682,#4684));
#4686=FACE_OUTER_BOUND('',#4685,.F.);
#4687=ADVANCED_FACE('',(#4686),#4670,.T.);
#4688=CARTESIAN_POINT('',(1.04E1,-2.675E0,1.63E0));
#4689=DIRECTION('',(0.E0,0.E0,-1.E0));
#4690=DIRECTION('',(0.E0,1.E0,0.E0));
#4691=AXIS2_PLACEMENT_3D('',#4688,#4689,#4690);
#4692=PLANE('',#4691);
#4694=ORIENTED_EDGE('',*,*,#4693,.F.);
#4696=ORIENTED_EDGE('',*,*,#4695,.F.);
#4698=ORIENTED_EDGE('',*,*,#4697,.T.);
#4700=ORIENTED_EDGE('',*,*,#4699,.T.);
#4701=EDGE_LOOP('',(#4694,#4696,#4698,#4700));
#4702=FACE_OUTER_BOUND('',#4701,.F.);
#4703=ADVANCED_FACE('',(#4702),#4692,.T.);
#4704=CARTESIAN_POINT('',(9.75E0,0.E0,0.E0));
#4705=DIRECTION('',(-1.E0,0.E0,0.E0));
#4706=DIRECTION('',(0.E0,0.E0,1.E0));
#4707=AXIS2_PLACEMENT_3D('',#4704,#4705,#4706);
#4708=PLANE('',#4707);
#4710=ORIENTED_EDGE('',*,*,#4709,.T.);
#4712=ORIENTED_EDGE('',*,*,#4711,.T.);
#4714=ORIENTED_EDGE('',*,*,#4713,.T.);
#4716=ORIENTED_EDGE('',*,*,#4715,.T.);
#4718=ORIENTED_EDGE('',*,*,#4717,.T.);
#4720=ORIENTED_EDGE('',*,*,#4719,.T.);
#4721=ORIENTED_EDGE('',*,*,#4671,.T.);
#4723=ORIENTED_EDGE('',*,*,#4722,.T.);
#4725=ORIENTED_EDGE('',*,*,#4724,.T.);
#4727=ORIENTED_EDGE('',*,*,#4726,.T.);
#4729=ORIENTED_EDGE('',*,*,#4728,.T.);
#4731=ORIENTED_EDGE('',*,*,#4730,.T.);
#4733=ORIENTED_EDGE('',*,*,#4732,.T.);
#4735=ORIENTED_EDGE('',*,*,#4734,.F.);
#4736=ORIENTED_EDGE('',*,*,#4693,.T.);
#4738=ORIENTED_EDGE('',*,*,#4737,.T.);
#4739=EDGE_LOOP('',(#4710,#4712,#4714,#4716,#4718,#4720,#4721,#4723,#4725,#4727,
#4729,#4731,#4733,#4735,#4736,#4738));
#4740=FACE_OUTER_BOUND('',#4739,.F.);
#4741=ADVANCED_FACE('',(#4740),#4708,.F.);
#4742=CARTESIAN_POINT('',(9.75E0,0.E0,0.E0));
#4743=DIRECTION('',(-1.E0,0.E0,0.E0));
#4744=DIRECTION('',(0.E0,0.E0,1.E0));
#4745=AXIS2_PLACEMENT_3D('',#4742,#4743,#4744);
#4746=PLANE('',#4745);
#4748=ORIENTED_EDGE('',*,*,#4747,.T.);
#4750=ORIENTED_EDGE('',*,*,#4749,.T.);
#4752=ORIENTED_EDGE('',*,*,#4751,.T.);
#4754=ORIENTED_EDGE('',*,*,#4753,.T.);
#4756=ORIENTED_EDGE('',*,*,#4755,.T.);
#4757=ORIENTED_EDGE('',*,*,#4408,.F.);
#4758=EDGE_LOOP('',(#4748,#4750,#4752,#4754,#4756,#4757));
#4759=FACE_OUTER_BOUND('',#4758,.F.);
#4760=ADVANCED_FACE('',(#4759),#4746,.F.);
#4761=CARTESIAN_POINT('',(9.25E0,2.1E0,-3.095E0));
#4762=DIRECTION('',(0.E0,0.E0,1.E0));
#4763=DIRECTION('',(0.E0,-1.E0,0.E0));
#4764=AXIS2_PLACEMENT_3D('',#4761,#4762,#4763);
#4765=PLANE('',#4764);
#4766=ORIENTED_EDGE('',*,*,#4709,.F.);
#4768=ORIENTED_EDGE('',*,*,#4767,.F.);
#4770=ORIENTED_EDGE('',*,*,#4769,.T.);
#4772=ORIENTED_EDGE('',*,*,#4771,.T.);
#4773=EDGE_LOOP('',(#4766,#4768,#4770,#4772));
#4774=FACE_OUTER_BOUND('',#4773,.F.);
#4775=ADVANCED_FACE('',(#4774),#4765,.F.);
#4776=CARTESIAN_POINT('',(1.04E1,1.025E0,1.63E0));
#4777=DIRECTION('',(0.E0,-9.876611736113E-1,-1.566058943358E-1));
#4778=DIRECTION('',(0.E0,1.566058943358E-1,-9.876611736113E-1));
#4779=AXIS2_PLACEMENT_3D('',#4776,#4777,#4778);
#4780=PLANE('',#4779);
#4781=ORIENTED_EDGE('',*,*,#4737,.F.);
#4782=ORIENTED_EDGE('',*,*,#4699,.F.);
#4784=ORIENTED_EDGE('',*,*,#4783,.T.);
#4786=ORIENTED_EDGE('',*,*,#4785,.T.);
#4787=ORIENTED_EDGE('',*,*,#4658,.F.);
#4788=ORIENTED_EDGE('',*,*,#4677,.F.);
#4790=ORIENTED_EDGE('',*,*,#4789,.T.);
#4791=ORIENTED_EDGE('',*,*,#4767,.T.);
#4792=EDGE_LOOP('',(#4781,#4782,#4784,#4786,#4787,#4788,#4790,#4791));
#4793=FACE_OUTER_BOUND('',#4792,.F.);
#4794=ADVANCED_FACE('',(#4793),#4780,.T.);
#4795=CARTESIAN_POINT('',(1.04E1,-2.675E0,8.1E0));
#4796=DIRECTION('',(1.E0,0.E0,0.E0));
#4797=DIRECTION('',(0.E0,0.E0,-1.E0));
#4798=AXIS2_PLACEMENT_3D('',#4795,#4796,#4797);
#4799=PLANE('',#4798);
#4800=ORIENTED_EDGE('',*,*,#4681,.F.);
#4801=ORIENTED_EDGE('',*,*,#4368,.F.);
#4803=ORIENTED_EDGE('',*,*,#4802,.T.);
#4805=ORIENTED_EDGE('',*,*,#4804,.T.);
#4806=EDGE_LOOP('',(#4800,#4801,#4803,#4805));
#4807=FACE_OUTER_BOUND('',#4806,.F.);
#4808=ADVANCED_FACE('',(#4807),#4799,.T.);
#4809=CARTESIAN_POINT('',(1.04E1,-2.675E0,8.1E0));
#4810=DIRECTION('',(1.E0,0.E0,0.E0));
#4811=DIRECTION('',(0.E0,0.E0,-1.E0));
#4812=AXIS2_PLACEMENT_3D('',#4809,#4810,#4811);
#4813=PLANE('',#4812);
#4815=ORIENTED_EDGE('',*,*,#4814,.T.);
#4817=ORIENTED_EDGE('',*,*,#4816,.F.);
#4818=ORIENTED_EDGE('',*,*,#4783,.F.);
#4819=ORIENTED_EDGE('',*,*,#4697,.F.);
#4821=ORIENTED_EDGE('',*,*,#4820,.F.);
#4823=ORIENTED_EDGE('',*,*,#4822,.T.);
#4824=EDGE_LOOP('',(#4815,#4817,#4818,#4819,#4821,#4823));
#4825=FACE_OUTER_BOUND('',#4824,.F.);
#4826=ADVANCED_FACE('',(#4825),#4813,.T.);
#4827=CARTESIAN_POINT('',(-1.04E1,-2.675E0,8.1E0));
#4828=DIRECTION('',(0.E0,0.E0,1.E0));
#4829=DIRECTION('',(1.E0,0.E0,0.E0));
#4830=AXIS2_PLACEMENT_3D('',#4827,#4828,#4829);
#4831=PLANE('',#4830);
#4833=ORIENTED_EDGE('',*,*,#4832,.F.);
#4835=ORIENTED_EDGE('',*,*,#4834,.T.);
#4837=ORIENTED_EDGE('',*,*,#4836,.F.);
#4839=ORIENTED_EDGE('',*,*,#4838,.T.);
#4841=ORIENTED_EDGE('',*,*,#4840,.T.);
#4843=ORIENTED_EDGE('',*,*,#4842,.T.);
#4845=ORIENTED_EDGE('',*,*,#4844,.F.);
#4847=ORIENTED_EDGE('',*,*,#4846,.T.);
#4849=ORIENTED_EDGE('',*,*,#4848,.T.);
#4851=ORIENTED_EDGE('',*,*,#4850,.T.);
#4853=ORIENTED_EDGE('',*,*,#4852,.T.);
#4855=ORIENTED_EDGE('',*,*,#4854,.T.);
#4857=ORIENTED_EDGE('',*,*,#4856,.T.);
#4859=ORIENTED_EDGE('',*,*,#4858,.T.);
#4861=ORIENTED_EDGE('',*,*,#4860,.T.);
#4863=ORIENTED_EDGE('',*,*,#4862,.T.);
#4865=ORIENTED_EDGE('',*,*,#4864,.T.);
#4867=ORIENTED_EDGE('',*,*,#4866,.T.);
#4869=ORIENTED_EDGE('',*,*,#4868,.T.);
#4871=ORIENTED_EDGE('',*,*,#4870,.T.);
#4873=ORIENTED_EDGE('',*,*,#4872,.T.);
#4875=ORIENTED_EDGE('',*,*,#4874,.T.);
#4877=ORIENTED_EDGE('',*,*,#4876,.F.);
#4879=ORIENTED_EDGE('',*,*,#4878,.T.);
#4881=ORIENTED_EDGE('',*,*,#4880,.T.);
#4883=ORIENTED_EDGE('',*,*,#4882,.T.);
#4885=ORIENTED_EDGE('',*,*,#4884,.F.);
#4886=ORIENTED_EDGE('',*,*,#4822,.F.);
#4888=ORIENTED_EDGE('',*,*,#4887,.T.);
#4890=ORIENTED_EDGE('',*,*,#4889,.F.);
#4892=ORIENTED_EDGE('',*,*,#4891,.F.);
#4893=ORIENTED_EDGE('',*,*,#4802,.F.);
#4894=ORIENTED_EDGE('',*,*,#4366,.F.);
#4896=ORIENTED_EDGE('',*,*,#4895,.T.);
#4898=ORIENTED_EDGE('',*,*,#4897,.T.);
#4900=ORIENTED_EDGE('',*,*,#4899,.T.);
#4902=ORIENTED_EDGE('',*,*,#4901,.F.);
#4904=ORIENTED_EDGE('',*,*,#4903,.T.);
#4905=EDGE_LOOP('',(#4833,#4835,#4837,#4839,#4841,#4843,#4845,#4847,#4849,#4851,
#4853,#4855,#4857,#4859,#4861,#4863,#4865,#4867,#4869,#4871,#4873,#4875,#4877,
#4879,#4881,#4883,#4885,#4886,#4888,#4890,#4892,#4893,#4894,#4896,#4898,#4900,
#4902,#4904));
#4906=FACE_OUTER_BOUND('',#4905,.F.);
#4908=ORIENTED_EDGE('',*,*,#4907,.F.);
#4910=ORIENTED_EDGE('',*,*,#4909,.T.);
#4912=ORIENTED_EDGE('',*,*,#4911,.T.);
#4914=ORIENTED_EDGE('',*,*,#4913,.T.);
#4916=ORIENTED_EDGE('',*,*,#4915,.T.);
#4918=ORIENTED_EDGE('',*,*,#4917,.T.);
#4919=EDGE_LOOP('',(#4908,#4910,#4912,#4914,#4916,#4918));
#4920=FACE_BOUND('',#4919,.F.);
#4922=ORIENTED_EDGE('',*,*,#4921,.T.);
#4924=ORIENTED_EDGE('',*,*,#4923,.T.);
#4926=ORIENTED_EDGE('',*,*,#4925,.T.);
#4928=ORIENTED_EDGE('',*,*,#4927,.T.);
#4929=EDGE_LOOP('',(#4922,#4924,#4926,#4928));
#4930=FACE_BOUND('',#4929,.F.);
#4931=ADVANCED_FACE('',(#4906,#4920,#4930),#4831,.T.);
#4932=CARTESIAN_POINT('',(5.48E0,1.765E0,0.E0));
#4933=DIRECTION('',(-9.999619230642E-1,0.E0,-8.726535498374E-3));
#4934=DIRECTION('',(0.E0,-1.E0,0.E0));
#4935=AXIS2_PLACEMENT_3D('',#4932,#4933,#4934);
#4936=PLANE('',#4935);
#4937=ORIENTED_EDGE('',*,*,#4921,.F.);
#4939=ORIENTED_EDGE('',*,*,#4938,.T.);
#4941=ORIENTED_EDGE('',*,*,#4940,.F.);
#4943=ORIENTED_EDGE('',*,*,#4942,.F.);
#4944=EDGE_LOOP('',(#4937,#4939,#4941,#4943));
#4945=FACE_OUTER_BOUND('',#4944,.F.);
#4946=ADVANCED_FACE('',(#4945),#4936,.F.);
#4947=CARTESIAN_POINT('',(8.52E0,1.765E0,0.E0));
#4948=DIRECTION('',(0.E0,9.999619230642E-1,-8.726535498374E-3));
#4949=DIRECTION('',(-1.E0,0.E0,0.E0));
#4950=AXIS2_PLACEMENT_3D('',#4947,#4948,#4949);
#4951=PLANE('',#4950);
#4952=ORIENTED_EDGE('',*,*,#4927,.F.);
#4954=ORIENTED_EDGE('',*,*,#4953,.T.);
#4956=ORIENTED_EDGE('',*,*,#4955,.F.);
#4957=ORIENTED_EDGE('',*,*,#4938,.F.);
#4958=EDGE_LOOP('',(#4952,#4954,#4956,#4957));
#4959=FACE_OUTER_BOUND('',#4958,.F.);
#4960=ADVANCED_FACE('',(#4959),#4951,.F.);
#4961=CARTESIAN_POINT('',(8.52E0,-1.275E0,0.E0));
#4962=DIRECTION('',(9.999619230642E-1,0.E0,-8.726535498374E-3));
#4963=DIRECTION('',(0.E0,1.E0,0.E0));
#4964=AXIS2_PLACEMENT_3D('',#4961,#4962,#4963);
#4965=PLANE('',#4964);
#4966=ORIENTED_EDGE('',*,*,#4925,.F.);
#4968=ORIENTED_EDGE('',*,*,#4967,.T.);
#4970=ORIENTED_EDGE('',*,*,#4969,.F.);
#4971=ORIENTED_EDGE('',*,*,#4953,.F.);
#4972=EDGE_LOOP('',(#4966,#4968,#4970,#4971));
#4973=FACE_OUTER_BOUND('',#4972,.F.);
#4974=ADVANCED_FACE('',(#4973),#4965,.F.);
#4975=CARTESIAN_POINT('',(5.48E0,-1.275E0,0.E0));
#4976=DIRECTION('',(0.E0,-9.999619230642E-1,-8.726535498374E-3));
#4977=DIRECTION('',(1.E0,0.E0,0.E0));
#4978=AXIS2_PLACEMENT_3D('',#4975,#4976,#4977);
#4979=PLANE('',#4978);
#4980=ORIENTED_EDGE('',*,*,#4923,.F.);
#4981=ORIENTED_EDGE('',*,*,#4942,.T.);
#4983=ORIENTED_EDGE('',*,*,#4982,.F.);
#4984=ORIENTED_EDGE('',*,*,#4967,.F.);
#4985=EDGE_LOOP('',(#4980,#4981,#4983,#4984));
#4986=FACE_OUTER_BOUND('',#4985,.F.);
#4987=ADVANCED_FACE('',(#4986),#4979,.F.);
#4988=CARTESIAN_POINT('',(0.E0,0.E0,0.E0));
#4989=DIRECTION('',(0.E0,0.E0,1.E0));
#4990=DIRECTION('',(1.E0,0.E0,0.E0));
#4991=AXIS2_PLACEMENT_3D('',#4988,#4989,#4990);
#4992=PLANE('',#4991);
#4993=ORIENTED_EDGE('',*,*,#4940,.T.);
#4994=ORIENTED_EDGE('',*,*,#4955,.T.);
#4995=ORIENTED_EDGE('',*,*,#4969,.T.);
#4996=ORIENTED_EDGE('',*,*,#4982,.T.);
#4997=EDGE_LOOP('',(#4993,#4994,#4995,#4996));
#4998=FACE_OUTER_BOUND('',#4997,.F.);
#5000=ORIENTED_EDGE('',*,*,#4999,.F.);
#5002=ORIENTED_EDGE('',*,*,#5001,.T.);
#5004=ORIENTED_EDGE('',*,*,#5003,.T.);
#5006=ORIENTED_EDGE('',*,*,#5005,.F.);
#5007=EDGE_LOOP('',(#5000,#5002,#5004,#5006));
#5008=FACE_BOUND('',#5007,.F.);
#5009=ADVANCED_FACE('',(#4998,#5008),#4992,.T.);
#5010=CARTESIAN_POINT('',(6.6825E0,0.E0,0.E0));
#5011=DIRECTION('',(1.E0,0.E0,0.E0));
#5012=DIRECTION('',(0.E0,0.E0,-1.E0));
#5013=AXIS2_PLACEMENT_3D('',#5010,#5011,#5012);
#5014=PLANE('',#5013);
#5016=ORIENTED_EDGE('',*,*,#5015,.F.);
#5018=ORIENTED_EDGE('',*,*,#5017,.T.);
#5019=ORIENTED_EDGE('',*,*,#4999,.T.);
#5021=ORIENTED_EDGE('',*,*,#5020,.T.);
#5022=EDGE_LOOP('',(#5016,#5018,#5019,#5021));
#5023=FACE_OUTER_BOUND('',#5022,.F.);
#5024=ADVANCED_FACE('',(#5023),#5014,.F.);
#5025=CARTESIAN_POINT('',(6.6825E0,0.E0,0.E0));
#5026=DIRECTION('',(1.E0,0.E0,0.E0));
#5027=DIRECTION('',(0.E0,0.E0,-1.E0));
#5028=AXIS2_PLACEMENT_3D('',#5025,#5026,#5027);
#5029=PLANE('',#5028);
#5031=ORIENTED_EDGE('',*,*,#5030,.F.);
#5033=ORIENTED_EDGE('',*,*,#5032,.T.);
#5035=ORIENTED_EDGE('',*,*,#5034,.T.);
#5037=ORIENTED_EDGE('',*,*,#5036,.T.);
#5039=ORIENTED_EDGE('',*,*,#5038,.F.);
#5041=ORIENTED_EDGE('',*,*,#5040,.T.);
#5043=ORIENTED_EDGE('',*,*,#5042,.T.);
#5045=ORIENTED_EDGE('',*,*,#5044,.T.);
#5046=EDGE_LOOP('',(#5031,#5033,#5035,#5037,#5039,#5041,#5043,#5045));
#5047=FACE_OUTER_BOUND('',#5046,.F.);
#5048=ADVANCED_FACE('',(#5047),#5029,.F.);
#5049=CARTESIAN_POINT('',(6.7825E0,2.45E-1,6.E0));
#5050=DIRECTION('',(-9.701425001453E-1,0.E0,2.425356250363E-1));
#5051=DIRECTION('',(2.425356250363E-1,0.E0,9.701425001453E-1));
#5052=AXIS2_PLACEMENT_3D('',#5049,#5050,#5051);
#5053=PLANE('',#5052);
#5055=ORIENTED_EDGE('',*,*,#5054,.F.);
#5057=ORIENTED_EDGE('',*,*,#5056,.T.);
#5058=ORIENTED_EDGE('',*,*,#5015,.T.);
#5060=ORIENTED_EDGE('',*,*,#5059,.T.);
#5061=EDGE_LOOP('',(#5055,#5057,#5058,#5060));
#5062=FACE_OUTER_BOUND('',#5061,.F.);
#5063=ADVANCED_FACE('',(#5062),#5053,.T.);
#5064=CARTESIAN_POINT('',(6.6825E0,5.625E-1,6.4E0));
#5065=DIRECTION('',(0.E0,0.E0,1.E0));
#5066=DIRECTION('',(0.E0,-1.E0,0.E0));
#5067=AXIS2_PLACEMENT_3D('',#5064,#5065,#5066);
#5068=PLANE('',#5067);
#5070=ORIENTED_EDGE('',*,*,#5069,.F.);
#5072=ORIENTED_EDGE('',*,*,#5071,.T.);
#5074=ORIENTED_EDGE('',*,*,#5073,.T.);
#5075=ORIENTED_EDGE('',*,*,#5054,.T.);
#5076=EDGE_LOOP('',(#5070,#5072,#5074,#5075));
#5077=FACE_OUTER_BOUND('',#5076,.F.);
#5078=ADVANCED_FACE('',(#5077),#5068,.T.);
#5079=CARTESIAN_POINT('',(7.E0,4.625E-1,6.E0));
#5080=DIRECTION('',(0.E0,9.701425001453E-1,2.425356250363E-1));
#5081=DIRECTION('',(0.E0,2.425356250363E-1,-9.701425001453E-1));
#5082=AXIS2_PLACEMENT_3D('',#5079,#5080,#5081);
#5083=PLANE('',#5082);
#5084=ORIENTED_EDGE('',*,*,#5069,.T.);
#5085=ORIENTED_EDGE('',*,*,#5059,.F.);
#5087=ORIENTED_EDGE('',*,*,#5086,.F.);
#5089=ORIENTED_EDGE('',*,*,#5088,.F.);
#5090=EDGE_LOOP('',(#5084,#5085,#5087,#5089));
#5091=FACE_OUTER_BOUND('',#5090,.F.);
#5092=ADVANCED_FACE('',(#5091),#5083,.T.);
#5093=CARTESIAN_POINT('',(6.6825E0,5.625E-1,-4.2425E0));
#5094=DIRECTION('',(0.E0,1.E0,0.E0));
#5095=DIRECTION('',(0.E0,0.E0,1.E0));
#5096=AXIS2_PLACEMENT_3D('',#5093,#5094,#5095);
#5097=PLANE('',#5096);
#5099=ORIENTED_EDGE('',*,*,#5098,.F.);
#5100=ORIENTED_EDGE('',*,*,#5036,.F.);
#5102=ORIENTED_EDGE('',*,*,#5101,.T.);
#5104=ORIENTED_EDGE('',*,*,#5103,.T.);
#5105=EDGE_LOOP('',(#5099,#5100,#5102,#5104));
#5106=FACE_OUTER_BOUND('',#5105,.F.);
#5107=ADVANCED_FACE('',(#5106),#5097,.T.);
#5108=CARTESIAN_POINT('',(6.6825E0,5.625E-1,-4.2425E0));
#5109=DIRECTION('',(0.E0,1.E0,0.E0));
#5110=DIRECTION('',(0.E0,0.E0,1.E0));
#5111=AXIS2_PLACEMENT_3D('',#5108,#5109,#5110);
#5112=PLANE('',#5111);
#5113=ORIENTED_EDGE('',*,*,#5086,.T.);
#5114=ORIENTED_EDGE('',*,*,#5020,.F.);
#5115=ORIENTED_EDGE('',*,*,#5005,.T.);
#5117=ORIENTED_EDGE('',*,*,#5116,.T.);
#5118=EDGE_LOOP('',(#5113,#5114,#5115,#5117));
#5119=FACE_OUTER_BOUND('',#5118,.F.);
#5120=ADVANCED_FACE('',(#5119),#5112,.T.);
#5121=CARTESIAN_POINT('',(1.04E1,-2.675E0,-3.1E0));
#5122=DIRECTION('',(0.E0,0.E0,-1.E0));
#5123=DIRECTION('',(-1.E0,0.E0,0.E0));
#5124=AXIS2_PLACEMENT_3D('',#5121,#5122,#5123);
#5125=PLANE('',#5124);
#5127=ORIENTED_EDGE('',*,*,#5126,.F.);
#5129=ORIENTED_EDGE('',*,*,#5128,.F.);
#5131=ORIENTED_EDGE('',*,*,#5130,.T.);
#5133=ORIENTED_EDGE('',*,*,#5132,.F.);
#5134=ORIENTED_EDGE('',*,*,#4358,.F.);
#5135=ORIENTED_EDGE('',*,*,#4660,.T.);
#5136=ORIENTED_EDGE('',*,*,#4785,.F.);
#5137=ORIENTED_EDGE('',*,*,#4816,.T.);
#5139=ORIENTED_EDGE('',*,*,#5138,.F.);
#5141=ORIENTED_EDGE('',*,*,#5140,.T.);
#5142=EDGE_LOOP('',(#5127,#5129,#5131,#5133,#5134,#5135,#5136,#5137,#5139,
#5141));
#5143=FACE_OUTER_BOUND('',#5142,.F.);
#5145=ORIENTED_EDGE('',*,*,#5144,.T.);
#5147=ORIENTED_EDGE('',*,*,#5146,.T.);
#5149=ORIENTED_EDGE('',*,*,#5148,.F.);
#5151=ORIENTED_EDGE('',*,*,#5150,.F.);
#5152=EDGE_LOOP('',(#5145,#5147,#5149,#5151));
#5153=FACE_BOUND('',#5152,.F.);
#5155=ORIENTED_EDGE('',*,*,#5154,.T.);
#5157=ORIENTED_EDGE('',*,*,#5156,.T.);
#5159=ORIENTED_EDGE('',*,*,#5158,.F.);
#5161=ORIENTED_EDGE('',*,*,#5160,.F.);
#5162=EDGE_LOOP('',(#5155,#5157,#5159,#5161));
#5163=FACE_BOUND('',#5162,.F.);
#5165=ORIENTED_EDGE('',*,*,#5164,.T.);
#5167=ORIENTED_EDGE('',*,*,#5166,.T.);
#5169=ORIENTED_EDGE('',*,*,#5168,.F.);
#5171=ORIENTED_EDGE('',*,*,#5170,.F.);
#5172=EDGE_LOOP('',(#5165,#5167,#5169,#5171));
#5173=FACE_BOUND('',#5172,.F.);
#5174=ORIENTED_EDGE('',*,*,#5038,.T.);
#5175=ORIENTED_EDGE('',*,*,#5098,.T.);
#5177=ORIENTED_EDGE('',*,*,#5176,.F.);
#5179=ORIENTED_EDGE('',*,*,#5178,.F.);
#5180=EDGE_LOOP('',(#5174,#5175,#5177,#5179));
#5181=FACE_BOUND('',#5180,.F.);
#5183=ORIENTED_EDGE('',*,*,#5182,.T.);
#5185=ORIENTED_EDGE('',*,*,#5184,.T.);
#5187=ORIENTED_EDGE('',*,*,#5186,.F.);
#5189=ORIENTED_EDGE('',*,*,#5188,.F.);
#5190=EDGE_LOOP('',(#5183,#5185,#5187,#5189));
#5191=FACE_BOUND('',#5190,.F.);
#5192=ADVANCED_FACE('',(#5143,#5153,#5163,#5173,#5181,#5191),#5125,.T.);
#5193=CARTESIAN_POINT('',(-7.3175E0,0.E0,0.E0));
#5194=DIRECTION('',(1.E0,0.E0,0.E0));
#5195=DIRECTION('',(0.E0,0.E0,-1.E0));
#5196=AXIS2_PLACEMENT_3D('',#5193,#5194,#5195);
#5197=PLANE('',#5196);
#5199=ORIENTED_EDGE('',*,*,#5198,.F.);
#5201=ORIENTED_EDGE('',*,*,#5200,.T.);
#5203=ORIENTED_EDGE('',*,*,#5202,.T.);
#5205=ORIENTED_EDGE('',*,*,#5204,.T.);
#5206=EDGE_LOOP('',(#5199,#5201,#5203,#5205));
#5207=FACE_OUTER_BOUND('',#5206,.F.);
#5208=ADVANCED_FACE('',(#5207),#5197,.F.);
#5209=CARTESIAN_POINT('',(-7.3175E0,0.E0,0.E0));
#5210=DIRECTION('',(1.E0,0.E0,0.E0));
#5211=DIRECTION('',(0.E0,0.E0,-1.E0));
#5212=AXIS2_PLACEMENT_3D('',#5209,#5210,#5211);
#5213=PLANE('',#5212);
#5215=ORIENTED_EDGE('',*,*,#5214,.F.);
#5217=ORIENTED_EDGE('',*,*,#5216,.T.);
#5219=ORIENTED_EDGE('',*,*,#5218,.T.);
#5221=ORIENTED_EDGE('',*,*,#5220,.T.);
#5222=ORIENTED_EDGE('',*,*,#5182,.F.);
#5224=ORIENTED_EDGE('',*,*,#5223,.T.);
#5226=ORIENTED_EDGE('',*,*,#5225,.T.);
#5228=ORIENTED_EDGE('',*,*,#5227,.T.);
#5229=EDGE_LOOP('',(#5215,#5217,#5219,#5221,#5222,#5224,#5226,#5228));
#5230=FACE_OUTER_BOUND('',#5229,.F.);
#5231=ADVANCED_FACE('',(#5230),#5213,.F.);
#5232=CARTESIAN_POINT('',(-7.2175E0,2.45E-1,6.E0));
#5233=DIRECTION('',(-9.701425001453E-1,0.E0,2.425356250363E-1));
#5234=DIRECTION('',(2.425356250363E-1,0.E0,9.701425001453E-1));
#5235=AXIS2_PLACEMENT_3D('',#5232,#5233,#5234);
#5236=PLANE('',#5235);
#5238=ORIENTED_EDGE('',*,*,#5237,.T.);
#5239=ORIENTED_EDGE('',*,*,#5198,.T.);
#5241=ORIENTED_EDGE('',*,*,#5240,.T.);
#5243=ORIENTED_EDGE('',*,*,#5242,.F.);
#5244=EDGE_LOOP('',(#5238,#5239,#5241,#5243));
#5245=FACE_OUTER_BOUND('',#5244,.F.);
#5246=ADVANCED_FACE('',(#5245),#5236,.T.);
#5247=CARTESIAN_POINT('',(-7.E0,2.75E-2,6.E0));
#5248=DIRECTION('',(0.E0,-9.701425001453E-1,2.425356250363E-1));
#5249=DIRECTION('',(0.E0,2.425356250363E-1,9.701425001453E-1));
#5250=AXIS2_PLACEMENT_3D('',#5247,#5248,#5249);
#5251=PLANE('',#5250);
#5252=ORIENTED_EDGE('',*,*,#5237,.F.);
#5254=ORIENTED_EDGE('',*,*,#5253,.F.);
#5256=ORIENTED_EDGE('',*,*,#5255,.F.);
#5258=ORIENTED_EDGE('',*,*,#5257,.T.);
#5259=EDGE_LOOP('',(#5252,#5254,#5256,#5258));
#5260=FACE_OUTER_BOUND('',#5259,.F.);
#5261=ADVANCED_FACE('',(#5260),#5251,.T.);
#5262=CARTESIAN_POINT('',(-7.3175E0,5.625E-1,6.4E0));
#5263=DIRECTION('',(0.E0,0.E0,1.E0));
#5264=DIRECTION('',(0.E0,-1.E0,0.E0));
#5265=AXIS2_PLACEMENT_3D('',#5262,#5263,#5264);
#5266=PLANE('',#5265);
#5268=ORIENTED_EDGE('',*,*,#5267,.F.);
#5270=ORIENTED_EDGE('',*,*,#5269,.T.);
#5271=ORIENTED_EDGE('',*,*,#5253,.T.);
#5272=ORIENTED_EDGE('',*,*,#5242,.T.);
#5273=EDGE_LOOP('',(#5268,#5270,#5271,#5272));
#5274=FACE_OUTER_BOUND('',#5273,.F.);
#5275=ADVANCED_FACE('',(#5274),#5266,.T.);
#5276=CARTESIAN_POINT('',(-7.E0,4.625E-1,6.E0));
#5277=DIRECTION('',(0.E0,9.701425001453E-1,2.425356250363E-1));
#5278=DIRECTION('',(0.E0,2.425356250363E-1,-9.701425001453E-1));
#5279=AXIS2_PLACEMENT_3D('',#5276,#5277,#5278);
#5280=PLANE('',#5279);
#5281=ORIENTED_EDGE('',*,*,#5240,.F.);
#5283=ORIENTED_EDGE('',*,*,#5282,.F.);
#5285=ORIENTED_EDGE('',*,*,#5284,.F.);
#5286=ORIENTED_EDGE('',*,*,#5267,.T.);
#5287=EDGE_LOOP('',(#5281,#5283,#5285,#5286));
#5288=FACE_OUTER_BOUND('',#5287,.F.);
#5289=ADVANCED_FACE('',(#5288),#5280,.T.);
#5290=CARTESIAN_POINT('',(-7.3175E0,5.625E-1,-4.2425E0));
#5291=DIRECTION('',(0.E0,1.E0,0.E0));
#5292=DIRECTION('',(0.E0,0.E0,1.E0));
#5293=AXIS2_PLACEMENT_3D('',#5290,#5291,#5292);
#5294=PLANE('',#5293);
#5295=ORIENTED_EDGE('',*,*,#5184,.F.);
#5296=ORIENTED_EDGE('',*,*,#5220,.F.);
#5298=ORIENTED_EDGE('',*,*,#5297,.T.);
#5300=ORIENTED_EDGE('',*,*,#5299,.T.);
#5301=EDGE_LOOP('',(#5295,#5296,#5298,#5300));
#5302=FACE_OUTER_BOUND('',#5301,.F.);
#5303=ADVANCED_FACE('',(#5302),#5294,.T.);
#5304=CARTESIAN_POINT('',(-7.3175E0,5.625E-1,-4.2425E0));
#5305=DIRECTION('',(0.E0,1.E0,0.E0));
#5306=DIRECTION('',(0.E0,0.E0,1.E0));
#5307=AXIS2_PLACEMENT_3D('',#5304,#5305,#5306);
#5308=PLANE('',#5307);
#5309=ORIENTED_EDGE('',*,*,#5282,.T.);
#5310=ORIENTED_EDGE('',*,*,#5204,.F.);
#5312=ORIENTED_EDGE('',*,*,#5311,.T.);
#5314=ORIENTED_EDGE('',*,*,#5313,.T.);
#5315=EDGE_LOOP('',(#5309,#5310,#5312,#5314));
#5316=FACE_OUTER_BOUND('',#5315,.F.);
#5317=ADVANCED_FACE('',(#5316),#5308,.T.);
#5318=CARTESIAN_POINT('',(-7.3175E0,-5.725E-1,-4.2425E0));
#5319=DIRECTION('',(1.E0,0.E0,0.E0));
#5320=DIRECTION('',(0.E0,0.E0,-1.E0));
#5321=AXIS2_PLACEMENT_3D('',#5318,#5319,#5320);
#5322=CYLINDRICAL_SURFACE('',#5321,1.135E0);
#5323=ORIENTED_EDGE('',*,*,#5218,.F.);
#5325=ORIENTED_EDGE('',*,*,#5324,.T.);
#5327=ORIENTED_EDGE('',*,*,#5326,.T.);
#5328=ORIENTED_EDGE('',*,*,#5297,.F.);
#5329=EDGE_LOOP('',(#5323,#5325,#5327,#5328));
#5330=FACE_OUTER_BOUND('',#5329,.F.);
#5331=ADVANCED_FACE('',(#5330),#5322,.T.);
#5332=CARTESIAN_POINT('',(-7.3175E0,-6.175E0,-5.3775E0));
#5333=DIRECTION('',(0.E0,0.E0,-1.E0));
#5334=DIRECTION('',(0.E0,1.E0,0.E0));
#5335=AXIS2_PLACEMENT_3D('',#5332,#5333,#5334);
#5336=PLANE('',#5335);
#5338=ORIENTED_EDGE('',*,*,#5337,.F.);
#5340=ORIENTED_EDGE('',*,*,#5339,.T.);
#5341=ORIENTED_EDGE('',*,*,#5324,.F.);
#5342=ORIENTED_EDGE('',*,*,#5216,.F.);
#5343=EDGE_LOOP('',(#5338,#5340,#5341,#5342));
#5344=FACE_OUTER_BOUND('',#5343,.F.);
#5345=ADVANCED_FACE('',(#5344),#5336,.T.);
#5346=CARTESIAN_POINT('',(-7.E0,-5.775E0,-5.2775E0));
#5347=DIRECTION('',(0.E0,-2.425356250363E-1,-9.701425001453E-1));
#5348=DIRECTION('',(0.E0,-9.701425001453E-1,2.425356250363E-1));
#5349=AXIS2_PLACEMENT_3D('',#5346,#5347,#5348);
#5350=PLANE('',#5349);
#5352=ORIENTED_EDGE('',*,*,#5351,.F.);
#5354=ORIENTED_EDGE('',*,*,#5353,.F.);
#5356=ORIENTED_EDGE('',*,*,#5355,.F.);
#5357=ORIENTED_EDGE('',*,*,#5337,.T.);
#5358=EDGE_LOOP('',(#5352,#5354,#5356,#5357));
#5359=FACE_OUTER_BOUND('',#5358,.F.);
#5360=ADVANCED_FACE('',(#5359),#5350,.T.);
#5361=CARTESIAN_POINT('',(-7.2175E0,-5.775E0,-5.06E0));
#5362=DIRECTION('',(-9.701425001453E-1,-2.425356250363E-1,0.E0));
#5363=DIRECTION('',(2.425356250363E-1,-9.701425001453E-1,0.E0));
#5364=AXIS2_PLACEMENT_3D('',#5361,#5362,#5363);
#5365=PLANE('',#5364);
#5366=ORIENTED_EDGE('',*,*,#5351,.T.);
#5367=ORIENTED_EDGE('',*,*,#5214,.T.);
#5369=ORIENTED_EDGE('',*,*,#5368,.F.);
#5371=ORIENTED_EDGE('',*,*,#5370,.F.);
#5372=EDGE_LOOP('',(#5366,#5367,#5369,#5371));
#5373=FACE_OUTER_BOUND('',#5372,.F.);
#5374=ADVANCED_FACE('',(#5373),#5365,.T.);
#5375=CARTESIAN_POINT('',(-7.E0,-5.775E0,-4.8425E0));
#5376=DIRECTION('',(0.E0,-2.425356250363E-1,9.701425001453E-1));
#5377=DIRECTION('',(0.E0,9.701425001453E-1,2.425356250363E-1));
#5378=AXIS2_PLACEMENT_3D('',#5375,#5376,#5377);
#5379=PLANE('',#5378);
#5381=ORIENTED_EDGE('',*,*,#5380,.F.);
#5383=ORIENTED_EDGE('',*,*,#5382,.F.);
#5385=ORIENTED_EDGE('',*,*,#5384,.T.);
#5386=ORIENTED_EDGE('',*,*,#5368,.T.);
#5387=EDGE_LOOP('',(#5381,#5383,#5385,#5386));
#5388=FACE_OUTER_BOUND('',#5387,.F.);
#5389=ADVANCED_FACE('',(#5388),#5379,.T.);
#5390=CARTESIAN_POINT('',(-7.3175E0,-5.725E-1,-4.7425E0));
#5391=DIRECTION('',(0.E0,0.E0,1.E0));
#5392=DIRECTION('',(0.E0,-1.E0,0.E0));
#5393=AXIS2_PLACEMENT_3D('',#5390,#5391,#5392);
#5394=PLANE('',#5393);
#5395=ORIENTED_EDGE('',*,*,#5380,.T.);
#5396=ORIENTED_EDGE('',*,*,#5227,.F.);
#5398=ORIENTED_EDGE('',*,*,#5397,.T.);
#5400=ORIENTED_EDGE('',*,*,#5399,.T.);
#5401=EDGE_LOOP('',(#5395,#5396,#5398,#5400));
#5402=FACE_OUTER_BOUND('',#5401,.F.);
#5403=ADVANCED_FACE('',(#5402),#5394,.T.);
#5404=CARTESIAN_POINT('',(-7.3175E0,-5.725E-1,-4.2425E0));
#5405=DIRECTION('',(1.E0,0.E0,0.E0));
#5406=DIRECTION('',(0.E0,0.E0,-1.E0));
#5407=AXIS2_PLACEMENT_3D('',#5404,#5405,#5406);
#5408=CYLINDRICAL_SURFACE('',#5407,5.E-1);
#5409=ORIENTED_EDGE('',*,*,#5225,.F.);
#5411=ORIENTED_EDGE('',*,*,#5410,.T.);
#5413=ORIENTED_EDGE('',*,*,#5412,.T.);
#5414=ORIENTED_EDGE('',*,*,#5397,.F.);
#5415=EDGE_LOOP('',(#5409,#5411,#5413,#5414));
#5416=FACE_OUTER_BOUND('',#5415,.F.);
#5417=ADVANCED_FACE('',(#5416),#5408,.F.);
#5418=CARTESIAN_POINT('',(-7.3175E0,-7.25E-2,6.4E0));
#5419=DIRECTION('',(0.E0,-1.E0,0.E0));
#5420=DIRECTION('',(0.E0,0.E0,-1.E0));
#5421=AXIS2_PLACEMENT_3D('',#5418,#5419,#5420);
#5422=PLANE('',#5421);
#5423=ORIENTED_EDGE('',*,*,#5188,.T.);
#5425=ORIENTED_EDGE('',*,*,#5424,.T.);
#5426=ORIENTED_EDGE('',*,*,#5410,.F.);
#5427=ORIENTED_EDGE('',*,*,#5223,.F.);
#5428=EDGE_LOOP('',(#5423,#5425,#5426,#5427));
#5429=FACE_OUTER_BOUND('',#5428,.F.);
#5430=ADVANCED_FACE('',(#5429),#5422,.T.);
#5431=CARTESIAN_POINT('',(-7.3175E0,-7.25E-2,6.4E0));
#5432=DIRECTION('',(0.E0,-1.E0,0.E0));
#5433=DIRECTION('',(0.E0,0.E0,-1.E0));
#5434=AXIS2_PLACEMENT_3D('',#5431,#5432,#5433);
#5435=PLANE('',#5434);
#5436=ORIENTED_EDGE('',*,*,#5257,.F.);
#5438=ORIENTED_EDGE('',*,*,#5437,.T.);
#5440=ORIENTED_EDGE('',*,*,#5439,.F.);
#5441=ORIENTED_EDGE('',*,*,#5200,.F.);
#5442=EDGE_LOOP('',(#5436,#5438,#5440,#5441));
#5443=FACE_OUTER_BOUND('',#5442,.F.);
#5444=ADVANCED_FACE('',(#5443),#5435,.T.);
#5445=CARTESIAN_POINT('',(-6.6825E0,0.E0,0.E0));
#5446=DIRECTION('',(1.E0,0.E0,0.E0));
#5447=DIRECTION('',(0.E0,0.E0,-1.E0));
#5448=AXIS2_PLACEMENT_3D('',#5445,#5446,#5447);
#5449=PLANE('',#5448);
#5451=ORIENTED_EDGE('',*,*,#5450,.F.);
#5452=ORIENTED_EDGE('',*,*,#5313,.F.);
#5454=ORIENTED_EDGE('',*,*,#5453,.F.);
#5455=ORIENTED_EDGE('',*,*,#5437,.F.);
#5456=EDGE_LOOP('',(#5451,#5452,#5454,#5455));
#5457=FACE_OUTER_BOUND('',#5456,.F.);
#5458=ADVANCED_FACE('',(#5457),#5449,.T.);
#5459=CARTESIAN_POINT('',(-6.6825E0,0.E0,0.E0));
#5460=DIRECTION('',(1.E0,0.E0,0.E0));
#5461=DIRECTION('',(0.E0,0.E0,-1.E0));
#5462=AXIS2_PLACEMENT_3D('',#5459,#5460,#5461);
#5463=PLANE('',#5462);
#5465=ORIENTED_EDGE('',*,*,#5464,.F.);
#5466=ORIENTED_EDGE('',*,*,#5399,.F.);
#5467=ORIENTED_EDGE('',*,*,#5412,.F.);
#5468=ORIENTED_EDGE('',*,*,#5424,.F.);
#5469=ORIENTED_EDGE('',*,*,#5186,.T.);
#5470=ORIENTED_EDGE('',*,*,#5299,.F.);
#5471=ORIENTED_EDGE('',*,*,#5326,.F.);
#5472=ORIENTED_EDGE('',*,*,#5339,.F.);
#5473=EDGE_LOOP('',(#5465,#5466,#5467,#5468,#5469,#5470,#5471,#5472));
#5474=FACE_OUTER_BOUND('',#5473,.F.);
#5475=ADVANCED_FACE('',(#5474),#5463,.T.);
#5476=CARTESIAN_POINT('',(-6.7825E0,2.45E-1,6.E0));
#5477=DIRECTION('',(9.701425001453E-1,0.E0,2.425356250363E-1));
#5478=DIRECTION('',(-2.425356250363E-1,0.E0,9.701425001453E-1));
#5479=AXIS2_PLACEMENT_3D('',#5476,#5477,#5478);
#5480=PLANE('',#5479);
#5481=ORIENTED_EDGE('',*,*,#5284,.T.);
#5482=ORIENTED_EDGE('',*,*,#5450,.T.);
#5483=ORIENTED_EDGE('',*,*,#5255,.T.);
#5484=ORIENTED_EDGE('',*,*,#5269,.F.);
#5485=EDGE_LOOP('',(#5481,#5482,#5483,#5484));
#5486=FACE_OUTER_BOUND('',#5485,.F.);
#5487=ADVANCED_FACE('',(#5486),#5480,.T.);
#5488=CARTESIAN_POINT('',(0.E0,0.E0,0.E0));
#5489=DIRECTION('',(0.E0,0.E0,1.E0));
#5490=DIRECTION('',(1.E0,0.E0,0.E0));
#5491=AXIS2_PLACEMENT_3D('',#5488,#5489,#5490);
#5492=PLANE('',#5491);
#5494=ORIENTED_EDGE('',*,*,#5493,.T.);
#5496=ORIENTED_EDGE('',*,*,#5495,.T.);
#5498=ORIENTED_EDGE('',*,*,#5497,.T.);
#5500=ORIENTED_EDGE('',*,*,#5499,.F.);
#5502=ORIENTED_EDGE('',*,*,#5501,.T.);
#5504=ORIENTED_EDGE('',*,*,#5503,.T.);
#5505=EDGE_LOOP('',(#5494,#5496,#5498,#5500,#5502,#5504));
#5506=FACE_OUTER_BOUND('',#5505,.F.);
#5507=ORIENTED_EDGE('',*,*,#5202,.F.);
#5508=ORIENTED_EDGE('',*,*,#5439,.T.);
#5509=ORIENTED_EDGE('',*,*,#5453,.T.);
#5510=ORIENTED_EDGE('',*,*,#5311,.F.);
#5511=EDGE_LOOP('',(#5507,#5508,#5509,#5510));
#5512=FACE_BOUND('',#5511,.F.);
#5513=ADVANCED_FACE('',(#5506,#5512),#5492,.T.);
#5514=CARTESIAN_POINT('',(-8.52E0,-1.275E0,0.E0));
#5515=DIRECTION('',(0.E0,-9.999619230642E-1,-8.726535498374E-3));
#5516=DIRECTION('',(1.E0,0.E0,0.E0));
#5517=AXIS2_PLACEMENT_3D('',#5514,#5515,#5516);
#5518=PLANE('',#5517);
#5520=ORIENTED_EDGE('',*,*,#5519,.F.);
#5521=ORIENTED_EDGE('',*,*,#5493,.F.);
#5523=ORIENTED_EDGE('',*,*,#5522,.F.);
#5524=ORIENTED_EDGE('',*,*,#4913,.F.);
#5525=EDGE_LOOP('',(#5520,#5521,#5523,#5524));
#5526=FACE_OUTER_BOUND('',#5525,.F.);
#5527=ADVANCED_FACE('',(#5526),#5518,.F.);
#5528=CARTESIAN_POINT('',(-7.48E0,-1.935E0,0.E0));
#5529=DIRECTION('',(9.999619230642E-1,0.E0,-8.726535498374E-3));
#5530=DIRECTION('',(0.E0,1.E0,0.E0));
#5531=AXIS2_PLACEMENT_3D('',#5528,#5529,#5530);
#5532=PLANE('',#5531);
#5533=ORIENTED_EDGE('',*,*,#4911,.F.);
#5535=ORIENTED_EDGE('',*,*,#5534,.T.);
#5536=ORIENTED_EDGE('',*,*,#5495,.F.);
#5537=ORIENTED_EDGE('',*,*,#5519,.T.);
#5538=EDGE_LOOP('',(#5533,#5535,#5536,#5537));
#5539=FACE_OUTER_BOUND('',#5538,.F.);
#5540=ADVANCED_FACE('',(#5539),#5532,.F.);
#5541=CARTESIAN_POINT('',(-8.52E0,-1.935E0,0.E0));
#5542=DIRECTION('',(0.E0,-9.999619230642E-1,-8.726535498374E-3));
#5543=DIRECTION('',(1.E0,0.E0,0.E0));
#5544=AXIS2_PLACEMENT_3D('',#5541,#5542,#5543);
#5545=PLANE('',#5544);
#5546=ORIENTED_EDGE('',*,*,#4909,.F.);
#5548=ORIENTED_EDGE('',*,*,#5547,.T.);
#5549=ORIENTED_EDGE('',*,*,#5497,.F.);
#5550=ORIENTED_EDGE('',*,*,#5534,.F.);
#5551=EDGE_LOOP('',(#5546,#5548,#5549,#5550));
#5552=FACE_OUTER_BOUND('',#5551,.F.);
#5553=ADVANCED_FACE('',(#5552),#5545,.F.);
#5554=CARTESIAN_POINT('',(-8.52E0,1.765E0,0.E0));
#5555=DIRECTION('',(-9.999619230642E-1,0.E0,-8.726535498374E-3));
#5556=DIRECTION('',(0.E0,-1.E0,0.E0));
#5557=AXIS2_PLACEMENT_3D('',#5554,#5555,#5556);
#5558=PLANE('',#5557);
#5559=ORIENTED_EDGE('',*,*,#5499,.T.);
#5560=ORIENTED_EDGE('',*,*,#5547,.F.);
#5561=ORIENTED_EDGE('',*,*,#4907,.T.);
#5563=ORIENTED_EDGE('',*,*,#5562,.T.);
#5564=EDGE_LOOP('',(#5559,#5560,#5561,#5563));
#5565=FACE_OUTER_BOUND('',#5564,.F.);
#5566=ADVANCED_FACE('',(#5565),#5558,.F.);
#5567=CARTESIAN_POINT('',(-5.48E0,1.765E0,0.E0));
#5568=DIRECTION('',(0.E0,9.999619230642E-1,-8.726535498374E-3));
#5569=DIRECTION('',(-1.E0,0.E0,0.E0));
#5570=AXIS2_PLACEMENT_3D('',#5567,#5568,#5569);
#5571=PLANE('',#5570);
#5572=ORIENTED_EDGE('',*,*,#4917,.F.);
#5574=ORIENTED_EDGE('',*,*,#5573,.T.);
#5575=ORIENTED_EDGE('',*,*,#5501,.F.);
#5576=ORIENTED_EDGE('',*,*,#5562,.F.);
#5577=EDGE_LOOP('',(#5572,#5574,#5575,#5576));
#5578=FACE_OUTER_BOUND('',#5577,.F.);
#5579=ADVANCED_FACE('',(#5578),#5571,.F.);
#5580=CARTESIAN_POINT('',(-5.48E0,-1.275E0,0.E0));
#5581=DIRECTION('',(9.999619230642E-1,0.E0,-8.726535498374E-3));
#5582=DIRECTION('',(0.E0,1.E0,0.E0));
#5583=AXIS2_PLACEMENT_3D('',#5580,#5581,#5582);
#5584=PLANE('',#5583);
#5585=ORIENTED_EDGE('',*,*,#4915,.F.);
#5586=ORIENTED_EDGE('',*,*,#5522,.T.);
#5587=ORIENTED_EDGE('',*,*,#5503,.F.);
#5588=ORIENTED_EDGE('',*,*,#5573,.F.);
#5589=EDGE_LOOP('',(#5585,#5586,#5587,#5588));
#5590=FACE_OUTER_BOUND('',#5589,.F.);
#5591=ADVANCED_FACE('',(#5590),#5584,.F.);
#5592=CARTESIAN_POINT('',(-6.7825E0,-5.775E0,-5.06E0));
#5593=DIRECTION('',(9.701425001453E-1,-2.425356250363E-1,0.E0));
#5594=DIRECTION('',(-2.425356250363E-1,-9.701425001453E-1,0.E0));
#5595=AXIS2_PLACEMENT_3D('',#5592,#5593,#5594);
#5596=PLANE('',#5595);
#5597=ORIENTED_EDGE('',*,*,#5355,.T.);
#5599=ORIENTED_EDGE('',*,*,#5598,.F.);
#5600=ORIENTED_EDGE('',*,*,#5382,.T.);
#5601=ORIENTED_EDGE('',*,*,#5464,.T.);
#5602=EDGE_LOOP('',(#5597,#5599,#5600,#5601));
#5603=FACE_OUTER_BOUND('',#5602,.F.);
#5604=ADVANCED_FACE('',(#5603),#5596,.T.);
#5605=CARTESIAN_POINT('',(-7.3175E0,-6.175E0,-4.7425E0));
#5606=DIRECTION('',(0.E0,-1.E0,0.E0));
#5607=DIRECTION('',(0.E0,0.E0,-1.E0));
#5608=AXIS2_PLACEMENT_3D('',#5605,#5606,#5607);
#5609=PLANE('',#5608);
#5610=ORIENTED_EDGE('',*,*,#5353,.T.);
#5611=ORIENTED_EDGE('',*,*,#5370,.T.);
#5612=ORIENTED_EDGE('',*,*,#5384,.F.);
#5613=ORIENTED_EDGE('',*,*,#5598,.T.);
#5614=EDGE_LOOP('',(#5610,#5611,#5612,#5613));
#5615=FACE_OUTER_BOUND('',#5614,.F.);
#5616=ADVANCED_FACE('',(#5615),#5609,.T.);
#5617=CARTESIAN_POINT('',(-3.8175E0,0.E0,0.E0));
#5618=DIRECTION('',(1.E0,0.E0,0.E0));
#5619=DIRECTION('',(0.E0,0.E0,-1.E0));
#5620=AXIS2_PLACEMENT_3D('',#5617,#5618,#5619);
#5621=PLANE('',#5620);
#5623=ORIENTED_EDGE('',*,*,#5622,.F.);
#5625=ORIENTED_EDGE('',*,*,#5624,.T.);
#5627=ORIENTED_EDGE('',*,*,#5626,.T.);
#5629=ORIENTED_EDGE('',*,*,#5628,.T.);
#5630=EDGE_LOOP('',(#5623,#5625,#5627,#5629));
#5631=FACE_OUTER_BOUND('',#5630,.F.);
#5632=ADVANCED_FACE('',(#5631),#5621,.F.);
#5633=CARTESIAN_POINT('',(-3.8175E0,0.E0,0.E0));
#5634=DIRECTION('',(1.E0,0.E0,0.E0));
#5635=DIRECTION('',(0.E0,0.E0,-1.E0));
#5636=AXIS2_PLACEMENT_3D('',#5633,#5634,#5635);
#5637=PLANE('',#5636);
#5639=ORIENTED_EDGE('',*,*,#5638,.F.);
#5641=ORIENTED_EDGE('',*,*,#5640,.T.);
#5643=ORIENTED_EDGE('',*,*,#5642,.T.);
#5645=ORIENTED_EDGE('',*,*,#5644,.T.);
#5646=ORIENTED_EDGE('',*,*,#5144,.F.);
#5648=ORIENTED_EDGE('',*,*,#5647,.T.);
#5650=ORIENTED_EDGE('',*,*,#5649,.T.);
#5652=ORIENTED_EDGE('',*,*,#5651,.T.);
#5653=EDGE_LOOP('',(#5639,#5641,#5643,#5645,#5646,#5648,#5650,#5652));
#5654=FACE_OUTER_BOUND('',#5653,.F.);
#5655=ADVANCED_FACE('',(#5654),#5637,.F.);
#5656=CARTESIAN_POINT('',(-3.7175E0,2.45E-1,6.E0));
#5657=DIRECTION('',(-9.701425001453E-1,0.E0,2.425356250363E-1));
#5658=DIRECTION('',(2.425356250363E-1,0.E0,9.701425001453E-1));
#5659=AXIS2_PLACEMENT_3D('',#5656,#5657,#5658);
#5660=PLANE('',#5659);
#5662=ORIENTED_EDGE('',*,*,#5661,.F.);
#5664=ORIENTED_EDGE('',*,*,#5663,.T.);
#5665=ORIENTED_EDGE('',*,*,#5622,.T.);
#5667=ORIENTED_EDGE('',*,*,#5666,.T.);
#5668=EDGE_LOOP('',(#5662,#5664,#5665,#5667));
#5669=FACE_OUTER_BOUND('',#5668,.F.);
#5670=ADVANCED_FACE('',(#5669),#5660,.T.);
#5671=CARTESIAN_POINT('',(-3.8175E0,5.625E-1,6.4E0));
#5672=DIRECTION('',(0.E0,0.E0,1.E0));
#5673=DIRECTION('',(0.E0,-1.E0,0.E0));
#5674=AXIS2_PLACEMENT_3D('',#5671,#5672,#5673);
#5675=PLANE('',#5674);
#5677=ORIENTED_EDGE('',*,*,#5676,.F.);
#5679=ORIENTED_EDGE('',*,*,#5678,.T.);
#5681=ORIENTED_EDGE('',*,*,#5680,.T.);
#5682=ORIENTED_EDGE('',*,*,#5661,.T.);
#5683=EDGE_LOOP('',(#5677,#5679,#5681,#5682));
#5684=FACE_OUTER_BOUND('',#5683,.F.);
#5685=ADVANCED_FACE('',(#5684),#5675,.T.);
#5686=CARTESIAN_POINT('',(-3.5E0,4.625E-1,6.E0));
#5687=DIRECTION('',(0.E0,9.701425001453E-1,2.425356250363E-1));
#5688=DIRECTION('',(0.E0,2.425356250363E-1,-9.701425001453E-1));
#5689=AXIS2_PLACEMENT_3D('',#5686,#5687,#5688);
#5690=PLANE('',#5689);
#5691=ORIENTED_EDGE('',*,*,#5676,.T.);
#5692=ORIENTED_EDGE('',*,*,#5666,.F.);
#5694=ORIENTED_EDGE('',*,*,#5693,.F.);
#5696=ORIENTED_EDGE('',*,*,#5695,.F.);
#5697=EDGE_LOOP('',(#5691,#5692,#5694,#5696));
#5698=FACE_OUTER_BOUND('',#5697,.F.);
#5699=ADVANCED_FACE('',(#5698),#5690,.T.);
#5700=CARTESIAN_POINT('',(-3.8175E0,5.625E-1,-4.2425E0));
#5701=DIRECTION('',(0.E0,1.E0,0.E0));
#5702=DIRECTION('',(0.E0,0.E0,1.E0));
#5703=AXIS2_PLACEMENT_3D('',#5700,#5701,#5702);
#5704=PLANE('',#5703);
#5705=ORIENTED_EDGE('',*,*,#5146,.F.);
#5706=ORIENTED_EDGE('',*,*,#5644,.F.);
#5708=ORIENTED_EDGE('',*,*,#5707,.T.);
#5710=ORIENTED_EDGE('',*,*,#5709,.T.);
#5711=EDGE_LOOP('',(#5705,#5706,#5708,#5710));
#5712=FACE_OUTER_BOUND('',#5711,.F.);
#5713=ADVANCED_FACE('',(#5712),#5704,.T.);
#5714=CARTESIAN_POINT('',(-3.8175E0,5.625E-1,-4.2425E0));
#5715=DIRECTION('',(0.E0,1.E0,0.E0));
#5716=DIRECTION('',(0.E0,0.E0,1.E0));
#5717=AXIS2_PLACEMENT_3D('',#5714,#5715,#5716);
#5718=PLANE('',#5717);
#5719=ORIENTED_EDGE('',*,*,#5693,.T.);
#5720=ORIENTED_EDGE('',*,*,#5628,.F.);
#5722=ORIENTED_EDGE('',*,*,#5721,.T.);
#5724=ORIENTED_EDGE('',*,*,#5723,.T.);
#5725=EDGE_LOOP('',(#5719,#5720,#5722,#5724));
#5726=FACE_OUTER_BOUND('',#5725,.F.);
#5727=ADVANCED_FACE('',(#5726),#5718,.T.);
#5728=CARTESIAN_POINT('',(-3.8175E0,-5.725E-1,-4.2425E0));
#5729=DIRECTION('',(1.E0,0.E0,0.E0));
#5730=DIRECTION('',(0.E0,0.E0,-1.E0));
#5731=AXIS2_PLACEMENT_3D('',#5728,#5729,#5730);
#5732=CYLINDRICAL_SURFACE('',#5731,1.135E0);
#5733=ORIENTED_EDGE('',*,*,#5642,.F.);
#5735=ORIENTED_EDGE('',*,*,#5734,.T.);
#5737=ORIENTED_EDGE('',*,*,#5736,.T.);
#5738=ORIENTED_EDGE('',*,*,#5707,.F.);
#5739=EDGE_LOOP('',(#5733,#5735,#5737,#5738));
#5740=FACE_OUTER_BOUND('',#5739,.F.);
#5741=ADVANCED_FACE('',(#5740),#5732,.T.);
#5742=CARTESIAN_POINT('',(-3.8175E0,-6.175E0,-5.3775E0));
#5743=DIRECTION('',(0.E0,0.E0,-1.E0));
#5744=DIRECTION('',(0.E0,1.E0,0.E0));
#5745=AXIS2_PLACEMENT_3D('',#5742,#5743,#5744);
#5746=PLANE('',#5745);
#5748=ORIENTED_EDGE('',*,*,#5747,.F.);
#5750=ORIENTED_EDGE('',*,*,#5749,.T.);
#5751=ORIENTED_EDGE('',*,*,#5734,.F.);
#5752=ORIENTED_EDGE('',*,*,#5640,.F.);
#5753=EDGE_LOOP('',(#5748,#5750,#5751,#5752));
#5754=FACE_OUTER_BOUND('',#5753,.F.);
#5755=ADVANCED_FACE('',(#5754),#5746,.T.);
#5756=CARTESIAN_POINT('',(-3.5E0,-5.775E0,-5.2775E0));
#5757=DIRECTION('',(0.E0,-2.425356250363E-1,-9.701425001453E-1));
#5758=DIRECTION('',(0.E0,-9.701425001453E-1,2.425356250363E-1));
#5759=AXIS2_PLACEMENT_3D('',#5756,#5757,#5758);
#5760=PLANE('',#5759);
#5761=ORIENTED_EDGE('',*,*,#5747,.T.);
#5763=ORIENTED_EDGE('',*,*,#5762,.F.);
#5765=ORIENTED_EDGE('',*,*,#5764,.F.);
#5767=ORIENTED_EDGE('',*,*,#5766,.F.);
#5768=EDGE_LOOP('',(#5761,#5763,#5765,#5767));
#5769=FACE_OUTER_BOUND('',#5768,.F.);
#5770=ADVANCED_FACE('',(#5769),#5760,.T.);
#5771=CARTESIAN_POINT('',(-3.7175E0,-5.775E0,-5.06E0));
#5772=DIRECTION('',(-9.701425001453E-1,-2.425356250363E-1,0.E0));
#5773=DIRECTION('',(2.425356250363E-1,-9.701425001453E-1,0.E0));
#5774=AXIS2_PLACEMENT_3D('',#5771,#5772,#5773);
#5775=PLANE('',#5774);
#5776=ORIENTED_EDGE('',*,*,#5638,.T.);
#5778=ORIENTED_EDGE('',*,*,#5777,.F.);
#5780=ORIENTED_EDGE('',*,*,#5779,.F.);
#5781=ORIENTED_EDGE('',*,*,#5762,.T.);
#5782=EDGE_LOOP('',(#5776,#5778,#5780,#5781));
#5783=FACE_OUTER_BOUND('',#5782,.F.);
#5784=ADVANCED_FACE('',(#5783),#5775,.T.);
#5785=CARTESIAN_POINT('',(-3.5E0,-5.775E0,-4.8425E0));
#5786=DIRECTION('',(0.E0,-2.425356250363E-1,9.701425001453E-1));
#5787=DIRECTION('',(0.E0,9.701425001453E-1,2.425356250363E-1));
#5788=AXIS2_PLACEMENT_3D('',#5785,#5786,#5787);
#5789=PLANE('',#5788);
#5791=ORIENTED_EDGE('',*,*,#5790,.F.);
#5793=ORIENTED_EDGE('',*,*,#5792,.F.);
#5795=ORIENTED_EDGE('',*,*,#5794,.T.);
#5796=ORIENTED_EDGE('',*,*,#5777,.T.);
#5797=EDGE_LOOP('',(#5791,#5793,#5795,#5796));
#5798=FACE_OUTER_BOUND('',#5797,.F.);
#5799=ADVANCED_FACE('',(#5798),#5789,.T.);
#5800=CARTESIAN_POINT('',(-3.8175E0,-5.725E-1,-4.7425E0));
#5801=DIRECTION('',(0.E0,0.E0,1.E0));
#5802=DIRECTION('',(0.E0,-1.E0,0.E0));
#5803=AXIS2_PLACEMENT_3D('',#5800,#5801,#5802);
#5804=PLANE('',#5803);
#5805=ORIENTED_EDGE('',*,*,#5790,.T.);
#5806=ORIENTED_EDGE('',*,*,#5651,.F.);
#5808=ORIENTED_EDGE('',*,*,#5807,.T.);
#5810=ORIENTED_EDGE('',*,*,#5809,.T.);
#5811=EDGE_LOOP('',(#5805,#5806,#5808,#5810));
#5812=FACE_OUTER_BOUND('',#5811,.F.);
#5813=ADVANCED_FACE('',(#5812),#5804,.T.);
#5814=CARTESIAN_POINT('',(-3.8175E0,-5.725E-1,-4.2425E0));
#5815=DIRECTION('',(1.E0,0.E0,0.E0));
#5816=DIRECTION('',(0.E0,0.E0,-1.E0));
#5817=AXIS2_PLACEMENT_3D('',#5814,#5815,#5816);
#5818=CYLINDRICAL_SURFACE('',#5817,5.E-1);
#5819=ORIENTED_EDGE('',*,*,#5649,.F.);
#5821=ORIENTED_EDGE('',*,*,#5820,.T.);
#5823=ORIENTED_EDGE('',*,*,#5822,.T.);
#5824=ORIENTED_EDGE('',*,*,#5807,.F.);
#5825=EDGE_LOOP('',(#5819,#5821,#5823,#5824));
#5826=FACE_OUTER_BOUND('',#5825,.F.);
#5827=ADVANCED_FACE('',(#5826),#5818,.F.);
#5828=CARTESIAN_POINT('',(-3.8175E0,-7.25E-2,6.4E0));
#5829=DIRECTION('',(0.E0,-1.E0,0.E0));
#5830=DIRECTION('',(0.E0,0.E0,-1.E0));
#5831=AXIS2_PLACEMENT_3D('',#5828,#5829,#5830);
#5832=PLANE('',#5831);
#5833=ORIENTED_EDGE('',*,*,#5150,.T.);
#5835=ORIENTED_EDGE('',*,*,#5834,.T.);
#5836=ORIENTED_EDGE('',*,*,#5820,.F.);
#5837=ORIENTED_EDGE('',*,*,#5647,.F.);
#5838=EDGE_LOOP('',(#5833,#5835,#5836,#5837));
#5839=FACE_OUTER_BOUND('',#5838,.F.);
#5840=ADVANCED_FACE('',(#5839),#5832,.T.);
#5841=CARTESIAN_POINT('',(-3.8175E0,-7.25E-2,6.4E0));
#5842=DIRECTION('',(0.E0,-1.E0,0.E0));
#5843=DIRECTION('',(0.E0,0.E0,-1.E0));
#5844=AXIS2_PLACEMENT_3D('',#5841,#5842,#5843);
#5845=PLANE('',#5844);
#5847=ORIENTED_EDGE('',*,*,#5846,.F.);
#5849=ORIENTED_EDGE('',*,*,#5848,.T.);
#5851=ORIENTED_EDGE('',*,*,#5850,.F.);
#5852=ORIENTED_EDGE('',*,*,#5624,.F.);
#5853=EDGE_LOOP('',(#5847,#5849,#5851,#5852));
#5854=FACE_OUTER_BOUND('',#5853,.F.);
#5855=ADVANCED_FACE('',(#5854),#5845,.T.);
#5856=CARTESIAN_POINT('',(-3.1825E0,0.E0,0.E0));
#5857=DIRECTION('',(1.E0,0.E0,0.E0));
#5858=DIRECTION('',(0.E0,0.E0,-1.E0));
#5859=AXIS2_PLACEMENT_3D('',#5856,#5857,#5858);
#5860=PLANE('',#5859);
#5862=ORIENTED_EDGE('',*,*,#5861,.F.);
#5863=ORIENTED_EDGE('',*,*,#5723,.F.);
#5865=ORIENTED_EDGE('',*,*,#5864,.F.);
#5866=ORIENTED_EDGE('',*,*,#5848,.F.);
#5867=EDGE_LOOP('',(#5862,#5863,#5865,#5866));
#5868=FACE_OUTER_BOUND('',#5867,.F.);
#5869=ADVANCED_FACE('',(#5868),#5860,.T.);
#5870=CARTESIAN_POINT('',(-3.1825E0,0.E0,0.E0));
#5871=DIRECTION('',(1.E0,0.E0,0.E0));
#5872=DIRECTION('',(0.E0,0.E0,-1.E0));
#5873=AXIS2_PLACEMENT_3D('',#5870,#5871,#5872);
#5874=PLANE('',#5873);
#5876=ORIENTED_EDGE('',*,*,#5875,.F.);
#5877=ORIENTED_EDGE('',*,*,#5809,.F.);
#5878=ORIENTED_EDGE('',*,*,#5822,.F.);
#5879=ORIENTED_EDGE('',*,*,#5834,.F.);
#5880=ORIENTED_EDGE('',*,*,#5148,.T.);
#5881=ORIENTED_EDGE('',*,*,#5709,.F.);
#5882=ORIENTED_EDGE('',*,*,#5736,.F.);
#5883=ORIENTED_EDGE('',*,*,#5749,.F.);
#5884=EDGE_LOOP('',(#5876,#5877,#5878,#5879,#5880,#5881,#5882,#5883));
#5885=FACE_OUTER_BOUND('',#5884,.F.);
#5886=ADVANCED_FACE('',(#5885),#5874,.T.);
#5887=CARTESIAN_POINT('',(-3.2825E0,2.45E-1,6.E0));
#5888=DIRECTION('',(9.701425001453E-1,0.E0,2.425356250363E-1));
#5889=DIRECTION('',(-2.425356250363E-1,0.E0,9.701425001453E-1));
#5890=AXIS2_PLACEMENT_3D('',#5887,#5888,#5889);
#5891=PLANE('',#5890);
#5892=ORIENTED_EDGE('',*,*,#5678,.F.);
#5893=ORIENTED_EDGE('',*,*,#5695,.T.);
#5894=ORIENTED_EDGE('',*,*,#5861,.T.);
#5896=ORIENTED_EDGE('',*,*,#5895,.T.);
#5897=EDGE_LOOP('',(#5892,#5893,#5894,#5896));
#5898=FACE_OUTER_BOUND('',#5897,.F.);
#5899=ADVANCED_FACE('',(#5898),#5891,.T.);
#5900=CARTESIAN_POINT('',(-3.5E0,2.75E-2,6.E0));
#5901=DIRECTION('',(0.E0,-9.701425001453E-1,2.425356250363E-1));
#5902=DIRECTION('',(0.E0,2.425356250363E-1,9.701425001453E-1));
#5903=AXIS2_PLACEMENT_3D('',#5900,#5901,#5902);
#5904=PLANE('',#5903);
#5905=ORIENTED_EDGE('',*,*,#5846,.T.);
#5906=ORIENTED_EDGE('',*,*,#5663,.F.);
#5907=ORIENTED_EDGE('',*,*,#5680,.F.);
#5908=ORIENTED_EDGE('',*,*,#5895,.F.);
#5909=EDGE_LOOP('',(#5905,#5906,#5907,#5908));
#5910=FACE_OUTER_BOUND('',#5909,.F.);
#5911=ADVANCED_FACE('',(#5910),#5904,.T.);
#5912=CARTESIAN_POINT('',(0.E0,0.E0,0.E0));
#5913=DIRECTION('',(0.E0,0.E0,1.E0));
#5914=DIRECTION('',(1.E0,0.E0,0.E0));
#5915=AXIS2_PLACEMENT_3D('',#5912,#5913,#5914);
#5916=PLANE('',#5915);
#5918=ORIENTED_EDGE('',*,*,#5917,.T.);
#5920=ORIENTED_EDGE('',*,*,#5919,.T.);
#5922=ORIENTED_EDGE('',*,*,#5921,.T.);
#5924=ORIENTED_EDGE('',*,*,#5923,.T.);
#5925=EDGE_LOOP('',(#5918,#5920,#5922,#5924));
#5926=FACE_OUTER_BOUND('',#5925,.F.);
#5927=ORIENTED_EDGE('',*,*,#5626,.F.);
#5928=ORIENTED_EDGE('',*,*,#5850,.T.);
#5929=ORIENTED_EDGE('',*,*,#5864,.T.);
#5930=ORIENTED_EDGE('',*,*,#5721,.F.);
#5931=EDGE_LOOP('',(#5927,#5928,#5929,#5930));
#5932=FACE_BOUND('',#5931,.F.);
#5933=ADVANCED_FACE('',(#5926,#5932),#5916,.T.);
#5934=CARTESIAN_POINT('',(-5.02E0,1.765E0,0.E0));
#5935=DIRECTION('',(-9.999619230642E-1,0.E0,-8.726535498374E-3));
#5936=DIRECTION('',(0.E0,-1.E0,0.E0));
#5937=AXIS2_PLACEMENT_3D('',#5934,#5935,#5936);
#5938=PLANE('',#5937);
#5939=ORIENTED_EDGE('',*,*,#4852,.F.);
#5941=ORIENTED_EDGE('',*,*,#5940,.T.);
#5942=ORIENTED_EDGE('',*,*,#5917,.F.);
#5944=ORIENTED_EDGE('',*,*,#5943,.F.);
#5945=EDGE_LOOP('',(#5939,#5941,#5942,#5944));
#5946=FACE_OUTER_BOUND('',#5945,.F.);
#5947=ADVANCED_FACE('',(#5946),#5938,.F.);
#5948=CARTESIAN_POINT('',(-1.98E0,1.765E0,0.E0));
#5949=DIRECTION('',(0.E0,9.999619230642E-1,-8.726535498374E-3));
#5950=DIRECTION('',(-1.E0,0.E0,0.E0));
#5951=AXIS2_PLACEMENT_3D('',#5948,#5949,#5950);
#5952=PLANE('',#5951);
#5954=ORIENTED_EDGE('',*,*,#5953,.F.);
#5956=ORIENTED_EDGE('',*,*,#5955,.F.);
#5958=ORIENTED_EDGE('',*,*,#5957,.T.);
#5960=ORIENTED_EDGE('',*,*,#5959,.T.);
#5961=ORIENTED_EDGE('',*,*,#5919,.F.);
#5962=ORIENTED_EDGE('',*,*,#5940,.F.);
#5963=ORIENTED_EDGE('',*,*,#4850,.F.);
#5964=EDGE_LOOP('',(#5954,#5956,#5958,#5960,#5961,#5962,#5963));
#5965=FACE_OUTER_BOUND('',#5964,.F.);
#5966=ADVANCED_FACE('',(#5965),#5952,.F.);
#5967=CARTESIAN_POINT('',(-2.95E0,0.E0,0.E0));
#5968=DIRECTION('',(1.E0,0.E0,0.E0));
#5969=DIRECTION('',(0.E0,0.E0,-1.E0));
#5970=AXIS2_PLACEMENT_3D('',#5967,#5968,#5969);
#5971=PLANE('',#5970);
#5973=ORIENTED_EDGE('',*,*,#5972,.T.);
#5974=ORIENTED_EDGE('',*,*,#5953,.T.);
#5975=ORIENTED_EDGE('',*,*,#4848,.F.);
#5977=ORIENTED_EDGE('',*,*,#5976,.T.);
#5979=ORIENTED_EDGE('',*,*,#5978,.F.);
#5981=ORIENTED_EDGE('',*,*,#5980,.F.);
#5983=ORIENTED_EDGE('',*,*,#5982,.F.);
#5985=ORIENTED_EDGE('',*,*,#5984,.T.);
#5986=EDGE_LOOP('',(#5973,#5974,#5975,#5977,#5979,#5981,#5983,#5985));
#5987=FACE_OUTER_BOUND('',#5986,.F.);
#5988=ADVANCED_FACE('',(#5987),#5971,.T.);
#5989=CARTESIAN_POINT('',(-2.75E0,2.1836776E1,4.4E0));
#5990=DIRECTION('',(0.E0,-1.E0,0.E0));
#5991=DIRECTION('',(-1.E0,0.E0,0.E0));
#5992=AXIS2_PLACEMENT_3D('',#5989,#5990,#5991);
#5993=CYLINDRICAL_SURFACE('',#5992,2.E-1);
#5994=ORIENTED_EDGE('',*,*,#5972,.F.);
#5996=ORIENTED_EDGE('',*,*,#5995,.T.);
#5998=ORIENTED_EDGE('',*,*,#5997,.T.);
#5999=ORIENTED_EDGE('',*,*,#5955,.T.);
#6000=EDGE_LOOP('',(#5994,#5996,#5998,#5999));
#6001=FACE_OUTER_BOUND('',#6000,.F.);
#6002=ADVANCED_FACE('',(#6001),#5993,.F.);
#6003=CARTESIAN_POINT('',(-2.75E0,4.672857404561E0,4.4E0));
#6004=DIRECTION('',(7.071067811865E-1,7.069990853988E-1,-1.234071493983E-2));
#6005=DIRECTION('',(-7.071067811865E-1,7.069990853988E-1,-1.234071493983E-2));
#6006=AXIS2_PLACEMENT_3D('',#6003,#6004,#6005);
#6007=SPHERICAL_SURFACE('',#6006,2.E-1);
#6008=ORIENTED_EDGE('',*,*,#5995,.F.);
#6010=ORIENTED_EDGE('',*,*,#6009,.F.);
#6012=ORIENTED_EDGE('',*,*,#6011,.F.);
#6013=EDGE_LOOP('',(#6008,#6010,#6012));
#6014=FACE_OUTER_BOUND('',#6013,.F.);
#6015=ADVANCED_FACE('',(#6014),#6007,.F.);
#6016=CARTESIAN_POINT('',(-2.75E0,5.134376523399E0,3.084041261007E1));
#6017=DIRECTION('',(0.E0,-1.745240643728E-2,-9.998476951564E-1));
#6018=DIRECTION('',(-1.E0,0.E0,0.E0));
#6019=AXIS2_PLACEMENT_3D('',#6016,#6017,#6018);
#6020=CYLINDRICAL_SURFACE('',#6019,2.E-1);
#6022=ORIENTED_EDGE('',*,*,#6021,.T.);
#6023=ORIENTED_EDGE('',*,*,#6009,.T.);
#6024=ORIENTED_EDGE('',*,*,#5984,.F.);
#6026=ORIENTED_EDGE('',*,*,#6025,.T.);
#6027=EDGE_LOOP('',(#6022,#6023,#6024,#6026));
#6028=FACE_OUTER_BOUND('',#6027,.F.);
#6029=ADVANCED_FACE('',(#6028),#6020,.F.);
#6030=CARTESIAN_POINT('',(-2.95E0,4.869396857184E0,4.2E0));
#6031=DIRECTION('',(0.E0,9.998476951564E-1,-1.745240643728E-2));
#6032=DIRECTION('',(0.E0,1.745240643728E-2,9.998476951564E-1));
#6033=AXIS2_PLACEMENT_3D('',#6030,#6031,#6032);
#6034=PLANE('',#6033);
#6036=ORIENTED_EDGE('',*,*,#6035,.T.);
#6037=ORIENTED_EDGE('',*,*,#6021,.F.);
#6039=ORIENTED_EDGE('',*,*,#6038,.T.);
#6041=ORIENTED_EDGE('',*,*,#6040,.F.);
#6043=ORIENTED_EDGE('',*,*,#6042,.T.);
#6045=ORIENTED_EDGE('',*,*,#6044,.T.);
#6047=ORIENTED_EDGE('',*,*,#6046,.F.);
#6049=ORIENTED_EDGE('',*,*,#6048,.F.);
#6050=EDGE_LOOP('',(#6036,#6037,#6039,#6041,#6043,#6045,#6047,#6049));
#6051=FACE_OUTER_BOUND('',#6050,.F.);
#6052=ADVANCED_FACE('',(#6051),#6034,.F.);
#6053=CARTESIAN_POINT('',(3.751488E1,4.672857404561E0,4.4E0));
#6054=DIRECTION('',(-1.E0,0.E0,0.E0));
#6055=DIRECTION('',(0.E0,9.998476951564E-1,-1.745240643729E-2));
#6056=AXIS2_PLACEMENT_3D('',#6053,#6054,#6055);
#6057=CYLINDRICAL_SURFACE('',#6056,2.E-1);
#6059=ORIENTED_EDGE('',*,*,#6058,.T.);
#6060=ORIENTED_EDGE('',*,*,#6011,.T.);
#6061=ORIENTED_EDGE('',*,*,#6035,.F.);
#6063=ORIENTED_EDGE('',*,*,#6062,.T.);
#6064=EDGE_LOOP('',(#6059,#6060,#6061,#6063));
#6065=FACE_OUTER_BOUND('',#6064,.F.);
#6066=ADVANCED_FACE('',(#6065),#6057,.F.);
#6067=CARTESIAN_POINT('',(-2.95E0,1.729396857184E0,4.2E0));
#6068=DIRECTION('',(0.E0,0.E0,-1.E0));
#6069=DIRECTION('',(0.E0,1.E0,0.E0));
#6070=AXIS2_PLACEMENT_3D('',#6067,#6068,#6069);
#6071=PLANE('',#6070);
#6073=ORIENTED_EDGE('',*,*,#6072,.F.);
#6075=ORIENTED_EDGE('',*,*,#6074,.F.);
#6077=ORIENTED_EDGE('',*,*,#6076,.F.);
#6079=ORIENTED_EDGE('',*,*,#6078,.F.);
#6081=ORIENTED_EDGE('',*,*,#6080,.T.);
#6083=ORIENTED_EDGE('',*,*,#6082,.F.);
#6085=ORIENTED_EDGE('',*,*,#6084,.F.);
#6087=ORIENTED_EDGE('',*,*,#6086,.T.);
#6089=ORIENTED_EDGE('',*,*,#6088,.T.);
#6091=ORIENTED_EDGE('',*,*,#6090,.F.);
#6093=ORIENTED_EDGE('',*,*,#6092,.F.);
#6095=ORIENTED_EDGE('',*,*,#6094,.T.);
#6096=ORIENTED_EDGE('',*,*,#5957,.F.);
#6097=ORIENTED_EDGE('',*,*,#5997,.F.);
#6098=ORIENTED_EDGE('',*,*,#6058,.F.);
#6100=ORIENTED_EDGE('',*,*,#6099,.F.);
#6101=EDGE_LOOP('',(#6073,#6075,#6077,#6079,#6081,#6083,#6085,#6087,#6089,#6091,
#6093,#6095,#6096,#6097,#6098,#6100));
#6102=FACE_OUTER_BOUND('',#6101,.F.);
#6103=ADVANCED_FACE('',(#6102),#6071,.F.);
#6104=CARTESIAN_POINT('',(-3.9E0,4.475E0,0.E0));
#6105=DIRECTION('',(0.E0,1.E0,0.E0));
#6106=DIRECTION('',(-1.E0,0.E0,0.E0));
#6107=AXIS2_PLACEMENT_3D('',#6104,#6105,#6106);
#6108=PLANE('',#6107);
#6110=ORIENTED_EDGE('',*,*,#6109,.T.);
#6111=ORIENTED_EDGE('',*,*,#6072,.T.);
#6113=ORIENTED_EDGE('',*,*,#6112,.T.);
#6115=ORIENTED_EDGE('',*,*,#6114,.F.);
#6116=EDGE_LOOP('',(#6110,#6111,#6113,#6115));
#6117=FACE_OUTER_BOUND('',#6116,.F.);
#6118=ADVANCED_FACE('',(#6117),#6108,.T.);
#6119=CARTESIAN_POINT('',(9.55E-1,4.675E0,-2.613545143338E1));
#6120=DIRECTION('',(0.E0,0.E0,1.E0));
#6121=DIRECTION('',(0.E0,-1.E0,0.E0));
#6122=AXIS2_PLACEMENT_3D('',#6119,#6120,#6121);
#6123=CYLINDRICAL_SURFACE('',#6122,2.E-1);
#6124=ORIENTED_EDGE('',*,*,#6109,.F.);
#6126=ORIENTED_EDGE('',*,*,#6125,.T.);
#6128=ORIENTED_EDGE('',*,*,#6127,.T.);
#6129=ORIENTED_EDGE('',*,*,#6074,.T.);
#6130=EDGE_LOOP('',(#6124,#6126,#6128,#6129));
#6131=FACE_OUTER_BOUND('',#6130,.F.);
#6132=ADVANCED_FACE('',(#6131),#6123,.F.);
#6133=CARTESIAN_POINT('',(-3.9E0,2.45E-1,2.85E0));
#6134=DIRECTION('',(0.E0,0.E0,-1.E0));
#6135=DIRECTION('',(0.E0,1.E0,0.E0));
#6136=AXIS2_PLACEMENT_3D('',#6133,#6134,#6135);
#6137=PLANE('',#6136);
#6139=ORIENTED_EDGE('',*,*,#6138,.F.);
#6141=ORIENTED_EDGE('',*,*,#6140,.F.);
#6143=ORIENTED_EDGE('',*,*,#6142,.T.);
#6145=ORIENTED_EDGE('',*,*,#6144,.T.);
#6147=ORIENTED_EDGE('',*,*,#6146,.F.);
#6149=ORIENTED_EDGE('',*,*,#6148,.F.);
#6151=ORIENTED_EDGE('',*,*,#6150,.T.);
#6152=ORIENTED_EDGE('',*,*,#6125,.F.);
#6153=ORIENTED_EDGE('',*,*,#6114,.T.);
#6155=ORIENTED_EDGE('',*,*,#6154,.F.);
#6157=ORIENTED_EDGE('',*,*,#6156,.F.);
#6159=ORIENTED_EDGE('',*,*,#6158,.F.);
#6160=EDGE_LOOP('',(#6139,#6141,#6143,#6145,#6147,#6149,#6151,#6152,#6153,#6155,
#6157,#6159));
#6161=FACE_OUTER_BOUND('',#6160,.F.);
#6162=ADVANCED_FACE('',(#6161),#6137,.T.);
#6163=CARTESIAN_POINT('',(-3.15E0,5.235E0,3.084041261007E1));
#6164=DIRECTION('',(0.E0,0.E0,-1.E0));
#6165=DIRECTION('',(-1.E0,0.E0,0.E0));
#6166=AXIS2_PLACEMENT_3D('',#6163,#6164,#6165);
#6167=CYLINDRICAL_SURFACE('',#6166,7.5E-1);
#6168=ORIENTED_EDGE('',*,*,#6138,.T.);
#6170=ORIENTED_EDGE('',*,*,#6169,.F.);
#6172=ORIENTED_EDGE('',*,*,#6171,.T.);
#6174=ORIENTED_EDGE('',*,*,#6173,.T.);
#6175=EDGE_LOOP('',(#6168,#6170,#6172,#6174));
#6176=FACE_OUTER_BOUND('',#6175,.F.);
#6177=ADVANCED_FACE('',(#6176),#6167,.T.);
#6178=CARTESIAN_POINT('',(-3.9E0,5.985E0,2.85E0));
#6179=DIRECTION('',(0.E0,1.E0,0.E0));
#6180=DIRECTION('',(0.E0,0.E0,1.E0));
#6181=AXIS2_PLACEMENT_3D('',#6178,#6179,#6180);
#6182=PLANE('',#6181);
#6183=ORIENTED_EDGE('',*,*,#6169,.T.);
#6184=ORIENTED_EDGE('',*,*,#6158,.T.);
#6186=ORIENTED_EDGE('',*,*,#6185,.T.);
#6188=ORIENTED_EDGE('',*,*,#6187,.T.);
#6190=ORIENTED_EDGE('',*,*,#6189,.F.);
#6191=ORIENTED_EDGE('',*,*,#6148,.T.);
#6193=ORIENTED_EDGE('',*,*,#6192,.T.);
#6195=ORIENTED_EDGE('',*,*,#6194,.F.);
#6196=EDGE_LOOP('',(#6183,#6184,#6186,#6188,#6190,#6191,#6193,#6195));
#6197=FACE_OUTER_BOUND('',#6196,.F.);
#6198=ADVANCED_FACE('',(#6197),#6182,.T.);
#6199=CARTESIAN_POINT('',(-1.155E0,5.985E0,2.85E0));
#6200=DIRECTION('',(-1.E0,0.E0,0.E0));
#6201=DIRECTION('',(0.E0,0.E0,1.E0));
#6202=AXIS2_PLACEMENT_3D('',#6199,#6200,#6201);
#6203=PLANE('',#6202);
#6205=ORIENTED_EDGE('',*,*,#6204,.F.);
#6206=ORIENTED_EDGE('',*,*,#6062,.F.);
#6207=ORIENTED_EDGE('',*,*,#6048,.T.);
#6209=ORIENTED_EDGE('',*,*,#6208,.F.);
#6210=ORIENTED_EDGE('',*,*,#6185,.F.);
#6211=ORIENTED_EDGE('',*,*,#6156,.T.);
#6212=EDGE_LOOP('',(#6205,#6206,#6207,#6209,#6210,#6211));
#6213=FACE_OUTER_BOUND('',#6212,.F.);
#6214=ADVANCED_FACE('',(#6213),#6203,.F.);
#6215=CARTESIAN_POINT('',(-9.55E-1,4.675E0,3.084041261007E1));
#6216=DIRECTION('',(0.E0,0.E0,-1.E0));
#6217=DIRECTION('',(0.E0,-1.E0,0.E0));
#6218=AXIS2_PLACEMENT_3D('',#6215,#6216,#6217);
#6219=CYLINDRICAL_SURFACE('',#6218,2.E-1);
#6220=ORIENTED_EDGE('',*,*,#6112,.F.);
#6221=ORIENTED_EDGE('',*,*,#6099,.T.);
#6222=ORIENTED_EDGE('',*,*,#6204,.T.);
#6223=ORIENTED_EDGE('',*,*,#6154,.T.);
#6224=EDGE_LOOP('',(#6220,#6221,#6222,#6223));
#6225=FACE_OUTER_BOUND('',#6224,.F.);
#6226=ADVANCED_FACE('',(#6225),#6219,.F.);
#6227=CARTESIAN_POINT('',(-1.155E0,5.985E0,9.1E0));
#6228=DIRECTION('',(0.E0,0.E0,1.E0));
#6229=DIRECTION('',(1.E0,0.E0,0.E0));
#6230=AXIS2_PLACEMENT_3D('',#6227,#6228,#6229);
#6231=PLANE('',#6230);
#6232=ORIENTED_EDGE('',*,*,#6187,.F.);
#6233=ORIENTED_EDGE('',*,*,#6208,.T.);
#6234=ORIENTED_EDGE('',*,*,#6046,.T.);
#6236=ORIENTED_EDGE('',*,*,#6235,.F.);
#6237=EDGE_LOOP('',(#6232,#6233,#6234,#6236));
#6238=FACE_OUTER_BOUND('',#6237,.F.);
#6239=ADVANCED_FACE('',(#6238),#6231,.F.);
#6240=CARTESIAN_POINT('',(1.155E0,5.985E0,9.1E0));
#6241=DIRECTION('',(1.E0,0.E0,0.E0));
#6242=DIRECTION('',(0.E0,0.E0,-1.E0));
#6243=AXIS2_PLACEMENT_3D('',#6240,#6241,#6242);
#6244=PLANE('',#6243);
#6245=ORIENTED_EDGE('',*,*,#6044,.F.);
#6247=ORIENTED_EDGE('',*,*,#6246,.F.);
#6248=ORIENTED_EDGE('',*,*,#6127,.F.);
#6249=ORIENTED_EDGE('',*,*,#6150,.F.);
#6250=ORIENTED_EDGE('',*,*,#6189,.T.);
#6251=ORIENTED_EDGE('',*,*,#6235,.T.);
#6252=EDGE_LOOP('',(#6245,#6247,#6248,#6249,#6250,#6251));
#6253=FACE_OUTER_BOUND('',#6252,.F.);
#6254=ADVANCED_FACE('',(#6253),#6244,.F.);
#6255=CARTESIAN_POINT('',(3.751488E1,4.672857404561E0,4.4E0));
#6256=DIRECTION('',(-1.E0,0.E0,0.E0));
#6257=DIRECTION('',(0.E0,9.998476951564E-1,-1.745240643729E-2));
#6258=AXIS2_PLACEMENT_3D('',#6255,#6256,#6257);
#6259=CYLINDRICAL_SURFACE('',#6258,2.E-1);
#6260=ORIENTED_EDGE('',*,*,#6042,.F.);
#6262=ORIENTED_EDGE('',*,*,#6261,.T.);
#6263=ORIENTED_EDGE('',*,*,#6076,.T.);
#6264=ORIENTED_EDGE('',*,*,#6246,.T.);
#6265=EDGE_LOOP('',(#6260,#6262,#6263,#6264));
#6266=FACE_OUTER_BOUND('',#6265,.F.);
#6267=ADVANCED_FACE('',(#6266),#6259,.F.);
#6268=CARTESIAN_POINT('',(2.75E0,4.672857404561E0,4.4E0));
#6269=DIRECTION('',(0.E0,7.132504491542E-1,7.009092642999E-1));
#6270=DIRECTION('',(0.E0,7.009092642999E-1,-7.132504491542E-1));
#6271=AXIS2_PLACEMENT_3D('',#6268,#6269,#6270);
#6272=SPHERICAL_SURFACE('',#6271,2.E-1);
#6273=ORIENTED_EDGE('',*,*,#6261,.F.);
#6275=ORIENTED_EDGE('',*,*,#6274,.F.);
#6277=ORIENTED_EDGE('',*,*,#6276,.F.);
#6278=EDGE_LOOP('',(#6273,#6275,#6277));
#6279=FACE_OUTER_BOUND('',#6278,.F.);
#6280=ADVANCED_FACE('',(#6279),#6272,.F.);
#6281=CARTESIAN_POINT('',(2.75E0,4.139859117179E0,-2.613545143338E1));
#6282=DIRECTION('',(0.E0,1.745240643728E-2,9.998476951564E-1));
#6283=DIRECTION('',(1.E0,0.E0,0.E0));
#6284=AXIS2_PLACEMENT_3D('',#6281,#6282,#6283);
#6285=CYLINDRICAL_SURFACE('',#6284,2.E-1);
#6287=ORIENTED_EDGE('',*,*,#6286,.F.);
#6288=ORIENTED_EDGE('',*,*,#6274,.T.);
#6289=ORIENTED_EDGE('',*,*,#6040,.T.);
#6291=ORIENTED_EDGE('',*,*,#6290,.T.);
#6292=EDGE_LOOP('',(#6287,#6288,#6289,#6291));
#6293=FACE_OUTER_BOUND('',#6292,.F.);
#6294=ADVANCED_FACE('',(#6293),#6285,.F.);
#6295=CARTESIAN_POINT('',(2.95E0,0.E0,0.E0));
#6296=DIRECTION('',(1.E0,0.E0,0.E0));
#6297=DIRECTION('',(0.E0,0.E0,-1.E0));
#6298=AXIS2_PLACEMENT_3D('',#6295,#6296,#6297);
#6299=PLANE('',#6298);
#6300=ORIENTED_EDGE('',*,*,#6286,.T.);
#6302=ORIENTED_EDGE('',*,*,#6301,.T.);
#6304=ORIENTED_EDGE('',*,*,#6303,.T.);
#6306=ORIENTED_EDGE('',*,*,#6305,.T.);
#6308=ORIENTED_EDGE('',*,*,#6307,.F.);
#6309=ORIENTED_EDGE('',*,*,#4876,.T.);
#6311=ORIENTED_EDGE('',*,*,#6310,.F.);
#6313=ORIENTED_EDGE('',*,*,#6312,.T.);
#6314=EDGE_LOOP('',(#6300,#6302,#6304,#6306,#6308,#6309,#6311,#6313));
#6315=FACE_OUTER_BOUND('',#6314,.F.);
#6316=ADVANCED_FACE('',(#6315),#6299,.F.);
#6317=CARTESIAN_POINT('',(-3.9E0,4.975E0,1.025E1));
#6318=DIRECTION('',(0.E0,-4.226182617407E-1,9.063077870367E-1));
#6319=DIRECTION('',(0.E0,-9.063077870367E-1,-4.226182617407E-1));
#6320=AXIS2_PLACEMENT_3D('',#6317,#6318,#6319);
#6321=PLANE('',#6320);
#6323=ORIENTED_EDGE('',*,*,#6322,.T.);
#6324=ORIENTED_EDGE('',*,*,#6025,.F.);
#6325=ORIENTED_EDGE('',*,*,#5982,.T.);
#6327=ORIENTED_EDGE('',*,*,#6326,.F.);
#6329=ORIENTED_EDGE('',*,*,#6328,.F.);
#6330=EDGE_LOOP('',(#6323,#6324,#6325,#6327,#6329));
#6331=FACE_OUTER_BOUND('',#6330,.F.);
#6332=ADVANCED_FACE('',(#6331),#6321,.T.);
#6333=CARTESIAN_POINT('',(-3.9E0,4.975E0,1.025E1));
#6334=DIRECTION('',(0.E0,-4.226182617407E-1,9.063077870367E-1));
#6335=DIRECTION('',(0.E0,-9.063077870367E-1,-4.226182617407E-1));
#6336=AXIS2_PLACEMENT_3D('',#6333,#6334,#6335);
#6337=PLANE('',#6336);
#6338=ORIENTED_EDGE('',*,*,#6301,.F.);
#6339=ORIENTED_EDGE('',*,*,#6290,.F.);
#6341=ORIENTED_EDGE('',*,*,#6340,.T.);
#6343=ORIENTED_EDGE('',*,*,#6342,.T.);
#6345=ORIENTED_EDGE('',*,*,#6344,.F.);
#6346=EDGE_LOOP('',(#6338,#6339,#6341,#6343,#6345));
#6347=FACE_OUTER_BOUND('',#6346,.F.);
#6348=ADVANCED_FACE('',(#6347),#6337,.T.);
#6349=CARTESIAN_POINT('',(-3.9E0,5.985E0,1.025E1));
#6350=DIRECTION('',(0.E0,0.E0,1.E0));
#6351=DIRECTION('',(0.E0,-1.E0,0.E0));
#6352=AXIS2_PLACEMENT_3D('',#6349,#6350,#6351);
#6353=PLANE('',#6352);
#6354=ORIENTED_EDGE('',*,*,#6171,.F.);
#6355=ORIENTED_EDGE('',*,*,#6194,.T.);
#6357=ORIENTED_EDGE('',*,*,#6356,.F.);
#6359=ORIENTED_EDGE('',*,*,#6358,.T.);
#6360=ORIENTED_EDGE('',*,*,#6340,.F.);
#6361=ORIENTED_EDGE('',*,*,#6038,.F.);
#6362=ORIENTED_EDGE('',*,*,#6322,.F.);
#6364=ORIENTED_EDGE('',*,*,#6363,.F.);
#6365=EDGE_LOOP('',(#6354,#6355,#6357,#6359,#6360,#6361,#6362,#6364));
#6366=FACE_OUTER_BOUND('',#6365,.F.);
#6367=ADVANCED_FACE('',(#6366),#6353,.T.);
#6368=CARTESIAN_POINT('',(3.15E0,5.235E0,-2.613545143338E1));
#6369=DIRECTION('',(0.E0,0.E0,1.E0));
#6370=DIRECTION('',(1.E0,0.E0,0.E0));
#6371=AXIS2_PLACEMENT_3D('',#6368,#6369,#6370);
#6372=CYLINDRICAL_SURFACE('',#6371,7.5E-1);
#6373=ORIENTED_EDGE('',*,*,#6356,.T.);
#6374=ORIENTED_EDGE('',*,*,#6192,.F.);
#6375=ORIENTED_EDGE('',*,*,#6146,.T.);
#6377=ORIENTED_EDGE('',*,*,#6376,.T.);
#6378=EDGE_LOOP('',(#6373,#6374,#6375,#6377));
#6379=FACE_OUTER_BOUND('',#6378,.F.);
#6380=ADVANCED_FACE('',(#6379),#6372,.T.);
#6381=CARTESIAN_POINT('',(3.9E0,0.E0,0.E0));
#6382=DIRECTION('',(1.E0,0.E0,0.E0));
#6383=DIRECTION('',(0.E0,0.E0,-1.E0));
#6384=AXIS2_PLACEMENT_3D('',#6381,#6382,#6383);
#6385=PLANE('',#6384);
#6386=ORIENTED_EDGE('',*,*,#6376,.F.);
#6387=ORIENTED_EDGE('',*,*,#6144,.F.);
#6389=ORIENTED_EDGE('',*,*,#6388,.F.);
#6390=ORIENTED_EDGE('',*,*,#4880,.F.);
#6392=ORIENTED_EDGE('',*,*,#6391,.F.);
#6394=ORIENTED_EDGE('',*,*,#6393,.F.);
#6396=ORIENTED_EDGE('',*,*,#6395,.F.);
#6397=ORIENTED_EDGE('',*,*,#6342,.F.);
#6398=ORIENTED_EDGE('',*,*,#6358,.F.);
#6399=EDGE_LOOP('',(#6386,#6387,#6389,#6390,#6392,#6394,#6396,#6397,#6398));
#6400=FACE_OUTER_BOUND('',#6399,.F.);
#6401=ADVANCED_FACE('',(#6400),#6385,.T.);
#6402=CARTESIAN_POINT('',(0.E0,2.675E0,0.E0));
#6403=DIRECTION('',(0.E0,1.E0,0.E0));
#6404=DIRECTION('',(1.E0,0.E0,0.E0));
#6405=AXIS2_PLACEMENT_3D('',#6402,#6403,#6404);
#6406=PLANE('',#6405);
#6408=ORIENTED_EDGE('',*,*,#6407,.F.);
#6409=ORIENTED_EDGE('',*,*,#5140,.F.);
#6411=ORIENTED_EDGE('',*,*,#6410,.F.);
#6412=ORIENTED_EDGE('',*,*,#4882,.F.);
#6413=ORIENTED_EDGE('',*,*,#6388,.T.);
#6414=ORIENTED_EDGE('',*,*,#6142,.F.);
#6416=ORIENTED_EDGE('',*,*,#6415,.F.);
#6417=ORIENTED_EDGE('',*,*,#4842,.F.);
#6419=ORIENTED_EDGE('',*,*,#6418,.T.);
#6421=ORIENTED_EDGE('',*,*,#6420,.T.);
#6423=ORIENTED_EDGE('',*,*,#6422,.F.);
#6424=ORIENTED_EDGE('',*,*,#4834,.F.);
#6425=EDGE_LOOP('',(#6408,#6409,#6411,#6412,#6413,#6414,#6416,#6417,#6419,#6421,
#6423,#6424));
#6426=FACE_OUTER_BOUND('',#6425,.F.);
#6427=ADVANCED_FACE('',(#6426),#6406,.T.);
#6428=CARTESIAN_POINT('',(-1.02E1,2.475E0,-2.613545143338E1));
#6429=DIRECTION('',(0.E0,0.E0,1.E0));
#6430=DIRECTION('',(0.E0,1.E0,0.E0));
#6431=AXIS2_PLACEMENT_3D('',#6428,#6429,#6430);
#6432=CYLINDRICAL_SURFACE('',#6431,2.E-1);
#6433=ORIENTED_EDGE('',*,*,#4832,.T.);
#6435=ORIENTED_EDGE('',*,*,#6434,.F.);
#6436=ORIENTED_EDGE('',*,*,#5126,.T.);
#6437=ORIENTED_EDGE('',*,*,#6407,.T.);
#6438=EDGE_LOOP('',(#6433,#6435,#6436,#6437));
#6439=FACE_OUTER_BOUND('',#6438,.F.);
#6440=ADVANCED_FACE('',(#6439),#6432,.T.);
#6441=CARTESIAN_POINT('',(-1.04E1,-2.675E0,-3.1E0));
#6442=DIRECTION('',(-1.E0,0.E0,0.E0));
#6443=DIRECTION('',(0.E0,0.E0,1.E0));
#6444=AXIS2_PLACEMENT_3D('',#6441,#6442,#6443);
#6445=PLANE('',#6444);
#6447=ORIENTED_EDGE('',*,*,#6446,.T.);
#6449=ORIENTED_EDGE('',*,*,#6448,.F.);
#6450=ORIENTED_EDGE('',*,*,#4895,.F.);
#6451=ORIENTED_EDGE('',*,*,#4364,.F.);
#6452=EDGE_LOOP('',(#6447,#6449,#6450,#6451));
#6453=FACE_OUTER_BOUND('',#6452,.F.);
#6454=ADVANCED_FACE('',(#6453),#6445,.T.);
#6455=CARTESIAN_POINT('',(-1.04E1,-2.675E0,-3.1E0));
#6456=DIRECTION('',(-1.E0,0.E0,0.E0));
#6457=DIRECTION('',(0.E0,0.E0,1.E0));
#6458=AXIS2_PLACEMENT_3D('',#6455,#6456,#6457);
#6459=PLANE('',#6458);
#6460=ORIENTED_EDGE('',*,*,#6434,.T.);
#6461=ORIENTED_EDGE('',*,*,#4903,.F.);
#6463=ORIENTED_EDGE('',*,*,#6462,.T.);
#6465=ORIENTED_EDGE('',*,*,#6464,.T.);
#6467=ORIENTED_EDGE('',*,*,#6466,.T.);
#6468=ORIENTED_EDGE('',*,*,#5128,.T.);
#6469=EDGE_LOOP('',(#6460,#6461,#6463,#6465,#6467,#6468));
#6470=FACE_OUTER_BOUND('',#6469,.F.);
#6471=ADVANCED_FACE('',(#6470),#6459,.T.);
#6472=CARTESIAN_POINT('',(-1.04E1,-2.675E0,1.63E0));
#6473=DIRECTION('',(0.E0,0.E0,1.E0));
#6474=DIRECTION('',(0.E0,1.E0,0.E0));
#6475=AXIS2_PLACEMENT_3D('',#6472,#6473,#6474);
#6476=PLANE('',#6475);
#6478=ORIENTED_EDGE('',*,*,#6477,.T.);
#6480=ORIENTED_EDGE('',*,*,#6479,.F.);
#6481=ORIENTED_EDGE('',*,*,#6446,.F.);
#6482=ORIENTED_EDGE('',*,*,#4362,.T.);
#6484=ORIENTED_EDGE('',*,*,#6483,.T.);
#6486=ORIENTED_EDGE('',*,*,#6485,.F.);
#6488=ORIENTED_EDGE('',*,*,#6487,.T.);
#6490=ORIENTED_EDGE('',*,*,#6489,.T.);
#6491=EDGE_LOOP('',(#6478,#6480,#6481,#6482,#6484,#6486,#6488,#6490));
#6492=FACE_OUTER_BOUND('',#6491,.F.);
#6493=ADVANCED_FACE('',(#6492),#6476,.F.);
#6494=CARTESIAN_POINT('',(-1.04E1,-2.675E0,1.63E0));
#6495=DIRECTION('',(0.E0,0.E0,1.E0));
#6496=DIRECTION('',(0.E0,1.E0,0.E0));
#6497=AXIS2_PLACEMENT_3D('',#6494,#6495,#6496);
#6498=PLANE('',#6497);
#6500=ORIENTED_EDGE('',*,*,#6499,.T.);
#6502=ORIENTED_EDGE('',*,*,#6501,.F.);
#6503=ORIENTED_EDGE('',*,*,#6464,.F.);
#6505=ORIENTED_EDGE('',*,*,#6504,.F.);
#6506=EDGE_LOOP('',(#6500,#6502,#6503,#6505));
#6507=FACE_OUTER_BOUND('',#6506,.F.);
#6508=ADVANCED_FACE('',(#6507),#6498,.F.);
#6509=CARTESIAN_POINT('',(-9.75E0,0.E0,0.E0));
#6510=DIRECTION('',(-1.E0,0.E0,0.E0));
#6511=DIRECTION('',(0.E0,0.E0,1.E0));
#6512=AXIS2_PLACEMENT_3D('',#6509,#6510,#6511);
#6513=PLANE('',#6512);
#6514=ORIENTED_EDGE('',*,*,#4398,.T.);
#6516=ORIENTED_EDGE('',*,*,#6515,.F.);
#6518=ORIENTED_EDGE('',*,*,#6517,.F.);
#6520=ORIENTED_EDGE('',*,*,#6519,.F.);
#6522=ORIENTED_EDGE('',*,*,#6521,.F.);
#6524=ORIENTED_EDGE('',*,*,#6523,.F.);
#6525=EDGE_LOOP('',(#6514,#6516,#6518,#6520,#6522,#6524));
#6526=FACE_OUTER_BOUND('',#6525,.F.);
#6527=ADVANCED_FACE('',(#6526),#6513,.T.);
#6528=CARTESIAN_POINT('',(-9.75E0,0.E0,0.E0));
#6529=DIRECTION('',(-1.E0,0.E0,0.E0));
#6530=DIRECTION('',(0.E0,0.E0,1.E0));
#6531=AXIS2_PLACEMENT_3D('',#6528,#6529,#6530);
#6532=PLANE('',#6531);
#6534=ORIENTED_EDGE('',*,*,#6533,.F.);
#6535=ORIENTED_EDGE('',*,*,#6477,.F.);
#6537=ORIENTED_EDGE('',*,*,#6536,.F.);
#6539=ORIENTED_EDGE('',*,*,#6538,.F.);
#6541=ORIENTED_EDGE('',*,*,#6540,.F.);
#6543=ORIENTED_EDGE('',*,*,#6542,.F.);
#6545=ORIENTED_EDGE('',*,*,#6544,.F.);
#6547=ORIENTED_EDGE('',*,*,#6546,.F.);
#6549=ORIENTED_EDGE('',*,*,#6548,.F.);
#6550=ORIENTED_EDGE('',*,*,#6499,.F.);
#6552=ORIENTED_EDGE('',*,*,#6551,.T.);
#6554=ORIENTED_EDGE('',*,*,#6553,.F.);
#6556=ORIENTED_EDGE('',*,*,#6555,.F.);
#6558=ORIENTED_EDGE('',*,*,#6557,.F.);
#6560=ORIENTED_EDGE('',*,*,#6559,.F.);
#6562=ORIENTED_EDGE('',*,*,#6561,.F.);
#6563=EDGE_LOOP('',(#6534,#6535,#6537,#6539,#6541,#6543,#6545,#6547,#6549,#6550,
#6552,#6554,#6556,#6558,#6560,#6562));
#6564=FACE_OUTER_BOUND('',#6563,.F.);
#6565=ADVANCED_FACE('',(#6564),#6532,.T.);
#6566=CARTESIAN_POINT('',(-9.25E0,-4.9E0,3.605E0));
#6567=DIRECTION('',(0.E0,0.E0,1.E0));
#6568=DIRECTION('',(0.E0,1.E0,0.E0));
#6569=AXIS2_PLACEMENT_3D('',#6566,#6567,#6568);
#6570=PLANE('',#6569);
#6571=ORIENTED_EDGE('',*,*,#4396,.F.);
#6573=ORIENTED_EDGE('',*,*,#6572,.F.);
#6575=ORIENTED_EDGE('',*,*,#6574,.T.);
#6576=ORIENTED_EDGE('',*,*,#6515,.T.);
#6577=EDGE_LOOP('',(#6571,#6573,#6575,#6576));
#6578=FACE_OUTER_BOUND('',#6577,.F.);
#6579=ADVANCED_FACE('',(#6578),#6570,.T.);
#6580=CARTESIAN_POINT('',(-9.25E0,0.E0,0.E0));
#6581=DIRECTION('',(-1.E0,0.E0,0.E0));
#6582=DIRECTION('',(0.E0,0.E0,1.E0));
#6583=AXIS2_PLACEMENT_3D('',#6580,#6581,#6582);
#6584=PLANE('',#6583);
#6585=ORIENTED_EDGE('',*,*,#4394,.F.);
#6587=ORIENTED_EDGE('',*,*,#6586,.T.);
#6589=ORIENTED_EDGE('',*,*,#6588,.T.);
#6591=ORIENTED_EDGE('',*,*,#6590,.T.);
#6593=ORIENTED_EDGE('',*,*,#6592,.T.);
#6594=ORIENTED_EDGE('',*,*,#6572,.T.);
#6595=EDGE_LOOP('',(#6585,#6587,#6589,#6591,#6593,#6594));
#6596=FACE_OUTER_BOUND('',#6595,.F.);
#6597=ADVANCED_FACE('',(#6596),#6584,.F.);
#6598=CARTESIAN_POINT('',(-9.25E0,0.E0,0.E0));
#6599=DIRECTION('',(-1.E0,0.E0,0.E0));
#6600=DIRECTION('',(0.E0,0.E0,1.E0));
#6601=AXIS2_PLACEMENT_3D('',#6598,#6599,#6600);
#6602=PLANE('',#6601);
#6603=ORIENTED_EDGE('',*,*,#6487,.F.);
#6605=ORIENTED_EDGE('',*,*,#6604,.T.);
#6607=ORIENTED_EDGE('',*,*,#6606,.T.);
#6609=ORIENTED_EDGE('',*,*,#6608,.T.);
#6611=ORIENTED_EDGE('',*,*,#6610,.T.);
#6613=ORIENTED_EDGE('',*,*,#6612,.T.);
#6615=ORIENTED_EDGE('',*,*,#6614,.T.);
#6617=ORIENTED_EDGE('',*,*,#6616,.T.);
#6618=EDGE_LOOP('',(#6603,#6605,#6607,#6609,#6611,#6613,#6615,#6617));
#6619=FACE_OUTER_BOUND('',#6618,.F.);
#6620=ADVANCED_FACE('',(#6619),#6602,.F.);
#6621=CARTESIAN_POINT('',(-9.25E0,-2.5E0,2.105E0));
#6622=DIRECTION('',(0.E0,0.E0,-1.E0));
#6623=DIRECTION('',(0.E0,-1.E0,0.E0));
#6624=AXIS2_PLACEMENT_3D('',#6621,#6622,#6623);
#6625=PLANE('',#6624);
#6626=ORIENTED_EDGE('',*,*,#4400,.T.);
#6627=ORIENTED_EDGE('',*,*,#6523,.T.);
#6629=ORIENTED_EDGE('',*,*,#6628,.F.);
#6630=ORIENTED_EDGE('',*,*,#6586,.F.);
#6631=EDGE_LOOP('',(#6626,#6627,#6629,#6630));
#6632=FACE_OUTER_BOUND('',#6631,.F.);
#6633=ADVANCED_FACE('',(#6632),#6625,.T.);
#6634=CARTESIAN_POINT('',(-9.25E0,-4.9E0,2.105E0));
#6635=DIRECTION('',(0.E0,-1.961161351382E-1,-9.805806756909E-1));
#6636=DIRECTION('',(0.E0,-9.805806756909E-1,1.961161351382E-1));
#6637=AXIS2_PLACEMENT_3D('',#6634,#6635,#6636);
#6638=PLANE('',#6637);
#6639=ORIENTED_EDGE('',*,*,#6588,.F.);
#6640=ORIENTED_EDGE('',*,*,#6628,.T.);
#6641=ORIENTED_EDGE('',*,*,#6521,.T.);
#6643=ORIENTED_EDGE('',*,*,#6642,.F.);
#6644=EDGE_LOOP('',(#6639,#6640,#6641,#6643));
#6645=FACE_OUTER_BOUND('',#6644,.F.);
#6646=ADVANCED_FACE('',(#6645),#6638,.T.);
#6647=CARTESIAN_POINT('',(-9.25E0,-5.9E0,2.305E0));
#6648=DIRECTION('',(0.E0,-1.E0,0.E0));
#6649=DIRECTION('',(0.E0,0.E0,1.E0));
#6650=AXIS2_PLACEMENT_3D('',#6647,#6648,#6649);
#6651=PLANE('',#6650);
#6652=ORIENTED_EDGE('',*,*,#6590,.F.);
#6653=ORIENTED_EDGE('',*,*,#6642,.T.);
#6654=ORIENTED_EDGE('',*,*,#6519,.T.);
#6656=ORIENTED_EDGE('',*,*,#6655,.F.);
#6657=EDGE_LOOP('',(#6652,#6653,#6654,#6656));
#6658=FACE_OUTER_BOUND('',#6657,.F.);
#6659=ADVANCED_FACE('',(#6658),#6651,.T.);
#6660=CARTESIAN_POINT('',(-9.25E0,-5.9E0,3.405E0));
#6661=DIRECTION('',(0.E0,-1.961161351382E-1,9.805806756909E-1));
#6662=DIRECTION('',(0.E0,9.805806756909E-1,1.961161351382E-1));
#6663=AXIS2_PLACEMENT_3D('',#6660,#6661,#6662);
#6664=PLANE('',#6663);
#6665=ORIENTED_EDGE('',*,*,#6592,.F.);
#6666=ORIENTED_EDGE('',*,*,#6655,.T.);
#6667=ORIENTED_EDGE('',*,*,#6517,.T.);
#6668=ORIENTED_EDGE('',*,*,#6574,.F.);
#6669=EDGE_LOOP('',(#6665,#6666,#6667,#6668));
#6670=FACE_OUTER_BOUND('',#6669,.F.);
#6671=ADVANCED_FACE('',(#6670),#6664,.T.);
#6672=CARTESIAN_POINT('',(-1.04E1,1.025E0,1.63E0));
#6673=DIRECTION('',(0.E0,9.876611736113E-1,1.566058943358E-1));
#6674=DIRECTION('',(0.E0,1.566058943358E-1,-9.876611736113E-1));
#6675=AXIS2_PLACEMENT_3D('',#6672,#6673,#6674);
#6676=PLANE('',#6675);
#6677=ORIENTED_EDGE('',*,*,#6548,.T.);
#6679=ORIENTED_EDGE('',*,*,#6678,.F.);
#6680=ORIENTED_EDGE('',*,*,#6604,.F.);
#6681=ORIENTED_EDGE('',*,*,#6485,.T.);
#6683=ORIENTED_EDGE('',*,*,#6682,.T.);
#6684=ORIENTED_EDGE('',*,*,#5130,.F.);
#6685=ORIENTED_EDGE('',*,*,#6466,.F.);
#6686=ORIENTED_EDGE('',*,*,#6501,.T.);
#6687=EDGE_LOOP('',(#6677,#6679,#6680,#6681,#6683,#6684,#6685,#6686));
#6688=FACE_OUTER_BOUND('',#6687,.F.);
#6689=ADVANCED_FACE('',(#6688),#6676,.F.);
#6690=CARTESIAN_POINT('',(-9.25E0,2.1E0,-3.095E0));
#6691=DIRECTION('',(0.E0,0.E0,-1.E0));
#6692=DIRECTION('',(0.E0,-1.E0,0.E0));
#6693=AXIS2_PLACEMENT_3D('',#6690,#6691,#6692);
#6694=PLANE('',#6693);
#6695=ORIENTED_EDGE('',*,*,#6678,.T.);
#6696=ORIENTED_EDGE('',*,*,#6546,.T.);
#6698=ORIENTED_EDGE('',*,*,#6697,.F.);
#6699=ORIENTED_EDGE('',*,*,#6606,.F.);
#6700=EDGE_LOOP('',(#6695,#6696,#6698,#6699));
#6701=FACE_OUTER_BOUND('',#6700,.F.);
#6702=ADVANCED_FACE('',(#6701),#6694,.T.);
#6703=CARTESIAN_POINT('',(-9.25E0,1.E0,-3.095E0));
#6704=DIRECTION('',(0.E0,-1.E0,0.E0));
#6705=DIRECTION('',(0.E0,0.E0,1.E0));
#6706=AXIS2_PLACEMENT_3D('',#6703,#6704,#6705);
#6707=PLANE('',#6706);
#6708=ORIENTED_EDGE('',*,*,#6608,.F.);
#6709=ORIENTED_EDGE('',*,*,#6697,.T.);
#6710=ORIENTED_EDGE('',*,*,#6544,.T.);
#6712=ORIENTED_EDGE('',*,*,#6711,.F.);
#6713=EDGE_LOOP('',(#6708,#6709,#6710,#6712));
#6714=FACE_OUTER_BOUND('',#6713,.F.);
#6715=ADVANCED_FACE('',(#6714),#6707,.T.);
#6716=CARTESIAN_POINT('',(-9.25E0,1.E0,-2.342E0));
#6717=DIRECTION('',(0.E0,0.E0,-1.E0));
#6718=DIRECTION('',(0.E0,-1.E0,0.E0));
#6719=AXIS2_PLACEMENT_3D('',#6716,#6717,#6718);
#6720=PLANE('',#6719);
#6721=ORIENTED_EDGE('',*,*,#6610,.F.);
#6722=ORIENTED_EDGE('',*,*,#6711,.T.);
#6723=ORIENTED_EDGE('',*,*,#6542,.T.);
#6725=ORIENTED_EDGE('',*,*,#6724,.F.);
#6726=EDGE_LOOP('',(#6721,#6722,#6723,#6725));
#6727=FACE_OUTER_BOUND('',#6726,.F.);
#6728=ADVANCED_FACE('',(#6727),#6720,.T.);
#6729=CARTESIAN_POINT('',(-9.25E0,-1.E0,-2.342E0));
#6730=DIRECTION('',(0.E0,1.E0,0.E0));
#6731=DIRECTION('',(0.E0,0.E0,-1.E0));
#6732=AXIS2_PLACEMENT_3D('',#6729,#6730,#6731);
#6733=PLANE('',#6732);
#6734=ORIENTED_EDGE('',*,*,#6612,.F.);
#6735=ORIENTED_EDGE('',*,*,#6724,.T.);
#6736=ORIENTED_EDGE('',*,*,#6540,.T.);
#6738=ORIENTED_EDGE('',*,*,#6737,.F.);
#6739=EDGE_LOOP('',(#6734,#6735,#6736,#6738));
#6740=FACE_OUTER_BOUND('',#6739,.F.);
#6741=ADVANCED_FACE('',(#6740),#6733,.T.);
#6742=CARTESIAN_POINT('',(-9.25E0,-1.E0,-3.095E0));
#6743=DIRECTION('',(0.E0,0.E0,-1.E0));
#6744=DIRECTION('',(0.E0,-1.E0,0.E0));
#6745=AXIS2_PLACEMENT_3D('',#6742,#6743,#6744);
#6746=PLANE('',#6745);
#6747=ORIENTED_EDGE('',*,*,#6614,.F.);
#6748=ORIENTED_EDGE('',*,*,#6737,.T.);
#6749=ORIENTED_EDGE('',*,*,#6538,.T.);
#6751=ORIENTED_EDGE('',*,*,#6750,.F.);
#6752=EDGE_LOOP('',(#6747,#6748,#6749,#6751));
#6753=FACE_OUTER_BOUND('',#6752,.F.);
#6754=ADVANCED_FACE('',(#6753),#6746,.T.);
#6755=CARTESIAN_POINT('',(-9.25E0,-2.5E0,-3.095E0));
#6756=DIRECTION('',(0.E0,-1.E0,0.E0));
#6757=DIRECTION('',(0.E0,0.E0,1.E0));
#6758=AXIS2_PLACEMENT_3D('',#6755,#6756,#6757);
#6759=PLANE('',#6758);
#6760=ORIENTED_EDGE('',*,*,#6489,.F.);
#6761=ORIENTED_EDGE('',*,*,#6616,.F.);
#6762=ORIENTED_EDGE('',*,*,#6750,.T.);
#6763=ORIENTED_EDGE('',*,*,#6536,.T.);
#6764=EDGE_LOOP('',(#6760,#6761,#6762,#6763));
#6765=FACE_OUTER_BOUND('',#6764,.F.);
#6766=ADVANCED_FACE('',(#6765),#6759,.T.);
#6767=CARTESIAN_POINT('',(-9.24E0,-2.675E0,0.E0));
#6768=DIRECTION('',(-1.E0,0.E0,0.E0));
#6769=DIRECTION('',(0.E0,0.E0,1.E0));
#6770=AXIS2_PLACEMENT_3D('',#6767,#6768,#6769);
#6771=PLANE('',#6770);
#6772=ORIENTED_EDGE('',*,*,#4360,.F.);
#6773=ORIENTED_EDGE('',*,*,#5132,.T.);
#6774=ORIENTED_EDGE('',*,*,#6682,.F.);
#6775=ORIENTED_EDGE('',*,*,#6483,.F.);
#6776=EDGE_LOOP('',(#6772,#6773,#6774,#6775));
#6777=FACE_OUTER_BOUND('',#6776,.F.);
#6778=ADVANCED_FACE('',(#6777),#6771,.T.);
#6779=CARTESIAN_POINT('',(-1.04E1,-5.E-1,8.1E0));
#6780=DIRECTION('',(0.E0,-1.E0,0.E0));
#6781=DIRECTION('',(1.E0,0.E0,0.E0));
#6782=AXIS2_PLACEMENT_3D('',#6779,#6780,#6781);
#6783=PLANE('',#6782);
#6784=ORIENTED_EDGE('',*,*,#6533,.T.);
#6786=ORIENTED_EDGE('',*,*,#6785,.F.);
#6788=ORIENTED_EDGE('',*,*,#6787,.F.);
#6789=ORIENTED_EDGE('',*,*,#4897,.F.);
#6790=ORIENTED_EDGE('',*,*,#6448,.T.);
#6791=ORIENTED_EDGE('',*,*,#6479,.T.);
#6792=EDGE_LOOP('',(#6784,#6786,#6788,#6789,#6790,#6791));
#6793=FACE_OUTER_BOUND('',#6792,.F.);
#6794=ADVANCED_FACE('',(#6793),#6783,.F.);
#6795=CARTESIAN_POINT('',(-9.25E0,-1.75E0,7.4E0));
#6796=DIRECTION('',(0.E0,0.E0,1.E0));
#6797=DIRECTION('',(0.E0,1.E0,0.E0));
#6798=AXIS2_PLACEMENT_3D('',#6795,#6796,#6797);
#6799=PLANE('',#6798);
#6800=ORIENTED_EDGE('',*,*,#6785,.T.);
#6801=ORIENTED_EDGE('',*,*,#6561,.T.);
#6803=ORIENTED_EDGE('',*,*,#6802,.F.);
#6805=ORIENTED_EDGE('',*,*,#6804,.F.);
#6806=EDGE_LOOP('',(#6800,#6801,#6803,#6805));
#6807=FACE_OUTER_BOUND('',#6806,.F.);
#6808=ADVANCED_FACE('',(#6807),#6799,.T.);
#6809=CARTESIAN_POINT('',(-9.25E0,-3.3E-1,7.4E0));
#6810=DIRECTION('',(0.E0,-1.E0,0.E0));
#6811=DIRECTION('',(0.E0,0.E0,1.E0));
#6812=AXIS2_PLACEMENT_3D('',#6809,#6810,#6811);
#6813=PLANE('',#6812);
#6815=ORIENTED_EDGE('',*,*,#6814,.F.);
#6816=ORIENTED_EDGE('',*,*,#6802,.T.);
#6817=ORIENTED_EDGE('',*,*,#6559,.T.);
#6819=ORIENTED_EDGE('',*,*,#6818,.F.);
#6820=EDGE_LOOP('',(#6815,#6816,#6817,#6819));
#6821=FACE_OUTER_BOUND('',#6820,.F.);
#6822=ADVANCED_FACE('',(#6821),#6813,.T.);
#6823=CARTESIAN_POINT('',(-9.25E0,-5.E-1,8.1E0));
#6824=DIRECTION('',(1.E0,0.E0,0.E0));
#6825=DIRECTION('',(0.E0,1.E0,0.E0));
#6826=AXIS2_PLACEMENT_3D('',#6823,#6824,#6825);
#6827=PLANE('',#6826);
#6828=ORIENTED_EDGE('',*,*,#6804,.T.);
#6829=ORIENTED_EDGE('',*,*,#6814,.T.);
#6831=ORIENTED_EDGE('',*,*,#6830,.T.);
#6833=ORIENTED_EDGE('',*,*,#6832,.T.);
#6835=ORIENTED_EDGE('',*,*,#6834,.T.);
#6837=ORIENTED_EDGE('',*,*,#6836,.F.);
#6838=ORIENTED_EDGE('',*,*,#4899,.F.);
#6839=ORIENTED_EDGE('',*,*,#6787,.T.);
#6840=EDGE_LOOP('',(#6828,#6829,#6831,#6833,#6835,#6837,#6838,#6839));
#6841=FACE_OUTER_BOUND('',#6840,.F.);
#6842=ADVANCED_FACE('',(#6841),#6827,.F.);
#6843=CARTESIAN_POINT('',(-9.25E0,-3.3E-1,7.85E0));
#6844=DIRECTION('',(0.E0,0.E0,1.E0));
#6845=DIRECTION('',(0.E0,1.E0,0.E0));
#6846=AXIS2_PLACEMENT_3D('',#6843,#6844,#6845);
#6847=PLANE('',#6846);
#6848=ORIENTED_EDGE('',*,*,#6830,.F.);
#6849=ORIENTED_EDGE('',*,*,#6818,.T.);
#6850=ORIENTED_EDGE('',*,*,#6557,.T.);
#6852=ORIENTED_EDGE('',*,*,#6851,.F.);
#6853=EDGE_LOOP('',(#6848,#6849,#6850,#6852));
#6854=FACE_OUTER_BOUND('',#6853,.F.);
#6855=ADVANCED_FACE('',(#6854),#6847,.T.);
#6856=CARTESIAN_POINT('',(-9.25E0,3.3E-1,7.85E0));
#6857=DIRECTION('',(0.E0,1.E0,0.E0));
#6858=DIRECTION('',(0.E0,0.E0,-1.E0));
#6859=AXIS2_PLACEMENT_3D('',#6856,#6857,#6858);
#6860=PLANE('',#6859);
#6861=ORIENTED_EDGE('',*,*,#6832,.F.);
#6862=ORIENTED_EDGE('',*,*,#6851,.T.);
#6863=ORIENTED_EDGE('',*,*,#6555,.T.);
#6865=ORIENTED_EDGE('',*,*,#6864,.F.);
#6866=EDGE_LOOP('',(#6861,#6862,#6863,#6865));
#6867=FACE_OUTER_BOUND('',#6866,.F.);
#6868=ADVANCED_FACE('',(#6867),#6860,.T.);
#6869=CARTESIAN_POINT('',(-9.25E0,3.3E-1,7.4E0));
#6870=DIRECTION('',(0.E0,0.E0,1.E0));
#6871=DIRECTION('',(0.E0,1.E0,0.E0));
#6872=AXIS2_PLACEMENT_3D('',#6869,#6870,#6871);
#6873=PLANE('',#6872);
#6874=ORIENTED_EDGE('',*,*,#6834,.F.);
#6875=ORIENTED_EDGE('',*,*,#6864,.T.);
#6876=ORIENTED_EDGE('',*,*,#6553,.T.);
#6878=ORIENTED_EDGE('',*,*,#6877,.F.);
#6879=EDGE_LOOP('',(#6874,#6875,#6876,#6878));
#6880=FACE_OUTER_BOUND('',#6879,.F.);
#6881=ADVANCED_FACE('',(#6880),#6873,.T.);
#6882=CARTESIAN_POINT('',(-9.25E0,5.E-1,8.1E0));
#6883=DIRECTION('',(0.E0,1.E0,0.E0));
#6884=DIRECTION('',(-1.E0,0.E0,0.E0));
#6885=AXIS2_PLACEMENT_3D('',#6882,#6883,#6884);
#6886=PLANE('',#6885);
#6887=ORIENTED_EDGE('',*,*,#6551,.F.);
#6888=ORIENTED_EDGE('',*,*,#6504,.T.);
#6889=ORIENTED_EDGE('',*,*,#6462,.F.);
#6890=ORIENTED_EDGE('',*,*,#4901,.T.);
#6891=ORIENTED_EDGE('',*,*,#6836,.T.);
#6892=ORIENTED_EDGE('',*,*,#6877,.T.);
#6893=EDGE_LOOP('',(#6887,#6888,#6889,#6890,#6891,#6892));
#6894=FACE_OUTER_BOUND('',#6893,.F.);
#6895=ADVANCED_FACE('',(#6894),#6886,.F.);
#6896=CARTESIAN_POINT('',(1.02E1,2.475E0,3.084041261007E1));
#6897=DIRECTION('',(0.E0,0.E0,-1.E0));
#6898=DIRECTION('',(0.E0,1.E0,0.E0));
#6899=AXIS2_PLACEMENT_3D('',#6896,#6897,#6898);
#6900=CYLINDRICAL_SURFACE('',#6899,2.E-1);
#6901=ORIENTED_EDGE('',*,*,#5138,.T.);
#6902=ORIENTED_EDGE('',*,*,#4814,.F.);
#6903=ORIENTED_EDGE('',*,*,#4884,.T.);
#6904=ORIENTED_EDGE('',*,*,#6410,.T.);
#6905=EDGE_LOOP('',(#6901,#6902,#6903,#6904));
#6906=FACE_OUTER_BOUND('',#6905,.F.);
#6907=ADVANCED_FACE('',(#6906),#6900,.T.);
#6908=CARTESIAN_POINT('',(-3.9E0,0.E0,0.E0));
#6909=DIRECTION('',(1.E0,0.E0,0.E0));
#6910=DIRECTION('',(0.E0,0.E0,-1.E0));
#6911=AXIS2_PLACEMENT_3D('',#6908,#6909,#6910);
#6912=PLANE('',#6911);
#6913=ORIENTED_EDGE('',*,*,#6173,.F.);
#6914=ORIENTED_EDGE('',*,*,#6363,.T.);
#6915=ORIENTED_EDGE('',*,*,#6328,.T.);
#6917=ORIENTED_EDGE('',*,*,#6916,.T.);
#6919=ORIENTED_EDGE('',*,*,#6918,.T.);
#6921=ORIENTED_EDGE('',*,*,#6920,.T.);
#6922=ORIENTED_EDGE('',*,*,#4844,.T.);
#6923=ORIENTED_EDGE('',*,*,#6415,.T.);
#6924=ORIENTED_EDGE('',*,*,#6140,.T.);
#6925=EDGE_LOOP('',(#6913,#6914,#6915,#6917,#6919,#6921,#6922,#6923,#6924));
#6926=FACE_OUTER_BOUND('',#6925,.F.);
#6927=ADVANCED_FACE('',(#6926),#6912,.F.);
#6928=CARTESIAN_POINT('',(-3.9E0,3.425E0,8.975534170379E0));
#6929=DIRECTION('',(1.E0,0.E0,0.E0));
#6930=DIRECTION('',(0.E0,0.E0,-1.E0));
#6931=AXIS2_PLACEMENT_3D('',#6928,#6929,#6930);
#6932=CYLINDRICAL_SURFACE('',#6931,5.E-1);
#6933=ORIENTED_EDGE('',*,*,#5980,.T.);
#6935=ORIENTED_EDGE('',*,*,#6934,.F.);
#6936=ORIENTED_EDGE('',*,*,#6916,.F.);
#6937=ORIENTED_EDGE('',*,*,#6326,.T.);
#6938=EDGE_LOOP('',(#6933,#6935,#6936,#6937));
#6939=FACE_OUTER_BOUND('',#6938,.F.);
#6940=ADVANCED_FACE('',(#6939),#6932,.T.);
#6941=CARTESIAN_POINT('',(-3.9E0,3.425E0,8.975534170379E0));
#6942=DIRECTION('',(1.E0,0.E0,0.E0));
#6943=DIRECTION('',(0.E0,0.E0,-1.E0));
#6944=AXIS2_PLACEMENT_3D('',#6941,#6942,#6943);
#6945=CYLINDRICAL_SURFACE('',#6944,5.E-1);
#6946=ORIENTED_EDGE('',*,*,#6303,.F.);
#6947=ORIENTED_EDGE('',*,*,#6344,.T.);
#6948=ORIENTED_EDGE('',*,*,#6395,.T.);
#6950=ORIENTED_EDGE('',*,*,#6949,.F.);
#6951=EDGE_LOOP('',(#6946,#6947,#6948,#6950));
#6952=FACE_OUTER_BOUND('',#6951,.F.);
#6953=ADVANCED_FACE('',(#6952),#6945,.T.);
#6954=CARTESIAN_POINT('',(-3.9E0,2.925E0,8.975534170379E0));
#6955=DIRECTION('',(0.E0,-1.E0,0.E0));
#6956=DIRECTION('',(0.E0,0.E0,-1.E0));
#6957=AXIS2_PLACEMENT_3D('',#6954,#6955,#6956);
#6958=PLANE('',#6957);
#6959=ORIENTED_EDGE('',*,*,#5978,.T.);
#6961=ORIENTED_EDGE('',*,*,#6960,.F.);
#6962=ORIENTED_EDGE('',*,*,#6918,.F.);
#6963=ORIENTED_EDGE('',*,*,#6934,.T.);
#6964=EDGE_LOOP('',(#6959,#6961,#6962,#6963));
#6965=FACE_OUTER_BOUND('',#6964,.F.);
#6966=ADVANCED_FACE('',(#6965),#6958,.T.);
#6967=CARTESIAN_POINT('',(-3.9E0,2.925E0,8.975534170379E0));
#6968=DIRECTION('',(0.E0,-1.E0,0.E0));
#6969=DIRECTION('',(0.E0,0.E0,-1.E0));
#6970=AXIS2_PLACEMENT_3D('',#6967,#6968,#6969);
#6971=PLANE('',#6970);
#6972=ORIENTED_EDGE('',*,*,#6305,.F.);
#6973=ORIENTED_EDGE('',*,*,#6949,.T.);
#6974=ORIENTED_EDGE('',*,*,#6393,.T.);
#6976=ORIENTED_EDGE('',*,*,#6975,.F.);
#6977=EDGE_LOOP('',(#6972,#6973,#6974,#6976));
#6978=FACE_OUTER_BOUND('',#6977,.F.);
#6979=ADVANCED_FACE('',(#6978),#6971,.T.);
#6980=CARTESIAN_POINT('',(-3.9E0,2.795E0,8.23E0));
#6981=DIRECTION('',(1.E0,0.E0,0.E0));
#6982=DIRECTION('',(0.E0,0.E0,-1.E0));
#6983=AXIS2_PLACEMENT_3D('',#6980,#6981,#6982);
#6984=CYLINDRICAL_SURFACE('',#6983,1.3E-1);
#6985=ORIENTED_EDGE('',*,*,#5976,.F.);
#6986=ORIENTED_EDGE('',*,*,#4846,.F.);
#6987=ORIENTED_EDGE('',*,*,#6920,.F.);
#6988=ORIENTED_EDGE('',*,*,#6960,.T.);
#6989=EDGE_LOOP('',(#6985,#6986,#6987,#6988));
#6990=FACE_OUTER_BOUND('',#6989,.F.);
#6991=ADVANCED_FACE('',(#6990),#6984,.F.);
#6992=CARTESIAN_POINT('',(-3.9E0,2.795E0,8.23E0));
#6993=DIRECTION('',(1.E0,0.E0,0.E0));
#6994=DIRECTION('',(0.E0,0.E0,-1.E0));
#6995=AXIS2_PLACEMENT_3D('',#6992,#6993,#6994);
#6996=CYLINDRICAL_SURFACE('',#6995,1.3E-1);
#6997=ORIENTED_EDGE('',*,*,#6307,.T.);
#6998=ORIENTED_EDGE('',*,*,#6975,.T.);
#6999=ORIENTED_EDGE('',*,*,#6391,.T.);
#7000=ORIENTED_EDGE('',*,*,#4878,.F.);
#7001=EDGE_LOOP('',(#6997,#6998,#6999,#7000));
#7002=FACE_OUTER_BOUND('',#7001,.F.);
#7003=ADVANCED_FACE('',(#7002),#6996,.F.);
#7004=CARTESIAN_POINT('',(-6.5E0,2.675E0,8.1E0));
#7005=DIRECTION('',(1.E0,0.E0,0.E0));
#7006=DIRECTION('',(0.E0,0.E0,-1.E0));
#7007=AXIS2_PLACEMENT_3D('',#7004,#7005,#7006);
#7008=PLANE('',#7007);
#7009=ORIENTED_EDGE('',*,*,#6418,.F.);
#7010=ORIENTED_EDGE('',*,*,#4840,.F.);
#7012=ORIENTED_EDGE('',*,*,#7011,.T.);
#7014=ORIENTED_EDGE('',*,*,#7013,.F.);
#7015=EDGE_LOOP('',(#7009,#7010,#7012,#7014));
#7016=FACE_OUTER_BOUND('',#7015,.F.);
#7017=ADVANCED_FACE('',(#7016),#7008,.F.);
#7018=CARTESIAN_POINT('',(0.E0,2.575E0,0.E0));
#7019=DIRECTION('',(0.E0,1.E0,0.E0));
#7020=DIRECTION('',(1.E0,0.E0,0.E0));
#7021=AXIS2_PLACEMENT_3D('',#7018,#7019,#7020);
#7022=PLANE('',#7021);
#7023=ORIENTED_EDGE('',*,*,#4838,.F.);
#7025=ORIENTED_EDGE('',*,*,#7024,.F.);
#7027=ORIENTED_EDGE('',*,*,#7026,.F.);
#7028=ORIENTED_EDGE('',*,*,#7011,.F.);
#7029=EDGE_LOOP('',(#7023,#7025,#7027,#7028));
#7030=FACE_OUTER_BOUND('',#7029,.F.);
#7031=ADVANCED_FACE('',(#7030),#7022,.T.);
#7032=CARTESIAN_POINT('',(-7.5E0,2.675E0,2.86E0));
#7033=DIRECTION('',(-1.E0,0.E0,0.E0));
#7034=DIRECTION('',(0.E0,0.E0,1.E0));
#7035=AXIS2_PLACEMENT_3D('',#7032,#7033,#7034);
#7036=PLANE('',#7035);
#7037=ORIENTED_EDGE('',*,*,#6422,.T.);
#7039=ORIENTED_EDGE('',*,*,#7038,.T.);
#7040=ORIENTED_EDGE('',*,*,#7024,.T.);
#7041=ORIENTED_EDGE('',*,*,#4836,.T.);
#7042=EDGE_LOOP('',(#7037,#7039,#7040,#7041));
#7043=FACE_OUTER_BOUND('',#7042,.F.);
#7044=ADVANCED_FACE('',(#7043),#7036,.F.);
#7045=CARTESIAN_POINT('',(-6.5E0,2.675E0,2.86E0));
#7046=DIRECTION('',(0.E0,0.E0,-1.E0));
#7047=DIRECTION('',(-1.E0,0.E0,0.E0));
#7048=AXIS2_PLACEMENT_3D('',#7045,#7046,#7047);
#7049=PLANE('',#7048);
#7050=ORIENTED_EDGE('',*,*,#6420,.F.);
#7051=ORIENTED_EDGE('',*,*,#7013,.T.);
#7052=ORIENTED_EDGE('',*,*,#7026,.T.);
#7053=ORIENTED_EDGE('',*,*,#7038,.F.);
#7054=EDGE_LOOP('',(#7050,#7051,#7052,#7053));
#7055=FACE_OUTER_BOUND('',#7054,.F.);
#7056=ADVANCED_FACE('',(#7055),#7049,.F.);
#7057=CARTESIAN_POINT('',(5.02E0,1.765E0,0.E0));
#7058=DIRECTION('',(0.E0,9.999619230642E-1,-8.726535498374E-3));
#7059=DIRECTION('',(-1.E0,0.E0,0.E0));
#7060=AXIS2_PLACEMENT_3D('',#7057,#7058,#7059);
#7061=PLANE('',#7060);
#7062=ORIENTED_EDGE('',*,*,#6080,.F.);
#7064=ORIENTED_EDGE('',*,*,#7063,.F.);
#7065=ORIENTED_EDGE('',*,*,#6310,.T.);
#7066=ORIENTED_EDGE('',*,*,#4874,.F.);
#7068=ORIENTED_EDGE('',*,*,#7067,.T.);
#7070=ORIENTED_EDGE('',*,*,#7069,.F.);
#7072=ORIENTED_EDGE('',*,*,#7071,.F.);
#7073=EDGE_LOOP('',(#7062,#7064,#7065,#7066,#7068,#7070,#7072));
#7074=FACE_OUTER_BOUND('',#7073,.F.);
#7075=ADVANCED_FACE('',(#7074),#7061,.F.);
#7076=CARTESIAN_POINT('',(2.75E0,-2.2026776E1,4.4E0));
#7077=DIRECTION('',(0.E0,1.E0,0.E0));
#7078=DIRECTION('',(1.E0,0.E0,0.E0));
#7079=AXIS2_PLACEMENT_3D('',#7076,#7077,#7078);
#7080=CYLINDRICAL_SURFACE('',#7079,2.E-1);
#7081=ORIENTED_EDGE('',*,*,#6078,.T.);
#7082=ORIENTED_EDGE('',*,*,#6276,.T.);
#7083=ORIENTED_EDGE('',*,*,#6312,.F.);
#7084=ORIENTED_EDGE('',*,*,#7063,.T.);
#7085=EDGE_LOOP('',(#7081,#7082,#7083,#7084));
#7086=FACE_OUTER_BOUND('',#7085,.F.);
#7087=ADVANCED_FACE('',(#7086),#7080,.F.);
#7088=CARTESIAN_POINT('',(5.02E0,-1.275E0,0.E0));
#7089=DIRECTION('',(9.999619230642E-1,0.E0,-8.726535498374E-3));
#7090=DIRECTION('',(0.E0,1.E0,0.E0));
#7091=AXIS2_PLACEMENT_3D('',#7088,#7089,#7090);
#7092=PLANE('',#7091);
#7093=ORIENTED_EDGE('',*,*,#4872,.F.);
#7095=ORIENTED_EDGE('',*,*,#7094,.T.);
#7097=ORIENTED_EDGE('',*,*,#7096,.F.);
#7098=ORIENTED_EDGE('',*,*,#7067,.F.);
#7099=EDGE_LOOP('',(#7093,#7095,#7097,#7098));
#7100=FACE_OUTER_BOUND('',#7099,.F.);
#7101=ADVANCED_FACE('',(#7100),#7092,.F.);
#7102=CARTESIAN_POINT('',(1.98E0,-1.275E0,0.E0));
#7103=DIRECTION('',(0.E0,-9.999619230642E-1,-8.726535498374E-3));
#7104=DIRECTION('',(1.E0,0.E0,0.E0));
#7105=AXIS2_PLACEMENT_3D('',#7102,#7103,#7104);
#7106=PLANE('',#7105);
#7107=ORIENTED_EDGE('',*,*,#4870,.F.);
#7109=ORIENTED_EDGE('',*,*,#7108,.T.);
#7111=ORIENTED_EDGE('',*,*,#7110,.F.);
#7112=ORIENTED_EDGE('',*,*,#7094,.F.);
#7113=EDGE_LOOP('',(#7107,#7109,#7111,#7112));
#7114=FACE_OUTER_BOUND('',#7113,.F.);
#7115=ADVANCED_FACE('',(#7114),#7106,.F.);
#7116=CARTESIAN_POINT('',(1.98E0,1.765E0,0.E0));
#7117=DIRECTION('',(-9.999619230642E-1,0.E0,-8.726535498374E-3));
#7118=DIRECTION('',(0.E0,-1.E0,0.E0));
#7119=AXIS2_PLACEMENT_3D('',#7116,#7117,#7118);
#7120=PLANE('',#7119);
#7121=ORIENTED_EDGE('',*,*,#4868,.F.);
#7123=ORIENTED_EDGE('',*,*,#7122,.T.);
#7124=ORIENTED_EDGE('',*,*,#6082,.T.);
#7125=ORIENTED_EDGE('',*,*,#7071,.T.);
#7127=ORIENTED_EDGE('',*,*,#7126,.F.);
#7128=ORIENTED_EDGE('',*,*,#7108,.F.);
#7129=EDGE_LOOP('',(#7121,#7123,#7124,#7125,#7127,#7128));
#7130=FACE_OUTER_BOUND('',#7129,.F.);
#7131=ADVANCED_FACE('',(#7130),#7120,.F.);
#7132=CARTESIAN_POINT('',(-2.95E0,1.729396857184E0,1.025E1));
#7133=DIRECTION('',(0.E0,-1.E0,0.E0));
#7134=DIRECTION('',(0.E0,0.E0,-1.E0));
#7135=AXIS2_PLACEMENT_3D('',#7132,#7133,#7134);
#7136=PLANE('',#7135);
#7138=ORIENTED_EDGE('',*,*,#7137,.F.);
#7139=ORIENTED_EDGE('',*,*,#4858,.F.);
#7141=ORIENTED_EDGE('',*,*,#7140,.T.);
#7142=ORIENTED_EDGE('',*,*,#6092,.T.);
#7143=EDGE_LOOP('',(#7138,#7139,#7141,#7142));
#7144=FACE_OUTER_BOUND('',#7143,.F.);
#7145=ADVANCED_FACE('',(#7144),#7136,.F.);
#7146=CARTESIAN_POINT('',(-2.95E0,1.729396857184E0,1.025E1));
#7147=DIRECTION('',(0.E0,-1.E0,0.E0));
#7148=DIRECTION('',(0.E0,0.E0,-1.E0));
#7149=AXIS2_PLACEMENT_3D('',#7146,#7147,#7148);
#7150=PLANE('',#7149);
#7151=ORIENTED_EDGE('',*,*,#7122,.F.);
#7152=ORIENTED_EDGE('',*,*,#4866,.F.);
#7154=ORIENTED_EDGE('',*,*,#7153,.T.);
#7155=ORIENTED_EDGE('',*,*,#6084,.T.);
#7156=EDGE_LOOP('',(#7151,#7152,#7154,#7155));
#7157=FACE_OUTER_BOUND('',#7156,.F.);
#7158=ADVANCED_FACE('',(#7157),#7150,.F.);
#7159=CARTESIAN_POINT('',(-1.52E0,1.765E0,0.E0));
#7160=DIRECTION('',(-9.999619230642E-1,0.E0,-8.726535498374E-3));
#7161=DIRECTION('',(0.E0,-1.E0,0.E0));
#7162=AXIS2_PLACEMENT_3D('',#7159,#7160,#7161);
#7163=PLANE('',#7162);
#7164=ORIENTED_EDGE('',*,*,#4860,.F.);
#7165=ORIENTED_EDGE('',*,*,#7137,.T.);
#7166=ORIENTED_EDGE('',*,*,#6090,.T.);
#7168=ORIENTED_EDGE('',*,*,#7167,.T.);
#7170=ORIENTED_EDGE('',*,*,#7169,.F.);
#7172=ORIENTED_EDGE('',*,*,#7171,.F.);
#7173=EDGE_LOOP('',(#7164,#7165,#7166,#7168,#7170,#7172));
#7174=FACE_OUTER_BOUND('',#7173,.F.);
#7175=ADVANCED_FACE('',(#7174),#7163,.F.);
#7176=CARTESIAN_POINT('',(1.52E0,1.765E0,0.E0));
#7177=DIRECTION('',(0.E0,9.999619230642E-1,-8.726535498374E-3));
#7178=DIRECTION('',(-1.E0,0.E0,0.E0));
#7179=AXIS2_PLACEMENT_3D('',#7176,#7177,#7178);
#7180=PLANE('',#7179);
#7181=ORIENTED_EDGE('',*,*,#7167,.F.);
#7182=ORIENTED_EDGE('',*,*,#6088,.F.);
#7184=ORIENTED_EDGE('',*,*,#7183,.T.);
#7186=ORIENTED_EDGE('',*,*,#7185,.F.);
#7187=EDGE_LOOP('',(#7181,#7182,#7184,#7186));
#7188=FACE_OUTER_BOUND('',#7187,.F.);
#7189=ADVANCED_FACE('',(#7188),#7180,.F.);
#7190=CARTESIAN_POINT('',(1.52E0,-1.275E0,0.E0));
#7191=DIRECTION('',(9.999619230642E-1,0.E0,-8.726535498374E-3));
#7192=DIRECTION('',(0.E0,1.E0,0.E0));
#7193=AXIS2_PLACEMENT_3D('',#7190,#7191,#7192);
#7194=PLANE('',#7193);
#7195=ORIENTED_EDGE('',*,*,#4864,.F.);
#7197=ORIENTED_EDGE('',*,*,#7196,.T.);
#7199=ORIENTED_EDGE('',*,*,#7198,.F.);
#7200=ORIENTED_EDGE('',*,*,#7183,.F.);
#7201=ORIENTED_EDGE('',*,*,#6086,.F.);
#7202=ORIENTED_EDGE('',*,*,#7153,.F.);
#7203=EDGE_LOOP('',(#7195,#7197,#7199,#7200,#7201,#7202));
#7204=FACE_OUTER_BOUND('',#7203,.F.);
#7205=ADVANCED_FACE('',(#7204),#7194,.F.);
#7206=CARTESIAN_POINT('',(-1.52E0,-1.275E0,0.E0));
#7207=DIRECTION('',(0.E0,-9.999619230642E-1,-8.726535498374E-3));
#7208=DIRECTION('',(1.E0,0.E0,0.E0));
#7209=AXIS2_PLACEMENT_3D('',#7206,#7207,#7208);
#7210=PLANE('',#7209);
#7211=ORIENTED_EDGE('',*,*,#4862,.F.);
#7212=ORIENTED_EDGE('',*,*,#7171,.T.);
#7214=ORIENTED_EDGE('',*,*,#7213,.F.);
#7215=ORIENTED_EDGE('',*,*,#7196,.F.);
#7216=EDGE_LOOP('',(#7211,#7212,#7214,#7215));
#7217=FACE_OUTER_BOUND('',#7216,.F.);
#7218=ADVANCED_FACE('',(#7217),#7210,.F.);
#7219=CARTESIAN_POINT('',(0.E0,0.E0,0.E0));
#7220=DIRECTION('',(0.E0,0.E0,1.E0));
#7221=DIRECTION('',(1.E0,0.E0,0.E0));
#7222=AXIS2_PLACEMENT_3D('',#7219,#7220,#7221);
#7223=PLANE('',#7222);
#7224=ORIENTED_EDGE('',*,*,#7169,.T.);
#7225=ORIENTED_EDGE('',*,*,#7185,.T.);
#7226=ORIENTED_EDGE('',*,*,#7198,.T.);
#7227=ORIENTED_EDGE('',*,*,#7213,.T.);
#7228=EDGE_LOOP('',(#7224,#7225,#7226,#7227));
#7229=FACE_OUTER_BOUND('',#7228,.F.);
#7231=ORIENTED_EDGE('',*,*,#7230,.F.);
#7233=ORIENTED_EDGE('',*,*,#7232,.T.);
#7235=ORIENTED_EDGE('',*,*,#7234,.T.);
#7237=ORIENTED_EDGE('',*,*,#7236,.F.);
#7238=EDGE_LOOP('',(#7231,#7233,#7235,#7237));
#7239=FACE_BOUND('',#7238,.F.);
#7240=ADVANCED_FACE('',(#7229,#7239),#7223,.T.);
#7241=CARTESIAN_POINT('',(-3.175E-1,0.E0,0.E0));
#7242=DIRECTION('',(1.E0,0.E0,0.E0));
#7243=DIRECTION('',(0.E0,0.E0,-1.E0));
#7244=AXIS2_PLACEMENT_3D('',#7241,#7242,#7243);
#7245=PLANE('',#7244);
#7247=ORIENTED_EDGE('',*,*,#7246,.F.);
#7249=ORIENTED_EDGE('',*,*,#7248,.T.);
#7250=ORIENTED_EDGE('',*,*,#7230,.T.);
#7252=ORIENTED_EDGE('',*,*,#7251,.T.);
#7253=EDGE_LOOP('',(#7247,#7249,#7250,#7252));
#7254=FACE_OUTER_BOUND('',#7253,.F.);
#7255=ADVANCED_FACE('',(#7254),#7245,.F.);
#7256=CARTESIAN_POINT('',(-3.175E-1,0.E0,0.E0));
#7257=DIRECTION('',(1.E0,0.E0,0.E0));
#7258=DIRECTION('',(0.E0,0.E0,-1.E0));
#7259=AXIS2_PLACEMENT_3D('',#7256,#7257,#7258);
#7260=PLANE('',#7259);
#7262=ORIENTED_EDGE('',*,*,#7261,.F.);
#7264=ORIENTED_EDGE('',*,*,#7263,.T.);
#7266=ORIENTED_EDGE('',*,*,#7265,.T.);
#7268=ORIENTED_EDGE('',*,*,#7267,.T.);
#7269=ORIENTED_EDGE('',*,*,#5154,.F.);
#7271=ORIENTED_EDGE('',*,*,#7270,.T.);
#7273=ORIENTED_EDGE('',*,*,#7272,.T.);
#7275=ORIENTED_EDGE('',*,*,#7274,.T.);
#7276=EDGE_LOOP('',(#7262,#7264,#7266,#7268,#7269,#7271,#7273,#7275));
#7277=FACE_OUTER_BOUND('',#7276,.F.);
#7278=ADVANCED_FACE('',(#7277),#7260,.F.);
#7279=CARTESIAN_POINT('',(-2.175E-1,2.45E-1,6.E0));
#7280=DIRECTION('',(-9.701425001453E-1,0.E0,2.425356250363E-1));
#7281=DIRECTION('',(2.425356250363E-1,0.E0,9.701425001453E-1));
#7282=AXIS2_PLACEMENT_3D('',#7279,#7280,#7281);
#7283=PLANE('',#7282);
#7285=ORIENTED_EDGE('',*,*,#7284,.F.);
#7287=ORIENTED_EDGE('',*,*,#7286,.T.);
#7288=ORIENTED_EDGE('',*,*,#7246,.T.);
#7290=ORIENTED_EDGE('',*,*,#7289,.T.);
#7291=EDGE_LOOP('',(#7285,#7287,#7288,#7290));
#7292=FACE_OUTER_BOUND('',#7291,.F.);
#7293=ADVANCED_FACE('',(#7292),#7283,.T.);
#7294=CARTESIAN_POINT('',(-3.175E-1,5.625E-1,6.4E0));
#7295=DIRECTION('',(0.E0,0.E0,1.E0));
#7296=DIRECTION('',(0.E0,-1.E0,0.E0));
#7297=AXIS2_PLACEMENT_3D('',#7294,#7295,#7296);
#7298=PLANE('',#7297);
#7300=ORIENTED_EDGE('',*,*,#7299,.F.);
#7302=ORIENTED_EDGE('',*,*,#7301,.T.);
#7304=ORIENTED_EDGE('',*,*,#7303,.T.);
#7305=ORIENTED_EDGE('',*,*,#7284,.T.);
#7306=EDGE_LOOP('',(#7300,#7302,#7304,#7305));
#7307=FACE_OUTER_BOUND('',#7306,.F.);
#7308=ADVANCED_FACE('',(#7307),#7298,.T.);
#7309=CARTESIAN_POINT('',(0.E0,4.625E-1,6.E0));
#7310=DIRECTION('',(0.E0,9.701425001453E-1,2.425356250363E-1));
#7311=DIRECTION('',(0.E0,2.425356250363E-1,-9.701425001453E-1));
#7312=AXIS2_PLACEMENT_3D('',#7309,#7310,#7311);
#7313=PLANE('',#7312);
#7314=ORIENTED_EDGE('',*,*,#7299,.T.);
#7315=ORIENTED_EDGE('',*,*,#7289,.F.);
#7317=ORIENTED_EDGE('',*,*,#7316,.F.);
#7319=ORIENTED_EDGE('',*,*,#7318,.F.);
#7320=EDGE_LOOP('',(#7314,#7315,#7317,#7319));
#7321=FACE_OUTER_BOUND('',#7320,.F.);
#7322=ADVANCED_FACE('',(#7321),#7313,.T.);
#7323=CARTESIAN_POINT('',(-3.175E-1,5.625E-1,-4.2425E0));
#7324=DIRECTION('',(0.E0,1.E0,0.E0));
#7325=DIRECTION('',(0.E0,0.E0,1.E0));
#7326=AXIS2_PLACEMENT_3D('',#7323,#7324,#7325);
#7327=PLANE('',#7326);
#7328=ORIENTED_EDGE('',*,*,#5156,.F.);
#7329=ORIENTED_EDGE('',*,*,#7267,.F.);
#7331=ORIENTED_EDGE('',*,*,#7330,.T.);
#7333=ORIENTED_EDGE('',*,*,#7332,.T.);
#7334=EDGE_LOOP('',(#7328,#7329,#7331,#7333));
#7335=FACE_OUTER_BOUND('',#7334,.F.);
#7336=ADVANCED_FACE('',(#7335),#7327,.T.);
#7337=CARTESIAN_POINT('',(-3.175E-1,5.625E-1,-4.2425E0));
#7338=DIRECTION('',(0.E0,1.E0,0.E0));
#7339=DIRECTION('',(0.E0,0.E0,1.E0));
#7340=AXIS2_PLACEMENT_3D('',#7337,#7338,#7339);
#7341=PLANE('',#7340);
#7342=ORIENTED_EDGE('',*,*,#7316,.T.);
#7343=ORIENTED_EDGE('',*,*,#7251,.F.);
#7344=ORIENTED_EDGE('',*,*,#7236,.T.);
#7346=ORIENTED_EDGE('',*,*,#7345,.T.);
#7347=EDGE_LOOP('',(#7342,#7343,#7344,#7346));
#7348=FACE_OUTER_BOUND('',#7347,.F.);
#7349=ADVANCED_FACE('',(#7348),#7341,.T.);
#7350=CARTESIAN_POINT('',(-3.175E-1,-5.725E-1,-4.2425E0));
#7351=DIRECTION('',(1.E0,0.E0,0.E0));
#7352=DIRECTION('',(0.E0,0.E0,-1.E0));
#7353=AXIS2_PLACEMENT_3D('',#7350,#7351,#7352);
#7354=CYLINDRICAL_SURFACE('',#7353,1.135E0);
#7355=ORIENTED_EDGE('',*,*,#7265,.F.);
#7357=ORIENTED_EDGE('',*,*,#7356,.T.);
#7359=ORIENTED_EDGE('',*,*,#7358,.T.);
#7360=ORIENTED_EDGE('',*,*,#7330,.F.);
#7361=EDGE_LOOP('',(#7355,#7357,#7359,#7360));
#7362=FACE_OUTER_BOUND('',#7361,.F.);
#7363=ADVANCED_FACE('',(#7362),#7354,.T.);
#7364=CARTESIAN_POINT('',(-3.175E-1,-6.175E0,-5.3775E0));
#7365=DIRECTION('',(0.E0,0.E0,-1.E0));
#7366=DIRECTION('',(0.E0,1.E0,0.E0));
#7367=AXIS2_PLACEMENT_3D('',#7364,#7365,#7366);
#7368=PLANE('',#7367);
#7370=ORIENTED_EDGE('',*,*,#7369,.F.);
#7372=ORIENTED_EDGE('',*,*,#7371,.T.);
#7373=ORIENTED_EDGE('',*,*,#7356,.F.);
#7374=ORIENTED_EDGE('',*,*,#7263,.F.);
#7375=EDGE_LOOP('',(#7370,#7372,#7373,#7374));
#7376=FACE_OUTER_BOUND('',#7375,.F.);
#7377=ADVANCED_FACE('',(#7376),#7368,.T.);
#7378=CARTESIAN_POINT('',(0.E0,-5.775E0,-5.2775E0));
#7379=DIRECTION('',(0.E0,-2.425356250363E-1,-9.701425001453E-1));
#7380=DIRECTION('',(0.E0,-9.701425001453E-1,2.425356250363E-1));
#7381=AXIS2_PLACEMENT_3D('',#7378,#7379,#7380);
#7382=PLANE('',#7381);
#7383=ORIENTED_EDGE('',*,*,#7369,.T.);
#7385=ORIENTED_EDGE('',*,*,#7384,.F.);
#7387=ORIENTED_EDGE('',*,*,#7386,.F.);
#7389=ORIENTED_EDGE('',*,*,#7388,.F.);
#7390=EDGE_LOOP('',(#7383,#7385,#7387,#7389));
#7391=FACE_OUTER_BOUND('',#7390,.F.);
#7392=ADVANCED_FACE('',(#7391),#7382,.T.);
#7393=CARTESIAN_POINT('',(-2.175E-1,-5.775E0,-5.06E0));
#7394=DIRECTION('',(-9.701425001453E-1,-2.425356250363E-1,0.E0));
#7395=DIRECTION('',(2.425356250363E-1,-9.701425001453E-1,0.E0));
#7396=AXIS2_PLACEMENT_3D('',#7393,#7394,#7395);
#7397=PLANE('',#7396);
#7398=ORIENTED_EDGE('',*,*,#7261,.T.);
#7400=ORIENTED_EDGE('',*,*,#7399,.F.);
#7402=ORIENTED_EDGE('',*,*,#7401,.F.);
#7403=ORIENTED_EDGE('',*,*,#7384,.T.);
#7404=EDGE_LOOP('',(#7398,#7400,#7402,#7403));
#7405=FACE_OUTER_BOUND('',#7404,.F.);
#7406=ADVANCED_FACE('',(#7405),#7397,.T.);
#7407=CARTESIAN_POINT('',(0.E0,-5.775E0,-4.8425E0));
#7408=DIRECTION('',(0.E0,-2.425356250363E-1,9.701425001453E-1));
#7409=DIRECTION('',(0.E0,9.701425001453E-1,2.425356250363E-1));
#7410=AXIS2_PLACEMENT_3D('',#7407,#7408,#7409);
#7411=PLANE('',#7410);
#7413=ORIENTED_EDGE('',*,*,#7412,.F.);
#7415=ORIENTED_EDGE('',*,*,#7414,.F.);
#7417=ORIENTED_EDGE('',*,*,#7416,.T.);
#7418=ORIENTED_EDGE('',*,*,#7399,.T.);
#7419=EDGE_LOOP('',(#7413,#7415,#7417,#7418));
#7420=FACE_OUTER_BOUND('',#7419,.F.);
#7421=ADVANCED_FACE('',(#7420),#7411,.T.);
#7422=CARTESIAN_POINT('',(-3.175E-1,-5.725E-1,-4.7425E0));
#7423=DIRECTION('',(0.E0,0.E0,1.E0));
#7424=DIRECTION('',(0.E0,-1.E0,0.E0));
#7425=AXIS2_PLACEMENT_3D('',#7422,#7423,#7424);
#7426=PLANE('',#7425);
#7427=ORIENTED_EDGE('',*,*,#7412,.T.);
#7428=ORIENTED_EDGE('',*,*,#7274,.F.);
#7430=ORIENTED_EDGE('',*,*,#7429,.T.);
#7432=ORIENTED_EDGE('',*,*,#7431,.T.);
#7433=EDGE_LOOP('',(#7427,#7428,#7430,#7432));
#7434=FACE_OUTER_BOUND('',#7433,.F.);
#7435=ADVANCED_FACE('',(#7434),#7426,.T.);
#7436=CARTESIAN_POINT('',(-3.175E-1,-5.725E-1,-4.2425E0));
#7437=DIRECTION('',(1.E0,0.E0,0.E0));
#7438=DIRECTION('',(0.E0,0.E0,-1.E0));
#7439=AXIS2_PLACEMENT_3D('',#7436,#7437,#7438);
#7440=CYLINDRICAL_SURFACE('',#7439,5.E-1);
#7441=ORIENTED_EDGE('',*,*,#7272,.F.);
#7443=ORIENTED_EDGE('',*,*,#7442,.T.);
#7445=ORIENTED_EDGE('',*,*,#7444,.T.);
#7446=ORIENTED_EDGE('',*,*,#7429,.F.);
#7447=EDGE_LOOP('',(#7441,#7443,#7445,#7446));
#7448=FACE_OUTER_BOUND('',#7447,.F.);
#7449=ADVANCED_FACE('',(#7448),#7440,.F.);
#7450=CARTESIAN_POINT('',(-3.175E-1,-7.25E-2,6.4E0));
#7451=DIRECTION('',(0.E0,-1.E0,0.E0));
#7452=DIRECTION('',(0.E0,0.E0,-1.E0));
#7453=AXIS2_PLACEMENT_3D('',#7450,#7451,#7452);
#7454=PLANE('',#7453);
#7455=ORIENTED_EDGE('',*,*,#5160,.T.);
#7457=ORIENTED_EDGE('',*,*,#7456,.T.);
#7458=ORIENTED_EDGE('',*,*,#7442,.F.);
#7459=ORIENTED_EDGE('',*,*,#7270,.F.);
#7460=EDGE_LOOP('',(#7455,#7457,#7458,#7459));
#7461=FACE_OUTER_BOUND('',#7460,.F.);
#7462=ADVANCED_FACE('',(#7461),#7454,.T.);
#7463=CARTESIAN_POINT('',(-3.175E-1,-7.25E-2,6.4E0));
#7464=DIRECTION('',(0.E0,-1.E0,0.E0));
#7465=DIRECTION('',(0.E0,0.E0,-1.E0));
#7466=AXIS2_PLACEMENT_3D('',#7463,#7464,#7465);
#7467=PLANE('',#7466);
#7469=ORIENTED_EDGE('',*,*,#7468,.F.);
#7471=ORIENTED_EDGE('',*,*,#7470,.T.);
#7472=ORIENTED_EDGE('',*,*,#7232,.F.);
#7473=ORIENTED_EDGE('',*,*,#7248,.F.);
#7474=EDGE_LOOP('',(#7469,#7471,#7472,#7473));
#7475=FACE_OUTER_BOUND('',#7474,.F.);
#7476=ADVANCED_FACE('',(#7475),#7467,.T.);
#7477=CARTESIAN_POINT('',(3.175E-1,0.E0,0.E0));
#7478=DIRECTION('',(1.E0,0.E0,0.E0));
#7479=DIRECTION('',(0.E0,0.E0,-1.E0));
#7480=AXIS2_PLACEMENT_3D('',#7477,#7478,#7479);
#7481=PLANE('',#7480);
#7483=ORIENTED_EDGE('',*,*,#7482,.F.);
#7484=ORIENTED_EDGE('',*,*,#7345,.F.);
#7485=ORIENTED_EDGE('',*,*,#7234,.F.);
#7486=ORIENTED_EDGE('',*,*,#7470,.F.);
#7487=EDGE_LOOP('',(#7483,#7484,#7485,#7486));
#7488=FACE_OUTER_BOUND('',#7487,.F.);
#7489=ADVANCED_FACE('',(#7488),#7481,.T.);
#7490=CARTESIAN_POINT('',(3.175E-1,0.E0,0.E0));
#7491=DIRECTION('',(1.E0,0.E0,0.E0));
#7492=DIRECTION('',(0.E0,0.E0,-1.E0));
#7493=AXIS2_PLACEMENT_3D('',#7490,#7491,#7492);
#7494=PLANE('',#7493);
#7496=ORIENTED_EDGE('',*,*,#7495,.F.);
#7497=ORIENTED_EDGE('',*,*,#7431,.F.);
#7498=ORIENTED_EDGE('',*,*,#7444,.F.);
#7499=ORIENTED_EDGE('',*,*,#7456,.F.);
#7500=ORIENTED_EDGE('',*,*,#5158,.T.);
#7501=ORIENTED_EDGE('',*,*,#7332,.F.);
#7502=ORIENTED_EDGE('',*,*,#7358,.F.);
#7503=ORIENTED_EDGE('',*,*,#7371,.F.);
#7504=EDGE_LOOP('',(#7496,#7497,#7498,#7499,#7500,#7501,#7502,#7503));
#7505=FACE_OUTER_BOUND('',#7504,.F.);
#7506=ADVANCED_FACE('',(#7505),#7494,.T.);
#7507=CARTESIAN_POINT('',(2.175E-1,2.45E-1,6.E0));
#7508=DIRECTION('',(9.701425001453E-1,0.E0,2.425356250363E-1));
#7509=DIRECTION('',(-2.425356250363E-1,0.E0,9.701425001453E-1));
#7510=AXIS2_PLACEMENT_3D('',#7507,#7508,#7509);
#7511=PLANE('',#7510);
#7512=ORIENTED_EDGE('',*,*,#7301,.F.);
#7513=ORIENTED_EDGE('',*,*,#7318,.T.);
#7514=ORIENTED_EDGE('',*,*,#7482,.T.);
#7516=ORIENTED_EDGE('',*,*,#7515,.T.);
#7517=EDGE_LOOP('',(#7512,#7513,#7514,#7516));
#7518=FACE_OUTER_BOUND('',#7517,.F.);
#7519=ADVANCED_FACE('',(#7518),#7511,.T.);
#7520=CARTESIAN_POINT('',(1.065814103640E-14,2.75E-2,6.E0));
#7521=DIRECTION('',(0.E0,-9.701425001453E-1,2.425356250363E-1));
#7522=DIRECTION('',(0.E0,2.425356250363E-1,9.701425001453E-1));
#7523=AXIS2_PLACEMENT_3D('',#7520,#7521,#7522);
#7524=PLANE('',#7523);
#7525=ORIENTED_EDGE('',*,*,#7468,.T.);
#7526=ORIENTED_EDGE('',*,*,#7286,.F.);
#7527=ORIENTED_EDGE('',*,*,#7303,.F.);
#7528=ORIENTED_EDGE('',*,*,#7515,.F.);
#7529=EDGE_LOOP('',(#7525,#7526,#7527,#7528));
#7530=FACE_OUTER_BOUND('',#7529,.F.);
#7531=ADVANCED_FACE('',(#7530),#7524,.T.);
#7532=CARTESIAN_POINT('',(2.175E-1,-5.775E0,-5.06E0));
#7533=DIRECTION('',(9.701425001453E-1,-2.425356250363E-1,0.E0));
#7534=DIRECTION('',(-2.425356250363E-1,-9.701425001453E-1,0.E0));
#7535=AXIS2_PLACEMENT_3D('',#7532,#7533,#7534);
#7536=PLANE('',#7535);
#7538=ORIENTED_EDGE('',*,*,#7537,.F.);
#7539=ORIENTED_EDGE('',*,*,#7414,.T.);
#7540=ORIENTED_EDGE('',*,*,#7495,.T.);
#7541=ORIENTED_EDGE('',*,*,#7388,.T.);
#7542=EDGE_LOOP('',(#7538,#7539,#7540,#7541));
#7543=FACE_OUTER_BOUND('',#7542,.F.);
#7544=ADVANCED_FACE('',(#7543),#7536,.T.);
#7545=CARTESIAN_POINT('',(-3.175E-1,-6.175E0,-4.7425E0));
#7546=DIRECTION('',(0.E0,-1.E0,0.E0));
#7547=DIRECTION('',(0.E0,0.E0,-1.E0));
#7548=AXIS2_PLACEMENT_3D('',#7545,#7546,#7547);
#7549=PLANE('',#7548);
#7550=ORIENTED_EDGE('',*,*,#7386,.T.);
#7551=ORIENTED_EDGE('',*,*,#7401,.T.);
#7552=ORIENTED_EDGE('',*,*,#7416,.F.);
#7553=ORIENTED_EDGE('',*,*,#7537,.T.);
#7554=EDGE_LOOP('',(#7550,#7551,#7552,#7553));
#7555=FACE_OUTER_BOUND('',#7554,.F.);
#7556=ADVANCED_FACE('',(#7555),#7549,.T.);
#7557=CARTESIAN_POINT('',(-1.98E0,-1.275E0,0.E0));
#7558=DIRECTION('',(9.999619230642E-1,0.E0,-8.726535498374E-3));
#7559=DIRECTION('',(0.E0,1.E0,0.E0));
#7560=AXIS2_PLACEMENT_3D('',#7557,#7558,#7559);
#7561=PLANE('',#7560);
#7562=ORIENTED_EDGE('',*,*,#4856,.F.);
#7564=ORIENTED_EDGE('',*,*,#7563,.T.);
#7565=ORIENTED_EDGE('',*,*,#5921,.F.);
#7566=ORIENTED_EDGE('',*,*,#5959,.F.);
#7567=ORIENTED_EDGE('',*,*,#6094,.F.);
#7568=ORIENTED_EDGE('',*,*,#7140,.F.);
#7569=EDGE_LOOP('',(#7562,#7564,#7565,#7566,#7567,#7568));
#7570=FACE_OUTER_BOUND('',#7569,.F.);
#7571=ADVANCED_FACE('',(#7570),#7561,.F.);
#7572=CARTESIAN_POINT('',(-5.02E0,-1.275E0,0.E0));
#7573=DIRECTION('',(0.E0,-9.999619230642E-1,-8.726535498374E-3));
#7574=DIRECTION('',(1.E0,0.E0,0.E0));
#7575=AXIS2_PLACEMENT_3D('',#7572,#7573,#7574);
#7576=PLANE('',#7575);
#7577=ORIENTED_EDGE('',*,*,#4854,.F.);
#7578=ORIENTED_EDGE('',*,*,#5943,.T.);
#7579=ORIENTED_EDGE('',*,*,#5923,.F.);
#7580=ORIENTED_EDGE('',*,*,#7563,.F.);
#7581=EDGE_LOOP('',(#7577,#7578,#7579,#7580));
#7582=FACE_OUTER_BOUND('',#7581,.F.);
#7583=ADVANCED_FACE('',(#7582),#7576,.F.);
#7584=CARTESIAN_POINT('',(0.E0,0.E0,0.E0));
#7585=DIRECTION('',(0.E0,0.E0,1.E0));
#7586=DIRECTION('',(1.E0,0.E0,0.E0));
#7587=AXIS2_PLACEMENT_3D('',#7584,#7585,#7586);
#7588=PLANE('',#7587);
#7589=ORIENTED_EDGE('',*,*,#7126,.T.);
#7590=ORIENTED_EDGE('',*,*,#7069,.T.);
#7591=ORIENTED_EDGE('',*,*,#7096,.T.);
#7592=ORIENTED_EDGE('',*,*,#7110,.T.);
#7593=EDGE_LOOP('',(#7589,#7590,#7591,#7592));
#7594=FACE_OUTER_BOUND('',#7593,.F.);
#7596=ORIENTED_EDGE('',*,*,#7595,.F.);
#7598=ORIENTED_EDGE('',*,*,#7597,.T.);
#7600=ORIENTED_EDGE('',*,*,#7599,.T.);
#7602=ORIENTED_EDGE('',*,*,#7601,.F.);
#7603=EDGE_LOOP('',(#7596,#7598,#7600,#7602));
#7604=FACE_BOUND('',#7603,.F.);
#7605=ADVANCED_FACE('',(#7594,#7604),#7588,.T.);
#7606=CARTESIAN_POINT('',(3.1825E0,0.E0,0.E0));
#7607=DIRECTION('',(1.E0,0.E0,0.E0));
#7608=DIRECTION('',(0.E0,0.E0,-1.E0));
#7609=AXIS2_PLACEMENT_3D('',#7606,#7607,#7608);
#7610=PLANE('',#7609);
#7612=ORIENTED_EDGE('',*,*,#7611,.F.);
#7614=ORIENTED_EDGE('',*,*,#7613,.T.);
#7615=ORIENTED_EDGE('',*,*,#7595,.T.);
#7617=ORIENTED_EDGE('',*,*,#7616,.T.);
#7618=EDGE_LOOP('',(#7612,#7614,#7615,#7617));
#7619=FACE_OUTER_BOUND('',#7618,.F.);
#7620=ADVANCED_FACE('',(#7619),#7610,.F.);
#7621=CARTESIAN_POINT('',(3.1825E0,0.E0,0.E0));
#7622=DIRECTION('',(1.E0,0.E0,0.E0));
#7623=DIRECTION('',(0.E0,0.E0,-1.E0));
#7624=AXIS2_PLACEMENT_3D('',#7621,#7622,#7623);
#7625=PLANE('',#7624);
#7627=ORIENTED_EDGE('',*,*,#7626,.F.);
#7629=ORIENTED_EDGE('',*,*,#7628,.T.);
#7631=ORIENTED_EDGE('',*,*,#7630,.T.);
#7633=ORIENTED_EDGE('',*,*,#7632,.T.);
#7634=ORIENTED_EDGE('',*,*,#5164,.F.);
#7636=ORIENTED_EDGE('',*,*,#7635,.T.);
#7638=ORIENTED_EDGE('',*,*,#7637,.T.);
#7640=ORIENTED_EDGE('',*,*,#7639,.T.);
#7641=EDGE_LOOP('',(#7627,#7629,#7631,#7633,#7634,#7636,#7638,#7640));
#7642=FACE_OUTER_BOUND('',#7641,.F.);
#7643=ADVANCED_FACE('',(#7642),#7625,.F.);
#7644=CARTESIAN_POINT('',(3.2825E0,2.45E-1,6.E0));
#7645=DIRECTION('',(-9.701425001453E-1,0.E0,2.425356250363E-1));
#7646=DIRECTION('',(2.425356250363E-1,0.E0,9.701425001453E-1));
#7647=AXIS2_PLACEMENT_3D('',#7644,#7645,#7646);
#7648=PLANE('',#7647);
#7650=ORIENTED_EDGE('',*,*,#7649,.F.);
#7652=ORIENTED_EDGE('',*,*,#7651,.T.);
#7653=ORIENTED_EDGE('',*,*,#7611,.T.);
#7655=ORIENTED_EDGE('',*,*,#7654,.T.);
#7656=EDGE_LOOP('',(#7650,#7652,#7653,#7655));
#7657=FACE_OUTER_BOUND('',#7656,.F.);
#7658=ADVANCED_FACE('',(#7657),#7648,.T.);
#7659=CARTESIAN_POINT('',(3.1825E0,5.625E-1,6.4E0));
#7660=DIRECTION('',(0.E0,0.E0,1.E0));
#7661=DIRECTION('',(0.E0,-1.E0,0.E0));
#7662=AXIS2_PLACEMENT_3D('',#7659,#7660,#7661);
#7663=PLANE('',#7662);
#7665=ORIENTED_EDGE('',*,*,#7664,.F.);
#7667=ORIENTED_EDGE('',*,*,#7666,.T.);
#7669=ORIENTED_EDGE('',*,*,#7668,.T.);
#7670=ORIENTED_EDGE('',*,*,#7649,.T.);
#7671=EDGE_LOOP('',(#7665,#7667,#7669,#7670));
#7672=FACE_OUTER_BOUND('',#7671,.F.);
#7673=ADVANCED_FACE('',(#7672),#7663,.T.);
#7674=CARTESIAN_POINT('',(3.5E0,4.625E-1,6.E0));
#7675=DIRECTION('',(0.E0,9.701425001453E-1,2.425356250363E-1));
#7676=DIRECTION('',(0.E0,2.425356250363E-1,-9.701425001453E-1));
#7677=AXIS2_PLACEMENT_3D('',#7674,#7675,#7676);
#7678=PLANE('',#7677);
#7679=ORIENTED_EDGE('',*,*,#7664,.T.);
#7680=ORIENTED_EDGE('',*,*,#7654,.F.);
#7682=ORIENTED_EDGE('',*,*,#7681,.F.);
#7684=ORIENTED_EDGE('',*,*,#7683,.F.);
#7685=EDGE_LOOP('',(#7679,#7680,#7682,#7684));
#7686=FACE_OUTER_BOUND('',#7685,.F.);
#7687=ADVANCED_FACE('',(#7686),#7678,.T.);
#7688=CARTESIAN_POINT('',(3.1825E0,5.625E-1,-4.2425E0));
#7689=DIRECTION('',(0.E0,1.E0,0.E0));
#7690=DIRECTION('',(0.E0,0.E0,1.E0));
#7691=AXIS2_PLACEMENT_3D('',#7688,#7689,#7690);
#7692=PLANE('',#7691);
#7693=ORIENTED_EDGE('',*,*,#5166,.F.);
#7694=ORIENTED_EDGE('',*,*,#7632,.F.);
#7696=ORIENTED_EDGE('',*,*,#7695,.T.);
#7698=ORIENTED_EDGE('',*,*,#7697,.T.);
#7699=EDGE_LOOP('',(#7693,#7694,#7696,#7698));
#7700=FACE_OUTER_BOUND('',#7699,.F.);
#7701=ADVANCED_FACE('',(#7700),#7692,.T.);
#7702=CARTESIAN_POINT('',(3.1825E0,5.625E-1,-4.2425E0));
#7703=DIRECTION('',(0.E0,1.E0,0.E0));
#7704=DIRECTION('',(0.E0,0.E0,1.E0));
#7705=AXIS2_PLACEMENT_3D('',#7702,#7703,#7704);
#7706=PLANE('',#7705);
#7707=ORIENTED_EDGE('',*,*,#7681,.T.);
#7708=ORIENTED_EDGE('',*,*,#7616,.F.);
#7709=ORIENTED_EDGE('',*,*,#7601,.T.);
#7711=ORIENTED_EDGE('',*,*,#7710,.T.);
#7712=EDGE_LOOP('',(#7707,#7708,#7709,#7711));
#7713=FACE_OUTER_BOUND('',#7712,.F.);
#7714=ADVANCED_FACE('',(#7713),#7706,.T.);
#7715=CARTESIAN_POINT('',(3.1825E0,-5.725E-1,-4.2425E0));
#7716=DIRECTION('',(1.E0,0.E0,0.E0));
#7717=DIRECTION('',(0.E0,0.E0,-1.E0));
#7718=AXIS2_PLACEMENT_3D('',#7715,#7716,#7717);
#7719=CYLINDRICAL_SURFACE('',#7718,1.135E0);
#7720=ORIENTED_EDGE('',*,*,#7630,.F.);
#7722=ORIENTED_EDGE('',*,*,#7721,.T.);
#7724=ORIENTED_EDGE('',*,*,#7723,.T.);
#7725=ORIENTED_EDGE('',*,*,#7695,.F.);
#7726=EDGE_LOOP('',(#7720,#7722,#7724,#7725));
#7727=FACE_OUTER_BOUND('',#7726,.F.);
#7728=ADVANCED_FACE('',(#7727),#7719,.T.);
#7729=CARTESIAN_POINT('',(3.1825E0,-6.175E0,-5.3775E0));
#7730=DIRECTION('',(0.E0,0.E0,-1.E0));
#7731=DIRECTION('',(0.E0,1.E0,0.E0));
#7732=AXIS2_PLACEMENT_3D('',#7729,#7730,#7731);
#7733=PLANE('',#7732);
#7735=ORIENTED_EDGE('',*,*,#7734,.F.);
#7737=ORIENTED_EDGE('',*,*,#7736,.T.);
#7738=ORIENTED_EDGE('',*,*,#7721,.F.);
#7739=ORIENTED_EDGE('',*,*,#7628,.F.);
#7740=EDGE_LOOP('',(#7735,#7737,#7738,#7739));
#7741=FACE_OUTER_BOUND('',#7740,.F.);
#7742=ADVANCED_FACE('',(#7741),#7733,.T.);
#7743=CARTESIAN_POINT('',(3.5E0,-5.775E0,-5.2775E0));
#7744=DIRECTION('',(0.E0,-2.425356250363E-1,-9.701425001453E-1));
#7745=DIRECTION('',(0.E0,-9.701425001453E-1,2.425356250363E-1));
#7746=AXIS2_PLACEMENT_3D('',#7743,#7744,#7745);
#7747=PLANE('',#7746);
#7748=ORIENTED_EDGE('',*,*,#7734,.T.);
#7750=ORIENTED_EDGE('',*,*,#7749,.F.);
#7752=ORIENTED_EDGE('',*,*,#7751,.F.);
#7754=ORIENTED_EDGE('',*,*,#7753,.F.);
#7755=EDGE_LOOP('',(#7748,#7750,#7752,#7754));
#7756=FACE_OUTER_BOUND('',#7755,.F.);
#7757=ADVANCED_FACE('',(#7756),#7747,.T.);
#7758=CARTESIAN_POINT('',(3.2825E0,-5.775E0,-5.06E0));
#7759=DIRECTION('',(-9.701425001453E-1,-2.425356250363E-1,0.E0));
#7760=DIRECTION('',(2.425356250363E-1,-9.701425001453E-1,0.E0));
#7761=AXIS2_PLACEMENT_3D('',#7758,#7759,#7760);
#7762=PLANE('',#7761);
#7763=ORIENTED_EDGE('',*,*,#7626,.T.);
#7765=ORIENTED_EDGE('',*,*,#7764,.F.);
#7767=ORIENTED_EDGE('',*,*,#7766,.F.);
#7768=ORIENTED_EDGE('',*,*,#7749,.T.);
#7769=EDGE_LOOP('',(#7763,#7765,#7767,#7768));
#7770=FACE_OUTER_BOUND('',#7769,.F.);
#7771=ADVANCED_FACE('',(#7770),#7762,.T.);
#7772=CARTESIAN_POINT('',(3.5E0,-5.775E0,-4.8425E0));
#7773=DIRECTION('',(0.E0,-2.425356250363E-1,9.701425001453E-1));
#7774=DIRECTION('',(0.E0,9.701425001453E-1,2.425356250363E-1));
#7775=AXIS2_PLACEMENT_3D('',#7772,#7773,#7774);
#7776=PLANE('',#7775);
#7778=ORIENTED_EDGE('',*,*,#7777,.F.);
#7780=ORIENTED_EDGE('',*,*,#7779,.F.);
#7782=ORIENTED_EDGE('',*,*,#7781,.T.);
#7783=ORIENTED_EDGE('',*,*,#7764,.T.);
#7784=EDGE_LOOP('',(#7778,#7780,#7782,#7783));
#7785=FACE_OUTER_BOUND('',#7784,.F.);
#7786=ADVANCED_FACE('',(#7785),#7776,.T.);
#7787=CARTESIAN_POINT('',(3.1825E0,-5.725E-1,-4.7425E0));
#7788=DIRECTION('',(0.E0,0.E0,1.E0));
#7789=DIRECTION('',(0.E0,-1.E0,0.E0));
#7790=AXIS2_PLACEMENT_3D('',#7787,#7788,#7789);
#7791=PLANE('',#7790);
#7792=ORIENTED_EDGE('',*,*,#7777,.T.);
#7793=ORIENTED_EDGE('',*,*,#7639,.F.);
#7795=ORIENTED_EDGE('',*,*,#7794,.T.);
#7797=ORIENTED_EDGE('',*,*,#7796,.T.);
#7798=EDGE_LOOP('',(#7792,#7793,#7795,#7797));
#7799=FACE_OUTER_BOUND('',#7798,.F.);
#7800=ADVANCED_FACE('',(#7799),#7791,.T.);
#7801=CARTESIAN_POINT('',(3.1825E0,-5.725E-1,-4.2425E0));
#7802=DIRECTION('',(1.E0,0.E0,0.E0));
#7803=DIRECTION('',(0.E0,0.E0,-1.E0));
#7804=AXIS2_PLACEMENT_3D('',#7801,#7802,#7803);
#7805=CYLINDRICAL_SURFACE('',#7804,5.E-1);
#7806=ORIENTED_EDGE('',*,*,#7637,.F.);
#7808=ORIENTED_EDGE('',*,*,#7807,.T.);
#7810=ORIENTED_EDGE('',*,*,#7809,.T.);
#7811=ORIENTED_EDGE('',*,*,#7794,.F.);
#7812=EDGE_LOOP('',(#7806,#7808,#7810,#7811));
#7813=FACE_OUTER_BOUND('',#7812,.F.);
#7814=ADVANCED_FACE('',(#7813),#7805,.F.);
#7815=CARTESIAN_POINT('',(3.1825E0,-7.25E-2,6.4E0));
#7816=DIRECTION('',(0.E0,-1.E0,0.E0));
#7817=DIRECTION('',(0.E0,0.E0,-1.E0));
#7818=AXIS2_PLACEMENT_3D('',#7815,#7816,#7817);
#7819=PLANE('',#7818);
#7820=ORIENTED_EDGE('',*,*,#5170,.T.);
#7822=ORIENTED_EDGE('',*,*,#7821,.T.);
#7823=ORIENTED_EDGE('',*,*,#7807,.F.);
#7824=ORIENTED_EDGE('',*,*,#7635,.F.);
#7825=EDGE_LOOP('',(#7820,#7822,#7823,#7824));
#7826=FACE_OUTER_BOUND('',#7825,.F.);
#7827=ADVANCED_FACE('',(#7826),#7819,.T.);
#7828=CARTESIAN_POINT('',(3.1825E0,-7.25E-2,6.4E0));
#7829=DIRECTION('',(0.E0,-1.E0,0.E0));
#7830=DIRECTION('',(0.E0,0.E0,-1.E0));
#7831=AXIS2_PLACEMENT_3D('',#7828,#7829,#7830);
#7832=PLANE('',#7831);
#7834=ORIENTED_EDGE('',*,*,#7833,.F.);
#7836=ORIENTED_EDGE('',*,*,#7835,.T.);
#7837=ORIENTED_EDGE('',*,*,#7597,.F.);
#7838=ORIENTED_EDGE('',*,*,#7613,.F.);
#7839=EDGE_LOOP('',(#7834,#7836,#7837,#7838));
#7840=FACE_OUTER_BOUND('',#7839,.F.);
#7841=ADVANCED_FACE('',(#7840),#7832,.T.);
#7842=CARTESIAN_POINT('',(3.8175E0,0.E0,0.E0));
#7843=DIRECTION('',(1.E0,0.E0,0.E0));
#7844=DIRECTION('',(0.E0,0.E0,-1.E0));
#7845=AXIS2_PLACEMENT_3D('',#7842,#7843,#7844);
#7846=PLANE('',#7845);
#7848=ORIENTED_EDGE('',*,*,#7847,.F.);
#7849=ORIENTED_EDGE('',*,*,#7710,.F.);
#7850=ORIENTED_EDGE('',*,*,#7599,.F.);
#7851=ORIENTED_EDGE('',*,*,#7835,.F.);
#7852=EDGE_LOOP('',(#7848,#7849,#7850,#7851));
#7853=FACE_OUTER_BOUND('',#7852,.F.);
#7854=ADVANCED_FACE('',(#7853),#7846,.T.);
#7855=CARTESIAN_POINT('',(3.8175E0,0.E0,0.E0));
#7856=DIRECTION('',(1.E0,0.E0,0.E0));
#7857=DIRECTION('',(0.E0,0.E0,-1.E0));
#7858=AXIS2_PLACEMENT_3D('',#7855,#7856,#7857);
#7859=PLANE('',#7858);
#7861=ORIENTED_EDGE('',*,*,#7860,.F.);
#7862=ORIENTED_EDGE('',*,*,#7796,.F.);
#7863=ORIENTED_EDGE('',*,*,#7809,.F.);
#7864=ORIENTED_EDGE('',*,*,#7821,.F.);
#7865=ORIENTED_EDGE('',*,*,#5168,.T.);
#7866=ORIENTED_EDGE('',*,*,#7697,.F.);
#7867=ORIENTED_EDGE('',*,*,#7723,.F.);
#7868=ORIENTED_EDGE('',*,*,#7736,.F.);
#7869=EDGE_LOOP('',(#7861,#7862,#7863,#7864,#7865,#7866,#7867,#7868));
#7870=FACE_OUTER_BOUND('',#7869,.F.);
#7871=ADVANCED_FACE('',(#7870),#7859,.T.);
#7872=CARTESIAN_POINT('',(3.7175E0,2.45E-1,6.E0));
#7873=DIRECTION('',(9.701425001453E-1,0.E0,2.425356250363E-1));
#7874=DIRECTION('',(-2.425356250363E-1,0.E0,9.701425001453E-1));
#7875=AXIS2_PLACEMENT_3D('',#7872,#7873,#7874);
#7876=PLANE('',#7875);
#7877=ORIENTED_EDGE('',*,*,#7666,.F.);
#7878=ORIENTED_EDGE('',*,*,#7683,.T.);
#7879=ORIENTED_EDGE('',*,*,#7847,.T.);
#7881=ORIENTED_EDGE('',*,*,#7880,.T.);
#7882=EDGE_LOOP('',(#7877,#7878,#7879,#7881));
#7883=FACE_OUTER_BOUND('',#7882,.F.);
#7884=ADVANCED_FACE('',(#7883),#7876,.T.);
#7885=CARTESIAN_POINT('',(3.5E0,2.75E-2,6.E0));
#7886=DIRECTION('',(0.E0,-9.701425001453E-1,2.425356250363E-1));
#7887=DIRECTION('',(0.E0,2.425356250363E-1,9.701425001453E-1));
#7888=AXIS2_PLACEMENT_3D('',#7885,#7886,#7887);
#7889=PLANE('',#7888);
#7890=ORIENTED_EDGE('',*,*,#7833,.T.);
#7891=ORIENTED_EDGE('',*,*,#7651,.F.);
#7892=ORIENTED_EDGE('',*,*,#7668,.F.);
#7893=ORIENTED_EDGE('',*,*,#7880,.F.);
#7894=EDGE_LOOP('',(#7890,#7891,#7892,#7893));
#7895=FACE_OUTER_BOUND('',#7894,.F.);
#7896=ADVANCED_FACE('',(#7895),#7889,.T.);
#7897=CARTESIAN_POINT('',(3.7175E0,-5.775E0,-5.06E0));
#7898=DIRECTION('',(9.701425001453E-1,-2.425356250363E-1,0.E0));
#7899=DIRECTION('',(-2.425356250363E-1,-9.701425001453E-1,0.E0));
#7900=AXIS2_PLACEMENT_3D('',#7897,#7898,#7899);
#7901=PLANE('',#7900);
#7903=ORIENTED_EDGE('',*,*,#7902,.F.);
#7904=ORIENTED_EDGE('',*,*,#7779,.T.);
#7905=ORIENTED_EDGE('',*,*,#7860,.T.);
#7906=ORIENTED_EDGE('',*,*,#7753,.T.);
#7907=EDGE_LOOP('',(#7903,#7904,#7905,#7906));
#7908=FACE_OUTER_BOUND('',#7907,.F.);
#7909=ADVANCED_FACE('',(#7908),#7901,.T.);
#7910=CARTESIAN_POINT('',(3.1825E0,-6.175E0,-4.7425E0));
#7911=DIRECTION('',(0.E0,-1.E0,0.E0));
#7912=DIRECTION('',(0.E0,0.E0,-1.E0));
#7913=AXIS2_PLACEMENT_3D('',#7910,#7911,#7912);
#7914=PLANE('',#7913);
#7915=ORIENTED_EDGE('',*,*,#7751,.T.);
#7916=ORIENTED_EDGE('',*,*,#7766,.T.);
#7917=ORIENTED_EDGE('',*,*,#7781,.F.);
#7918=ORIENTED_EDGE('',*,*,#7902,.T.);
#7919=EDGE_LOOP('',(#7915,#7916,#7917,#7918));
#7920=FACE_OUTER_BOUND('',#7919,.F.);
#7921=ADVANCED_FACE('',(#7920),#7914,.T.);
#7922=CARTESIAN_POINT('',(-3.2825E0,-5.775E0,-5.06E0));
#7923=DIRECTION('',(9.701425001453E-1,-2.425356250363E-1,0.E0));
#7924=DIRECTION('',(-2.425356250363E-1,-9.701425001453E-1,0.E0));
#7925=AXIS2_PLACEMENT_3D('',#7922,#7923,#7924);
#7926=PLANE('',#7925);
#7928=ORIENTED_EDGE('',*,*,#7927,.F.);
#7929=ORIENTED_EDGE('',*,*,#5792,.T.);
#7930=ORIENTED_EDGE('',*,*,#5875,.T.);
#7931=ORIENTED_EDGE('',*,*,#5766,.T.);
#7932=EDGE_LOOP('',(#7928,#7929,#7930,#7931));
#7933=FACE_OUTER_BOUND('',#7932,.F.);
#7934=ADVANCED_FACE('',(#7933),#7926,.T.);
#7935=CARTESIAN_POINT('',(-3.8175E0,-6.175E0,-4.7425E0));
#7936=DIRECTION('',(0.E0,-1.E0,0.E0));
#7937=DIRECTION('',(0.E0,0.E0,-1.E0));
#7938=AXIS2_PLACEMENT_3D('',#7935,#7936,#7937);
#7939=PLANE('',#7938);
#7940=ORIENTED_EDGE('',*,*,#5764,.T.);
#7941=ORIENTED_EDGE('',*,*,#5779,.T.);
#7942=ORIENTED_EDGE('',*,*,#5794,.F.);
#7943=ORIENTED_EDGE('',*,*,#7927,.T.);
#7944=EDGE_LOOP('',(#7940,#7941,#7942,#7943));
#7945=FACE_OUTER_BOUND('',#7944,.F.);
#7946=ADVANCED_FACE('',(#7945),#7939,.T.);
#7947=CARTESIAN_POINT('',(7.3175E0,0.E0,0.E0));
#7948=DIRECTION('',(1.E0,0.E0,0.E0));
#7949=DIRECTION('',(0.E0,0.E0,-1.E0));
#7950=AXIS2_PLACEMENT_3D('',#7947,#7948,#7949);
#7951=PLANE('',#7950);
#7953=ORIENTED_EDGE('',*,*,#7952,.F.);
#7954=ORIENTED_EDGE('',*,*,#5116,.F.);
#7955=ORIENTED_EDGE('',*,*,#5003,.F.);
#7957=ORIENTED_EDGE('',*,*,#7956,.F.);
#7958=EDGE_LOOP('',(#7953,#7954,#7955,#7957));
#7959=FACE_OUTER_BOUND('',#7958,.F.);
#7960=ADVANCED_FACE('',(#7959),#7951,.T.);
#7961=CARTESIAN_POINT('',(7.3175E0,0.E0,0.E0));
#7962=DIRECTION('',(1.E0,0.E0,0.E0));
#7963=DIRECTION('',(0.E0,0.E0,-1.E0));
#7964=AXIS2_PLACEMENT_3D('',#7961,#7962,#7963);
#7965=PLANE('',#7964);
#7967=ORIENTED_EDGE('',*,*,#7966,.F.);
#7969=ORIENTED_EDGE('',*,*,#7968,.F.);
#7971=ORIENTED_EDGE('',*,*,#7970,.F.);
#7973=ORIENTED_EDGE('',*,*,#7972,.F.);
#7974=ORIENTED_EDGE('',*,*,#5176,.T.);
#7975=ORIENTED_EDGE('',*,*,#5103,.F.);
#7977=ORIENTED_EDGE('',*,*,#7976,.F.);
#7979=ORIENTED_EDGE('',*,*,#7978,.F.);
#7980=EDGE_LOOP('',(#7967,#7969,#7971,#7973,#7974,#7975,#7977,#7979));
#7981=FACE_OUTER_BOUND('',#7980,.F.);
#7982=ADVANCED_FACE('',(#7981),#7965,.T.);
#7983=CARTESIAN_POINT('',(7.2175E0,2.45E-1,6.E0));
#7984=DIRECTION('',(9.701425001453E-1,0.E0,2.425356250363E-1));
#7985=DIRECTION('',(-2.425356250363E-1,0.E0,9.701425001453E-1));
#7986=AXIS2_PLACEMENT_3D('',#7983,#7984,#7985);
#7987=PLANE('',#7986);
#7988=ORIENTED_EDGE('',*,*,#5071,.F.);
#7989=ORIENTED_EDGE('',*,*,#5088,.T.);
#7990=ORIENTED_EDGE('',*,*,#7952,.T.);
#7992=ORIENTED_EDGE('',*,*,#7991,.T.);
#7993=EDGE_LOOP('',(#7988,#7989,#7990,#7992));
#7994=FACE_OUTER_BOUND('',#7993,.F.);
#7995=ADVANCED_FACE('',(#7994),#7987,.T.);
#7996=CARTESIAN_POINT('',(7.E0,2.75E-2,6.E0));
#7997=DIRECTION('',(0.E0,-9.701425001453E-1,2.425356250363E-1));
#7998=DIRECTION('',(0.E0,2.425356250363E-1,9.701425001453E-1));
#7999=AXIS2_PLACEMENT_3D('',#7996,#7997,#7998);
#8000=PLANE('',#7999);
#8002=ORIENTED_EDGE('',*,*,#8001,.T.);
#8003=ORIENTED_EDGE('',*,*,#5056,.F.);
#8004=ORIENTED_EDGE('',*,*,#5073,.F.);
#8005=ORIENTED_EDGE('',*,*,#7991,.F.);
#8006=EDGE_LOOP('',(#8002,#8003,#8004,#8005));
#8007=FACE_OUTER_BOUND('',#8006,.F.);
#8008=ADVANCED_FACE('',(#8007),#8000,.T.);
#8009=CARTESIAN_POINT('',(6.6825E0,-7.25E-2,6.4E0));
#8010=DIRECTION('',(0.E0,-1.E0,0.E0));
#8011=DIRECTION('',(0.E0,0.E0,-1.E0));
#8012=AXIS2_PLACEMENT_3D('',#8009,#8010,#8011);
#8013=PLANE('',#8012);
#8014=ORIENTED_EDGE('',*,*,#5178,.T.);
#8015=ORIENTED_EDGE('',*,*,#7972,.T.);
#8017=ORIENTED_EDGE('',*,*,#8016,.F.);
#8018=ORIENTED_EDGE('',*,*,#5040,.F.);
#8019=EDGE_LOOP('',(#8014,#8015,#8017,#8018));
#8020=FACE_OUTER_BOUND('',#8019,.F.);
#8021=ADVANCED_FACE('',(#8020),#8013,.T.);
#8022=CARTESIAN_POINT('',(6.6825E0,-7.25E-2,6.4E0));
#8023=DIRECTION('',(0.E0,-1.E0,0.E0));
#8024=DIRECTION('',(0.E0,0.E0,-1.E0));
#8025=AXIS2_PLACEMENT_3D('',#8022,#8023,#8024);
#8026=PLANE('',#8025);
#8027=ORIENTED_EDGE('',*,*,#8001,.F.);
#8028=ORIENTED_EDGE('',*,*,#7956,.T.);
#8029=ORIENTED_EDGE('',*,*,#5001,.F.);
#8030=ORIENTED_EDGE('',*,*,#5017,.F.);
#8031=EDGE_LOOP('',(#8027,#8028,#8029,#8030));
#8032=FACE_OUTER_BOUND('',#8031,.F.);
#8033=ADVANCED_FACE('',(#8032),#8026,.T.);
#8034=CARTESIAN_POINT('',(6.6825E0,-5.725E-1,-4.2425E0));
#8035=DIRECTION('',(1.E0,0.E0,0.E0));
#8036=DIRECTION('',(0.E0,0.E0,-1.E0));
#8037=AXIS2_PLACEMENT_3D('',#8034,#8035,#8036);
#8038=CYLINDRICAL_SURFACE('',#8037,5.E-1);
#8039=ORIENTED_EDGE('',*,*,#5042,.F.);
#8040=ORIENTED_EDGE('',*,*,#8016,.T.);
#8041=ORIENTED_EDGE('',*,*,#7970,.T.);
#8043=ORIENTED_EDGE('',*,*,#8042,.F.);
#8044=EDGE_LOOP('',(#8039,#8040,#8041,#8043));
#8045=FACE_OUTER_BOUND('',#8044,.F.);
#8046=ADVANCED_FACE('',(#8045),#8038,.F.);
#8047=CARTESIAN_POINT('',(6.6825E0,-5.725E-1,-4.7425E0));
#8048=DIRECTION('',(0.E0,0.E0,1.E0));
#8049=DIRECTION('',(0.E0,-1.E0,0.E0));
#8050=AXIS2_PLACEMENT_3D('',#8047,#8048,#8049);
#8051=PLANE('',#8050);
#8053=ORIENTED_EDGE('',*,*,#8052,.T.);
#8054=ORIENTED_EDGE('',*,*,#5044,.F.);
#8055=ORIENTED_EDGE('',*,*,#8042,.T.);
#8056=ORIENTED_EDGE('',*,*,#7968,.T.);
#8057=EDGE_LOOP('',(#8053,#8054,#8055,#8056));
#8058=FACE_OUTER_BOUND('',#8057,.F.);
#8059=ADVANCED_FACE('',(#8058),#8051,.T.);
#8060=CARTESIAN_POINT('',(7.E0,-5.775E0,-4.8425E0));
#8061=DIRECTION('',(0.E0,-2.425356250363E-1,9.701425001453E-1));
#8062=DIRECTION('',(0.E0,9.701425001453E-1,2.425356250363E-1));
#8063=AXIS2_PLACEMENT_3D('',#8060,#8061,#8062);
#8064=PLANE('',#8063);
#8065=ORIENTED_EDGE('',*,*,#8052,.F.);
#8067=ORIENTED_EDGE('',*,*,#8066,.F.);
#8069=ORIENTED_EDGE('',*,*,#8068,.T.);
#8071=ORIENTED_EDGE('',*,*,#8070,.T.);
#8072=EDGE_LOOP('',(#8065,#8067,#8069,#8071));
#8073=FACE_OUTER_BOUND('',#8072,.F.);
#8074=ADVANCED_FACE('',(#8073),#8064,.T.);
#8075=CARTESIAN_POINT('',(7.2175E0,-5.775E0,-5.06E0));
#8076=DIRECTION('',(9.701425001453E-1,-2.425356250363E-1,0.E0));
#8077=DIRECTION('',(-2.425356250363E-1,-9.701425001453E-1,0.E0));
#8078=AXIS2_PLACEMENT_3D('',#8075,#8076,#8077);
#8079=PLANE('',#8078);
#8081=ORIENTED_EDGE('',*,*,#8080,.F.);
#8082=ORIENTED_EDGE('',*,*,#8066,.T.);
#8083=ORIENTED_EDGE('',*,*,#7966,.T.);
#8085=ORIENTED_EDGE('',*,*,#8084,.T.);
#8086=EDGE_LOOP('',(#8081,#8082,#8083,#8085));
#8087=FACE_OUTER_BOUND('',#8086,.F.);
#8088=ADVANCED_FACE('',(#8087),#8079,.T.);
#8089=CARTESIAN_POINT('',(6.6825E0,-6.175E0,-4.7425E0));
#8090=DIRECTION('',(0.E0,-1.E0,0.E0));
#8091=DIRECTION('',(0.E0,0.E0,-1.E0));
#8092=AXIS2_PLACEMENT_3D('',#8089,#8090,#8091);
#8093=PLANE('',#8092);
#8095=ORIENTED_EDGE('',*,*,#8094,.T.);
#8097=ORIENTED_EDGE('',*,*,#8096,.T.);
#8098=ORIENTED_EDGE('',*,*,#8068,.F.);
#8099=ORIENTED_EDGE('',*,*,#8080,.T.);
#8100=EDGE_LOOP('',(#8095,#8097,#8098,#8099));
#8101=FACE_OUTER_BOUND('',#8100,.F.);
#8102=ADVANCED_FACE('',(#8101),#8093,.T.);
#8103=CARTESIAN_POINT('',(7.E0,-5.775E0,-5.2775E0));
#8104=DIRECTION('',(0.E0,-2.425356250363E-1,-9.701425001453E-1));
#8105=DIRECTION('',(0.E0,-9.701425001453E-1,2.425356250363E-1));
#8106=AXIS2_PLACEMENT_3D('',#8103,#8104,#8105);
#8107=PLANE('',#8106);
#8109=ORIENTED_EDGE('',*,*,#8108,.T.);
#8111=ORIENTED_EDGE('',*,*,#8110,.F.);
#8112=ORIENTED_EDGE('',*,*,#8094,.F.);
#8113=ORIENTED_EDGE('',*,*,#8084,.F.);
#8114=EDGE_LOOP('',(#8109,#8111,#8112,#8113));
#8115=FACE_OUTER_BOUND('',#8114,.F.);
#8116=ADVANCED_FACE('',(#8115),#8107,.T.);
#8117=CARTESIAN_POINT('',(6.6825E0,-6.175E0,-5.3775E0));
#8118=DIRECTION('',(0.E0,0.E0,-1.E0));
#8119=DIRECTION('',(0.E0,1.E0,0.E0));
#8120=AXIS2_PLACEMENT_3D('',#8117,#8118,#8119);
#8121=PLANE('',#8120);
#8122=ORIENTED_EDGE('',*,*,#8108,.F.);
#8123=ORIENTED_EDGE('',*,*,#7978,.T.);
#8125=ORIENTED_EDGE('',*,*,#8124,.F.);
#8126=ORIENTED_EDGE('',*,*,#5032,.F.);
#8127=EDGE_LOOP('',(#8122,#8123,#8125,#8126));
#8128=FACE_OUTER_BOUND('',#8127,.F.);
#8129=ADVANCED_FACE('',(#8128),#8121,.T.);
#8130=CARTESIAN_POINT('',(6.6825E0,-5.725E-1,-4.2425E0));
#8131=DIRECTION('',(1.E0,0.E0,0.E0));
#8132=DIRECTION('',(0.E0,0.E0,-1.E0));
#8133=AXIS2_PLACEMENT_3D('',#8130,#8131,#8132);
#8134=CYLINDRICAL_SURFACE('',#8133,1.135E0);
#8135=ORIENTED_EDGE('',*,*,#5034,.F.);
#8136=ORIENTED_EDGE('',*,*,#8124,.T.);
#8137=ORIENTED_EDGE('',*,*,#7976,.T.);
#8138=ORIENTED_EDGE('',*,*,#5101,.F.);
#8139=EDGE_LOOP('',(#8135,#8136,#8137,#8138));
#8140=FACE_OUTER_BOUND('',#8139,.F.);
#8141=ADVANCED_FACE('',(#8140),#8134,.T.);
#8142=CARTESIAN_POINT('',(6.7825E0,-5.775E0,-5.06E0));
#8143=DIRECTION('',(-9.701425001453E-1,-2.425356250363E-1,0.E0));
#8144=DIRECTION('',(2.425356250363E-1,-9.701425001453E-1,0.E0));
#8145=AXIS2_PLACEMENT_3D('',#8142,#8143,#8144);
#8146=PLANE('',#8145);
#8147=ORIENTED_EDGE('',*,*,#5030,.T.);
#8148=ORIENTED_EDGE('',*,*,#8070,.F.);
#8149=ORIENTED_EDGE('',*,*,#8096,.F.);
#8150=ORIENTED_EDGE('',*,*,#8110,.T.);
#8151=EDGE_LOOP('',(#8147,#8148,#8149,#8150));
#8152=FACE_OUTER_BOUND('',#8151,.F.);
#8153=ADVANCED_FACE('',(#8152),#8146,.T.);
#8154=CARTESIAN_POINT('',(1.04E1,5.E-1,8.1E0));
#8155=DIRECTION('',(0.E0,1.E0,0.E0));
#8156=DIRECTION('',(-1.E0,0.E0,0.E0));
#8157=AXIS2_PLACEMENT_3D('',#8154,#8155,#8156);
#8158=PLANE('',#8157);
#8159=ORIENTED_EDGE('',*,*,#4734,.T.);
#8161=ORIENTED_EDGE('',*,*,#8160,.F.);
#8163=ORIENTED_EDGE('',*,*,#8162,.F.);
#8164=ORIENTED_EDGE('',*,*,#4887,.F.);
#8165=ORIENTED_EDGE('',*,*,#4820,.T.);
#8166=ORIENTED_EDGE('',*,*,#4695,.T.);
#8167=EDGE_LOOP('',(#8159,#8161,#8163,#8164,#8165,#8166));
#8168=FACE_OUTER_BOUND('',#8167,.F.);
#8169=ADVANCED_FACE('',(#8168),#8158,.F.);
#8170=CARTESIAN_POINT('',(9.25E0,3.3E-1,7.4E0));
#8171=DIRECTION('',(0.E0,0.E0,-1.E0));
#8172=DIRECTION('',(0.E0,1.E0,0.E0));
#8173=AXIS2_PLACEMENT_3D('',#8170,#8171,#8172);
#8174=PLANE('',#8173);
#8175=ORIENTED_EDGE('',*,*,#4732,.F.);
#8177=ORIENTED_EDGE('',*,*,#8176,.F.);
#8179=ORIENTED_EDGE('',*,*,#8178,.T.);
#8180=ORIENTED_EDGE('',*,*,#8160,.T.);
#8181=EDGE_LOOP('',(#8175,#8177,#8179,#8180));
#8182=FACE_OUTER_BOUND('',#8181,.F.);
#8183=ADVANCED_FACE('',(#8182),#8174,.F.);
#8184=CARTESIAN_POINT('',(9.25E0,3.3E-1,7.85E0));
#8185=DIRECTION('',(0.E0,-1.E0,0.E0));
#8186=DIRECTION('',(0.E0,0.E0,-1.E0));
#8187=AXIS2_PLACEMENT_3D('',#8184,#8185,#8186);
#8188=PLANE('',#8187);
#8190=ORIENTED_EDGE('',*,*,#8189,.F.);
#8192=ORIENTED_EDGE('',*,*,#8191,.T.);
#8193=ORIENTED_EDGE('',*,*,#8176,.T.);
#8194=ORIENTED_EDGE('',*,*,#4730,.F.);
#8195=EDGE_LOOP('',(#8190,#8192,#8193,#8194));
#8196=FACE_OUTER_BOUND('',#8195,.F.);
#8197=ADVANCED_FACE('',(#8196),#8188,.F.);
#8198=CARTESIAN_POINT('',(9.25E0,-3.3E-1,7.85E0));
#8199=DIRECTION('',(0.E0,0.E0,-1.E0));
#8200=DIRECTION('',(0.E0,1.E0,0.E0));
#8201=AXIS2_PLACEMENT_3D('',#8198,#8199,#8200);
#8202=PLANE('',#8201);
#8204=ORIENTED_EDGE('',*,*,#8203,.F.);
#8206=ORIENTED_EDGE('',*,*,#8205,.T.);
#8207=ORIENTED_EDGE('',*,*,#8189,.T.);
#8208=ORIENTED_EDGE('',*,*,#4728,.F.);
#8209=EDGE_LOOP('',(#8204,#8206,#8207,#8208));
#8210=FACE_OUTER_BOUND('',#8209,.F.);
#8211=ADVANCED_FACE('',(#8210),#8202,.F.);
#8212=CARTESIAN_POINT('',(9.25E0,-3.3E-1,7.4E0));
#8213=DIRECTION('',(0.E0,1.E0,0.E0));
#8214=DIRECTION('',(0.E0,0.E0,1.E0));
#8215=AXIS2_PLACEMENT_3D('',#8212,#8213,#8214);
#8216=PLANE('',#8215);
#8218=ORIENTED_EDGE('',*,*,#8217,.F.);
#8220=ORIENTED_EDGE('',*,*,#8219,.T.);
#8221=ORIENTED_EDGE('',*,*,#8203,.T.);
#8222=ORIENTED_EDGE('',*,*,#4726,.F.);
#8223=EDGE_LOOP('',(#8218,#8220,#8221,#8222));
#8224=FACE_OUTER_BOUND('',#8223,.F.);
#8225=ADVANCED_FACE('',(#8224),#8216,.F.);
#8226=CARTESIAN_POINT('',(9.25E0,-1.75E0,7.4E0));
#8227=DIRECTION('',(0.E0,0.E0,-1.E0));
#8228=DIRECTION('',(0.E0,1.E0,0.E0));
#8229=AXIS2_PLACEMENT_3D('',#8226,#8227,#8228);
#8230=PLANE('',#8229);
#8231=ORIENTED_EDGE('',*,*,#4724,.F.);
#8233=ORIENTED_EDGE('',*,*,#8232,.F.);
#8235=ORIENTED_EDGE('',*,*,#8234,.T.);
#8236=ORIENTED_EDGE('',*,*,#8217,.T.);
#8237=EDGE_LOOP('',(#8231,#8233,#8235,#8236));
#8238=FACE_OUTER_BOUND('',#8237,.F.);
#8239=ADVANCED_FACE('',(#8238),#8230,.F.);
#8240=CARTESIAN_POINT('',(9.25E0,-5.E-1,8.1E0));
#8241=DIRECTION('',(0.E0,-1.E0,0.E0));
#8242=DIRECTION('',(1.E0,0.E0,0.E0));
#8243=AXIS2_PLACEMENT_3D('',#8240,#8241,#8242);
#8244=PLANE('',#8243);
#8245=ORIENTED_EDGE('',*,*,#4722,.F.);
#8246=ORIENTED_EDGE('',*,*,#4683,.T.);
#8247=ORIENTED_EDGE('',*,*,#4804,.F.);
#8248=ORIENTED_EDGE('',*,*,#4891,.T.);
#8250=ORIENTED_EDGE('',*,*,#8249,.T.);
#8251=ORIENTED_EDGE('',*,*,#8232,.T.);
#8252=EDGE_LOOP('',(#8245,#8246,#8247,#8248,#8250,#8251));
#8253=FACE_OUTER_BOUND('',#8252,.F.);
#8254=ADVANCED_FACE('',(#8253),#8244,.F.);
#8255=CARTESIAN_POINT('',(9.25E0,5.E-1,8.1E0));
#8256=DIRECTION('',(-1.E0,0.E0,0.E0));
#8257=DIRECTION('',(0.E0,-1.E0,0.E0));
#8258=AXIS2_PLACEMENT_3D('',#8255,#8256,#8257);
#8259=PLANE('',#8258);
#8260=ORIENTED_EDGE('',*,*,#8234,.F.);
#8261=ORIENTED_EDGE('',*,*,#8249,.F.);
#8262=ORIENTED_EDGE('',*,*,#4889,.T.);
#8263=ORIENTED_EDGE('',*,*,#8162,.T.);
#8264=ORIENTED_EDGE('',*,*,#8178,.F.);
#8265=ORIENTED_EDGE('',*,*,#8191,.F.);
#8266=ORIENTED_EDGE('',*,*,#8205,.F.);
#8267=ORIENTED_EDGE('',*,*,#8219,.F.);
#8268=EDGE_LOOP('',(#8260,#8261,#8262,#8263,#8264,#8265,#8266,#8267));
#8269=FACE_OUTER_BOUND('',#8268,.F.);
#8270=ADVANCED_FACE('',(#8269),#8259,.F.);
#8271=CARTESIAN_POINT('',(9.25E0,0.E0,0.E0));
#8272=DIRECTION('',(-1.E0,0.E0,0.E0));
#8273=DIRECTION('',(0.E0,0.E0,1.E0));
#8274=AXIS2_PLACEMENT_3D('',#8271,#8272,#8273);
#8275=PLANE('',#8274);
#8277=ORIENTED_EDGE('',*,*,#8276,.F.);
#8278=ORIENTED_EDGE('',*,*,#4404,.T.);
#8280=ORIENTED_EDGE('',*,*,#8279,.F.);
#8282=ORIENTED_EDGE('',*,*,#8281,.F.);
#8284=ORIENTED_EDGE('',*,*,#8283,.F.);
#8286=ORIENTED_EDGE('',*,*,#8285,.F.);
#8287=EDGE_LOOP('',(#8277,#8278,#8280,#8282,#8284,#8286));
#8288=FACE_OUTER_BOUND('',#8287,.F.);
#8289=ADVANCED_FACE('',(#8288),#8275,.T.);
#8290=CARTESIAN_POINT('',(9.25E0,0.E0,0.E0));
#8291=DIRECTION('',(-1.E0,0.E0,0.E0));
#8292=DIRECTION('',(0.E0,0.E0,1.E0));
#8293=AXIS2_PLACEMENT_3D('',#8290,#8291,#8292);
#8294=PLANE('',#8293);
#8295=ORIENTED_EDGE('',*,*,#4675,.F.);
#8297=ORIENTED_EDGE('',*,*,#8296,.F.);
#8299=ORIENTED_EDGE('',*,*,#8298,.F.);
#8301=ORIENTED_EDGE('',*,*,#8300,.F.);
#8303=ORIENTED_EDGE('',*,*,#8302,.F.);
#8305=ORIENTED_EDGE('',*,*,#8304,.F.);
#8306=ORIENTED_EDGE('',*,*,#4769,.F.);
#8307=ORIENTED_EDGE('',*,*,#4789,.F.);
#8308=EDGE_LOOP('',(#8295,#8297,#8299,#8301,#8303,#8305,#8306,#8307));
#8309=FACE_OUTER_BOUND('',#8308,.F.);
#8310=ADVANCED_FACE('',(#8309),#8294,.T.);
#8311=CARTESIAN_POINT('',(9.25E0,-2.5E0,2.105E0));
#8312=DIRECTION('',(0.E0,0.E0,1.E0));
#8313=DIRECTION('',(0.E0,-1.E0,0.E0));
#8314=AXIS2_PLACEMENT_3D('',#8311,#8312,#8313);
#8315=PLANE('',#8314);
#8316=ORIENTED_EDGE('',*,*,#8276,.T.);
#8318=ORIENTED_EDGE('',*,*,#8317,.T.);
#8319=ORIENTED_EDGE('',*,*,#4747,.F.);
#8320=ORIENTED_EDGE('',*,*,#4406,.F.);
#8321=EDGE_LOOP('',(#8316,#8318,#8319,#8320));
#8322=FACE_OUTER_BOUND('',#8321,.F.);
#8323=ADVANCED_FACE('',(#8322),#8315,.F.);
#8324=CARTESIAN_POINT('',(9.25E0,-4.9E0,2.105E0));
#8325=DIRECTION('',(0.E0,1.961161351382E-1,9.805806756909E-1));
#8326=DIRECTION('',(0.E0,-9.805806756909E-1,1.961161351382E-1));
#8327=AXIS2_PLACEMENT_3D('',#8324,#8325,#8326);
#8328=PLANE('',#8327);
#8329=ORIENTED_EDGE('',*,*,#8285,.T.);
#8331=ORIENTED_EDGE('',*,*,#8330,.T.);
#8332=ORIENTED_EDGE('',*,*,#4749,.F.);
#8333=ORIENTED_EDGE('',*,*,#8317,.F.);
#8334=EDGE_LOOP('',(#8329,#8331,#8332,#8333));
#8335=FACE_OUTER_BOUND('',#8334,.F.);
#8336=ADVANCED_FACE('',(#8335),#8328,.F.);
#8337=CARTESIAN_POINT('',(9.25E0,-5.9E0,2.305E0));
#8338=DIRECTION('',(0.E0,1.E0,0.E0));
#8339=DIRECTION('',(0.E0,0.E0,1.E0));
#8340=AXIS2_PLACEMENT_3D('',#8337,#8338,#8339);
#8341=PLANE('',#8340);
#8342=ORIENTED_EDGE('',*,*,#8283,.T.);
#8344=ORIENTED_EDGE('',*,*,#8343,.T.);
#8345=ORIENTED_EDGE('',*,*,#4751,.F.);
#8346=ORIENTED_EDGE('',*,*,#8330,.F.);
#8347=EDGE_LOOP('',(#8342,#8344,#8345,#8346));
#8348=FACE_OUTER_BOUND('',#8347,.F.);
#8349=ADVANCED_FACE('',(#8348),#8341,.F.);
#8350=CARTESIAN_POINT('',(9.25E0,-5.9E0,3.405E0));
#8351=DIRECTION('',(0.E0,1.961161351382E-1,-9.805806756909E-1));
#8352=DIRECTION('',(0.E0,9.805806756909E-1,1.961161351382E-1));
#8353=AXIS2_PLACEMENT_3D('',#8350,#8351,#8352);
#8354=PLANE('',#8353);
#8355=ORIENTED_EDGE('',*,*,#8281,.T.);
#8357=ORIENTED_EDGE('',*,*,#8356,.T.);
#8358=ORIENTED_EDGE('',*,*,#4753,.F.);
#8359=ORIENTED_EDGE('',*,*,#8343,.F.);
#8360=EDGE_LOOP('',(#8355,#8357,#8358,#8359));
#8361=FACE_OUTER_BOUND('',#8360,.F.);
#8362=ADVANCED_FACE('',(#8361),#8354,.F.);
#8363=CARTESIAN_POINT('',(9.25E0,-4.9E0,3.605E0));
#8364=DIRECTION('',(0.E0,0.E0,-1.E0));
#8365=DIRECTION('',(0.E0,1.E0,0.E0));
#8366=AXIS2_PLACEMENT_3D('',#8363,#8364,#8365);
#8367=PLANE('',#8366);
#8368=ORIENTED_EDGE('',*,*,#8279,.T.);
#8369=ORIENTED_EDGE('',*,*,#4410,.T.);
#8370=ORIENTED_EDGE('',*,*,#4755,.F.);
#8371=ORIENTED_EDGE('',*,*,#8356,.F.);
#8372=EDGE_LOOP('',(#8368,#8369,#8370,#8371));
#8373=FACE_OUTER_BOUND('',#8372,.F.);
#8374=ADVANCED_FACE('',(#8373),#8367,.F.);
#8375=CARTESIAN_POINT('',(9.25E0,-2.5E0,-3.095E0));
#8376=DIRECTION('',(0.E0,1.E0,0.E0));
#8377=DIRECTION('',(0.E0,0.E0,1.E0));
#8378=AXIS2_PLACEMENT_3D('',#8375,#8376,#8377);
#8379=PLANE('',#8378);
#8380=ORIENTED_EDGE('',*,*,#4719,.F.);
#8382=ORIENTED_EDGE('',*,*,#8381,.F.);
#8383=ORIENTED_EDGE('',*,*,#8296,.T.);
#8384=ORIENTED_EDGE('',*,*,#4673,.T.);
#8385=EDGE_LOOP('',(#8380,#8382,#8383,#8384));
#8386=FACE_OUTER_BOUND('',#8385,.F.);
#8387=ADVANCED_FACE('',(#8386),#8379,.F.);
#8388=CARTESIAN_POINT('',(9.25E0,-1.E0,-3.095E0));
#8389=DIRECTION('',(0.E0,0.E0,1.E0));
#8390=DIRECTION('',(0.E0,-1.E0,0.E0));
#8391=AXIS2_PLACEMENT_3D('',#8388,#8389,#8390);
#8392=PLANE('',#8391);
#8393=ORIENTED_EDGE('',*,*,#8298,.T.);
#8394=ORIENTED_EDGE('',*,*,#8381,.T.);
#8395=ORIENTED_EDGE('',*,*,#4717,.F.);
#8397=ORIENTED_EDGE('',*,*,#8396,.F.);
#8398=EDGE_LOOP('',(#8393,#8394,#8395,#8397));
#8399=FACE_OUTER_BOUND('',#8398,.F.);
#8400=ADVANCED_FACE('',(#8399),#8392,.F.);
#8401=CARTESIAN_POINT('',(9.25E0,-1.E0,-2.342E0));
#8402=DIRECTION('',(0.E0,-1.E0,0.E0));
#8403=DIRECTION('',(0.E0,0.E0,-1.E0));
#8404=AXIS2_PLACEMENT_3D('',#8401,#8402,#8403);
#8405=PLANE('',#8404);
#8406=ORIENTED_EDGE('',*,*,#8300,.T.);
#8407=ORIENTED_EDGE('',*,*,#8396,.T.);
#8408=ORIENTED_EDGE('',*,*,#4715,.F.);
#8410=ORIENTED_EDGE('',*,*,#8409,.F.);
#8411=EDGE_LOOP('',(#8406,#8407,#8408,#8410));
#8412=FACE_OUTER_BOUND('',#8411,.F.);
#8413=ADVANCED_FACE('',(#8412),#8405,.F.);
#8414=CARTESIAN_POINT('',(9.25E0,1.E0,-2.342E0));
#8415=DIRECTION('',(0.E0,0.E0,1.E0));
#8416=DIRECTION('',(0.E0,-1.E0,0.E0));
#8417=AXIS2_PLACEMENT_3D('',#8414,#8415,#8416);
#8418=PLANE('',#8417);
#8419=ORIENTED_EDGE('',*,*,#8302,.T.);
#8420=ORIENTED_EDGE('',*,*,#8409,.T.);
#8421=ORIENTED_EDGE('',*,*,#4713,.F.);
#8423=ORIENTED_EDGE('',*,*,#8422,.F.);
#8424=EDGE_LOOP('',(#8419,#8420,#8421,#8423));
#8425=FACE_OUTER_BOUND('',#8424,.F.);
#8426=ADVANCED_FACE('',(#8425),#8418,.F.);
#8427=CARTESIAN_POINT('',(9.25E0,1.E0,-3.095E0));
#8428=DIRECTION('',(0.E0,1.E0,0.E0));
#8429=DIRECTION('',(0.E0,0.E0,1.E0));
#8430=AXIS2_PLACEMENT_3D('',#8427,#8428,#8429);
#8431=PLANE('',#8430);
#8432=ORIENTED_EDGE('',*,*,#8304,.T.);
#8433=ORIENTED_EDGE('',*,*,#8422,.T.);
#8434=ORIENTED_EDGE('',*,*,#4711,.F.);
#8435=ORIENTED_EDGE('',*,*,#4771,.F.);
#8436=EDGE_LOOP('',(#8432,#8433,#8434,#8435));
#8437=FACE_OUTER_BOUND('',#8436,.F.);
#8438=ADVANCED_FACE('',(#8437),#8431,.F.);
#8439=CARTESIAN_POINT('',(-5.57E0,-2.675E0,4.232606234616E0));
#8440=DIRECTION('',(-1.E0,0.E0,0.E0));
#8441=DIRECTION('',(0.E0,0.E0,-1.E0));
#8442=AXIS2_PLACEMENT_3D('',#8439,#8440,#8441);
#8443=PLANE('',#8442);
#8444=ORIENTED_EDGE('',*,*,#4414,.F.);
#8446=ORIENTED_EDGE('',*,*,#8445,.T.);
#8448=ORIENTED_EDGE('',*,*,#8447,.T.);
#8450=ORIENTED_EDGE('',*,*,#8449,.F.);
#8451=EDGE_LOOP('',(#8444,#8446,#8448,#8450));
#8452=FACE_OUTER_BOUND('',#8451,.F.);
#8453=ADVANCED_FACE('',(#8452),#8443,.T.);
#8454=CARTESIAN_POINT('',(-5.47E0,-2.675E0,4.232606234616E0));
#8455=DIRECTION('',(0.E0,-1.E0,0.E0));
#8456=DIRECTION('',(1.E0,0.E0,0.E0));
#8457=AXIS2_PLACEMENT_3D('',#8454,#8455,#8456);
#8458=CYLINDRICAL_SURFACE('',#8457,1.E-1);
#8459=ORIENTED_EDGE('',*,*,#4460,.F.);
#8461=ORIENTED_EDGE('',*,*,#8460,.T.);
#8463=ORIENTED_EDGE('',*,*,#8462,.T.);
#8464=ORIENTED_EDGE('',*,*,#8445,.F.);
#8465=EDGE_LOOP('',(#8459,#8461,#8463,#8464));
#8466=FACE_OUTER_BOUND('',#8465,.F.);
#8467=ADVANCED_FACE('',(#8466),#8458,.T.);
#8468=CARTESIAN_POINT('',(-5.25E0,-2.675E0,2.85E0));
#8469=DIRECTION('',(0.E0,-1.E0,0.E0));
#8470=DIRECTION('',(1.E0,0.E0,0.E0));
#8471=AXIS2_PLACEMENT_3D('',#8468,#8469,#8470);
#8472=CYLINDRICAL_SURFACE('',#8471,1.5E0);
#8473=ORIENTED_EDGE('',*,*,#4458,.F.);
#8475=ORIENTED_EDGE('',*,*,#8474,.T.);
#8477=ORIENTED_EDGE('',*,*,#8476,.T.);
#8478=ORIENTED_EDGE('',*,*,#8460,.F.);
#8479=EDGE_LOOP('',(#8473,#8475,#8477,#8478));
#8480=FACE_OUTER_BOUND('',#8479,.F.);
#8481=ADVANCED_FACE('',(#8480),#8472,.T.);
#8482=CARTESIAN_POINT('',(-5.03E0,-2.675E0,4.232606234616E0));
#8483=DIRECTION('',(0.E0,-1.E0,0.E0));
#8484=DIRECTION('',(1.E0,0.E0,0.E0));
#8485=AXIS2_PLACEMENT_3D('',#8482,#8483,#8484);
#8486=CYLINDRICAL_SURFACE('',#8485,1.E-1);
#8487=ORIENTED_EDGE('',*,*,#4456,.F.);
#8489=ORIENTED_EDGE('',*,*,#8488,.T.);
#8491=ORIENTED_EDGE('',*,*,#8490,.T.);
#8492=ORIENTED_EDGE('',*,*,#8474,.F.);
#8493=EDGE_LOOP('',(#8487,#8489,#8491,#8492));
#8494=FACE_OUTER_BOUND('',#8493,.F.);
#8495=ADVANCED_FACE('',(#8494),#8486,.T.);
#8496=CARTESIAN_POINT('',(-4.93E0,-2.675E0,4.02E0));
#8497=DIRECTION('',(1.E0,0.E0,0.E0));
#8498=DIRECTION('',(0.E0,0.E0,1.E0));
#8499=AXIS2_PLACEMENT_3D('',#8496,#8497,#8498);
#8500=PLANE('',#8499);
#8501=ORIENTED_EDGE('',*,*,#4454,.F.);
#8503=ORIENTED_EDGE('',*,*,#8502,.T.);
#8505=ORIENTED_EDGE('',*,*,#8504,.T.);
#8506=ORIENTED_EDGE('',*,*,#8488,.F.);
#8507=EDGE_LOOP('',(#8501,#8503,#8505,#8506));
#8508=FACE_OUTER_BOUND('',#8507,.F.);
#8509=ADVANCED_FACE('',(#8508),#8500,.T.);
#8510=CARTESIAN_POINT('',(-4.08E0,-2.675E0,4.02E0));
#8511=DIRECTION('',(0.E0,-1.E0,0.E0));
#8512=DIRECTION('',(1.E0,0.E0,0.E0));
#8513=AXIS2_PLACEMENT_3D('',#8510,#8511,#8512);
#8514=CYLINDRICAL_SURFACE('',#8513,8.5E-1);
#8515=ORIENTED_EDGE('',*,*,#4452,.T.);
#8517=ORIENTED_EDGE('',*,*,#8516,.T.);
#8519=ORIENTED_EDGE('',*,*,#8518,.T.);
#8520=ORIENTED_EDGE('',*,*,#8502,.F.);
#8521=EDGE_LOOP('',(#8515,#8517,#8519,#8520));
#8522=FACE_OUTER_BOUND('',#8521,.F.);
#8523=ADVANCED_FACE('',(#8522),#8514,.F.);
#8524=CARTESIAN_POINT('',(-3.867393765384E0,-2.675E0,3.17E0));
#8525=DIRECTION('',(0.E0,0.E0,1.E0));
#8526=DIRECTION('',(-1.E0,0.E0,0.E0));
#8527=AXIS2_PLACEMENT_3D('',#8524,#8525,#8526);
#8528=PLANE('',#8527);
#8529=ORIENTED_EDGE('',*,*,#4450,.F.);
#8531=ORIENTED_EDGE('',*,*,#8530,.T.);
#8533=ORIENTED_EDGE('',*,*,#8532,.T.);
#8534=ORIENTED_EDGE('',*,*,#8516,.F.);
#8535=EDGE_LOOP('',(#8529,#8531,#8533,#8534));
#8536=FACE_OUTER_BOUND('',#8535,.F.);
#8537=ADVANCED_FACE('',(#8536),#8528,.T.);
#8538=CARTESIAN_POINT('',(-3.867393765384E0,-2.675E0,3.07E0));
#8539=DIRECTION('',(0.E0,-1.E0,0.E0));
#8540=DIRECTION('',(1.E0,0.E0,0.E0));
#8541=AXIS2_PLACEMENT_3D('',#8538,#8539,#8540);
#8542=CYLINDRICAL_SURFACE('',#8541,1.E-1);
#8543=ORIENTED_EDGE('',*,*,#4448,.F.);
#8545=ORIENTED_EDGE('',*,*,#8544,.T.);
#8547=ORIENTED_EDGE('',*,*,#8546,.T.);
#8548=ORIENTED_EDGE('',*,*,#8530,.F.);
#8549=EDGE_LOOP('',(#8543,#8545,#8547,#8548));
#8550=FACE_OUTER_BOUND('',#8549,.F.);
#8551=ADVANCED_FACE('',(#8550),#8542,.T.);
#8552=CARTESIAN_POINT('',(-5.25E0,-2.675E0,2.85E0));
#8553=DIRECTION('',(0.E0,-1.E0,0.E0));
#8554=DIRECTION('',(1.E0,0.E0,0.E0));
#8555=AXIS2_PLACEMENT_3D('',#8552,#8553,#8554);
#8556=CYLINDRICAL_SURFACE('',#8555,1.5E0);
#8557=ORIENTED_EDGE('',*,*,#4446,.F.);
#8559=ORIENTED_EDGE('',*,*,#8558,.T.);
#8561=ORIENTED_EDGE('',*,*,#8560,.T.);
#8562=ORIENTED_EDGE('',*,*,#8544,.F.);
#8563=EDGE_LOOP('',(#8557,#8559,#8561,#8562));
#8564=FACE_OUTER_BOUND('',#8563,.F.);
#8565=ADVANCED_FACE('',(#8564),#8556,.T.);
#8566=CARTESIAN_POINT('',(-3.867393765384E0,-2.675E0,2.63E0));
#8567=DIRECTION('',(0.E0,-1.E0,0.E0));
#8568=DIRECTION('',(1.E0,0.E0,0.E0));
#8569=AXIS2_PLACEMENT_3D('',#8566,#8567,#8568);
#8570=CYLINDRICAL_SURFACE('',#8569,1.E-1);
#8571=ORIENTED_EDGE('',*,*,#4444,.F.);
#8573=ORIENTED_EDGE('',*,*,#8572,.T.);
#8575=ORIENTED_EDGE('',*,*,#8574,.T.);
#8576=ORIENTED_EDGE('',*,*,#8558,.F.);
#8577=EDGE_LOOP('',(#8571,#8573,#8575,#8576));
#8578=FACE_OUTER_BOUND('',#8577,.F.);
#8579=ADVANCED_FACE('',(#8578),#8570,.T.);
#8580=CARTESIAN_POINT('',(-4.08E0,-2.675E0,2.53E0));
#8581=DIRECTION('',(0.E0,0.E0,-1.E0));
#8582=DIRECTION('',(1.E0,0.E0,0.E0));
#8583=AXIS2_PLACEMENT_3D('',#8580,#8581,#8582);
#8584=PLANE('',#8583);
#8585=ORIENTED_EDGE('',*,*,#4442,.F.);
#8587=ORIENTED_EDGE('',*,*,#8586,.T.);
#8589=ORIENTED_EDGE('',*,*,#8588,.T.);
#8590=ORIENTED_EDGE('',*,*,#8572,.F.);
#8591=EDGE_LOOP('',(#8585,#8587,#8589,#8590));
#8592=FACE_OUTER_BOUND('',#8591,.F.);
#8593=ADVANCED_FACE('',(#8592),#8584,.T.);
#8594=CARTESIAN_POINT('',(-4.08E0,-2.675E0,1.68E0));
#8595=DIRECTION('',(0.E0,-1.E0,0.E0));
#8596=DIRECTION('',(1.E0,0.E0,0.E0));
#8597=AXIS2_PLACEMENT_3D('',#8594,#8595,#8596);
#8598=CYLINDRICAL_SURFACE('',#8597,8.5E-1);
#8599=ORIENTED_EDGE('',*,*,#4440,.T.);
#8601=ORIENTED_EDGE('',*,*,#8600,.T.);
#8603=ORIENTED_EDGE('',*,*,#8602,.T.);
#8604=ORIENTED_EDGE('',*,*,#8586,.F.);
#8605=EDGE_LOOP('',(#8599,#8601,#8603,#8604));
#8606=FACE_OUTER_BOUND('',#8605,.F.);
#8607=ADVANCED_FACE('',(#8606),#8598,.F.);
#8608=CARTESIAN_POINT('',(-4.93E0,-2.675E0,1.467393765384E0));
#8609=DIRECTION('',(1.E0,0.E0,0.E0));
#8610=DIRECTION('',(0.E0,0.E0,1.E0));
#8611=AXIS2_PLACEMENT_3D('',#8608,#8609,#8610);
#8612=PLANE('',#8611);
#8613=ORIENTED_EDGE('',*,*,#4438,.F.);
#8615=ORIENTED_EDGE('',*,*,#8614,.T.);
#8617=ORIENTED_EDGE('',*,*,#8616,.T.);
#8618=ORIENTED_EDGE('',*,*,#8600,.F.);
#8619=EDGE_LOOP('',(#8613,#8615,#8617,#8618));
#8620=FACE_OUTER_BOUND('',#8619,.F.);
#8621=ADVANCED_FACE('',(#8620),#8612,.T.);
#8622=CARTESIAN_POINT('',(-5.03E0,-2.675E0,1.467393765384E0));
#8623=DIRECTION('',(0.E0,-1.E0,0.E0));
#8624=DIRECTION('',(1.E0,0.E0,0.E0));
#8625=AXIS2_PLACEMENT_3D('',#8622,#8623,#8624);
#8626=CYLINDRICAL_SURFACE('',#8625,1.E-1);
#8627=ORIENTED_EDGE('',*,*,#4436,.F.);
#8629=ORIENTED_EDGE('',*,*,#8628,.T.);
#8631=ORIENTED_EDGE('',*,*,#8630,.T.);
#8632=ORIENTED_EDGE('',*,*,#8614,.F.);
#8633=EDGE_LOOP('',(#8627,#8629,#8631,#8632));
#8634=FACE_OUTER_BOUND('',#8633,.F.);
#8635=ADVANCED_FACE('',(#8634),#8626,.T.);
#8636=CARTESIAN_POINT('',(-5.25E0,-2.675E0,2.85E0));
#8637=DIRECTION('',(0.E0,-1.E0,0.E0));
#8638=DIRECTION('',(1.E0,0.E0,0.E0));
#8639=AXIS2_PLACEMENT_3D('',#8636,#8637,#8638);
#8640=CYLINDRICAL_SURFACE('',#8639,1.5E0);
#8641=ORIENTED_EDGE('',*,*,#4434,.F.);
#8643=ORIENTED_EDGE('',*,*,#8642,.T.);
#8645=ORIENTED_EDGE('',*,*,#8644,.T.);
#8646=ORIENTED_EDGE('',*,*,#8628,.F.);
#8647=EDGE_LOOP('',(#8641,#8643,#8645,#8646));
#8648=FACE_OUTER_BOUND('',#8647,.F.);
#8649=ADVANCED_FACE('',(#8648),#8640,.T.);
#8650=CARTESIAN_POINT('',(-5.47E0,-2.675E0,1.467393765384E0));
#8651=DIRECTION('',(0.E0,-1.E0,0.E0));
#8652=DIRECTION('',(1.E0,0.E0,0.E0));
#8653=AXIS2_PLACEMENT_3D('',#8650,#8651,#8652);
#8654=CYLINDRICAL_SURFACE('',#8653,1.E-1);
#8655=ORIENTED_EDGE('',*,*,#4432,.F.);
#8657=ORIENTED_EDGE('',*,*,#8656,.T.);
#8659=ORIENTED_EDGE('',*,*,#8658,.T.);
#8660=ORIENTED_EDGE('',*,*,#8642,.F.);
#8661=EDGE_LOOP('',(#8655,#8657,#8659,#8660));
#8662=FACE_OUTER_BOUND('',#8661,.F.);
#8663=ADVANCED_FACE('',(#8662),#8654,.T.);
#8664=CARTESIAN_POINT('',(-5.57E0,-2.675E0,1.68E0));
#8665=DIRECTION('',(-1.E0,0.E0,0.E0));
#8666=DIRECTION('',(0.E0,0.E0,-1.E0));
#8667=AXIS2_PLACEMENT_3D('',#8664,#8665,#8666);
#8668=PLANE('',#8667);
#8669=ORIENTED_EDGE('',*,*,#4430,.F.);
#8671=ORIENTED_EDGE('',*,*,#8670,.T.);
#8673=ORIENTED_EDGE('',*,*,#8672,.T.);
#8674=ORIENTED_EDGE('',*,*,#8656,.F.);
#8675=EDGE_LOOP('',(#8669,#8671,#8673,#8674));
#8676=FACE_OUTER_BOUND('',#8675,.F.);
#8677=ADVANCED_FACE('',(#8676),#8668,.T.);
#8678=CARTESIAN_POINT('',(-6.42E0,-2.675E0,1.68E0));
#8679=DIRECTION('',(0.E0,-1.E0,0.E0));
#8680=DIRECTION('',(1.E0,0.E0,0.E0));
#8681=AXIS2_PLACEMENT_3D('',#8678,#8679,#8680);
#8682=CYLINDRICAL_SURFACE('',#8681,8.5E-1);
#8683=ORIENTED_EDGE('',*,*,#4428,.T.);
#8685=ORIENTED_EDGE('',*,*,#8684,.T.);
#8687=ORIENTED_EDGE('',*,*,#8686,.T.);
#8688=ORIENTED_EDGE('',*,*,#8670,.F.);
#8689=EDGE_LOOP('',(#8683,#8685,#8687,#8688));
#8690=FACE_OUTER_BOUND('',#8689,.F.);
#8691=ADVANCED_FACE('',(#8690),#8682,.F.);
#8692=CARTESIAN_POINT('',(-6.632606234616E0,-2.675E0,2.53E0));
#8693=DIRECTION('',(0.E0,0.E0,-1.E0));
#8694=DIRECTION('',(1.E0,0.E0,0.E0));
#8695=AXIS2_PLACEMENT_3D('',#8692,#8693,#8694);
#8696=PLANE('',#8695);
#8697=ORIENTED_EDGE('',*,*,#4426,.F.);
#8699=ORIENTED_EDGE('',*,*,#8698,.T.);
#8701=ORIENTED_EDGE('',*,*,#8700,.T.);
#8702=ORIENTED_EDGE('',*,*,#8684,.F.);
#8703=EDGE_LOOP('',(#8697,#8699,#8701,#8702));
#8704=FACE_OUTER_BOUND('',#8703,.F.);
#8705=ADVANCED_FACE('',(#8704),#8696,.T.);
#8706=CARTESIAN_POINT('',(-6.632606234616E0,-2.675E0,2.63E0));
#8707=DIRECTION('',(0.E0,-1.E0,0.E0));
#8708=DIRECTION('',(1.E0,0.E0,0.E0));
#8709=AXIS2_PLACEMENT_3D('',#8706,#8707,#8708);
#8710=CYLINDRICAL_SURFACE('',#8709,1.E-1);
#8711=ORIENTED_EDGE('',*,*,#4424,.F.);
#8713=ORIENTED_EDGE('',*,*,#8712,.T.);
#8715=ORIENTED_EDGE('',*,*,#8714,.T.);
#8716=ORIENTED_EDGE('',*,*,#8698,.F.);
#8717=EDGE_LOOP('',(#8711,#8713,#8715,#8716));
#8718=FACE_OUTER_BOUND('',#8717,.F.);
#8719=ADVANCED_FACE('',(#8718),#8710,.T.);
#8720=CARTESIAN_POINT('',(-5.25E0,-2.675E0,2.85E0));
#8721=DIRECTION('',(0.E0,-1.E0,0.E0));
#8722=DIRECTION('',(1.E0,0.E0,0.E0));
#8723=AXIS2_PLACEMENT_3D('',#8720,#8721,#8722);
#8724=CYLINDRICAL_SURFACE('',#8723,1.5E0);
#8725=ORIENTED_EDGE('',*,*,#4422,.F.);
#8727=ORIENTED_EDGE('',*,*,#8726,.T.);
#8729=ORIENTED_EDGE('',*,*,#8728,.T.);
#8730=ORIENTED_EDGE('',*,*,#8712,.F.);
#8731=EDGE_LOOP('',(#8725,#8727,#8729,#8730));
#8732=FACE_OUTER_BOUND('',#8731,.F.);
#8733=ADVANCED_FACE('',(#8732),#8724,.T.);
#8734=CARTESIAN_POINT('',(-6.632606234616E0,-2.675E0,3.07E0));
#8735=DIRECTION('',(0.E0,-1.E0,0.E0));
#8736=DIRECTION('',(1.E0,0.E0,0.E0));
#8737=AXIS2_PLACEMENT_3D('',#8734,#8735,#8736);
#8738=CYLINDRICAL_SURFACE('',#8737,1.E-1);
#8739=ORIENTED_EDGE('',*,*,#4420,.F.);
#8741=ORIENTED_EDGE('',*,*,#8740,.T.);
#8743=ORIENTED_EDGE('',*,*,#8742,.T.);
#8744=ORIENTED_EDGE('',*,*,#8726,.F.);
#8745=EDGE_LOOP('',(#8739,#8741,#8743,#8744));
#8746=FACE_OUTER_BOUND('',#8745,.F.);
#8747=ADVANCED_FACE('',(#8746),#8738,.T.);
#8748=CARTESIAN_POINT('',(-6.42E0,-2.675E0,3.17E0));
#8749=DIRECTION('',(0.E0,0.E0,1.E0));
#8750=DIRECTION('',(-1.E0,0.E0,0.E0));
#8751=AXIS2_PLACEMENT_3D('',#8748,#8749,#8750);
#8752=PLANE('',#8751);
#8753=ORIENTED_EDGE('',*,*,#4418,.F.);
#8755=ORIENTED_EDGE('',*,*,#8754,.T.);
#8757=ORIENTED_EDGE('',*,*,#8756,.T.);
#8758=ORIENTED_EDGE('',*,*,#8740,.F.);
#8759=EDGE_LOOP('',(#8753,#8755,#8757,#8758));
#8760=FACE_OUTER_BOUND('',#8759,.F.);
#8761=ADVANCED_FACE('',(#8760),#8752,.T.);
#8762=CARTESIAN_POINT('',(-6.42E0,-2.675E0,4.02E0));
#8763=DIRECTION('',(0.E0,-1.E0,0.E0));
#8764=DIRECTION('',(1.E0,0.E0,0.E0));
#8765=AXIS2_PLACEMENT_3D('',#8762,#8763,#8764);
#8766=CYLINDRICAL_SURFACE('',#8765,8.5E-1);
#8767=ORIENTED_EDGE('',*,*,#4416,.T.);
#8768=ORIENTED_EDGE('',*,*,#8449,.T.);
#8770=ORIENTED_EDGE('',*,*,#8769,.T.);
#8771=ORIENTED_EDGE('',*,*,#8754,.F.);
#8772=EDGE_LOOP('',(#8767,#8768,#8770,#8771));
#8773=FACE_OUTER_BOUND('',#8772,.F.);
#8774=ADVANCED_FACE('',(#8773),#8766,.F.);
#8775=CARTESIAN_POINT('',(0.E0,-5.845E0,0.E0));
#8776=DIRECTION('',(0.E0,-1.E0,0.E0));
#8777=DIRECTION('',(1.E0,0.E0,0.E0));
#8778=AXIS2_PLACEMENT_3D('',#8775,#8776,#8777);
#8779=PLANE('',#8778);
#8780=ORIENTED_EDGE('',*,*,#8447,.F.);
#8781=ORIENTED_EDGE('',*,*,#8462,.F.);
#8782=ORIENTED_EDGE('',*,*,#8476,.F.);
#8783=ORIENTED_EDGE('',*,*,#8490,.F.);
#8784=ORIENTED_EDGE('',*,*,#8504,.F.);
#8785=ORIENTED_EDGE('',*,*,#8518,.F.);
#8786=ORIENTED_EDGE('',*,*,#8532,.F.);
#8787=ORIENTED_EDGE('',*,*,#8546,.F.);
#8788=ORIENTED_EDGE('',*,*,#8560,.F.);
#8789=ORIENTED_EDGE('',*,*,#8574,.F.);
#8790=ORIENTED_EDGE('',*,*,#8588,.F.);
#8791=ORIENTED_EDGE('',*,*,#8602,.F.);
#8792=ORIENTED_EDGE('',*,*,#8616,.F.);
#8793=ORIENTED_EDGE('',*,*,#8630,.F.);
#8794=ORIENTED_EDGE('',*,*,#8644,.F.);
#8795=ORIENTED_EDGE('',*,*,#8658,.F.);
#8796=ORIENTED_EDGE('',*,*,#8672,.F.);
#8797=ORIENTED_EDGE('',*,*,#8686,.F.);
#8798=ORIENTED_EDGE('',*,*,#8700,.F.);
#8799=ORIENTED_EDGE('',*,*,#8714,.F.);
#8800=ORIENTED_EDGE('',*,*,#8728,.F.);
#8801=ORIENTED_EDGE('',*,*,#8742,.F.);
#8802=ORIENTED_EDGE('',*,*,#8756,.F.);
#8803=ORIENTED_EDGE('',*,*,#8769,.F.);
#8804=EDGE_LOOP('',(#8780,#8781,#8782,#8783,#8784,#8785,#8786,#8787,#8788,#8789,
#8790,#8791,#8792,#8793,#8794,#8795,#8796,#8797,#8798,#8799,#8800,#8801,#8802,
#8803));
#8805=FACE_OUTER_BOUND('',#8804,.F.);
#8806=ADVANCED_FACE('',(#8805),#8779,.T.);
#8807=CARTESIAN_POINT('',(5.57E0,-2.675E0,4.232606234616E0));
#8808=DIRECTION('',(-1.E0,0.E0,0.E0));
#8809=DIRECTION('',(0.E0,0.E0,-1.E0));
#8810=AXIS2_PLACEMENT_3D('',#8807,#8808,#8809);
#8811=PLANE('',#8810);
#8813=ORIENTED_EDGE('',*,*,#8812,.F.);
#8814=ORIENTED_EDGE('',*,*,#4464,.T.);
#8816=ORIENTED_EDGE('',*,*,#8815,.T.);
#8818=ORIENTED_EDGE('',*,*,#8817,.F.);
#8819=EDGE_LOOP('',(#8813,#8814,#8816,#8818));
#8820=FACE_OUTER_BOUND('',#8819,.F.);
#8821=ADVANCED_FACE('',(#8820),#8811,.F.);
#8822=CARTESIAN_POINT('',(5.47E0,-2.675E0,4.232606234616E0));
#8823=DIRECTION('',(0.E0,1.E0,0.E0));
#8824=DIRECTION('',(-1.E0,0.E0,0.E0));
#8825=AXIS2_PLACEMENT_3D('',#8822,#8823,#8824);
#8826=CYLINDRICAL_SURFACE('',#8825,1.E-1);
#8827=ORIENTED_EDGE('',*,*,#8812,.T.);
#8829=ORIENTED_EDGE('',*,*,#8828,.F.);
#8831=ORIENTED_EDGE('',*,*,#8830,.F.);
#8832=ORIENTED_EDGE('',*,*,#4466,.T.);
#8833=EDGE_LOOP('',(#8827,#8829,#8831,#8832));
#8834=FACE_OUTER_BOUND('',#8833,.F.);
#8835=ADVANCED_FACE('',(#8834),#8826,.T.);
#8836=CARTESIAN_POINT('',(0.E0,-5.845E0,0.E0));
#8837=DIRECTION('',(0.E0,1.E0,0.E0));
#8838=DIRECTION('',(-1.E0,0.E0,0.E0));
#8839=AXIS2_PLACEMENT_3D('',#8836,#8837,#8838);
#8840=PLANE('',#8839);
#8841=ORIENTED_EDGE('',*,*,#8817,.T.);
#8843=ORIENTED_EDGE('',*,*,#8842,.T.);
#8845=ORIENTED_EDGE('',*,*,#8844,.T.);
#8847=ORIENTED_EDGE('',*,*,#8846,.T.);
#8849=ORIENTED_EDGE('',*,*,#8848,.T.);
#8851=ORIENTED_EDGE('',*,*,#8850,.T.);
#8853=ORIENTED_EDGE('',*,*,#8852,.T.);
#8855=ORIENTED_EDGE('',*,*,#8854,.T.);
#8857=ORIENTED_EDGE('',*,*,#8856,.T.);
#8859=ORIENTED_EDGE('',*,*,#8858,.T.);
#8861=ORIENTED_EDGE('',*,*,#8860,.T.);
#8863=ORIENTED_EDGE('',*,*,#8862,.T.);
#8865=ORIENTED_EDGE('',*,*,#8864,.T.);
#8867=ORIENTED_EDGE('',*,*,#8866,.T.);
#8869=ORIENTED_EDGE('',*,*,#8868,.T.);
#8871=ORIENTED_EDGE('',*,*,#8870,.T.);
#8873=ORIENTED_EDGE('',*,*,#8872,.T.);
#8875=ORIENTED_EDGE('',*,*,#8874,.T.);
#8877=ORIENTED_EDGE('',*,*,#8876,.T.);
#8879=ORIENTED_EDGE('',*,*,#8878,.T.);
#8881=ORIENTED_EDGE('',*,*,#8880,.T.);
#8883=ORIENTED_EDGE('',*,*,#8882,.T.);
#8885=ORIENTED_EDGE('',*,*,#8884,.T.);
#8886=ORIENTED_EDGE('',*,*,#8828,.T.);
#8887=EDGE_LOOP('',(#8841,#8843,#8845,#8847,#8849,#8851,#8853,#8855,#8857,#8859,
#8861,#8863,#8865,#8867,#8869,#8871,#8873,#8875,#8877,#8879,#8881,#8883,#8885,
#8886));
#8888=FACE_OUTER_BOUND('',#8887,.F.);
#8889=ADVANCED_FACE('',(#8888),#8840,.F.);
#8890=CARTESIAN_POINT('',(6.42E0,-2.675E0,4.02E0));
#8891=DIRECTION('',(0.E0,1.E0,0.E0));
#8892=DIRECTION('',(-1.E0,0.E0,0.E0));
#8893=AXIS2_PLACEMENT_3D('',#8890,#8891,#8892);
#8894=CYLINDRICAL_SURFACE('',#8893,8.5E-1);
#8895=ORIENTED_EDGE('',*,*,#8815,.F.);
#8896=ORIENTED_EDGE('',*,*,#4510,.F.);
#8898=ORIENTED_EDGE('',*,*,#8897,.T.);
#8899=ORIENTED_EDGE('',*,*,#8842,.F.);
#8900=EDGE_LOOP('',(#8895,#8896,#8898,#8899));
#8901=FACE_OUTER_BOUND('',#8900,.F.);
#8902=ADVANCED_FACE('',(#8901),#8894,.F.);
#8903=CARTESIAN_POINT('',(6.42E0,-2.675E0,3.17E0));
#8904=DIRECTION('',(0.E0,0.E0,-1.E0));
#8905=DIRECTION('',(1.E0,0.E0,0.E0));
#8906=AXIS2_PLACEMENT_3D('',#8903,#8904,#8905);
#8907=PLANE('',#8906);
#8908=ORIENTED_EDGE('',*,*,#8897,.F.);
#8909=ORIENTED_EDGE('',*,*,#4508,.T.);
#8911=ORIENTED_EDGE('',*,*,#8910,.T.);
#8912=ORIENTED_EDGE('',*,*,#8844,.F.);
#8913=EDGE_LOOP('',(#8908,#8909,#8911,#8912));
#8914=FACE_OUTER_BOUND('',#8913,.F.);
#8915=ADVANCED_FACE('',(#8914),#8907,.F.);
#8916=CARTESIAN_POINT('',(6.632606234616E0,-2.675E0,3.07E0));
#8917=DIRECTION('',(0.E0,1.E0,0.E0));
#8918=DIRECTION('',(-1.E0,0.E0,0.E0));
#8919=AXIS2_PLACEMENT_3D('',#8916,#8917,#8918);
#8920=CYLINDRICAL_SURFACE('',#8919,1.E-1);
#8921=ORIENTED_EDGE('',*,*,#8910,.F.);
#8922=ORIENTED_EDGE('',*,*,#4506,.T.);
#8924=ORIENTED_EDGE('',*,*,#8923,.T.);
#8925=ORIENTED_EDGE('',*,*,#8846,.F.);
#8926=EDGE_LOOP('',(#8921,#8922,#8924,#8925));
#8927=FACE_OUTER_BOUND('',#8926,.F.);
#8928=ADVANCED_FACE('',(#8927),#8920,.T.);
#8929=CARTESIAN_POINT('',(5.25E0,-2.675E0,2.85E0));
#8930=DIRECTION('',(0.E0,1.E0,0.E0));
#8931=DIRECTION('',(-1.E0,0.E0,0.E0));
#8932=AXIS2_PLACEMENT_3D('',#8929,#8930,#8931);
#8933=CYLINDRICAL_SURFACE('',#8932,1.5E0);
#8934=ORIENTED_EDGE('',*,*,#8923,.F.);
#8935=ORIENTED_EDGE('',*,*,#4504,.T.);
#8937=ORIENTED_EDGE('',*,*,#8936,.T.);
#8938=ORIENTED_EDGE('',*,*,#8848,.F.);
#8939=EDGE_LOOP('',(#8934,#8935,#8937,#8938));
#8940=FACE_OUTER_BOUND('',#8939,.F.);
#8941=ADVANCED_FACE('',(#8940),#8933,.T.);
#8942=CARTESIAN_POINT('',(6.632606234616E0,-2.675E0,2.63E0));
#8943=DIRECTION('',(0.E0,1.E0,0.E0));
#8944=DIRECTION('',(-1.E0,0.E0,0.E0));
#8945=AXIS2_PLACEMENT_3D('',#8942,#8943,#8944);
#8946=CYLINDRICAL_SURFACE('',#8945,1.E-1);
#8947=ORIENTED_EDGE('',*,*,#8936,.F.);
#8948=ORIENTED_EDGE('',*,*,#4502,.T.);
#8950=ORIENTED_EDGE('',*,*,#8949,.T.);
#8951=ORIENTED_EDGE('',*,*,#8850,.F.);
#8952=EDGE_LOOP('',(#8947,#8948,#8950,#8951));
#8953=FACE_OUTER_BOUND('',#8952,.F.);
#8954=ADVANCED_FACE('',(#8953),#8946,.T.);
#8955=CARTESIAN_POINT('',(6.632606234616E0,-2.675E0,2.53E0));
#8956=DIRECTION('',(0.E0,0.E0,1.E0));
#8957=DIRECTION('',(-1.E0,0.E0,0.E0));
#8958=AXIS2_PLACEMENT_3D('',#8955,#8956,#8957);
#8959=PLANE('',#8958);
#8960=ORIENTED_EDGE('',*,*,#8949,.F.);
#8961=ORIENTED_EDGE('',*,*,#4500,.T.);
#8963=ORIENTED_EDGE('',*,*,#8962,.T.);
#8964=ORIENTED_EDGE('',*,*,#8852,.F.);
#8965=EDGE_LOOP('',(#8960,#8961,#8963,#8964));
#8966=FACE_OUTER_BOUND('',#8965,.F.);
#8967=ADVANCED_FACE('',(#8966),#8959,.F.);
#8968=CARTESIAN_POINT('',(6.42E0,-2.675E0,1.68E0));
#8969=DIRECTION('',(0.E0,1.E0,0.E0));
#8970=DIRECTION('',(-1.E0,0.E0,0.E0));
#8971=AXIS2_PLACEMENT_3D('',#8968,#8969,#8970);
#8972=CYLINDRICAL_SURFACE('',#8971,8.5E-1);
#8973=ORIENTED_EDGE('',*,*,#8962,.F.);
#8974=ORIENTED_EDGE('',*,*,#4498,.F.);
#8976=ORIENTED_EDGE('',*,*,#8975,.T.);
#8977=ORIENTED_EDGE('',*,*,#8854,.F.);
#8978=EDGE_LOOP('',(#8973,#8974,#8976,#8977));
#8979=FACE_OUTER_BOUND('',#8978,.F.);
#8980=ADVANCED_FACE('',(#8979),#8972,.F.);
#8981=CARTESIAN_POINT('',(5.57E0,-2.675E0,1.68E0));
#8982=DIRECTION('',(-1.E0,0.E0,0.E0));
#8983=DIRECTION('',(0.E0,0.E0,-1.E0));
#8984=AXIS2_PLACEMENT_3D('',#8981,#8982,#8983);
#8985=PLANE('',#8984);
#8986=ORIENTED_EDGE('',*,*,#8975,.F.);
#8987=ORIENTED_EDGE('',*,*,#4496,.T.);
#8989=ORIENTED_EDGE('',*,*,#8988,.T.);
#8990=ORIENTED_EDGE('',*,*,#8856,.F.);
#8991=EDGE_LOOP('',(#8986,#8987,#8989,#8990));
#8992=FACE_OUTER_BOUND('',#8991,.F.);
#8993=ADVANCED_FACE('',(#8992),#8985,.F.);
#8994=CARTESIAN_POINT('',(5.47E0,-2.675E0,1.467393765384E0));
#8995=DIRECTION('',(0.E0,1.E0,0.E0));
#8996=DIRECTION('',(-1.E0,0.E0,0.E0));
#8997=AXIS2_PLACEMENT_3D('',#8994,#8995,#8996);
#8998=CYLINDRICAL_SURFACE('',#8997,1.E-1);
#8999=ORIENTED_EDGE('',*,*,#8988,.F.);
#9000=ORIENTED_EDGE('',*,*,#4494,.T.);
#9002=ORIENTED_EDGE('',*,*,#9001,.T.);
#9003=ORIENTED_EDGE('',*,*,#8858,.F.);
#9004=EDGE_LOOP('',(#8999,#9000,#9002,#9003));
#9005=FACE_OUTER_BOUND('',#9004,.F.);
#9006=ADVANCED_FACE('',(#9005),#8998,.T.);
#9007=CARTESIAN_POINT('',(5.25E0,-2.675E0,2.85E0));
#9008=DIRECTION('',(0.E0,1.E0,0.E0));
#9009=DIRECTION('',(-1.E0,0.E0,0.E0));
#9010=AXIS2_PLACEMENT_3D('',#9007,#9008,#9009);
#9011=CYLINDRICAL_SURFACE('',#9010,1.5E0);
#9012=ORIENTED_EDGE('',*,*,#9001,.F.);
#9013=ORIENTED_EDGE('',*,*,#4492,.T.);
#9015=ORIENTED_EDGE('',*,*,#9014,.T.);
#9016=ORIENTED_EDGE('',*,*,#8860,.F.);
#9017=EDGE_LOOP('',(#9012,#9013,#9015,#9016));
#9018=FACE_OUTER_BOUND('',#9017,.F.);
#9019=ADVANCED_FACE('',(#9018),#9011,.T.);
#9020=CARTESIAN_POINT('',(5.03E0,-2.675E0,1.467393765384E0));
#9021=DIRECTION('',(0.E0,1.E0,0.E0));
#9022=DIRECTION('',(-1.E0,0.E0,0.E0));
#9023=AXIS2_PLACEMENT_3D('',#9020,#9021,#9022);
#9024=CYLINDRICAL_SURFACE('',#9023,1.E-1);
#9025=ORIENTED_EDGE('',*,*,#9014,.F.);
#9026=ORIENTED_EDGE('',*,*,#4490,.T.);
#9028=ORIENTED_EDGE('',*,*,#9027,.T.);
#9029=ORIENTED_EDGE('',*,*,#8862,.F.);
#9030=EDGE_LOOP('',(#9025,#9026,#9028,#9029));
#9031=FACE_OUTER_BOUND('',#9030,.F.);
#9032=ADVANCED_FACE('',(#9031),#9024,.T.);
#9033=CARTESIAN_POINT('',(4.93E0,-2.675E0,1.467393765384E0));
#9034=DIRECTION('',(1.E0,0.E0,0.E0));
#9035=DIRECTION('',(0.E0,0.E0,1.E0));
#9036=AXIS2_PLACEMENT_3D('',#9033,#9034,#9035);
#9037=PLANE('',#9036);
#9038=ORIENTED_EDGE('',*,*,#9027,.F.);
#9039=ORIENTED_EDGE('',*,*,#4488,.T.);
#9041=ORIENTED_EDGE('',*,*,#9040,.T.);
#9042=ORIENTED_EDGE('',*,*,#8864,.F.);
#9043=EDGE_LOOP('',(#9038,#9039,#9041,#9042));
#9044=FACE_OUTER_BOUND('',#9043,.F.);
#9045=ADVANCED_FACE('',(#9044),#9037,.F.);
#9046=CARTESIAN_POINT('',(4.08E0,-2.675E0,1.68E0));
#9047=DIRECTION('',(0.E0,1.E0,0.E0));
#9048=DIRECTION('',(-1.E0,0.E0,0.E0));
#9049=AXIS2_PLACEMENT_3D('',#9046,#9047,#9048);
#9050=CYLINDRICAL_SURFACE('',#9049,8.5E-1);
#9051=ORIENTED_EDGE('',*,*,#9040,.F.);
#9052=ORIENTED_EDGE('',*,*,#4486,.F.);
#9054=ORIENTED_EDGE('',*,*,#9053,.T.);
#9055=ORIENTED_EDGE('',*,*,#8866,.F.);
#9056=EDGE_LOOP('',(#9051,#9052,#9054,#9055));
#9057=FACE_OUTER_BOUND('',#9056,.F.);
#9058=ADVANCED_FACE('',(#9057),#9050,.F.);
#9059=CARTESIAN_POINT('',(4.08E0,-2.675E0,2.53E0));
#9060=DIRECTION('',(0.E0,0.E0,1.E0));
#9061=DIRECTION('',(-1.E0,0.E0,0.E0));
#9062=AXIS2_PLACEMENT_3D('',#9059,#9060,#9061);
#9063=PLANE('',#9062);
#9064=ORIENTED_EDGE('',*,*,#9053,.F.);
#9065=ORIENTED_EDGE('',*,*,#4484,.T.);
#9067=ORIENTED_EDGE('',*,*,#9066,.T.);
#9068=ORIENTED_EDGE('',*,*,#8868,.F.);
#9069=EDGE_LOOP('',(#9064,#9065,#9067,#9068));
#9070=FACE_OUTER_BOUND('',#9069,.F.);
#9071=ADVANCED_FACE('',(#9070),#9063,.F.);
#9072=CARTESIAN_POINT('',(3.867393765384E0,-2.675E0,2.63E0));
#9073=DIRECTION('',(0.E0,1.E0,0.E0));
#9074=DIRECTION('',(-1.E0,0.E0,0.E0));
#9075=AXIS2_PLACEMENT_3D('',#9072,#9073,#9074);
#9076=CYLINDRICAL_SURFACE('',#9075,1.E-1);
#9077=ORIENTED_EDGE('',*,*,#9066,.F.);
#9078=ORIENTED_EDGE('',*,*,#4482,.T.);
#9080=ORIENTED_EDGE('',*,*,#9079,.T.);
#9081=ORIENTED_EDGE('',*,*,#8870,.F.);
#9082=EDGE_LOOP('',(#9077,#9078,#9080,#9081));
#9083=FACE_OUTER_BOUND('',#9082,.F.);
#9084=ADVANCED_FACE('',(#9083),#9076,.T.);
#9085=CARTESIAN_POINT('',(5.25E0,-2.675E0,2.85E0));
#9086=DIRECTION('',(0.E0,1.E0,0.E0));
#9087=DIRECTION('',(-1.E0,0.E0,0.E0));
#9088=AXIS2_PLACEMENT_3D('',#9085,#9086,#9087);
#9089=CYLINDRICAL_SURFACE('',#9088,1.5E0);
#9090=ORIENTED_EDGE('',*,*,#9079,.F.);
#9091=ORIENTED_EDGE('',*,*,#4480,.T.);
#9093=ORIENTED_EDGE('',*,*,#9092,.T.);
#9094=ORIENTED_EDGE('',*,*,#8872,.F.);
#9095=EDGE_LOOP('',(#9090,#9091,#9093,#9094));
#9096=FACE_OUTER_BOUND('',#9095,.F.);
#9097=ADVANCED_FACE('',(#9096),#9089,.T.);
#9098=CARTESIAN_POINT('',(3.867393765384E0,-2.675E0,3.07E0));
#9099=DIRECTION('',(0.E0,1.E0,0.E0));
#9100=DIRECTION('',(-1.E0,0.E0,0.E0));
#9101=AXIS2_PLACEMENT_3D('',#9098,#9099,#9100);
#9102=CYLINDRICAL_SURFACE('',#9101,1.E-1);
#9103=ORIENTED_EDGE('',*,*,#9092,.F.);
#9104=ORIENTED_EDGE('',*,*,#4478,.T.);
#9106=ORIENTED_EDGE('',*,*,#9105,.T.);
#9107=ORIENTED_EDGE('',*,*,#8874,.F.);
#9108=EDGE_LOOP('',(#9103,#9104,#9106,#9107));
#9109=FACE_OUTER_BOUND('',#9108,.F.);
#9110=ADVANCED_FACE('',(#9109),#9102,.T.);
#9111=CARTESIAN_POINT('',(3.867393765384E0,-2.675E0,3.17E0));
#9112=DIRECTION('',(0.E0,0.E0,-1.E0));
#9113=DIRECTION('',(1.E0,0.E0,0.E0));
#9114=AXIS2_PLACEMENT_3D('',#9111,#9112,#9113);
#9115=PLANE('',#9114);
#9116=ORIENTED_EDGE('',*,*,#9105,.F.);
#9117=ORIENTED_EDGE('',*,*,#4476,.T.);
#9119=ORIENTED_EDGE('',*,*,#9118,.T.);
#9120=ORIENTED_EDGE('',*,*,#8876,.F.);
#9121=EDGE_LOOP('',(#9116,#9117,#9119,#9120));
#9122=FACE_OUTER_BOUND('',#9121,.F.);
#9123=ADVANCED_FACE('',(#9122),#9115,.F.);
#9124=CARTESIAN_POINT('',(4.08E0,-2.675E0,4.02E0));
#9125=DIRECTION('',(0.E0,1.E0,0.E0));
#9126=DIRECTION('',(-1.E0,0.E0,0.E0));
#9127=AXIS2_PLACEMENT_3D('',#9124,#9125,#9126);
#9128=CYLINDRICAL_SURFACE('',#9127,8.5E-1);
#9129=ORIENTED_EDGE('',*,*,#9118,.F.);
#9130=ORIENTED_EDGE('',*,*,#4474,.F.);
#9132=ORIENTED_EDGE('',*,*,#9131,.T.);
#9133=ORIENTED_EDGE('',*,*,#8878,.F.);
#9134=EDGE_LOOP('',(#9129,#9130,#9132,#9133));
#9135=FACE_OUTER_BOUND('',#9134,.F.);
#9136=ADVANCED_FACE('',(#9135),#9128,.F.);
#9137=CARTESIAN_POINT('',(4.93E0,-2.675E0,4.02E0));
#9138=DIRECTION('',(1.E0,0.E0,0.E0));
#9139=DIRECTION('',(0.E0,0.E0,1.E0));
#9140=AXIS2_PLACEMENT_3D('',#9137,#9138,#9139);
#9141=PLANE('',#9140);
#9142=ORIENTED_EDGE('',*,*,#9131,.F.);
#9143=ORIENTED_EDGE('',*,*,#4472,.T.);
#9145=ORIENTED_EDGE('',*,*,#9144,.T.);
#9146=ORIENTED_EDGE('',*,*,#8880,.F.);
#9147=EDGE_LOOP('',(#9142,#9143,#9145,#9146));
#9148=FACE_OUTER_BOUND('',#9147,.F.);
#9149=ADVANCED_FACE('',(#9148),#9141,.F.);
#9150=CARTESIAN_POINT('',(5.03E0,-2.675E0,4.232606234616E0));
#9151=DIRECTION('',(0.E0,1.E0,0.E0));
#9152=DIRECTION('',(-1.E0,0.E0,0.E0));
#9153=AXIS2_PLACEMENT_3D('',#9150,#9151,#9152);
#9154=CYLINDRICAL_SURFACE('',#9153,1.E-1);
#9155=ORIENTED_EDGE('',*,*,#9144,.F.);
#9156=ORIENTED_EDGE('',*,*,#4470,.T.);
#9158=ORIENTED_EDGE('',*,*,#9157,.T.);
#9159=ORIENTED_EDGE('',*,*,#8882,.F.);
#9160=EDGE_LOOP('',(#9155,#9156,#9158,#9159));
#9161=FACE_OUTER_BOUND('',#9160,.F.);
#9162=ADVANCED_FACE('',(#9161),#9154,.T.);
#9163=CARTESIAN_POINT('',(5.25E0,-2.675E0,2.85E0));
#9164=DIRECTION('',(0.E0,1.E0,0.E0));
#9165=DIRECTION('',(-1.E0,0.E0,0.E0));
#9166=AXIS2_PLACEMENT_3D('',#9163,#9164,#9165);
#9167=CYLINDRICAL_SURFACE('',#9166,1.5E0);
#9168=ORIENTED_EDGE('',*,*,#9157,.F.);
#9169=ORIENTED_EDGE('',*,*,#4468,.T.);
#9170=ORIENTED_EDGE('',*,*,#8830,.T.);
#9171=ORIENTED_EDGE('',*,*,#8884,.F.);
#9172=EDGE_LOOP('',(#9168,#9169,#9170,#9171));
#9173=FACE_OUTER_BOUND('',#9172,.F.);
#9174=ADVANCED_FACE('',(#9173),#9167,.T.);
#9175=CLOSED_SHELL('',(#4514,#4529,#4543,#4557,#4570,#4582,#4598,#4612,#4625,
#4638,#4650,#4665,#4687,#4703,#4741,#4760,#4775,#4794,#4808,#4826,#4931,#4946,
#4960,#4974,#4987,#5009,#5024,#5048,#5063,#5078,#5092,#5107,#5120,#5192,#5208,
#5231,#5246,#5261,#5275,#5289,#5303,#5317,#5331,#5345,#5360,#5374,#5389,#5403,
#5417,#5430,#5444,#5458,#5475,#5487,#5513,#5527,#5540,#5553,#5566,#5579,#5591,
#5604,#5616,#5632,#5655,#5670,#5685,#5699,#5713,#5727,#5741,#5755,#5770,#5784,
#5799,#5813,#5827,#5840,#5855,#5869,#5886,#5899,#5911,#5933,#5947,#5966,#5988,
#6002,#6015,#6029,#6052,#6066,#6103,#6118,#6132,#6162,#6177,#6198,#6214,#6226,
#6239,#6254,#6267,#6280,#6294,#6316,#6332,#6348,#6367,#6380,#6401,#6427,#6440,
#6454,#6471,#6493,#6508,#6527,#6565,#6579,#6597,#6620,#6633,#6646,#6659,#6671,
#6689,#6702,#6715,#6728,#6741,#6754,#6766,#6778,#6794,#6808,#6822,#6842,#6855,
#6868,#6881,#6895,#6907,#6927,#6940,#6953,#6966,#6979,#6991,#7003,#7017,#7031,
#7044,#7056,#7075,#7087,#7101,#7115,#7131,#7145,#7158,#7175,#7189,#7205,#7218,
#7240,#7255,#7278,#7293,#7308,#7322,#7336,#7349,#7363,#7377,#7392,#7406,#7421,
#7435,#7449,#7462,#7476,#7489,#7506,#7519,#7531,#7544,#7556,#7571,#7583,#7605,
#7620,#7643,#7658,#7673,#7687,#7701,#7714,#7728,#7742,#7757,#7771,#7786,#7800,
#7814,#7827,#7841,#7854,#7871,#7884,#7896,#7909,#7921,#7934,#7946,#7960,#7982,
#7995,#8008,#8021,#8033,#8046,#8059,#8074,#8088,#8102,#8116,#8129,#8141,#8153,
#8169,#8183,#8197,#8211,#8225,#8239,#8254,#8270,#8289,#8310,#8323,#8336,#8349,
#8362,#8374,#8387,#8400,#8413,#8426,#8438,#8453,#8467,#8481,#8495,#8509,#8523,
#8537,#8551,#8565,#8579,#8593,#8607,#8621,#8635,#8649,#8663,#8677,#8691,#8705,
#8719,#8733,#8747,#8761,#8774,#8806,#8821,#8835,#8889,#8902,#8915,#8928,#8941,
#8954,#8967,#8980,#8993,#9006,#9019,#9032,#9045,#9058,#9071,#9084,#9097,#9110,
#9123,#9136,#9149,#9162,#9174));
#9176=MANIFOLD_SOLID_BREP('',#9175);
#9177=CARTESIAN_POINT('',(0.E0,0.E0,0.E0));
#9178=DIRECTION('',(0.E0,0.E0,1.E0));
#9179=DIRECTION('',(1.E0,0.E0,0.E0));
#9180=AXIS2_PLACEMENT_3D('CSYS',#9177,#9178,#9179);
#9181=CARTESIAN_POINT('',(-5.25E0,-2.975E0,2.85E0));
#9182=DIRECTION('',(0.E0,-1.E0,0.E0));
#9183=DIRECTION('',(-1.E0,0.E0,0.E0));
#9184=AXIS2_PLACEMENT_3D('',#9181,#9182,#9183);
#9188=CARTESIAN_POINT('',(-5.25E0,-2.975E0,2.85E0));
#9189=DIRECTION('',(0.E0,-1.E0,0.E0));
#9190=DIRECTION('',(1.E0,0.E0,0.E0));
#9191=AXIS2_PLACEMENT_3D('',#9188,#9189,#9190);
#9197=CARTESIAN_POINT('',(5.25E0,-2.975E0,2.85E0));
#9198=DIRECTION('',(0.E0,1.E0,0.E0));
#9199=DIRECTION('',(1.E0,0.E0,0.E0));
#9200=AXIS2_PLACEMENT_3D('',#9197,#9198,#9199);
#9204=CARTESIAN_POINT('',(5.25E0,-2.975E0,2.85E0));
#9205=DIRECTION('',(0.E0,1.E0,0.E0));
#9206=DIRECTION('',(-1.E0,0.E0,0.E0));
#9207=AXIS2_PLACEMENT_3D('',#9204,#9205,#9206);
#9212=CARTESIAN_POINT('',(-7.E0,-2.975E0,-5.06E0));
#9213=DIRECTION('',(0.E0,-1.E0,0.E0));
#9214=DIRECTION('',(1.E0,0.E0,0.E0));
#9215=AXIS2_PLACEMENT_3D('',#9212,#9213,#9214);
#9219=CARTESIAN_POINT('',(-7.E0,-2.975E0,-5.06E0));
#9220=DIRECTION('',(0.E0,-1.E0,0.E0));
#9221=DIRECTION('',(-1.E0,0.E0,0.E0));
#9222=AXIS2_PLACEMENT_3D('',#9219,#9220,#9221);
#9227=CARTESIAN_POINT('',(-3.5E0,-2.975E0,-5.06E0));
#9228=DIRECTION('',(0.E0,-1.E0,0.E0));
#9229=DIRECTION('',(1.E0,0.E0,0.E0));
#9230=AXIS2_PLACEMENT_3D('',#9227,#9228,#9229);
#9234=CARTESIAN_POINT('',(-3.5E0,-2.975E0,-5.06E0));
#9235=DIRECTION('',(0.E0,-1.E0,0.E0));
#9236=DIRECTION('',(-1.E0,0.E0,0.E0));
#9237=AXIS2_PLACEMENT_3D('',#9234,#9235,#9236);
#9242=CARTESIAN_POINT('',(0.E0,-2.975E0,-5.06E0));
#9243=DIRECTION('',(0.E0,-1.E0,0.E0));
#9244=DIRECTION('',(1.E0,0.E0,0.E0));
#9245=AXIS2_PLACEMENT_3D('',#9242,#9243,#9244);
#9249=CARTESIAN_POINT('',(0.E0,-2.975E0,-5.06E0));
#9250=DIRECTION('',(0.E0,-1.E0,0.E0));
#9251=DIRECTION('',(-1.E0,0.E0,0.E0));
#9252=AXIS2_PLACEMENT_3D('',#9249,#9250,#9251);
#9257=CARTESIAN_POINT('',(3.5E0,-2.975E0,-5.06E0));
#9258=DIRECTION('',(0.E0,-1.E0,0.E0));
#9259=DIRECTION('',(1.E0,0.E0,0.E0));
#9260=AXIS2_PLACEMENT_3D('',#9257,#9258,#9259);
#9264=CARTESIAN_POINT('',(3.5E0,-2.975E0,-5.06E0));
#9265=DIRECTION('',(0.E0,-1.E0,0.E0));
#9266=DIRECTION('',(-1.E0,0.E0,0.E0));
#9267=AXIS2_PLACEMENT_3D('',#9264,#9265,#9266);
#9272=CARTESIAN_POINT('',(7.E0,-2.975E0,-5.06E0));
#9273=DIRECTION('',(0.E0,-1.E0,0.E0));
#9274=DIRECTION('',(1.E0,0.E0,0.E0));
#9275=AXIS2_PLACEMENT_3D('',#9272,#9273,#9274);
#9279=CARTESIAN_POINT('',(7.E0,-2.975E0,-5.06E0));
#9280=DIRECTION('',(0.E0,-1.E0,0.E0));
#9281=DIRECTION('',(-1.E0,0.E0,0.E0));
#9282=AXIS2_PLACEMENT_3D('',#9279,#9280,#9281);
#9288=DIMENSIONAL_EXPONENTS(0.E0,0.E0,0.E0,0.E0,0.E0,0.E0,0.E0);
#9290=PLANE_ANGLE_MEASURE_WITH_UNIT(PLANE_ANGLE_MEASURE(1.745329251994E-2),
#9289);
#9291=(CONVERSION_BASED_UNIT('DEGREE',#9290)NAMED_UNIT(*)PLANE_ANGLE_UNIT());
#9293=UNCERTAINTY_MEASURE_WITH_UNIT(LENGTH_MEASURE(2.881028846760E-3),#9287,
'closure',
'Maximum model space distance between geometric entities at asserted connectivities');
#9294=(GEOMETRIC_REPRESENTATION_CONTEXT(3)GLOBAL_UNCERTAINTY_ASSIGNED_CONTEXT((
#9293))GLOBAL_UNIT_ASSIGNED_CONTEXT((#9287,#9291,#9292))REPRESENTATION_CONTEXT(
'ID1','3'));
#9196=GEOMETRIC_SET('',(#9195,#9211,#9226,#9241,#9256,#9271,#9286));
#9298=SHAPE_REPRESENTATION_RELATIONSHIP('','',#9297,#9295);
#9299=SHAPE_REPRESENTATION_RELATIONSHIP('','',#9297,#9296);
#9300=APPLICATION_CONTEXT(
'CONFIGURATION CONTROLLED 3D DESIGNS OF MECHANICAL PARTS AND ASSEMBLIES');
#9301=APPLICATION_PROTOCOL_DEFINITION('international standard',
'config_control_design',1994,#9300);
#9302=DESIGN_CONTEXT('',#9300,'design');
#9303=MECHANICAL_CONTEXT('',#9300,'mechanical');
#9304=PRODUCT('1723103105','1723103105','NOT SPECIFIED',(#9303));
#9305=PRODUCT_DEFINITION_FORMATION_WITH_SPECIFIED_SOURCE('9','LAST_VERSION',
#9304,.MADE.);
#9309=PRODUCT_CATEGORY('part','');
#9310=PRODUCT_RELATED_PRODUCT_CATEGORY('detail','',(#9304));
#9311=PRODUCT_CATEGORY_RELATIONSHIP('','',#9309,#9310);
#9312=SECURITY_CLASSIFICATION_LEVEL('unclassified');
#9313=SECURITY_CLASSIFICATION('','',#9312);
#9314=CC_DESIGN_SECURITY_CLASSIFICATION(#9313,(#9305));
#9315=APPROVAL_STATUS('approved');
#9316=APPROVAL(#9315,'');
#9317=CC_DESIGN_APPROVAL(#9316,(#9313,#9305,#9306));
#9318=CALENDAR_DATE(121,5,5);
#9319=COORDINATED_UNIVERSAL_TIME_OFFSET(5,30,.AHEAD.);
#9320=LOCAL_TIME(14,59,7.E0,#9319);
#9321=DATE_AND_TIME(#9318,#9320);
#9322=APPROVAL_DATE_TIME(#9321,#9316);
#9323=DATE_TIME_ROLE('creation_date');
#9324=CC_DESIGN_DATE_AND_TIME_ASSIGNMENT(#9321,#9323,(#9306));
#9325=DATE_TIME_ROLE('classification_date');
#9326=CC_DESIGN_DATE_AND_TIME_ASSIGNMENT(#9321,#9325,(#9313));
#9327=PERSON('UNSPECIFIED','UNSPECIFIED',$,$,$,$);
#9328=ORGANIZATION('UNSPECIFIED','UNSPECIFIED','UNSPECIFIED');
#9329=PERSON_AND_ORGANIZATION(#9327,#9328);
#9330=APPROVAL_ROLE('approver');
#9331=APPROVAL_PERSON_ORGANIZATION(#9329,#9316,#9330);
#9332=PERSON_AND_ORGANIZATION_ROLE('creator');
#9333=CC_DESIGN_PERSON_AND_ORGANIZATION_ASSIGNMENT(#9329,#9332,(#9305,#9306));
#9334=PERSON_AND_ORGANIZATION_ROLE('design_supplier');
#9335=CC_DESIGN_PERSON_AND_ORGANIZATION_ASSIGNMENT(#9329,#9334,(#9305));
#9336=PERSON_AND_ORGANIZATION_ROLE('classification_officer');
#9337=CC_DESIGN_PERSON_AND_ORGANIZATION_ASSIGNMENT(#9329,#9336,(#9313));
#9338=PERSON_AND_ORGANIZATION_ROLE('design_owner');
#9339=CC_DESIGN_PERSON_AND_ORGANIZATION_ASSIGNMENT(#9329,#9338,(#9304));
#105=CIRCLE('',#104,8.5E-1);
#114=CIRCLE('',#113,1.E-1);
#119=CIRCLE('',#118,1.5E0);
#124=CIRCLE('',#123,1.E-1);
#133=CIRCLE('',#132,8.5E-1);
#142=CIRCLE('',#141,1.E-1);
#147=CIRCLE('',#146,1.5E0);
#152=CIRCLE('',#151,1.E-1);
#161=CIRCLE('',#160,8.5E-1);
#170=CIRCLE('',#169,1.E-1);
#175=CIRCLE('',#174,1.5E0);
#180=CIRCLE('',#179,1.E-1);
#189=CIRCLE('',#188,8.5E-1);
#198=CIRCLE('',#197,1.E-1);
#203=CIRCLE('',#202,1.5E0);
#208=CIRCLE('',#207,1.E-1);
#217=CIRCLE('',#216,1.E-1);
#222=CIRCLE('',#221,1.5E0);
#227=CIRCLE('',#226,1.E-1);
#236=CIRCLE('',#235,8.5E-1);
#245=CIRCLE('',#244,1.E-1);
#250=CIRCLE('',#249,1.5E0);
#255=CIRCLE('',#254,1.E-1);
#264=CIRCLE('',#263,8.5E-1);
#273=CIRCLE('',#272,1.E-1);
#278=CIRCLE('',#277,1.5E0);
#283=CIRCLE('',#282,1.E-1);
#292=CIRCLE('',#291,8.5E-1);
#301=CIRCLE('',#300,1.E-1);
#306=CIRCLE('',#305,1.5E0);
#311=CIRCLE('',#310,1.E-1);
#320=CIRCLE('',#319,8.5E-1);
#565=CIRCLE('',#564,2.E-1);
#650=CIRCLE('',#649,2.E-1);
#755=CIRCLE('',#754,1.135E0);
#768=CIRCLE('',#767,5.E-1);
#889=CIRCLE('',#888,2.E-1);
#914=CIRCLE('',#913,2.E-1);
#939=CIRCLE('',#938,1.135E0);
#952=CIRCLE('',#951,5.E-1);
#1061=CIRCLE('',#1060,5.E-1);
#1074=CIRCLE('',#1073,1.135E0);
#1187=CIRCLE('',#1186,1.135E0);
#1200=CIRCLE('',#1199,5.E-1);
#1301=CIRCLE('',#1300,5.E-1);
#1314=CIRCLE('',#1313,1.135E0);
#1384=B_SPLINE_CURVE_WITH_KNOTS('',3,(#1379,#1380,#1381,#1382,#1383),
.UNSPECIFIED.,.F.,.F.,(4,1,4),(0.E0,5.E-1,1.E0),.UNSPECIFIED.);
#1389=CIRCLE('',#1388,2.E-1);
#1394=CIRCLE('',#1393,2.E-1);
#1399=CIRCLE('',#1398,2.E-1);
#1406=B_SPLINE_CURVE_WITH_KNOTS('',3,(#1400,#1401,#1402,#1403,#1404,#1405),
.UNSPECIFIED.,.F.,.F.,(4,1,1,4),(0.E0,5.E-1,7.5E-1,1.E0),.UNSPECIFIED.);
#1443=B_SPLINE_CURVE_WITH_KNOTS('',3,(#1435,#1436,#1437,#1438,#1439,#1440,#1441,
#1442),.UNSPECIFIED.,.F.,.F.,(4,1,1,1,1,4),(0.E0,2.E-1,4.E-1,6.E-1,8.E-1,1.E0),
.UNSPECIFIED.);
#1512=CIRCLE('',#1511,2.E-1);
#1521=B_SPLINE_CURVE_WITH_KNOTS('',3,(#1513,#1514,#1515,#1516,#1517,#1518,#1519,
#1520),.UNSPECIFIED.,.F.,.F.,(4,1,1,1,1,4),(0.E0,2.E-1,4.E-1,6.E-1,8.E-1,1.E0),
.UNSPECIFIED.);
#1526=CIRCLE('',#1525,7.5E-1);
#1531=CIRCLE('',#1530,7.5E-1);
#1584=B_SPLINE_CURVE_WITH_KNOTS('',3,(#1576,#1577,#1578,#1579,#1580,#1581,#1582,
#1583),.UNSPECIFIED.,.F.,.F.,(4,1,1,1,1,4),(0.E0,2.E-1,4.E-1,6.E-1,8.E-1,1.E0),
.UNSPECIFIED.);
#1589=CIRCLE('',#1588,2.E-1);
#1610=B_SPLINE_CURVE_WITH_KNOTS('',3,(#1602,#1603,#1604,#1605,#1606,#1607,#1608,
#1609),.UNSPECIFIED.,.F.,.F.,(4,1,1,1,1,4),(0.E0,2.E-1,4.E-1,6.E-1,8.E-1,1.E0),
.UNSPECIFIED.);
#1615=CIRCLE('',#1614,2.E-1);
#1620=CIRCLE('',#1619,2.E-1);
#1625=CIRCLE('',#1624,2.E-1);
#1632=B_SPLINE_CURVE_WITH_KNOTS('',3,(#1626,#1627,#1628,#1629,#1630,#1631),
.UNSPECIFIED.,.F.,.F.,(4,1,1,4),(0.E0,2.5E-1,5.E-1,1.E0),.UNSPECIFIED.);
#1665=CIRCLE('',#1664,7.5E-1);
#1674=CIRCLE('',#1673,7.5E-1);
#1695=CIRCLE('',#1694,1.3E-1);
#1704=CIRCLE('',#1703,5.E-1);
#2061=CIRCLE('',#2060,5.E-1);
#2070=CIRCLE('',#2069,1.3E-1);
#2083=CIRCLE('',#2082,5.E-1);
#2092=CIRCLE('',#2091,5.E-1);
#2117=CIRCLE('',#2116,1.3E-1);
#2126=CIRCLE('',#2125,1.3E-1);
#2160=B_SPLINE_CURVE_WITH_KNOTS('',3,(#2155,#2156,#2157,#2158,#2159),
.UNSPECIFIED.,.F.,.F.,(4,1,4),(0.E0,5.E-1,1.E0),.UNSPECIFIED.);
#2261=CIRCLE('',#2260,1.135E0);
#2274=CIRCLE('',#2273,5.E-1);
#2375=CIRCLE('',#2374,5.E-1);
#2388=CIRCLE('',#2387,1.135E0);
#2481=CIRCLE('',#2480,1.135E0);
#2494=CIRCLE('',#2493,5.E-1);
#2595=CIRCLE('',#2594,5.E-1);
#2608=CIRCLE('',#2607,1.135E0);
#2677=CIRCLE('',#2676,5.E-1);
#2690=CIRCLE('',#2689,1.135E0);
#3011=CIRCLE('',#3010,1.E-1);
#3016=CIRCLE('',#3015,1.5E0);
#3021=CIRCLE('',#3020,1.E-1);
#3030=CIRCLE('',#3029,8.5E-1);
#3039=CIRCLE('',#3038,1.E-1);
#3044=CIRCLE('',#3043,1.5E0);
#3049=CIRCLE('',#3048,1.E-1);
#3058=CIRCLE('',#3057,8.5E-1);
#3067=CIRCLE('',#3066,1.E-1);
#3072=CIRCLE('',#3071,1.5E0);
#3077=CIRCLE('',#3076,1.E-1);
#3086=CIRCLE('',#3085,8.5E-1);
#3095=CIRCLE('',#3094,1.E-1);
#3100=CIRCLE('',#3099,1.5E0);
#3105=CIRCLE('',#3104,1.E-1);
#3114=CIRCLE('',#3113,8.5E-1);
#3131=CIRCLE('',#3130,8.5E-1);
#3140=CIRCLE('',#3139,1.E-1);
#3145=CIRCLE('',#3144,1.5E0);
#3150=CIRCLE('',#3149,1.E-1);
#3159=CIRCLE('',#3158,8.5E-1);
#3168=CIRCLE('',#3167,1.E-1);
#3173=CIRCLE('',#3172,1.5E0);
#3178=CIRCLE('',#3177,1.E-1);
#3187=CIRCLE('',#3186,8.5E-1);
#3196=CIRCLE('',#3195,1.E-1);
#3201=CIRCLE('',#3200,1.5E0);
#3206=CIRCLE('',#3205,1.E-1);
#3215=CIRCLE('',#3214,8.5E-1);
#3224=CIRCLE('',#3223,1.E-1);
#3229=CIRCLE('',#3228,1.5E0);
#3234=CIRCLE('',#3233,1.E-1);
#4356=EDGE_CURVE('',#4172,#4167,#36,.T.);
#4358=EDGE_CURVE('',#4172,#4149,#40,.T.);
#4360=EDGE_CURVE('',#4149,#4150,#44,.T.);
#4362=EDGE_CURVE('',#4152,#4150,#48,.T.);
#4364=EDGE_CURVE('',#4152,#3325,#52,.T.);
#4366=EDGE_CURVE('',#3325,#3326,#56,.T.);
#4368=EDGE_CURVE('',#3326,#4174,#60,.T.);
#4370=EDGE_CURVE('',#4174,#4167,#64,.T.);
#4374=EDGE_CURVE('',#3565,#3566,#20,.T.);
#4376=EDGE_CURVE('',#3566,#3568,#24,.T.);
#4378=EDGE_CURVE('',#3570,#3568,#28,.T.);
#4380=EDGE_CURVE('',#3570,#3565,#32,.T.);
#4384=EDGE_CURVE('',#3557,#3558,#4,.T.);
#4386=EDGE_CURVE('',#3558,#3560,#8,.T.);
#4388=EDGE_CURVE('',#3562,#3560,#12,.T.);
#4390=EDGE_CURVE('',#3562,#3557,#16,.T.);
#4394=EDGE_CURVE('',#4229,#4230,#68,.T.);
#4396=EDGE_CURVE('',#4230,#4234,#72,.T.);
#4398=EDGE_CURVE('',#4233,#4234,#76,.T.);
#4400=EDGE_CURVE('',#4229,#4233,#80,.T.);
#4404=EDGE_CURVE('',#4310,#4312,#84,.T.);
#4406=EDGE_CURVE('',#4310,#4318,#88,.T.);
#4408=EDGE_CURVE('',#4318,#4320,#92,.T.);
#4410=EDGE_CURVE('',#4312,#4320,#96,.T.);
#4414=EDGE_CURVE('',#3621,#3622,#100,.T.);
#4416=EDGE_CURVE('',#3624,#3622,#105,.T.);
#4418=EDGE_CURVE('',#3624,#3626,#109,.T.);
#4420=EDGE_CURVE('',#3626,#3628,#114,.T.);
#4422=EDGE_CURVE('',#3628,#3630,#119,.T.);
#4424=EDGE_CURVE('',#3630,#3632,#124,.T.);
#4426=EDGE_CURVE('',#3632,#3634,#128,.T.);
#4428=EDGE_CURVE('',#3636,#3634,#133,.T.);
#4430=EDGE_CURVE('',#3636,#3638,#137,.T.);
#4432=EDGE_CURVE('',#3638,#3640,#142,.T.);
#4434=EDGE_CURVE('',#3640,#3642,#147,.T.);
#4436=EDGE_CURVE('',#3642,#3644,#152,.T.);
#4438=EDGE_CURVE('',#3644,#3646,#156,.T.);
#4440=EDGE_CURVE('',#3648,#3646,#161,.T.);
#4442=EDGE_CURVE('',#3648,#3650,#165,.T.);
#4444=EDGE_CURVE('',#3650,#3652,#170,.T.);
#4446=EDGE_CURVE('',#3652,#3654,#175,.T.);
#4448=EDGE_CURVE('',#3654,#3656,#180,.T.);
#4450=EDGE_CURVE('',#3656,#3658,#184,.T.);
#4452=EDGE_CURVE('',#3660,#3658,#189,.T.);
#4454=EDGE_CURVE('',#3660,#3662,#193,.T.);
#4456=EDGE_CURVE('',#3662,#3664,#198,.T.);
#4458=EDGE_CURVE('',#3664,#3666,#203,.T.);
#4460=EDGE_CURVE('',#3666,#3621,#208,.T.);
#4464=EDGE_CURVE('',#3844,#3846,#212,.T.);
#4466=EDGE_CURVE('',#3890,#3844,#217,.T.);
#4468=EDGE_CURVE('',#3888,#3890,#222,.T.);
#4470=EDGE_CURVE('',#3886,#3888,#227,.T.);
#4472=EDGE_CURVE('',#3884,#3886,#231,.T.);
#4474=EDGE_CURVE('',#3884,#3882,#236,.T.);
#4476=EDGE_CURVE('',#3880,#3882,#240,.T.);
#4478=EDGE_CURVE('',#3878,#3880,#245,.T.);
#4480=EDGE_CURVE('',#3876,#3878,#250,.T.);
#4482=EDGE_CURVE('',#3874,#3876,#255,.T.);
#4484=EDGE_CURVE('',#3872,#3874,#259,.T.);
#4486=EDGE_CURVE('',#3872,#3870,#264,.T.);
#4488=EDGE_CURVE('',#3868,#3870,#268,.T.);
#4490=EDGE_CURVE('',#3866,#3868,#273,.T.);
#4492=EDGE_CURVE('',#3864,#3866,#278,.T.);
#4494=EDGE_CURVE('',#3862,#3864,#283,.T.);
#4496=EDGE_CURVE('',#3860,#3862,#287,.T.);
#4498=EDGE_CURVE('',#3860,#3858,#292,.T.);
#4500=EDGE_CURVE('',#3856,#3858,#296,.T.);
#4502=EDGE_CURVE('',#3854,#3856,#301,.T.);
#4504=EDGE_CURVE('',#3852,#3854,#306,.T.);
#4506=EDGE_CURVE('',#3850,#3852,#311,.T.);
#4508=EDGE_CURVE('',#3848,#3850,#315,.T.);
#4510=EDGE_CURVE('',#3848,#3846,#320,.T.);
#4521=EDGE_CURVE('',#3557,#3542,#324,.T.);
#4523=EDGE_CURVE('',#3542,#3544,#352,.T.);
#4525=EDGE_CURVE('',#3558,#3544,#336,.T.);
#4535=EDGE_CURVE('',#3562,#3541,#328,.T.);
#4537=EDGE_CURVE('',#3541,#3542,#340,.T.);
#4550=EDGE_CURVE('',#3560,#3546,#332,.T.);
#4552=EDGE_CURVE('',#3546,#3541,#344,.T.);
#4565=EDGE_CURVE('',#3544,#3546,#348,.T.);
#4588=EDGE_CURVE('',#3549,#3550,#356,.T.);
#4590=EDGE_CURVE('',#3554,#3549,#360,.T.);
#4592=EDGE_CURVE('',#3552,#3554,#364,.T.);
#4594=EDGE_CURVE('',#3550,#3552,#368,.T.);
#4605=EDGE_CURVE('',#3565,#3549,#372,.T.);
#4608=EDGE_CURVE('',#3566,#3550,#384,.T.);
#4620=EDGE_CURVE('',#3570,#3554,#376,.T.);
#4632=EDGE_CURVE('',#3568,#3552,#380,.T.);
#4656=EDGE_CURVE('',#4167,#4168,#388,.T.);
#4658=EDGE_CURVE('',#4168,#4170,#392,.T.);
#4660=EDGE_CURVE('',#4172,#4170,#901,.T.);
#4671=EDGE_CURVE('',#4316,#4340,#396,.T.);
#4673=EDGE_CURVE('',#4344,#4316,#400,.T.);
#4675=EDGE_CURVE('',#4344,#4350,#404,.T.);
#4677=EDGE_CURVE('',#4350,#4168,#484,.T.);
#4681=EDGE_CURVE('',#4174,#4176,#496,.T.);
#4683=EDGE_CURVE('',#4340,#4176,#2794,.T.);
#4693=EDGE_CURVE('',#4334,#4342,#408,.T.);
#4695=EDGE_CURVE('',#4179,#4334,#2770,.T.);
#4697=EDGE_CURVE('',#4179,#4180,#516,.T.);
#4699=EDGE_CURVE('',#4180,#4342,#480,.T.);
#4709=EDGE_CURVE('',#4314,#4285,#412,.T.);
#4711=EDGE_CURVE('',#4285,#4286,#416,.T.);
#4713=EDGE_CURVE('',#4286,#4288,#420,.T.);
#4715=EDGE_CURVE('',#4288,#4290,#424,.T.);
#4717=EDGE_CURVE('',#4290,#4292,#428,.T.);
#4719=EDGE_CURVE('',#4292,#4316,#432,.T.);
#4722=EDGE_CURVE('',#4340,#4322,#2790,.T.);
#4724=EDGE_CURVE('',#4322,#4303,#436,.T.);
#4726=EDGE_CURVE('',#4303,#4304,#440,.T.);
#4728=EDGE_CURVE('',#4304,#4306,#444,.T.);
#4730=EDGE_CURVE('',#4306,#4308,#448,.T.);
#4732=EDGE_CURVE('',#4308,#4324,#452,.T.);
#4734=EDGE_CURVE('',#4334,#4324,#2762,.T.);
#4737=EDGE_CURVE('',#4342,#4314,#476,.T.);
#4747=EDGE_CURVE('',#4318,#4295,#456,.T.);
#4749=EDGE_CURVE('',#4295,#4296,#460,.T.);
#4751=EDGE_CURVE('',#4296,#4298,#464,.T.);
#4753=EDGE_CURVE('',#4298,#4300,#468,.T.);
#4755=EDGE_CURVE('',#4300,#4320,#472,.T.);
#4767=EDGE_CURVE('',#4346,#4314,#492,.T.);
#4769=EDGE_CURVE('',#4346,#4267,#2870,.T.);
#4771=EDGE_CURVE('',#4267,#4285,#2906,.T.);
#4783=EDGE_CURVE('',#4180,#4182,#512,.T.);
#4785=EDGE_CURVE('',#4182,#4170,#905,.T.);
#4789=EDGE_CURVE('',#4350,#4346,#488,.T.);
#4802=EDGE_CURVE('',#3326,#3454,#500,.T.);
#4804=EDGE_CURVE('',#3454,#4176,#504,.T.);
#4814=EDGE_CURVE('',#3516,#3514,#508,.T.);
#4816=EDGE_CURVE('',#4182,#3514,#909,.T.);
#4820=EDGE_CURVE('',#3538,#4179,#520,.T.);
#4822=EDGE_CURVE('',#3538,#3516,#524,.T.);
#4832=EDGE_CURVE('',#3505,#3506,#565,.T.);
#4834=EDGE_CURVE('',#3505,#3441,#1760,.T.);
#4836=EDGE_CURVE('',#3449,#3441,#569,.T.);
#4838=EDGE_CURVE('',#3449,#3450,#573,.T.);
#4840=EDGE_CURVE('',#3450,#3445,#577,.T.);
#4842=EDGE_CURVE('',#3445,#3349,#1744,.T.);
#4844=EDGE_CURVE('',#3336,#3349,#2074,.T.);
#4846=EDGE_CURVE('',#3336,#3368,#581,.T.);
#4848=EDGE_CURVE('',#3368,#3728,#585,.T.);
#4850=EDGE_CURVE('',#3728,#3721,#589,.T.);
#4852=EDGE_CURVE('',#3721,#3722,#593,.T.);
#4854=EDGE_CURVE('',#3722,#3724,#597,.T.);
#4856=EDGE_CURVE('',#3724,#3726,#601,.T.);
#4858=EDGE_CURVE('',#3726,#3743,#605,.T.);
#4860=EDGE_CURVE('',#3743,#3744,#609,.T.);
#4862=EDGE_CURVE('',#3744,#3746,#613,.T.);
#4864=EDGE_CURVE('',#3746,#3748,#617,.T.);
#4866=EDGE_CURVE('',#3748,#3767,#621,.T.);
#4868=EDGE_CURVE('',#3767,#3768,#625,.T.);
#4870=EDGE_CURVE('',#3768,#3770,#629,.T.);
#4872=EDGE_CURVE('',#3770,#3772,#633,.T.);
#4874=EDGE_CURVE('',#3772,#3774,#637,.T.);
#4876=EDGE_CURVE('',#3370,#3774,#641,.T.);
#4878=EDGE_CURVE('',#3370,#3346,#645,.T.);
#4880=EDGE_CURVE('',#3346,#3353,#1690,.T.);
#4882=EDGE_CURVE('',#3353,#3518,#1728,.T.);
#4884=EDGE_CURVE('',#3516,#3518,#650,.T.);
#4887=EDGE_CURVE('',#3538,#3402,#654,.T.);
#4889=EDGE_CURVE('',#3401,#3402,#658,.T.);
#4891=EDGE_CURVE('',#3454,#3401,#662,.T.);
#4895=EDGE_CURVE('',#3325,#3452,#666,.T.);
#4897=EDGE_CURVE('',#3452,#3397,#670,.T.);
#4899=EDGE_CURVE('',#3397,#3398,#674,.T.);
#4901=EDGE_CURVE('',#3536,#3398,#678,.T.);
#4903=EDGE_CURVE('',#3536,#3506,#682,.T.);
#4907=EDGE_CURVE('',#3389,#3382,#1138,.T.);
#4909=EDGE_CURVE('',#3389,#3390,#544,.T.);
#4911=EDGE_CURVE('',#3390,#3392,#548,.T.);
#4913=EDGE_CURVE('',#3392,#3379,#552,.T.);
#4915=EDGE_CURVE('',#3379,#3380,#556,.T.);
#4917=EDGE_CURVE('',#3380,#3382,#560,.T.);
#4921=EDGE_CURVE('',#3789,#3790,#528,.T.);
#4923=EDGE_CURVE('',#3790,#3792,#532,.T.);
#4925=EDGE_CURVE('',#3792,#3794,#536,.T.);
#4927=EDGE_CURVE('',#3794,#3789,#540,.T.);
#4938=EDGE_CURVE('',#3789,#3782,#690,.T.);
#4940=EDGE_CURVE('',#3781,#3782,#702,.T.);
#4942=EDGE_CURVE('',#3790,#3781,#686,.T.);
#4953=EDGE_CURVE('',#3794,#3786,#694,.T.);
#4955=EDGE_CURVE('',#3782,#3786,#706,.T.);
#4967=EDGE_CURVE('',#3792,#3784,#698,.T.);
#4969=EDGE_CURVE('',#3786,#3784,#710,.T.);
#4982=EDGE_CURVE('',#3784,#3781,#714,.T.);
#4999=EDGE_CURVE('',#4013,#4014,#718,.T.);
#5001=EDGE_CURVE('',#4013,#4017,#722,.T.);
#5003=EDGE_CURVE('',#4017,#4018,#726,.T.);
#5005=EDGE_CURVE('',#4014,#4018,#730,.T.);
#5015=EDGE_CURVE('',#4128,#4122,#734,.T.);
#5017=EDGE_CURVE('',#4128,#4013,#738,.T.);
#5020=EDGE_CURVE('',#4014,#4122,#742,.T.);
#5030=EDGE_CURVE('',#4134,#4144,#746,.T.);
#5032=EDGE_CURVE('',#4134,#3993,#750,.T.);
#5034=EDGE_CURVE('',#3993,#3994,#755,.T.);
#5036=EDGE_CURVE('',#3994,#4006,#759,.T.);
#5038=EDGE_CURVE('',#4005,#4006,#872,.T.);
#5040=EDGE_CURVE('',#4005,#3989,#763,.T.);
#5042=EDGE_CURVE('',#3989,#3990,#768,.T.);
#5044=EDGE_CURVE('',#3990,#4144,#772,.T.);
#5054=EDGE_CURVE('',#4130,#4118,#788,.T.);
#5056=EDGE_CURVE('',#4130,#4128,#2698,.T.);
#5059=EDGE_CURVE('',#4122,#4118,#792,.T.);
#5069=EDGE_CURVE('',#4117,#4118,#776,.T.);
#5071=EDGE_CURVE('',#4117,#4124,#780,.T.);
#5073=EDGE_CURVE('',#4124,#4130,#784,.T.);
#5086=EDGE_CURVE('',#4121,#4122,#804,.T.);
#5088=EDGE_CURVE('',#4117,#4121,#796,.T.);
#5098=EDGE_CURVE('',#4006,#4010,#876,.T.);
#5101=EDGE_CURVE('',#3994,#4002,#800,.T.);
#5103=EDGE_CURVE('',#4002,#4010,#2685,.T.);
#5116=EDGE_CURVE('',#4018,#4121,#2660,.T.);
#5126=EDGE_CURVE('',#3508,#3510,#889,.T.);
#5128=EDGE_CURVE('',#4160,#3508,#1788,.T.);
#5130=EDGE_CURVE('',#4160,#4162,#893,.T.);
#5132=EDGE_CURVE('',#4149,#4162,#897,.T.);
#5138=EDGE_CURVE('',#3513,#3514,#914,.T.);
#5140=EDGE_CURVE('',#3513,#3510,#1720,.T.);
#5144=EDGE_CURVE('',#3909,#3910,#824,.T.);
#5146=EDGE_CURVE('',#3910,#3914,#828,.T.);
#5148=EDGE_CURVE('',#3913,#3914,#832,.T.);
#5150=EDGE_CURVE('',#3909,#3913,#836,.T.);
#5154=EDGE_CURVE('',#3941,#3942,#840,.T.);
#5156=EDGE_CURVE('',#3942,#3946,#844,.T.);
#5158=EDGE_CURVE('',#3945,#3946,#848,.T.);
#5160=EDGE_CURVE('',#3941,#3945,#852,.T.);
#5164=EDGE_CURVE('',#3973,#3974,#856,.T.);
#5166=EDGE_CURVE('',#3974,#3978,#860,.T.);
#5168=EDGE_CURVE('',#3977,#3978,#864,.T.);
#5170=EDGE_CURVE('',#3973,#3977,#868,.T.);
#5176=EDGE_CURVE('',#4009,#4010,#880,.T.);
#5178=EDGE_CURVE('',#4005,#4009,#884,.T.);
#5182=EDGE_CURVE('',#3685,#3686,#808,.T.);
#5184=EDGE_CURVE('',#3686,#3690,#812,.T.);
#5186=EDGE_CURVE('',#3689,#3690,#816,.T.);
#5188=EDGE_CURVE('',#3685,#3689,#820,.T.);
#5198=EDGE_CURVE('',#3418,#3421,#918,.T.);
#5200=EDGE_CURVE('',#3418,#3704,#922,.T.);
#5202=EDGE_CURVE('',#3704,#3706,#1102,.T.);
#5204=EDGE_CURVE('',#3706,#3421,#926,.T.);
#5214=EDGE_CURVE('',#3430,#3700,#930,.T.);
#5216=EDGE_CURVE('',#3430,#3673,#934,.T.);
#5218=EDGE_CURVE('',#3673,#3674,#939,.T.);
#5220=EDGE_CURVE('',#3674,#3686,#943,.T.);
#5223=EDGE_CURVE('',#3685,#3669,#947,.T.);
#5225=EDGE_CURVE('',#3669,#3670,#952,.T.);
#5227=EDGE_CURVE('',#3670,#3700,#956,.T.);
#5237=EDGE_CURVE('',#3417,#3418,#960,.T.);
#5240=EDGE_CURVE('',#3421,#3422,#984,.T.);
#5242=EDGE_CURVE('',#3417,#3422,#980,.T.);
#5253=EDGE_CURVE('',#3692,#3417,#976,.T.);
#5255=EDGE_CURVE('',#3694,#3692,#964,.T.);
#5257=EDGE_CURVE('',#3694,#3418,#1036,.T.);
#5267=EDGE_CURVE('',#3425,#3422,#968,.T.);
#5269=EDGE_CURVE('',#3425,#3692,#972,.T.);
#5282=EDGE_CURVE('',#3426,#3421,#996,.T.);
#5284=EDGE_CURVE('',#3425,#3426,#988,.T.);
#5297=EDGE_CURVE('',#3674,#3682,#992,.T.);
#5299=EDGE_CURVE('',#3682,#3690,#1069,.T.);
#5311=EDGE_CURVE('',#3706,#3710,#1114,.T.);
#5313=EDGE_CURVE('',#3710,#3426,#1044,.T.);
#5324=EDGE_CURVE('',#3673,#3681,#1000,.T.);
#5326=EDGE_CURVE('',#3681,#3682,#1074,.T.);
#5337=EDGE_CURVE('',#3433,#3430,#1004,.T.);
#5339=EDGE_CURVE('',#3433,#3681,#1078,.T.);
#5351=EDGE_CURVE('',#3429,#3430,#1008,.T.);
#5353=EDGE_CURVE('',#3434,#3429,#1150,.T.);
#5355=EDGE_CURVE('',#3433,#3434,#1012,.T.);
#5368=EDGE_CURVE('',#3702,#3700,#1016,.T.);
#5370=EDGE_CURVE('',#3429,#3702,#1154,.T.);
#5380=EDGE_CURVE('',#3698,#3700,#1024,.T.);
#5382=EDGE_CURVE('',#3696,#3698,#1020,.T.);
#5384=EDGE_CURVE('',#3696,#3702,#1158,.T.);
#5397=EDGE_CURVE('',#3670,#3678,#1028,.T.);
#5399=EDGE_CURVE('',#3678,#3698,#1056,.T.);
#5410=EDGE_CURVE('',#3669,#3677,#1032,.T.);
#5412=EDGE_CURVE('',#3677,#3678,#1061,.T.);
#5424=EDGE_CURVE('',#3689,#3677,#1065,.T.);
#5437=EDGE_CURVE('',#3694,#3708,#1048,.T.);
#5439=EDGE_CURVE('',#3704,#3708,#1106,.T.);
#5450=EDGE_CURVE('',#3426,#3694,#1040,.T.);
#5453=EDGE_CURVE('',#3708,#3710,#1110,.T.);
#5464=EDGE_CURVE('',#3698,#3433,#1052,.T.);
#5493=EDGE_CURVE('',#3374,#3394,#1082,.T.);
#5495=EDGE_CURVE('',#3394,#3385,#1086,.T.);
#5497=EDGE_CURVE('',#3385,#3386,#1090,.T.);
#5499=EDGE_CURVE('',#3376,#3386,#1130,.T.);
#5501=EDGE_CURVE('',#3376,#3373,#1094,.T.);
#5503=EDGE_CURVE('',#3373,#3374,#1098,.T.);
#5519=EDGE_CURVE('',#3394,#3392,#1118,.T.);
#5522=EDGE_CURVE('',#3379,#3374,#1122,.T.);
#5534=EDGE_CURVE('',#3390,#3385,#1126,.T.);
#5547=EDGE_CURVE('',#3389,#3386,#1134,.T.);
#5562=EDGE_CURVE('',#3382,#3376,#1142,.T.);
#5573=EDGE_CURVE('',#3380,#3373,#1146,.T.);
#5598=EDGE_CURVE('',#3696,#3434,#1162,.T.);
#5622=EDGE_CURVE('',#4032,#4026,#1166,.T.);
#5624=EDGE_CURVE('',#4032,#3917,#1170,.T.);
#5626=EDGE_CURVE('',#3917,#3918,#1346,.T.);
#5628=EDGE_CURVE('',#3918,#4026,#1174,.T.);
#5638=EDGE_CURVE('',#4038,#4048,#1178,.T.);
#5640=EDGE_CURVE('',#4038,#3897,#1182,.T.);
#5642=EDGE_CURVE('',#3897,#3898,#1187,.T.);
#5644=EDGE_CURVE('',#3898,#3910,#1191,.T.);
#5647=EDGE_CURVE('',#3909,#3893,#1195,.T.);
#5649=EDGE_CURVE('',#3893,#3894,#1200,.T.);
#5651=EDGE_CURVE('',#3894,#4048,#1204,.T.);
#5661=EDGE_CURVE('',#4034,#4022,#1220,.T.);
#5663=EDGE_CURVE('',#4034,#4032,#1322,.T.);
#5666=EDGE_CURVE('',#4026,#4022,#1224,.T.);
#5676=EDGE_CURVE('',#4021,#4022,#1208,.T.);
#5678=EDGE_CURVE('',#4021,#4028,#1212,.T.);
#5680=EDGE_CURVE('',#4028,#4034,#1216,.T.);
#5693=EDGE_CURVE('',#4025,#4026,#1236,.T.);
#5695=EDGE_CURVE('',#4021,#4025,#1228,.T.);
#5707=EDGE_CURVE('',#3898,#3906,#1232,.T.);
#5709=EDGE_CURVE('',#3906,#3914,#1309,.T.);
#5721=EDGE_CURVE('',#3918,#3922,#1358,.T.);
#5723=EDGE_CURVE('',#3922,#4025,#1284,.T.);
#5734=EDGE_CURVE('',#3897,#3905,#1240,.T.);
#5736=EDGE_CURVE('',#3905,#3906,#1314,.T.);
#5747=EDGE_CURVE('',#4037,#4038,#1244,.T.);
#5749=EDGE_CURVE('',#4037,#3905,#1318,.T.);
#5762=EDGE_CURVE('',#4042,#4038,#1248,.T.);
#5764=EDGE_CURVE('',#4041,#4042,#2640,.T.);
#5766=EDGE_CURVE('',#4037,#4041,#1252,.T.);
#5777=EDGE_CURVE('',#4050,#4048,#1256,.T.);
#5779=EDGE_CURVE('',#4042,#4050,#2644,.T.);
#5790=EDGE_CURVE('',#4046,#4048,#1264,.T.);
#5792=EDGE_CURVE('',#4044,#4046,#1260,.T.);
#5794=EDGE_CURVE('',#4044,#4050,#2648,.T.);
#5807=EDGE_CURVE('',#3894,#3902,#1268,.T.);
#5809=EDGE_CURVE('',#3902,#4046,#1296,.T.);
#5820=EDGE_CURVE('',#3893,#3901,#1272,.T.);
#5822=EDGE_CURVE('',#3901,#3902,#1301,.T.);
#5834=EDGE_CURVE('',#3913,#3901,#1305,.T.);
#5846=EDGE_CURVE('',#4030,#4032,#1276,.T.);
#5848=EDGE_CURVE('',#4030,#3921,#1288,.T.);
#5850=EDGE_CURVE('',#3917,#3921,#1350,.T.);
#5861=EDGE_CURVE('',#4025,#4030,#1280,.T.);
#5864=EDGE_CURVE('',#3921,#3922,#1354,.T.);
#5875=EDGE_CURVE('',#4046,#4037,#1292,.T.);
#5895=EDGE_CURVE('',#4030,#4028,#1326,.T.);
#5917=EDGE_CURVE('',#3713,#3714,#1330,.T.);
#5919=EDGE_CURVE('',#3714,#3718,#1334,.T.);
#5921=EDGE_CURVE('',#3718,#3716,#1338,.T.);
#5923=EDGE_CURVE('',#3716,#3713,#1342,.T.);
#5940=EDGE_CURVE('',#3721,#3714,#1366,.T.);
#5943=EDGE_CURVE('',#3722,#3713,#1362,.T.);
#5953=EDGE_CURVE('',#3466,#3728,#1374,.T.);
#5955=EDGE_CURVE('',#3468,#3466,#1384,.T.);
#5957=EDGE_CURVE('',#3468,#3732,#1491,.T.);
#5959=EDGE_CURVE('',#3732,#3718,#2420,.T.);
#5972=EDGE_CURVE('',#3465,#3466,#1370,.T.);
#5976=EDGE_CURVE('',#3368,#3364,#2117,.T.);
#5978=EDGE_CURVE('',#3358,#3364,#2100,.T.);
#5980=EDGE_CURVE('',#3357,#3358,#2083,.T.);
#5982=EDGE_CURVE('',#3472,#3357,#1652,.T.);
#5984=EDGE_CURVE('',#3472,#3465,#1378,.T.);
#5995=EDGE_CURVE('',#3465,#3458,#1389,.T.);
#5997=EDGE_CURVE('',#3458,#3468,#1495,.T.);
#6009=EDGE_CURVE('',#3462,#3465,#1394,.T.);
#6011=EDGE_CURVE('',#3458,#3462,#1399,.T.);
#6021=EDGE_CURVE('',#3470,#3462,#1414,.T.);
#6025=EDGE_CURVE('',#3472,#3470,#1406,.T.);
#6035=EDGE_CURVE('',#3461,#3462,#1410,.T.);
#6038=EDGE_CURVE('',#3470,#3480,#1678,.T.);
#6040=EDGE_CURVE('',#3479,#3480,#1418,.T.);
#6042=EDGE_CURVE('',#3479,#3488,#1422,.T.);
#6044=EDGE_CURVE('',#3488,#3414,#1426,.T.);
#6046=EDGE_CURVE('',#3413,#3414,#1430,.T.);
#6048=EDGE_CURVE('',#3461,#3413,#1434,.T.);
#6058=EDGE_CURVE('',#3457,#3458,#1499,.T.);
#6062=EDGE_CURVE('',#3461,#3457,#1443,.T.);
#6072=EDGE_CURVE('',#3494,#3499,#1447,.T.);
#6074=EDGE_CURVE('',#3490,#3494,#1521,.T.);
#6076=EDGE_CURVE('',#3484,#3490,#1451,.T.);
#6078=EDGE_CURVE('',#3483,#3484,#1455,.T.);
#6080=EDGE_CURVE('',#3483,#3778,#1459,.T.);
#6082=EDGE_CURVE('',#3776,#3778,#1463,.T.);
#6084=EDGE_CURVE('',#3752,#3776,#1467,.T.);
#6086=EDGE_CURVE('',#3752,#3756,#1471,.T.);
#6088=EDGE_CURVE('',#3756,#3754,#1475,.T.);
#6090=EDGE_CURVE('',#3750,#3754,#1479,.T.);
#6092=EDGE_CURVE('',#3730,#3750,#1483,.T.);
#6094=EDGE_CURVE('',#3730,#3732,#1487,.T.);
#6099=EDGE_CURVE('',#3499,#3457,#1584,.T.);
#6109=EDGE_CURVE('',#3493,#3494,#1503,.T.);
#6112=EDGE_CURVE('',#3499,#3500,#1507,.T.);
#6114=EDGE_CURVE('',#3493,#3500,#1539,.T.);
#6125=EDGE_CURVE('',#3493,#3496,#1512,.T.);
#6127=EDGE_CURVE('',#3496,#3490,#1597,.T.);
#6138=EDGE_CURVE('',#3521,#3522,#1526,.T.);
#6140=EDGE_CURVE('',#3350,#3521,#2078,.T.);
#6142=EDGE_CURVE('',#3350,#3354,#1736,.T.);
#6144=EDGE_CURVE('',#3354,#3534,#1686,.T.);
#6146=EDGE_CURVE('',#3532,#3534,#1531,.T.);
#6148=EDGE_CURVE('',#3405,#3532,#1567,.T.);
#6150=EDGE_CURVE('',#3405,#3496,#1535,.T.);
#6154=EDGE_CURVE('',#3502,#3500,#1589,.T.);
#6156=EDGE_CURVE('',#3409,#3502,#1543,.T.);
#6158=EDGE_CURVE('',#3522,#3409,#1551,.T.);
#6169=EDGE_CURVE('',#3524,#3522,#1547,.T.);
#6171=EDGE_CURVE('',#3524,#3526,#1665,.T.);
#6173=EDGE_CURVE('',#3526,#3521,#2048,.T.);
#6185=EDGE_CURVE('',#3409,#3410,#1555,.T.);
#6187=EDGE_CURVE('',#3410,#3406,#1559,.T.);
#6189=EDGE_CURVE('',#3405,#3406,#1563,.T.);
#6192=EDGE_CURVE('',#3532,#3530,#1571,.T.);
#6194=EDGE_CURVE('',#3524,#3530,#1669,.T.);
#6204=EDGE_CURVE('',#3457,#3502,#1575,.T.);
#6208=EDGE_CURVE('',#3410,#3413,#1593,.T.);
#6235=EDGE_CURVE('',#3406,#3414,#1601,.T.);
#6246=EDGE_CURVE('',#3490,#3488,#1610,.T.);
#6261=EDGE_CURVE('',#3479,#3484,#1615,.T.);
#6274=EDGE_CURVE('',#3475,#3479,#1620,.T.);
#6276=EDGE_CURVE('',#3484,#3475,#1625,.T.);
#6286=EDGE_CURVE('',#3475,#3476,#1636,.T.);
#6290=EDGE_CURVE('',#3480,#3476,#1632,.T.);
#6301=EDGE_CURVE('',#3476,#3361,#1656,.T.);
#6303=EDGE_CURVE('',#3361,#3362,#2092,.T.);
#6305=EDGE_CURVE('',#3362,#3366,#2108,.T.);
#6307=EDGE_CURVE('',#3370,#3366,#2126,.T.);
#6310=EDGE_CURVE('',#3486,#3774,#1640,.T.);
#6312=EDGE_CURVE('',#3486,#3475,#1644,.T.);
#6322=EDGE_CURVE('',#3329,#3470,#1648,.T.);
#6326=EDGE_CURVE('',#3330,#3357,#2087,.T.);
#6328=EDGE_CURVE('',#3329,#3330,#2056,.T.);
#6340=EDGE_CURVE('',#3480,#3339,#1660,.T.);
#6342=EDGE_CURVE('',#3339,#3340,#1708,.T.);
#6344=EDGE_CURVE('',#3361,#3340,#2096,.T.);
#6356=EDGE_CURVE('',#3529,#3530,#1674,.T.);
#6358=EDGE_CURVE('',#3529,#3339,#1712,.T.);
#6363=EDGE_CURVE('',#3526,#3329,#2052,.T.);
#6376=EDGE_CURVE('',#3534,#3529,#1682,.T.);
#6388=EDGE_CURVE('',#3353,#3354,#1732,.T.);
#6391=EDGE_CURVE('',#3344,#3346,#1695,.T.);
#6393=EDGE_CURVE('',#3342,#3344,#1699,.T.);
#6395=EDGE_CURVE('',#3340,#3342,#1704,.T.);
#6407=EDGE_CURVE('',#3510,#3505,#1716,.T.);
#6410=EDGE_CURVE('',#3518,#3513,#1724,.T.);
#6415=EDGE_CURVE('',#3349,#3350,#1740,.T.);
#6418=EDGE_CURVE('',#3445,#3446,#1748,.T.);
#6420=EDGE_CURVE('',#3446,#3442,#1752,.T.);
#6422=EDGE_CURVE('',#3441,#3442,#1756,.T.);
#6434=EDGE_CURVE('',#3508,#3506,#1772,.T.);
#6446=EDGE_CURVE('',#4152,#4154,#1764,.T.);
#6448=EDGE_CURVE('',#3452,#4154,#1768,.T.);
#6462=EDGE_CURVE('',#3536,#4157,#1776,.T.);
#6464=EDGE_CURVE('',#4157,#4158,#1780,.T.);
#6466=EDGE_CURVE('',#4158,#4160,#1784,.T.);
#6477=EDGE_CURVE('',#4256,#4237,#1792,.T.);
#6479=EDGE_CURVE('',#4154,#4237,#1988,.T.);
#6483=EDGE_CURVE('',#4150,#4164,#1976,.T.);
#6485=EDGE_CURVE('',#4348,#4164,#1944,.T.);
#6487=EDGE_CURVE('',#4348,#4260,#1796,.T.);
#6489=EDGE_CURVE('',#4260,#4256,#1800,.T.);
#6499=EDGE_CURVE('',#4253,#4258,#1804,.T.);
#6501=EDGE_CURVE('',#4158,#4258,#1948,.T.);
#6504=EDGE_CURVE('',#4253,#4157,#2036,.T.);
#6515=EDGE_CURVE('',#4218,#4234,#1808,.T.);
#6517=EDGE_CURVE('',#4216,#4218,#1812,.T.);
#6519=EDGE_CURVE('',#4214,#4216,#1816,.T.);
#6521=EDGE_CURVE('',#4213,#4214,#1820,.T.);
#6523=EDGE_CURVE('',#4233,#4213,#1824,.T.);
#6533=EDGE_CURVE('',#4237,#4238,#1980,.T.);
#6536=EDGE_CURVE('',#4210,#4256,#1828,.T.);
#6538=EDGE_CURVE('',#4208,#4210,#1832,.T.);
#6540=EDGE_CURVE('',#4206,#4208,#1836,.T.);
#6542=EDGE_CURVE('',#4204,#4206,#1840,.T.);
#6544=EDGE_CURVE('',#4203,#4204,#1844,.T.);
#6546=EDGE_CURVE('',#4262,#4203,#1848,.T.);
#6548=EDGE_CURVE('',#4258,#4262,#1932,.T.);
#6551=EDGE_CURVE('',#4253,#4254,#2032,.T.);
#6553=EDGE_CURVE('',#4226,#4254,#1852,.T.);
#6555=EDGE_CURVE('',#4224,#4226,#1856,.T.);
#6557=EDGE_CURVE('',#4222,#4224,#1860,.T.);
#6559=EDGE_CURVE('',#4221,#4222,#1864,.T.);
#6561=EDGE_CURVE('',#4238,#4221,#1868,.T.);
#6572=EDGE_CURVE('',#4200,#4230,#1892,.T.);
#6574=EDGE_CURVE('',#4200,#4218,#1872,.T.);
#6586=EDGE_CURVE('',#4229,#4195,#1876,.T.);
#6588=EDGE_CURVE('',#4195,#4196,#1880,.T.);
#6590=EDGE_CURVE('',#4196,#4198,#1884,.T.);
#6592=EDGE_CURVE('',#4198,#4200,#1888,.T.);
#6604=EDGE_CURVE('',#4348,#4264,#1940,.T.);
#6606=EDGE_CURVE('',#4264,#4185,#1896,.T.);
#6608=EDGE_CURVE('',#4185,#4186,#1900,.T.);
#6610=EDGE_CURVE('',#4186,#4188,#1904,.T.);
#6612=EDGE_CURVE('',#4188,#4190,#1908,.T.);
#6614=EDGE_CURVE('',#4190,#4192,#1912,.T.);
#6616=EDGE_CURVE('',#4192,#4260,#1916,.T.);
#6628=EDGE_CURVE('',#4195,#4213,#1920,.T.);
#6642=EDGE_CURVE('',#4196,#4214,#1924,.T.);
#6655=EDGE_CURVE('',#4198,#4216,#1928,.T.);
#6678=EDGE_CURVE('',#4264,#4262,#1936,.T.);
#6682=EDGE_CURVE('',#4164,#4162,#1972,.T.);
#6697=EDGE_CURVE('',#4185,#4203,#1952,.T.);
#6711=EDGE_CURVE('',#4186,#4204,#1956,.T.);
#6724=EDGE_CURVE('',#4188,#4206,#1960,.T.);
#6737=EDGE_CURVE('',#4190,#4208,#1964,.T.);
#6750=EDGE_CURVE('',#4192,#4210,#1968,.T.);
#6785=EDGE_CURVE('',#4240,#4238,#1984,.T.);
#6787=EDGE_CURVE('',#3397,#4240,#2016,.T.);
#6802=EDGE_CURVE('',#4242,#4221,#1992,.T.);
#6804=EDGE_CURVE('',#4240,#4242,#1996,.T.);
#6814=EDGE_CURVE('',#4242,#4244,#2000,.T.);
#6818=EDGE_CURVE('',#4244,#4222,#2020,.T.);
#6830=EDGE_CURVE('',#4244,#4246,#2004,.T.);
#6832=EDGE_CURVE('',#4246,#4248,#2008,.T.);
#6834=EDGE_CURVE('',#4248,#4250,#2012,.T.);
#6836=EDGE_CURVE('',#3398,#4250,#2040,.T.);
#6851=EDGE_CURVE('',#4246,#4224,#2024,.T.);
#6864=EDGE_CURVE('',#4248,#4226,#2028,.T.);
#6877=EDGE_CURVE('',#4250,#4254,#2044,.T.);
#6916=EDGE_CURVE('',#3330,#3332,#2061,.T.);
#6918=EDGE_CURVE('',#3332,#3334,#2065,.T.);
#6920=EDGE_CURVE('',#3334,#3336,#2070,.T.);
#6934=EDGE_CURVE('',#3332,#3358,#2104,.T.);
#6949=EDGE_CURVE('',#3362,#3342,#2112,.T.);
#6960=EDGE_CURVE('',#3334,#3364,#2121,.T.);
#6975=EDGE_CURVE('',#3366,#3344,#2130,.T.);
#7011=EDGE_CURVE('',#3450,#3437,#2142,.T.);
#7013=EDGE_CURVE('',#3446,#3437,#2150,.T.);
#7024=EDGE_CURVE('',#3438,#3449,#2134,.T.);
#7026=EDGE_CURVE('',#3437,#3438,#2138,.T.);
#7038=EDGE_CURVE('',#3442,#3438,#2146,.T.);
#7063=EDGE_CURVE('',#3486,#3483,#2160,.T.);
#7067=EDGE_CURVE('',#3772,#3764,#2164,.T.);
#7069=EDGE_CURVE('',#3760,#3764,#2432,.T.);
#7071=EDGE_CURVE('',#3778,#3760,#2154,.T.);
#7094=EDGE_CURVE('',#3770,#3762,#2168,.T.);
#7096=EDGE_CURVE('',#3764,#3762,#2436,.T.);
#7108=EDGE_CURVE('',#3768,#3759,#2172,.T.);
#7110=EDGE_CURVE('',#3762,#3759,#2440,.T.);
#7122=EDGE_CURVE('',#3767,#3776,#2184,.T.);
#7126=EDGE_CURVE('',#3759,#3760,#2428,.T.);
#7137=EDGE_CURVE('',#3743,#3750,#2176,.T.);
#7140=EDGE_CURVE('',#3726,#3730,#2180,.T.);
#7153=EDGE_CURVE('',#3748,#3752,#2188,.T.);
#7167=EDGE_CURVE('',#3754,#3736,#2196,.T.);
#7169=EDGE_CURVE('',#3735,#3736,#2208,.T.);
#7171=EDGE_CURVE('',#3744,#3735,#2192,.T.);
#7183=EDGE_CURVE('',#3756,#3740,#2200,.T.);
#7185=EDGE_CURVE('',#3736,#3740,#2212,.T.);
#7196=EDGE_CURVE('',#3746,#3738,#2204,.T.);
#7198=EDGE_CURVE('',#3740,#3738,#2216,.T.);
#7213=EDGE_CURVE('',#3738,#3735,#2220,.T.);
#7230=EDGE_CURVE('',#3949,#3950,#2224,.T.);
#7232=EDGE_CURVE('',#3949,#3953,#2228,.T.);
#7234=EDGE_CURVE('',#3953,#3954,#2232,.T.);
#7236=EDGE_CURVE('',#3950,#3954,#2236,.T.);
#7246=EDGE_CURVE('',#4064,#4058,#2240,.T.);
#7248=EDGE_CURVE('',#4064,#3949,#2244,.T.);
#7251=EDGE_CURVE('',#3950,#4058,#2248,.T.);
#7261=EDGE_CURVE('',#4070,#4080,#2252,.T.);
#7263=EDGE_CURVE('',#4070,#3929,#2256,.T.);
#7265=EDGE_CURVE('',#3929,#3930,#2261,.T.);
#7267=EDGE_CURVE('',#3930,#3942,#2265,.T.);
#7270=EDGE_CURVE('',#3941,#3925,#2269,.T.);
#7272=EDGE_CURVE('',#3925,#3926,#2274,.T.);
#7274=EDGE_CURVE('',#3926,#4080,#2278,.T.);
#7284=EDGE_CURVE('',#4066,#4054,#2294,.T.);
#7286=EDGE_CURVE('',#4066,#4064,#2396,.T.);
#7289=EDGE_CURVE('',#4058,#4054,#2298,.T.);
#7299=EDGE_CURVE('',#4053,#4054,#2282,.T.);
#7301=EDGE_CURVE('',#4053,#4060,#2286,.T.);
#7303=EDGE_CURVE('',#4060,#4066,#2290,.T.);
#7316=EDGE_CURVE('',#4057,#4058,#2310,.T.);
#7318=EDGE_CURVE('',#4053,#4057,#2302,.T.);
#7330=EDGE_CURVE('',#3930,#3938,#2306,.T.);
#7332=EDGE_CURVE('',#3938,#3946,#2383,.T.);
#7345=EDGE_CURVE('',#3954,#4057,#2358,.T.);
#7356=EDGE_CURVE('',#3929,#3937,#2314,.T.);
#7358=EDGE_CURVE('',#3937,#3938,#2388,.T.);
#7369=EDGE_CURVE('',#4069,#4070,#2318,.T.);
#7371=EDGE_CURVE('',#4069,#3937,#2392,.T.);
#7384=EDGE_CURVE('',#4074,#4070,#2322,.T.);
#7386=EDGE_CURVE('',#4073,#4074,#2404,.T.);
#7388=EDGE_CURVE('',#4069,#4073,#2326,.T.);
#7399=EDGE_CURVE('',#4082,#4080,#2330,.T.);
#7401=EDGE_CURVE('',#4074,#4082,#2408,.T.);
#7412=EDGE_CURVE('',#4078,#4080,#2338,.T.);
#7414=EDGE_CURVE('',#4076,#4078,#2334,.T.);
#7416=EDGE_CURVE('',#4076,#4082,#2412,.T.);
#7429=EDGE_CURVE('',#3926,#3934,#2342,.T.);
#7431=EDGE_CURVE('',#3934,#4078,#2370,.T.);
#7442=EDGE_CURVE('',#3925,#3933,#2346,.T.);
#7444=EDGE_CURVE('',#3933,#3934,#2375,.T.);
#7456=EDGE_CURVE('',#3945,#3933,#2379,.T.);
#7468=EDGE_CURVE('',#4062,#4064,#2350,.T.);
#7470=EDGE_CURVE('',#4062,#3953,#2362,.T.);
#7482=EDGE_CURVE('',#4057,#4062,#2354,.T.);
#7495=EDGE_CURVE('',#4078,#4069,#2366,.T.);
#7515=EDGE_CURVE('',#4062,#4060,#2400,.T.);
#7537=EDGE_CURVE('',#4076,#4073,#2416,.T.);
#7563=EDGE_CURVE('',#3724,#3716,#2424,.T.);
#7595=EDGE_CURVE('',#3981,#3982,#2444,.T.);
#7597=EDGE_CURVE('',#3981,#3985,#2448,.T.);
#7599=EDGE_CURVE('',#3985,#3986,#2452,.T.);
#7601=EDGE_CURVE('',#3982,#3986,#2456,.T.);
#7611=EDGE_CURVE('',#4096,#4090,#2460,.T.);
#7613=EDGE_CURVE('',#4096,#3981,#2464,.T.);
#7616=EDGE_CURVE('',#3982,#4090,#2468,.T.);
#7626=EDGE_CURVE('',#4102,#4112,#2472,.T.);
#7628=EDGE_CURVE('',#4102,#3961,#2476,.T.);
#7630=EDGE_CURVE('',#3961,#3962,#2481,.T.);
#7632=EDGE_CURVE('',#3962,#3974,#2485,.T.);
#7635=EDGE_CURVE('',#3973,#3957,#2489,.T.);
#7637=EDGE_CURVE('',#3957,#3958,#2494,.T.);
#7639=EDGE_CURVE('',#3958,#4112,#2498,.T.);
#7649=EDGE_CURVE('',#4098,#4086,#2514,.T.);
#7651=EDGE_CURVE('',#4098,#4096,#2616,.T.);
#7654=EDGE_CURVE('',#4090,#4086,#2518,.T.);
#7664=EDGE_CURVE('',#4085,#4086,#2502,.T.);
#7666=EDGE_CURVE('',#4085,#4092,#2506,.T.);
#7668=EDGE_CURVE('',#4092,#4098,#2510,.T.);
#7681=EDGE_CURVE('',#4089,#4090,#2530,.T.);
#7683=EDGE_CURVE('',#4085,#4089,#2522,.T.);
#7695=EDGE_CURVE('',#3962,#3970,#2526,.T.);
#7697=EDGE_CURVE('',#3970,#3978,#2603,.T.);
#7710=EDGE_CURVE('',#3986,#4089,#2578,.T.);
#7721=EDGE_CURVE('',#3961,#3969,#2534,.T.);
#7723=EDGE_CURVE('',#3969,#3970,#2608,.T.);
#7734=EDGE_CURVE('',#4101,#4102,#2538,.T.);
#7736=EDGE_CURVE('',#4101,#3969,#2612,.T.);
#7749=EDGE_CURVE('',#4106,#4102,#2542,.T.);
#7751=EDGE_CURVE('',#4105,#4106,#2624,.T.);
#7753=EDGE_CURVE('',#4101,#4105,#2546,.T.);
#7764=EDGE_CURVE('',#4114,#4112,#2550,.T.);
#7766=EDGE_CURVE('',#4106,#4114,#2628,.T.);
#7777=EDGE_CURVE('',#4110,#4112,#2558,.T.);
#7779=EDGE_CURVE('',#4108,#4110,#2554,.T.);
#7781=EDGE_CURVE('',#4108,#4114,#2632,.T.);
#7794=EDGE_CURVE('',#3958,#3966,#2562,.T.);
#7796=EDGE_CURVE('',#3966,#4110,#2590,.T.);
#7807=EDGE_CURVE('',#3957,#3965,#2566,.T.);
#7809=EDGE_CURVE('',#3965,#3966,#2595,.T.);
#7821=EDGE_CURVE('',#3977,#3965,#2599,.T.);
#7833=EDGE_CURVE('',#4094,#4096,#2570,.T.);
#7835=EDGE_CURVE('',#4094,#3985,#2582,.T.);
#7847=EDGE_CURVE('',#4089,#4094,#2574,.T.);
#7860=EDGE_CURVE('',#4110,#4101,#2586,.T.);
#7880=EDGE_CURVE('',#4094,#4092,#2620,.T.);
#7902=EDGE_CURVE('',#4108,#4105,#2636,.T.);
#7927=EDGE_CURVE('',#4044,#4041,#2652,.T.);
#7952=EDGE_CURVE('',#4121,#4126,#2656,.T.);
#7956=EDGE_CURVE('',#4126,#4017,#2664,.T.);
#7966=EDGE_CURVE('',#4142,#4133,#2668,.T.);
#7968=EDGE_CURVE('',#3998,#4142,#2672,.T.);
#7970=EDGE_CURVE('',#3997,#3998,#2677,.T.);
#7972=EDGE_CURVE('',#4009,#3997,#2681,.T.);
#7976=EDGE_CURVE('',#4001,#4002,#2690,.T.);
#7978=EDGE_CURVE('',#4133,#4001,#2694,.T.);
#7991=EDGE_CURVE('',#4126,#4124,#2702,.T.);
#8001=EDGE_CURVE('',#4126,#4128,#2706,.T.);
#8016=EDGE_CURVE('',#3989,#3997,#2710,.T.);
#8042=EDGE_CURVE('',#3990,#3998,#2718,.T.);
#8052=EDGE_CURVE('',#4142,#4144,#2714,.T.);
#8066=EDGE_CURVE('',#4140,#4142,#2722,.T.);
#8068=EDGE_CURVE('',#4140,#4146,#2734,.T.);
#8070=EDGE_CURVE('',#4146,#4144,#2758,.T.);
#8080=EDGE_CURVE('',#4140,#4137,#2738,.T.);
#8084=EDGE_CURVE('',#4133,#4137,#2746,.T.);
#8094=EDGE_CURVE('',#4137,#4138,#2726,.T.);
#8096=EDGE_CURVE('',#4138,#4146,#2730,.T.);
#8108=EDGE_CURVE('',#4133,#4134,#2750,.T.);
#8110=EDGE_CURVE('',#4138,#4134,#2742,.T.);
#8124=EDGE_CURVE('',#3993,#4001,#2754,.T.);
#8160=EDGE_CURVE('',#4336,#4324,#2766,.T.);
#8162=EDGE_CURVE('',#3402,#4336,#2810,.T.);
#8176=EDGE_CURVE('',#4332,#4308,#2774,.T.);
#8178=EDGE_CURVE('',#4332,#4336,#2814,.T.);
#8189=EDGE_CURVE('',#4330,#4306,#2778,.T.);
#8191=EDGE_CURVE('',#4330,#4332,#2818,.T.);
#8203=EDGE_CURVE('',#4328,#4304,#2782,.T.);
#8205=EDGE_CURVE('',#4328,#4330,#2822,.T.);
#8217=EDGE_CURVE('',#4326,#4303,#2786,.T.);
#8219=EDGE_CURVE('',#4326,#4328,#2826,.T.);
#8232=EDGE_CURVE('',#4338,#4322,#2802,.T.);
#8234=EDGE_CURVE('',#4338,#4326,#2806,.T.);
#8249=EDGE_CURVE('',#3401,#4338,#2798,.T.);
#8276=EDGE_CURVE('',#4310,#4277,#2830,.T.);
#8279=EDGE_CURVE('',#4282,#4312,#2834,.T.);
#8281=EDGE_CURVE('',#4280,#4282,#2838,.T.);
#8283=EDGE_CURVE('',#4278,#4280,#2842,.T.);
#8285=EDGE_CURVE('',#4277,#4278,#2846,.T.);
#8296=EDGE_CURVE('',#4274,#4344,#2850,.T.);
#8298=EDGE_CURVE('',#4272,#4274,#2854,.T.);
#8300=EDGE_CURVE('',#4270,#4272,#2858,.T.);
#8302=EDGE_CURVE('',#4268,#4270,#2862,.T.);
#8304=EDGE_CURVE('',#4267,#4268,#2866,.T.);
#8317=EDGE_CURVE('',#4277,#4295,#2874,.T.);
#8330=EDGE_CURVE('',#4278,#4296,#2878,.T.);
#8343=EDGE_CURVE('',#4280,#4298,#2882,.T.);
#8356=EDGE_CURVE('',#4282,#4300,#2886,.T.);
#8381=EDGE_CURVE('',#4274,#4292,#2890,.T.);
#8396=EDGE_CURVE('',#4272,#4290,#2894,.T.);
#8409=EDGE_CURVE('',#4270,#4288,#2898,.T.);
#8422=EDGE_CURVE('',#4268,#4286,#2902,.T.);
#8445=EDGE_CURVE('',#3621,#3573,#2910,.T.);
#8447=EDGE_CURVE('',#3573,#3574,#3006,.T.);
#8449=EDGE_CURVE('',#3622,#3574,#3002,.T.);
#8460=EDGE_CURVE('',#3666,#3618,#2914,.T.);
#8462=EDGE_CURVE('',#3618,#3573,#3011,.T.);
#8474=EDGE_CURVE('',#3664,#3616,#2918,.T.);
#8476=EDGE_CURVE('',#3616,#3618,#3016,.T.);
#8488=EDGE_CURVE('',#3662,#3614,#2922,.T.);
#8490=EDGE_CURVE('',#3614,#3616,#3021,.T.);
#8502=EDGE_CURVE('',#3660,#3612,#2926,.T.);
#8504=EDGE_CURVE('',#3612,#3614,#3025,.T.);
#8516=EDGE_CURVE('',#3658,#3610,#2930,.T.);
#8518=EDGE_CURVE('',#3610,#3612,#3030,.T.);
#8530=EDGE_CURVE('',#3656,#3608,#2934,.T.);
#8532=EDGE_CURVE('',#3608,#3610,#3034,.T.);
#8544=EDGE_CURVE('',#3654,#3606,#2938,.T.);
#8546=EDGE_CURVE('',#3606,#3608,#3039,.T.);
#8558=EDGE_CURVE('',#3652,#3604,#2942,.T.);
#8560=EDGE_CURVE('',#3604,#3606,#3044,.T.);
#8572=EDGE_CURVE('',#3650,#3602,#2946,.T.);
#8574=EDGE_CURVE('',#3602,#3604,#3049,.T.);
#8586=EDGE_CURVE('',#3648,#3600,#2950,.T.);
#8588=EDGE_CURVE('',#3600,#3602,#3053,.T.);
#8600=EDGE_CURVE('',#3646,#3598,#2954,.T.);
#8602=EDGE_CURVE('',#3598,#3600,#3058,.T.);
#8614=EDGE_CURVE('',#3644,#3596,#2958,.T.);
#8616=EDGE_CURVE('',#3596,#3598,#3062,.T.);
#8628=EDGE_CURVE('',#3642,#3594,#2962,.T.);
#8630=EDGE_CURVE('',#3594,#3596,#3067,.T.);
#8642=EDGE_CURVE('',#3640,#3592,#2966,.T.);
#8644=EDGE_CURVE('',#3592,#3594,#3072,.T.);
#8656=EDGE_CURVE('',#3638,#3590,#2970,.T.);
#8658=EDGE_CURVE('',#3590,#3592,#3077,.T.);
#8670=EDGE_CURVE('',#3636,#3588,#2974,.T.);
#8672=EDGE_CURVE('',#3588,#3590,#3081,.T.);
#8684=EDGE_CURVE('',#3634,#3586,#2978,.T.);
#8686=EDGE_CURVE('',#3586,#3588,#3086,.T.);
#8698=EDGE_CURVE('',#3632,#3584,#2982,.T.);
#8700=EDGE_CURVE('',#3584,#3586,#3090,.T.);
#8712=EDGE_CURVE('',#3630,#3582,#2986,.T.);
#8714=EDGE_CURVE('',#3582,#3584,#3095,.T.);
#8726=EDGE_CURVE('',#3628,#3580,#2990,.T.);
#8728=EDGE_CURVE('',#3580,#3582,#3100,.T.);
#8740=EDGE_CURVE('',#3626,#3578,#2994,.T.);
#8742=EDGE_CURVE('',#3578,#3580,#3105,.T.);
#8754=EDGE_CURVE('',#3624,#3576,#2998,.T.);
#8756=EDGE_CURVE('',#3576,#3578,#3109,.T.);
#8769=EDGE_CURVE('',#3574,#3576,#3114,.T.);
#8812=EDGE_CURVE('',#3844,#3797,#3118,.T.);
#8815=EDGE_CURVE('',#3846,#3798,#3238,.T.);
#8817=EDGE_CURVE('',#3797,#3798,#3126,.T.);
#8828=EDGE_CURVE('',#3842,#3797,#3234,.T.);
#8830=EDGE_CURVE('',#3890,#3842,#3122,.T.);
#8842=EDGE_CURVE('',#3798,#3800,#3131,.T.);
#8844=EDGE_CURVE('',#3800,#3802,#3135,.T.);
#8846=EDGE_CURVE('',#3802,#3804,#3140,.T.);
#8848=EDGE_CURVE('',#3804,#3806,#3145,.T.);
#8850=EDGE_CURVE('',#3806,#3808,#3150,.T.);
#8852=EDGE_CURVE('',#3808,#3810,#3154,.T.);
#8854=EDGE_CURVE('',#3810,#3812,#3159,.T.);
#8856=EDGE_CURVE('',#3812,#3814,#3163,.T.);
#8858=EDGE_CURVE('',#3814,#3816,#3168,.T.);
#8860=EDGE_CURVE('',#3816,#3818,#3173,.T.);
#8862=EDGE_CURVE('',#3818,#3820,#3178,.T.);
#8864=EDGE_CURVE('',#3820,#3822,#3182,.T.);
#8866=EDGE_CURVE('',#3822,#3824,#3187,.T.);
#8868=EDGE_CURVE('',#3824,#3826,#3191,.T.);
#8870=EDGE_CURVE('',#3826,#3828,#3196,.T.);
#8872=EDGE_CURVE('',#3828,#3830,#3201,.T.);
#8874=EDGE_CURVE('',#3830,#3832,#3206,.T.);
#8876=EDGE_CURVE('',#3832,#3834,#3210,.T.);
#8878=EDGE_CURVE('',#3834,#3836,#3215,.T.);
#8880=EDGE_CURVE('',#3836,#3838,#3219,.T.);
#8882=EDGE_CURVE('',#3838,#3840,#3224,.T.);
#8884=EDGE_CURVE('',#3840,#3842,#3229,.T.);
#8897=EDGE_CURVE('',#3848,#3800,#3242,.T.);
#8910=EDGE_CURVE('',#3850,#3802,#3246,.T.);
#8923=EDGE_CURVE('',#3852,#3804,#3250,.T.);
#8936=EDGE_CURVE('',#3854,#3806,#3254,.T.);
#8949=EDGE_CURVE('',#3856,#3808,#3258,.T.);
#8962=EDGE_CURVE('',#3858,#3810,#3262,.T.);
#8975=EDGE_CURVE('',#3860,#3812,#3266,.T.);
#8988=EDGE_CURVE('',#3862,#3814,#3270,.T.);
#9001=EDGE_CURVE('',#3864,#3816,#3274,.T.);
#9014=EDGE_CURVE('',#3866,#3818,#3278,.T.);
#9027=EDGE_CURVE('',#3868,#3820,#3282,.T.);
#9040=EDGE_CURVE('',#3870,#3822,#3286,.T.);
#9053=EDGE_CURVE('',#3872,#3824,#3290,.T.);
#9066=EDGE_CURVE('',#3874,#3826,#3294,.T.);
#9079=EDGE_CURVE('',#3876,#3828,#3298,.T.);
#9092=EDGE_CURVE('',#3878,#3830,#3302,.T.);
#9105=EDGE_CURVE('',#3880,#3832,#3306,.T.);
#9118=EDGE_CURVE('',#3882,#3834,#3310,.T.);
#9131=EDGE_CURVE('',#3884,#3836,#3314,.T.);
#9144=EDGE_CURVE('',#3886,#3838,#3318,.T.);
#9157=EDGE_CURVE('',#3888,#3840,#3322,.T.);
#9185=CIRCLE('',#9184,1.525E0);
#9186=TRIMMED_CURVE('',#9185,(PARAMETER_VALUE(0.E0)),(PARAMETER_VALUE(1.8E2)),
.T.,.UNSPECIFIED.);
#9187=COMPOSITE_CURVE_SEGMENT(.CONTINUOUS.,.T.,#9186);
#9192=CIRCLE('',#9191,1.525E0);
#9193=TRIMMED_CURVE('',#9192,(PARAMETER_VALUE(0.E0)),(PARAMETER_VALUE(1.8E2)),
.T.,.UNSPECIFIED.);
#9194=COMPOSITE_CURVE_SEGMENT(.CONTINUOUS.,.T.,#9193);
#9195=COMPOSITE_CURVE('',(#9187,#9194),.F.);
#9201=CIRCLE('',#9200,1.525E0);
#9202=TRIMMED_CURVE('',#9201,(PARAMETER_VALUE(0.E0)),(PARAMETER_VALUE(1.8E2)),
.T.,.UNSPECIFIED.);
#9203=COMPOSITE_CURVE_SEGMENT(.CONTINUOUS.,.T.,#9202);
#9208=CIRCLE('',#9207,1.525E0);
#9209=TRIMMED_CURVE('',#9208,(PARAMETER_VALUE(0.E0)),(PARAMETER_VALUE(1.8E2)),
.T.,.UNSPECIFIED.);
#9210=COMPOSITE_CURVE_SEGMENT(.CONTINUOUS.,.T.,#9209);
#9211=COMPOSITE_CURVE('',(#9203,#9210),.F.);
#9216=CIRCLE('',#9215,5.1E-1);
#9217=TRIMMED_CURVE('',#9216,(PARAMETER_VALUE(0.E0)),(PARAMETER_VALUE(1.8E2)),
.T.,.UNSPECIFIED.);
#9218=COMPOSITE_CURVE_SEGMENT(.CONTINUOUS.,.T.,#9217);
#9223=CIRCLE('',#9222,5.1E-1);
#9224=TRIMMED_CURVE('',#9223,(PARAMETER_VALUE(0.E0)),(PARAMETER_VALUE(1.8E2)),
.T.,.UNSPECIFIED.);
#9225=COMPOSITE_CURVE_SEGMENT(.CONTINUOUS.,.T.,#9224);
#9226=COMPOSITE_CURVE('',(#9218,#9225),.F.);
#9231=CIRCLE('',#9230,5.1E-1);
#9232=TRIMMED_CURVE('',#9231,(PARAMETER_VALUE(0.E0)),(PARAMETER_VALUE(1.8E2)),
.T.,.UNSPECIFIED.);
#9233=COMPOSITE_CURVE_SEGMENT(.CONTINUOUS.,.T.,#9232);
#9238=CIRCLE('',#9237,5.1E-1);
#9239=TRIMMED_CURVE('',#9238,(PARAMETER_VALUE(0.E0)),(PARAMETER_VALUE(1.8E2)),
.T.,.UNSPECIFIED.);
#9240=COMPOSITE_CURVE_SEGMENT(.CONTINUOUS.,.T.,#9239);
#9241=COMPOSITE_CURVE('',(#9233,#9240),.F.);
#9246=CIRCLE('',#9245,5.1E-1);
#9247=TRIMMED_CURVE('',#9246,(PARAMETER_VALUE(0.E0)),(PARAMETER_VALUE(1.8E2)),
.T.,.UNSPECIFIED.);
#9248=COMPOSITE_CURVE_SEGMENT(.CONTINUOUS.,.T.,#9247);
#9253=CIRCLE('',#9252,5.1E-1);
#9254=TRIMMED_CURVE('',#9253,(PARAMETER_VALUE(0.E0)),(PARAMETER_VALUE(1.8E2)),
.T.,.UNSPECIFIED.);
#9255=COMPOSITE_CURVE_SEGMENT(.CONTINUOUS.,.T.,#9254);
#9256=COMPOSITE_CURVE('',(#9248,#9255),.F.);
#9261=CIRCLE('',#9260,5.1E-1);
#9262=TRIMMED_CURVE('',#9261,(PARAMETER_VALUE(0.E0)),(PARAMETER_VALUE(1.8E2)),
.T.,.UNSPECIFIED.);
#9263=COMPOSITE_CURVE_SEGMENT(.CONTINUOUS.,.T.,#9262);
#9268=CIRCLE('',#9267,5.1E-1);
#9269=TRIMMED_CURVE('',#9268,(PARAMETER_VALUE(0.E0)),(PARAMETER_VALUE(1.8E2)),
.T.,.UNSPECIFIED.);
#9270=COMPOSITE_CURVE_SEGMENT(.CONTINUOUS.,.T.,#9269);
#9271=COMPOSITE_CURVE('',(#9263,#9270),.F.);
#9276=CIRCLE('',#9275,5.1E-1);
#9277=TRIMMED_CURVE('',#9276,(PARAMETER_VALUE(0.E0)),(PARAMETER_VALUE(1.8E2)),
.T.,.UNSPECIFIED.);
#9278=COMPOSITE_CURVE_SEGMENT(.CONTINUOUS.,.T.,#9277);
#9283=CIRCLE('',#9282,5.1E-1);
#9284=TRIMMED_CURVE('',#9283,(PARAMETER_VALUE(0.E0)),(PARAMETER_VALUE(1.8E2)),
.T.,.UNSPECIFIED.);
#9285=COMPOSITE_CURVE_SEGMENT(.CONTINUOUS.,.T.,#9284);
#9286=COMPOSITE_CURVE('',(#9278,#9285),.F.);
#9287=(LENGTH_UNIT()NAMED_UNIT(*)SI_UNIT(.MILLI.,.METRE.));
#9289=(NAMED_UNIT(*)PLANE_ANGLE_UNIT()SI_UNIT($,.RADIAN.));
#9292=(NAMED_UNIT(*)SI_UNIT($,.STERADIAN.)SOLID_ANGLE_UNIT());
#9295=ADVANCED_BREP_SHAPE_REPRESENTATION('',(#9176),#9294);
#9296=GEOMETRICALLY_BOUNDED_SURFACE_SHAPE_REPRESENTATION('',(#9196),#9294);
#9297=SHAPE_REPRESENTATION('',(#9180),#9294);
#9306=PRODUCT_DEFINITION('design','',#9305,#9302);
#9307=PRODUCT_DEFINITION_SHAPE('','SHAPE FOR 1723103105.',#9306);
#9308=SHAPE_DEFINITION_REPRESENTATION(#9307,#9297);
ENDSEC;
END-ISO-10303-21;
