ISO-10303-21;
HEADER;
/* Generated by software containing ST-Developer
 * from STEP Tools, Inc. (www.steptools.com) 
 */
/* OPTION: strings as raw bytes, not using required /X/ escapes */

FILE_DESCRIPTION(
/* description */ ('Unknown'),
/* implementation_level */ '2;1');

FILE_NAME(
/* name */ 'OQ0212500000G',
/* time_stamp */ '2023-12-12T08:16:36+02:00',
/* author */ ('Unknown'),
/* organization */ ('Unknown'),
/* preprocessor_version */ 'ST-DEVELOPER v18.102',
/* originating_system */ 'Solid Edge',
/* authorisation */ 'Unknown');

FILE_SCHEMA (('AUTOMOTIVE_DESIGN {1 0 10303 214 3 1 1}'));
ENDSEC;

DATA;
#10=PROPERTY_DEFINITION_REPRESENTATION(#14,#12);
#11=PROPERTY_DEFINITION_REPRESENTATION(#15,#13);
#12=REPRESENTATION('',(#16),#6129);
#13=REPRESENTATION('',(#17),#6129);
#14=PROPERTY_DEFINITION('pmi validation property','',#6134);
#15=PROPERTY_DEFINITION('pmi validation property','',#6134);
#16=VALUE_REPRESENTATION_ITEM('number of annotations',COUNT_MEASURE(0.));
#17=VALUE_REPRESENTATION_ITEM('number of views',COUNT_MEASURE(0.));
#18=SHAPE_REPRESENTATION_RELATIONSHIP('','',#4269,#19);
#19=ADVANCED_BREP_SHAPE_REPRESENTATION('',(#4267),#6129);
#20=CYLINDRICAL_SURFACE('',#4287,0.27);
#21=CYLINDRICAL_SURFACE('',#4291,0.27);
#22=CYLINDRICAL_SURFACE('',#4297,0.27);
#23=CYLINDRICAL_SURFACE('',#4302,0.27);
#24=CYLINDRICAL_SURFACE('',#4362,0.27);
#25=CYLINDRICAL_SURFACE('',#4367,0.27);
#26=CYLINDRICAL_SURFACE('',#4370,0.27);
#27=CYLINDRICAL_SURFACE('',#4376,0.27);
#28=CYLINDRICAL_SURFACE('',#4429,0.2);
#29=TOROIDAL_SURFACE('',#4278,0.69272210683085,0.237781684833342);
#30=TOROIDAL_SURFACE('',#4356,0.69272210683085,0.237781684833342);
#31=CONICAL_SURFACE('',#4275,0.997670638531628,0.0689755318522339);
#32=CONICAL_SURFACE('',#4365,0.997670638531628,0.0689755318522339);
#33=CIRCLE('',#4272,0.27);
#34=CIRCLE('',#4274,0.27);
#35=CIRCLE('',#4276,0.92993837796176);
#36=CIRCLE('',#4277,0.997670638531628);
#37=CIRCLE('',#4279,0.69272210683085);
#38=CIRCLE('',#4288,0.27);
#39=CIRCLE('',#4292,0.27);
#40=CIRCLE('',#4293,0.27);
#41=CIRCLE('',#4298,0.27);
#42=CIRCLE('',#4299,0.27);
#43=CIRCLE('',#4303,0.27);
#44=CIRCLE('',#4354,0.69272210683085);
#45=CIRCLE('',#4357,0.92993837796176);
#46=CIRCLE('',#4363,0.27);
#47=CIRCLE('',#4364,0.27);
#48=CIRCLE('',#4366,0.997670638531628);
#49=CIRCLE('',#4368,0.27);
#50=CIRCLE('',#4369,0.27);
#51=CIRCLE('',#4371,0.27);
#52=CIRCLE('',#4372,0.27);
#53=CIRCLE('',#4377,0.27);
#54=CIRCLE('',#4378,0.27);
#55=CIRCLE('',#4430,0.2);
#56=CIRCLE('',#4431,0.2);
#57=ORIENTED_EDGE('',*,*,#929,.T.);
#58=ORIENTED_EDGE('',*,*,#930,.T.);
#59=ORIENTED_EDGE('',*,*,#931,.T.);
#60=ORIENTED_EDGE('',*,*,#932,.T.);
#61=ORIENTED_EDGE('',*,*,#933,.T.);
#62=ORIENTED_EDGE('',*,*,#934,.T.);
#63=ORIENTED_EDGE('',*,*,#935,.T.);
#64=ORIENTED_EDGE('',*,*,#936,.T.);
#65=ORIENTED_EDGE('',*,*,#937,.T.);
#66=ORIENTED_EDGE('',*,*,#938,.T.);
#67=ORIENTED_EDGE('',*,*,#939,.F.);
#68=ORIENTED_EDGE('',*,*,#940,.T.);
#69=ORIENTED_EDGE('',*,*,#941,.F.);
#70=ORIENTED_EDGE('',*,*,#939,.T.);
#71=ORIENTED_EDGE('',*,*,#941,.T.);
#72=ORIENTED_EDGE('',*,*,#942,.F.);
#73=ORIENTED_EDGE('',*,*,#943,.F.);
#74=ORIENTED_EDGE('',*,*,#944,.F.);
#75=ORIENTED_EDGE('',*,*,#945,.F.);
#76=ORIENTED_EDGE('',*,*,#946,.T.);
#77=ORIENTED_EDGE('',*,*,#947,.T.);
#78=ORIENTED_EDGE('',*,*,#948,.T.);
#79=ORIENTED_EDGE('',*,*,#949,.F.);
#80=ORIENTED_EDGE('',*,*,#950,.T.);
#81=ORIENTED_EDGE('',*,*,#951,.F.);
#82=ORIENTED_EDGE('',*,*,#952,.T.);
#83=ORIENTED_EDGE('',*,*,#947,.F.);
#84=ORIENTED_EDGE('',*,*,#953,.T.);
#85=ORIENTED_EDGE('',*,*,#954,.T.);
#86=ORIENTED_EDGE('',*,*,#955,.T.);
#87=ORIENTED_EDGE('',*,*,#956,.T.);
#88=ORIENTED_EDGE('',*,*,#955,.F.);
#89=ORIENTED_EDGE('',*,*,#957,.T.);
#90=ORIENTED_EDGE('',*,*,#958,.T.);
#91=ORIENTED_EDGE('',*,*,#959,.T.);
#92=ORIENTED_EDGE('',*,*,#953,.F.);
#93=ORIENTED_EDGE('',*,*,#960,.T.);
#94=ORIENTED_EDGE('',*,*,#961,.T.);
#95=ORIENTED_EDGE('',*,*,#962,.T.);
#96=ORIENTED_EDGE('',*,*,#958,.F.);
#97=ORIENTED_EDGE('',*,*,#963,.T.);
#98=ORIENTED_EDGE('',*,*,#961,.F.);
#99=ORIENTED_EDGE('',*,*,#964,.T.);
#100=ORIENTED_EDGE('',*,*,#965,.F.);
#101=ORIENTED_EDGE('',*,*,#966,.T.);
#102=ORIENTED_EDGE('',*,*,#967,.T.);
#103=ORIENTED_EDGE('',*,*,#931,.F.);
#104=ORIENTED_EDGE('',*,*,#967,.F.);
#105=ORIENTED_EDGE('',*,*,#968,.T.);
#106=ORIENTED_EDGE('',*,*,#969,.T.);
#107=ORIENTED_EDGE('',*,*,#932,.F.);
#108=ORIENTED_EDGE('',*,*,#970,.F.);
#109=ORIENTED_EDGE('',*,*,#971,.F.);
#110=ORIENTED_EDGE('',*,*,#972,.T.);
#111=ORIENTED_EDGE('',*,*,#973,.T.);
#112=ORIENTED_EDGE('',*,*,#974,.F.);
#113=ORIENTED_EDGE('',*,*,#973,.F.);
#114=ORIENTED_EDGE('',*,*,#975,.T.);
#115=ORIENTED_EDGE('',*,*,#976,.T.);
#116=ORIENTED_EDGE('',*,*,#977,.F.);
#117=ORIENTED_EDGE('',*,*,#976,.F.);
#118=ORIENTED_EDGE('',*,*,#978,.T.);
#119=ORIENTED_EDGE('',*,*,#979,.T.);
#120=ORIENTED_EDGE('',*,*,#980,.F.);
#121=ORIENTED_EDGE('',*,*,#979,.F.);
#122=ORIENTED_EDGE('',*,*,#981,.T.);
#123=ORIENTED_EDGE('',*,*,#982,.T.);
#124=ORIENTED_EDGE('',*,*,#983,.F.);
#125=ORIENTED_EDGE('',*,*,#982,.F.);
#126=ORIENTED_EDGE('',*,*,#984,.T.);
#127=ORIENTED_EDGE('',*,*,#985,.T.);
#128=ORIENTED_EDGE('',*,*,#986,.F.);
#129=ORIENTED_EDGE('',*,*,#985,.F.);
#130=ORIENTED_EDGE('',*,*,#987,.T.);
#131=ORIENTED_EDGE('',*,*,#988,.T.);
#132=ORIENTED_EDGE('',*,*,#989,.F.);
#133=ORIENTED_EDGE('',*,*,#988,.F.);
#134=ORIENTED_EDGE('',*,*,#990,.T.);
#135=ORIENTED_EDGE('',*,*,#991,.T.);
#136=ORIENTED_EDGE('',*,*,#992,.F.);
#137=ORIENTED_EDGE('',*,*,#993,.T.);
#138=ORIENTED_EDGE('',*,*,#994,.T.);
#139=ORIENTED_EDGE('',*,*,#938,.F.);
#140=ORIENTED_EDGE('',*,*,#994,.F.);
#141=ORIENTED_EDGE('',*,*,#995,.T.);
#142=ORIENTED_EDGE('',*,*,#996,.T.);
#143=ORIENTED_EDGE('',*,*,#934,.F.);
#144=ORIENTED_EDGE('',*,*,#996,.F.);
#145=ORIENTED_EDGE('',*,*,#997,.T.);
#146=ORIENTED_EDGE('',*,*,#998,.F.);
#147=ORIENTED_EDGE('',*,*,#935,.F.);
#148=ORIENTED_EDGE('',*,*,#999,.T.);
#149=ORIENTED_EDGE('',*,*,#1000,.T.);
#150=ORIENTED_EDGE('',*,*,#965,.T.);
#151=ORIENTED_EDGE('',*,*,#930,.F.);
#152=ORIENTED_EDGE('',*,*,#940,.F.);
#153=ORIENTED_EDGE('',*,*,#966,.F.);
#154=ORIENTED_EDGE('',*,*,#1000,.F.);
#155=ORIENTED_EDGE('',*,*,#1001,.F.);
#156=ORIENTED_EDGE('',*,*,#1002,.F.);
#157=ORIENTED_EDGE('',*,*,#1003,.F.);
#158=ORIENTED_EDGE('',*,*,#997,.F.);
#159=ORIENTED_EDGE('',*,*,#995,.F.);
#160=ORIENTED_EDGE('',*,*,#993,.F.);
#161=ORIENTED_EDGE('',*,*,#1004,.F.);
#162=ORIENTED_EDGE('',*,*,#990,.F.);
#163=ORIENTED_EDGE('',*,*,#987,.F.);
#164=ORIENTED_EDGE('',*,*,#984,.F.);
#165=ORIENTED_EDGE('',*,*,#981,.F.);
#166=ORIENTED_EDGE('',*,*,#978,.F.);
#167=ORIENTED_EDGE('',*,*,#975,.F.);
#168=ORIENTED_EDGE('',*,*,#972,.F.);
#169=ORIENTED_EDGE('',*,*,#1005,.F.);
#170=ORIENTED_EDGE('',*,*,#968,.F.);
#171=ORIENTED_EDGE('',*,*,#957,.F.);
#172=ORIENTED_EDGE('',*,*,#954,.F.);
#173=ORIENTED_EDGE('',*,*,#962,.F.);
#174=ORIENTED_EDGE('',*,*,#963,.F.);
#175=ORIENTED_EDGE('',*,*,#1006,.T.);
#176=ORIENTED_EDGE('',*,*,#944,.T.);
#177=ORIENTED_EDGE('',*,*,#1007,.F.);
#178=ORIENTED_EDGE('',*,*,#960,.F.);
#179=ORIENTED_EDGE('',*,*,#1007,.T.);
#180=ORIENTED_EDGE('',*,*,#943,.T.);
#181=ORIENTED_EDGE('',*,*,#1008,.F.);
#182=ORIENTED_EDGE('',*,*,#964,.F.);
#183=ORIENTED_EDGE('',*,*,#1008,.T.);
#184=ORIENTED_EDGE('',*,*,#942,.T.);
#185=ORIENTED_EDGE('',*,*,#1009,.F.);
#186=ORIENTED_EDGE('',*,*,#959,.F.);
#187=ORIENTED_EDGE('',*,*,#1009,.T.);
#188=ORIENTED_EDGE('',*,*,#945,.T.);
#189=ORIENTED_EDGE('',*,*,#1006,.F.);
#190=ORIENTED_EDGE('',*,*,#956,.F.);
#191=ORIENTED_EDGE('',*,*,#1010,.F.);
#192=ORIENTED_EDGE('',*,*,#1011,.F.);
#193=ORIENTED_EDGE('',*,*,#1012,.T.);
#194=ORIENTED_EDGE('',*,*,#1013,.T.);
#195=ORIENTED_EDGE('',*,*,#1014,.F.);
#196=ORIENTED_EDGE('',*,*,#1013,.F.);
#197=ORIENTED_EDGE('',*,*,#1015,.T.);
#198=ORIENTED_EDGE('',*,*,#950,.F.);
#199=ORIENTED_EDGE('',*,*,#946,.F.);
#200=ORIENTED_EDGE('',*,*,#1016,.T.);
#201=ORIENTED_EDGE('',*,*,#1017,.T.);
#202=ORIENTED_EDGE('',*,*,#1018,.T.);
#203=ORIENTED_EDGE('',*,*,#948,.F.);
#204=ORIENTED_EDGE('',*,*,#952,.F.);
#205=ORIENTED_EDGE('',*,*,#1019,.T.);
#206=ORIENTED_EDGE('',*,*,#1017,.F.);
#207=ORIENTED_EDGE('',*,*,#1020,.T.);
#208=ORIENTED_EDGE('',*,*,#1021,.T.);
#209=ORIENTED_EDGE('',*,*,#1022,.T.);
#210=ORIENTED_EDGE('',*,*,#1021,.F.);
#211=ORIENTED_EDGE('',*,*,#1023,.T.);
#212=ORIENTED_EDGE('',*,*,#1024,.T.);
#213=ORIENTED_EDGE('',*,*,#1025,.T.);
#214=ORIENTED_EDGE('',*,*,#1024,.F.);
#215=ORIENTED_EDGE('',*,*,#1026,.T.);
#216=ORIENTED_EDGE('',*,*,#1027,.T.);
#217=ORIENTED_EDGE('',*,*,#998,.T.);
#218=ORIENTED_EDGE('',*,*,#1028,.T.);
#219=ORIENTED_EDGE('',*,*,#1029,.T.);
#220=ORIENTED_EDGE('',*,*,#1030,.F.);
#221=ORIENTED_EDGE('',*,*,#936,.F.);
#222=ORIENTED_EDGE('',*,*,#1031,.T.);
#223=ORIENTED_EDGE('',*,*,#1032,.F.);
#224=ORIENTED_EDGE('',*,*,#1033,.F.);
#225=ORIENTED_EDGE('',*,*,#999,.F.);
#226=ORIENTED_EDGE('',*,*,#929,.F.);
#227=ORIENTED_EDGE('',*,*,#1034,.T.);
#228=ORIENTED_EDGE('',*,*,#1035,.F.);
#229=ORIENTED_EDGE('',*,*,#1036,.T.);
#230=ORIENTED_EDGE('',*,*,#1037,.T.);
#231=ORIENTED_EDGE('',*,*,#1038,.T.);
#232=ORIENTED_EDGE('',*,*,#1037,.F.);
#233=ORIENTED_EDGE('',*,*,#1039,.T.);
#234=ORIENTED_EDGE('',*,*,#1011,.T.);
#235=ORIENTED_EDGE('',*,*,#969,.F.);
#236=ORIENTED_EDGE('',*,*,#1005,.T.);
#237=ORIENTED_EDGE('',*,*,#971,.T.);
#238=ORIENTED_EDGE('',*,*,#1040,.T.);
#239=ORIENTED_EDGE('',*,*,#1035,.T.);
#240=ORIENTED_EDGE('',*,*,#1041,.T.);
#241=ORIENTED_EDGE('',*,*,#1031,.F.);
#242=ORIENTED_EDGE('',*,*,#933,.F.);
#243=ORIENTED_EDGE('',*,*,#1001,.T.);
#244=ORIENTED_EDGE('',*,*,#1033,.T.);
#245=ORIENTED_EDGE('',*,*,#1042,.F.);
#246=ORIENTED_EDGE('',*,*,#1043,.F.);
#247=ORIENTED_EDGE('',*,*,#1002,.T.);
#248=ORIENTED_EDGE('',*,*,#1043,.T.);
#249=ORIENTED_EDGE('',*,*,#1044,.F.);
#250=ORIENTED_EDGE('',*,*,#1045,.F.);
#251=ORIENTED_EDGE('',*,*,#1003,.T.);
#252=ORIENTED_EDGE('',*,*,#1045,.T.);
#253=ORIENTED_EDGE('',*,*,#1046,.F.);
#254=ORIENTED_EDGE('',*,*,#1028,.F.);
#255=ORIENTED_EDGE('',*,*,#1030,.T.);
#256=ORIENTED_EDGE('',*,*,#1047,.T.);
#257=ORIENTED_EDGE('',*,*,#1027,.F.);
#258=ORIENTED_EDGE('',*,*,#1048,.T.);
#259=ORIENTED_EDGE('',*,*,#991,.F.);
#260=ORIENTED_EDGE('',*,*,#1004,.T.);
#261=ORIENTED_EDGE('',*,*,#992,.T.);
#262=ORIENTED_EDGE('',*,*,#937,.F.);
#263=ORIENTED_EDGE('',*,*,#951,.T.);
#264=ORIENTED_EDGE('',*,*,#1015,.F.);
#265=ORIENTED_EDGE('',*,*,#1012,.F.);
#266=ORIENTED_EDGE('',*,*,#1039,.F.);
#267=ORIENTED_EDGE('',*,*,#1036,.F.);
#268=ORIENTED_EDGE('',*,*,#1040,.F.);
#269=ORIENTED_EDGE('',*,*,#970,.T.);
#270=ORIENTED_EDGE('',*,*,#974,.T.);
#271=ORIENTED_EDGE('',*,*,#977,.T.);
#272=ORIENTED_EDGE('',*,*,#980,.T.);
#273=ORIENTED_EDGE('',*,*,#983,.T.);
#274=ORIENTED_EDGE('',*,*,#986,.T.);
#275=ORIENTED_EDGE('',*,*,#989,.T.);
#276=ORIENTED_EDGE('',*,*,#1048,.F.);
#277=ORIENTED_EDGE('',*,*,#1026,.F.);
#278=ORIENTED_EDGE('',*,*,#1023,.F.);
#279=ORIENTED_EDGE('',*,*,#1020,.F.);
#280=ORIENTED_EDGE('',*,*,#1016,.F.);
#281=ORIENTED_EDGE('',*,*,#1049,.T.);
#282=ORIENTED_EDGE('',*,*,#1050,.T.);
#283=ORIENTED_EDGE('',*,*,#1051,.T.);
#284=ORIENTED_EDGE('',*,*,#1052,.T.);
#285=ORIENTED_EDGE('',*,*,#1053,.F.);
#286=ORIENTED_EDGE('',*,*,#1054,.F.);
#287=ORIENTED_EDGE('',*,*,#1055,.F.);
#288=ORIENTED_EDGE('',*,*,#1050,.F.);
#289=ORIENTED_EDGE('',*,*,#1056,.F.);
#290=ORIENTED_EDGE('',*,*,#1057,.F.);
#291=ORIENTED_EDGE('',*,*,#1058,.F.);
#292=ORIENTED_EDGE('',*,*,#1059,.F.);
#293=ORIENTED_EDGE('',*,*,#1060,.F.);
#294=ORIENTED_EDGE('',*,*,#1061,.T.);
#295=ORIENTED_EDGE('',*,*,#1051,.F.);
#296=ORIENTED_EDGE('',*,*,#1055,.T.);
#297=ORIENTED_EDGE('',*,*,#1062,.F.);
#298=ORIENTED_EDGE('',*,*,#1063,.F.);
#299=ORIENTED_EDGE('',*,*,#1062,.T.);
#300=ORIENTED_EDGE('',*,*,#1054,.T.);
#301=ORIENTED_EDGE('',*,*,#1064,.F.);
#302=ORIENTED_EDGE('',*,*,#1065,.F.);
#303=ORIENTED_EDGE('',*,*,#1058,.T.);
#304=ORIENTED_EDGE('',*,*,#1066,.F.);
#305=ORIENTED_EDGE('',*,*,#1067,.F.);
#306=ORIENTED_EDGE('',*,*,#1068,.F.);
#307=ORIENTED_EDGE('',*,*,#1059,.T.);
#308=ORIENTED_EDGE('',*,*,#1065,.T.);
#309=ORIENTED_EDGE('',*,*,#1069,.T.);
#310=ORIENTED_EDGE('',*,*,#1070,.F.);
#311=ORIENTED_EDGE('',*,*,#1071,.T.);
#312=ORIENTED_EDGE('',*,*,#1072,.T.);
#313=ORIENTED_EDGE('',*,*,#1060,.T.);
#314=ORIENTED_EDGE('',*,*,#1070,.T.);
#315=ORIENTED_EDGE('',*,*,#1073,.F.);
#316=ORIENTED_EDGE('',*,*,#1074,.F.);
#317=ORIENTED_EDGE('',*,*,#1075,.T.);
#318=ORIENTED_EDGE('',*,*,#1076,.T.);
#319=ORIENTED_EDGE('',*,*,#1077,.F.);
#320=ORIENTED_EDGE('',*,*,#1078,.T.);
#321=ORIENTED_EDGE('',*,*,#1079,.T.);
#322=ORIENTED_EDGE('',*,*,#1076,.F.);
#323=ORIENTED_EDGE('',*,*,#1080,.F.);
#324=ORIENTED_EDGE('',*,*,#1081,.T.);
#325=ORIENTED_EDGE('',*,*,#1082,.T.);
#326=ORIENTED_EDGE('',*,*,#1071,.F.);
#327=ORIENTED_EDGE('',*,*,#1069,.F.);
#328=ORIENTED_EDGE('',*,*,#1064,.T.);
#329=ORIENTED_EDGE('',*,*,#1053,.T.);
#330=ORIENTED_EDGE('',*,*,#1049,.F.);
#331=ORIENTED_EDGE('',*,*,#1083,.T.);
#332=ORIENTED_EDGE('',*,*,#1084,.T.);
#333=ORIENTED_EDGE('',*,*,#1085,.T.);
#334=ORIENTED_EDGE('',*,*,#1086,.T.);
#335=ORIENTED_EDGE('',*,*,#1081,.F.);
#336=ORIENTED_EDGE('',*,*,#1087,.F.);
#337=ORIENTED_EDGE('',*,*,#1088,.T.);
#338=ORIENTED_EDGE('',*,*,#1087,.T.);
#339=ORIENTED_EDGE('',*,*,#1080,.T.);
#340=ORIENTED_EDGE('',*,*,#1075,.F.);
#341=ORIENTED_EDGE('',*,*,#1089,.T.);
#342=ORIENTED_EDGE('',*,*,#1090,.T.);
#343=ORIENTED_EDGE('',*,*,#1091,.T.);
#344=ORIENTED_EDGE('',*,*,#1092,.F.);
#345=ORIENTED_EDGE('',*,*,#1093,.T.);
#346=ORIENTED_EDGE('',*,*,#1094,.T.);
#347=ORIENTED_EDGE('',*,*,#1095,.T.);
#348=ORIENTED_EDGE('',*,*,#1090,.F.);
#349=ORIENTED_EDGE('',*,*,#1095,.F.);
#350=ORIENTED_EDGE('',*,*,#1096,.F.);
#351=ORIENTED_EDGE('',*,*,#1097,.T.);
#352=ORIENTED_EDGE('',*,*,#1091,.F.);
#353=ORIENTED_EDGE('',*,*,#1092,.T.);
#354=ORIENTED_EDGE('',*,*,#1097,.F.);
#355=ORIENTED_EDGE('',*,*,#1098,.F.);
#356=ORIENTED_EDGE('',*,*,#1099,.F.);
#357=ORIENTED_EDGE('',*,*,#1100,.T.);
#358=ORIENTED_EDGE('',*,*,#1098,.T.);
#359=ORIENTED_EDGE('',*,*,#1096,.T.);
#360=ORIENTED_EDGE('',*,*,#1094,.F.);
#361=ORIENTED_EDGE('',*,*,#1061,.F.);
#362=ORIENTED_EDGE('',*,*,#1072,.F.);
#363=ORIENTED_EDGE('',*,*,#1082,.F.);
#364=ORIENTED_EDGE('',*,*,#1086,.F.);
#365=ORIENTED_EDGE('',*,*,#1101,.T.);
#366=ORIENTED_EDGE('',*,*,#1077,.T.);
#367=ORIENTED_EDGE('',*,*,#1079,.F.);
#368=ORIENTED_EDGE('',*,*,#1052,.F.);
#369=ORIENTED_EDGE('',*,*,#1101,.F.);
#370=ORIENTED_EDGE('',*,*,#1085,.F.);
#371=ORIENTED_EDGE('',*,*,#1102,.F.);
#372=ORIENTED_EDGE('',*,*,#1078,.F.);
#373=ORIENTED_EDGE('',*,*,#1103,.T.);
#374=ORIENTED_EDGE('',*,*,#1104,.T.);
#375=ORIENTED_EDGE('',*,*,#1105,.T.);
#376=ORIENTED_EDGE('',*,*,#1106,.T.);
#377=ORIENTED_EDGE('',*,*,#1107,.T.);
#378=ORIENTED_EDGE('',*,*,#1108,.F.);
#379=ORIENTED_EDGE('',*,*,#1109,.T.);
#380=ORIENTED_EDGE('',*,*,#1104,.F.);
#381=ORIENTED_EDGE('',*,*,#1110,.T.);
#382=ORIENTED_EDGE('',*,*,#1105,.F.);
#383=ORIENTED_EDGE('',*,*,#1109,.F.);
#384=ORIENTED_EDGE('',*,*,#1111,.F.);
#385=ORIENTED_EDGE('',*,*,#1110,.F.);
#386=ORIENTED_EDGE('',*,*,#1112,.F.);
#387=ORIENTED_EDGE('',*,*,#1113,.F.);
#388=ORIENTED_EDGE('',*,*,#1106,.F.);
#389=ORIENTED_EDGE('',*,*,#1113,.T.);
#390=ORIENTED_EDGE('',*,*,#1114,.F.);
#391=ORIENTED_EDGE('',*,*,#1107,.F.);
#392=ORIENTED_EDGE('',*,*,#1103,.F.);
#393=ORIENTED_EDGE('',*,*,#1115,.F.);
#394=ORIENTED_EDGE('',*,*,#1108,.T.);
#395=ORIENTED_EDGE('',*,*,#1116,.T.);
#396=ORIENTED_EDGE('',*,*,#1117,.F.);
#397=ORIENTED_EDGE('',*,*,#1118,.F.);
#398=ORIENTED_EDGE('',*,*,#1111,.T.);
#399=ORIENTED_EDGE('',*,*,#1115,.T.);
#400=ORIENTED_EDGE('',*,*,#1119,.F.);
#401=ORIENTED_EDGE('',*,*,#1120,.F.);
#402=ORIENTED_EDGE('',*,*,#1112,.T.);
#403=ORIENTED_EDGE('',*,*,#1118,.T.);
#404=ORIENTED_EDGE('',*,*,#1121,.F.);
#405=ORIENTED_EDGE('',*,*,#1116,.F.);
#406=ORIENTED_EDGE('',*,*,#1114,.T.);
#407=ORIENTED_EDGE('',*,*,#1120,.T.);
#408=ORIENTED_EDGE('',*,*,#1122,.F.);
#409=ORIENTED_EDGE('',*,*,#1123,.F.);
#410=ORIENTED_EDGE('',*,*,#1122,.T.);
#411=ORIENTED_EDGE('',*,*,#1121,.T.);
#412=ORIENTED_EDGE('',*,*,#1119,.T.);
#413=ORIENTED_EDGE('',*,*,#1117,.T.);
#414=ORIENTED_EDGE('',*,*,#1124,.T.);
#415=ORIENTED_EDGE('',*,*,#1125,.T.);
#416=ORIENTED_EDGE('',*,*,#1126,.T.);
#417=ORIENTED_EDGE('',*,*,#1127,.T.);
#418=ORIENTED_EDGE('',*,*,#1123,.T.);
#419=ORIENTED_EDGE('',*,*,#1128,.F.);
#420=ORIENTED_EDGE('',*,*,#1129,.T.);
#421=ORIENTED_EDGE('',*,*,#1125,.F.);
#422=ORIENTED_EDGE('',*,*,#1130,.T.);
#423=ORIENTED_EDGE('',*,*,#1131,.F.);
#424=ORIENTED_EDGE('',*,*,#1132,.T.);
#425=ORIENTED_EDGE('',*,*,#1133,.F.);
#426=ORIENTED_EDGE('',*,*,#1130,.F.);
#427=ORIENTED_EDGE('',*,*,#1124,.F.);
#428=ORIENTED_EDGE('',*,*,#1134,.T.);
#429=ORIENTED_EDGE('',*,*,#1126,.F.);
#430=ORIENTED_EDGE('',*,*,#1129,.F.);
#431=ORIENTED_EDGE('',*,*,#1135,.F.);
#432=ORIENTED_EDGE('',*,*,#1132,.F.);
#433=ORIENTED_EDGE('',*,*,#1127,.F.);
#434=ORIENTED_EDGE('',*,*,#1134,.F.);
#435=ORIENTED_EDGE('',*,*,#1136,.F.);
#436=ORIENTED_EDGE('',*,*,#1137,.T.);
#437=ORIENTED_EDGE('',*,*,#1138,.T.);
#438=ORIENTED_EDGE('',*,*,#1139,.F.);
#439=ORIENTED_EDGE('',*,*,#1140,.F.);
#440=ORIENTED_EDGE('',*,*,#1128,.T.);
#441=ORIENTED_EDGE('',*,*,#1141,.F.);
#442=ORIENTED_EDGE('',*,*,#1142,.T.);
#443=ORIENTED_EDGE('',*,*,#1143,.T.);
#444=ORIENTED_EDGE('',*,*,#1144,.F.);
#445=ORIENTED_EDGE('',*,*,#1145,.F.);
#446=ORIENTED_EDGE('',*,*,#1146,.T.);
#447=ORIENTED_EDGE('',*,*,#1147,.F.);
#448=ORIENTED_EDGE('',*,*,#1148,.F.);
#449=ORIENTED_EDGE('',*,*,#1149,.T.);
#450=ORIENTED_EDGE('',*,*,#1150,.T.);
#451=ORIENTED_EDGE('',*,*,#1151,.F.);
#452=ORIENTED_EDGE('',*,*,#1152,.F.);
#453=ORIENTED_EDGE('',*,*,#1147,.T.);
#454=ORIENTED_EDGE('',*,*,#1153,.T.);
#455=ORIENTED_EDGE('',*,*,#1154,.F.);
#456=ORIENTED_EDGE('',*,*,#1155,.F.);
#457=ORIENTED_EDGE('',*,*,#1151,.T.);
#458=ORIENTED_EDGE('',*,*,#1156,.T.);
#459=ORIENTED_EDGE('',*,*,#1157,.F.);
#460=ORIENTED_EDGE('',*,*,#1158,.F.);
#461=ORIENTED_EDGE('',*,*,#1154,.T.);
#462=ORIENTED_EDGE('',*,*,#1159,.T.);
#463=ORIENTED_EDGE('',*,*,#1160,.F.);
#464=ORIENTED_EDGE('',*,*,#1161,.F.);
#465=ORIENTED_EDGE('',*,*,#1157,.T.);
#466=ORIENTED_EDGE('',*,*,#1162,.T.);
#467=ORIENTED_EDGE('',*,*,#1131,.T.);
#468=ORIENTED_EDGE('',*,*,#1163,.F.);
#469=ORIENTED_EDGE('',*,*,#1164,.F.);
#470=ORIENTED_EDGE('',*,*,#1163,.T.);
#471=ORIENTED_EDGE('',*,*,#1133,.T.);
#472=ORIENTED_EDGE('',*,*,#1165,.F.);
#473=ORIENTED_EDGE('',*,*,#1166,.F.);
#474=ORIENTED_EDGE('',*,*,#1167,.F.);
#475=ORIENTED_EDGE('',*,*,#1168,.T.);
#476=ORIENTED_EDGE('',*,*,#1135,.T.);
#477=ORIENTED_EDGE('',*,*,#1162,.F.);
#478=ORIENTED_EDGE('',*,*,#1169,.F.);
#479=ORIENTED_EDGE('',*,*,#1170,.F.);
#480=ORIENTED_EDGE('',*,*,#1165,.T.);
#481=ORIENTED_EDGE('',*,*,#1136,.T.);
#482=ORIENTED_EDGE('',*,*,#1168,.F.);
#483=ORIENTED_EDGE('',*,*,#1171,.F.);
#484=ORIENTED_EDGE('',*,*,#1172,.T.);
#485=ORIENTED_EDGE('',*,*,#1173,.F.);
#486=ORIENTED_EDGE('',*,*,#1174,.F.);
#487=ORIENTED_EDGE('',*,*,#1160,.T.);
#488=ORIENTED_EDGE('',*,*,#1175,.T.);
#489=ORIENTED_EDGE('',*,*,#1176,.T.);
#490=ORIENTED_EDGE('',*,*,#1137,.F.);
#491=ORIENTED_EDGE('',*,*,#1177,.F.);
#492=ORIENTED_EDGE('',*,*,#1138,.F.);
#493=ORIENTED_EDGE('',*,*,#1176,.F.);
#494=ORIENTED_EDGE('',*,*,#1178,.F.);
#495=ORIENTED_EDGE('',*,*,#1179,.F.);
#496=ORIENTED_EDGE('',*,*,#1180,.F.);
#497=ORIENTED_EDGE('',*,*,#1139,.T.);
#498=ORIENTED_EDGE('',*,*,#1180,.T.);
#499=ORIENTED_EDGE('',*,*,#1181,.T.);
#500=ORIENTED_EDGE('',*,*,#1182,.F.);
#501=ORIENTED_EDGE('',*,*,#1183,.F.);
#502=ORIENTED_EDGE('',*,*,#1184,.T.);
#503=ORIENTED_EDGE('',*,*,#1142,.F.);
#504=ORIENTED_EDGE('',*,*,#1185,.F.);
#505=ORIENTED_EDGE('',*,*,#1141,.T.);
#506=ORIENTED_EDGE('',*,*,#1145,.T.);
#507=ORIENTED_EDGE('',*,*,#1186,.T.);
#508=ORIENTED_EDGE('',*,*,#1187,.T.);
#509=ORIENTED_EDGE('',*,*,#1188,.T.);
#510=ORIENTED_EDGE('',*,*,#1148,.T.);
#511=ORIENTED_EDGE('',*,*,#1152,.T.);
#512=ORIENTED_EDGE('',*,*,#1155,.T.);
#513=ORIENTED_EDGE('',*,*,#1158,.T.);
#514=ORIENTED_EDGE('',*,*,#1161,.T.);
#515=ORIENTED_EDGE('',*,*,#1174,.T.);
#516=ORIENTED_EDGE('',*,*,#1189,.T.);
#517=ORIENTED_EDGE('',*,*,#1177,.T.);
#518=ORIENTED_EDGE('',*,*,#1140,.T.);
#519=ORIENTED_EDGE('',*,*,#1182,.T.);
#520=ORIENTED_EDGE('',*,*,#1190,.T.);
#521=ORIENTED_EDGE('',*,*,#1191,.T.);
#522=ORIENTED_EDGE('',*,*,#1192,.T.);
#523=ORIENTED_EDGE('',*,*,#1185,.T.);
#524=ORIENTED_EDGE('',*,*,#1193,.T.);
#525=ORIENTED_EDGE('',*,*,#1149,.F.);
#526=ORIENTED_EDGE('',*,*,#1188,.F.);
#527=ORIENTED_EDGE('',*,*,#1194,.T.);
#528=ORIENTED_EDGE('',*,*,#1195,.F.);
#529=ORIENTED_EDGE('',*,*,#1196,.F.);
#530=ORIENTED_EDGE('',*,*,#1197,.F.);
#531=ORIENTED_EDGE('',*,*,#1143,.F.);
#532=ORIENTED_EDGE('',*,*,#1184,.F.);
#533=ORIENTED_EDGE('',*,*,#1144,.T.);
#534=ORIENTED_EDGE('',*,*,#1197,.T.);
#535=ORIENTED_EDGE('',*,*,#1198,.F.);
#536=ORIENTED_EDGE('',*,*,#1186,.F.);
#537=ORIENTED_EDGE('',*,*,#1199,.F.);
#538=ORIENTED_EDGE('',*,*,#1200,.T.);
#539=ORIENTED_EDGE('',*,*,#1201,.F.);
#540=ORIENTED_EDGE('',*,*,#1202,.T.);
#541=ORIENTED_EDGE('',*,*,#1202,.F.);
#542=ORIENTED_EDGE('',*,*,#1203,.T.);
#543=ORIENTED_EDGE('',*,*,#1204,.T.);
#544=ORIENTED_EDGE('',*,*,#1205,.T.);
#545=ORIENTED_EDGE('',*,*,#1206,.T.);
#546=ORIENTED_EDGE('',*,*,#1207,.T.);
#547=ORIENTED_EDGE('',*,*,#1172,.F.);
#548=ORIENTED_EDGE('',*,*,#1159,.F.);
#549=ORIENTED_EDGE('',*,*,#1156,.F.);
#550=ORIENTED_EDGE('',*,*,#1153,.F.);
#551=ORIENTED_EDGE('',*,*,#1150,.F.);
#552=ORIENTED_EDGE('',*,*,#1146,.F.);
#553=ORIENTED_EDGE('',*,*,#1193,.F.);
#554=ORIENTED_EDGE('',*,*,#1208,.T.);
#555=ORIENTED_EDGE('',*,*,#1209,.T.);
#556=ORIENTED_EDGE('',*,*,#1210,.T.);
#557=ORIENTED_EDGE('',*,*,#1211,.T.);
#558=ORIENTED_EDGE('',*,*,#1212,.T.);
#559=ORIENTED_EDGE('',*,*,#1213,.F.);
#560=ORIENTED_EDGE('',*,*,#1214,.T.);
#561=ORIENTED_EDGE('',*,*,#1215,.F.);
#562=ORIENTED_EDGE('',*,*,#1216,.F.);
#563=ORIENTED_EDGE('',*,*,#1217,.F.);
#564=ORIENTED_EDGE('',*,*,#1169,.T.);
#565=ORIENTED_EDGE('',*,*,#1164,.T.);
#566=ORIENTED_EDGE('',*,*,#1167,.T.);
#567=ORIENTED_EDGE('',*,*,#1218,.F.);
#568=ORIENTED_EDGE('',*,*,#1216,.T.);
#569=ORIENTED_EDGE('',*,*,#1219,.T.);
#570=ORIENTED_EDGE('',*,*,#1220,.F.);
#571=ORIENTED_EDGE('',*,*,#1221,.T.);
#572=ORIENTED_EDGE('',*,*,#1222,.T.);
#573=ORIENTED_EDGE('',*,*,#1223,.T.);
#574=ORIENTED_EDGE('',*,*,#1220,.T.);
#575=ORIENTED_EDGE('',*,*,#1224,.F.);
#576=ORIENTED_EDGE('',*,*,#1214,.F.);
#577=ORIENTED_EDGE('',*,*,#1225,.F.);
#578=ORIENTED_EDGE('',*,*,#1226,.F.);
#579=ORIENTED_EDGE('',*,*,#1227,.F.);
#580=ORIENTED_EDGE('',*,*,#1228,.F.);
#581=ORIENTED_EDGE('',*,*,#1229,.F.);
#582=ORIENTED_EDGE('',*,*,#1222,.F.);
#583=ORIENTED_EDGE('',*,*,#1171,.T.);
#584=ORIENTED_EDGE('',*,*,#1170,.T.);
#585=ORIENTED_EDGE('',*,*,#1217,.T.);
#586=ORIENTED_EDGE('',*,*,#1223,.F.);
#587=ORIENTED_EDGE('',*,*,#1229,.T.);
#588=ORIENTED_EDGE('',*,*,#1230,.F.);
#589=ORIENTED_EDGE('',*,*,#1225,.T.);
#590=ORIENTED_EDGE('',*,*,#1213,.T.);
#591=ORIENTED_EDGE('',*,*,#1218,.T.);
#592=ORIENTED_EDGE('',*,*,#1166,.T.);
#593=ORIENTED_EDGE('',*,*,#1231,.F.);
#594=ORIENTED_EDGE('',*,*,#1232,.F.);
#595=ORIENTED_EDGE('',*,*,#1233,.F.);
#596=ORIENTED_EDGE('',*,*,#1234,.F.);
#597=ORIENTED_EDGE('',*,*,#1235,.T.);
#598=ORIENTED_EDGE('',*,*,#1236,.T.);
#599=ORIENTED_EDGE('',*,*,#1237,.F.);
#600=ORIENTED_EDGE('',*,*,#1234,.T.);
#601=ORIENTED_EDGE('',*,*,#1238,.F.);
#602=ORIENTED_EDGE('',*,*,#1236,.F.);
#603=ORIENTED_EDGE('',*,*,#1239,.F.);
#604=ORIENTED_EDGE('',*,*,#1240,.F.);
#605=ORIENTED_EDGE('',*,*,#1241,.T.);
#606=ORIENTED_EDGE('',*,*,#1240,.T.);
#607=ORIENTED_EDGE('',*,*,#1242,.F.);
#608=ORIENTED_EDGE('',*,*,#1243,.F.);
#609=ORIENTED_EDGE('',*,*,#1237,.T.);
#610=ORIENTED_EDGE('',*,*,#1238,.T.);
#611=ORIENTED_EDGE('',*,*,#1241,.F.);
#612=ORIENTED_EDGE('',*,*,#1244,.T.);
#613=ORIENTED_EDGE('',*,*,#1245,.T.);
#614=ORIENTED_EDGE('',*,*,#1231,.T.);
#615=ORIENTED_EDGE('',*,*,#1246,.T.);
#616=ORIENTED_EDGE('',*,*,#1232,.T.);
#617=ORIENTED_EDGE('',*,*,#1245,.F.);
#618=ORIENTED_EDGE('',*,*,#1247,.T.);
#619=ORIENTED_EDGE('',*,*,#1248,.F.);
#620=ORIENTED_EDGE('',*,*,#1249,.T.);
#621=ORIENTED_EDGE('',*,*,#1250,.F.);
#622=ORIENTED_EDGE('',*,*,#1251,.F.);
#623=ORIENTED_EDGE('',*,*,#1252,.T.);
#624=ORIENTED_EDGE('',*,*,#1253,.T.);
#625=ORIENTED_EDGE('',*,*,#1254,.T.);
#626=ORIENTED_EDGE('',*,*,#1255,.F.);
#627=ORIENTED_EDGE('',*,*,#1204,.F.);
#628=ORIENTED_EDGE('',*,*,#1256,.T.);
#629=ORIENTED_EDGE('',*,*,#1257,.T.);
#630=ORIENTED_EDGE('',*,*,#1258,.F.);
#631=ORIENTED_EDGE('',*,*,#1205,.F.);
#632=ORIENTED_EDGE('',*,*,#1255,.T.);
#633=ORIENTED_EDGE('',*,*,#1259,.T.);
#634=ORIENTED_EDGE('',*,*,#1260,.F.);
#635=ORIENTED_EDGE('',*,*,#1206,.F.);
#636=ORIENTED_EDGE('',*,*,#1258,.T.);
#637=ORIENTED_EDGE('',*,*,#1261,.F.);
#638=ORIENTED_EDGE('',*,*,#1178,.T.);
#639=ORIENTED_EDGE('',*,*,#1175,.F.);
#640=ORIENTED_EDGE('',*,*,#1189,.F.);
#641=ORIENTED_EDGE('',*,*,#1173,.T.);
#642=ORIENTED_EDGE('',*,*,#1207,.F.);
#643=ORIENTED_EDGE('',*,*,#1260,.T.);
#644=ORIENTED_EDGE('',*,*,#1262,.T.);
#645=ORIENTED_EDGE('',*,*,#1181,.F.);
#646=ORIENTED_EDGE('',*,*,#1179,.T.);
#647=ORIENTED_EDGE('',*,*,#1261,.T.);
#648=ORIENTED_EDGE('',*,*,#1263,.T.);
#649=ORIENTED_EDGE('',*,*,#1264,.F.);
#650=ORIENTED_EDGE('',*,*,#1190,.F.);
#651=ORIENTED_EDGE('',*,*,#1264,.T.);
#652=ORIENTED_EDGE('',*,*,#1265,.T.);
#653=ORIENTED_EDGE('',*,*,#1266,.F.);
#654=ORIENTED_EDGE('',*,*,#1191,.F.);
#655=ORIENTED_EDGE('',*,*,#1266,.T.);
#656=ORIENTED_EDGE('',*,*,#1267,.T.);
#657=ORIENTED_EDGE('',*,*,#1268,.F.);
#658=ORIENTED_EDGE('',*,*,#1192,.F.);
#659=ORIENTED_EDGE('',*,*,#1268,.T.);
#660=ORIENTED_EDGE('',*,*,#1269,.T.);
#661=ORIENTED_EDGE('',*,*,#1270,.F.);
#662=ORIENTED_EDGE('',*,*,#1271,.F.);
#663=ORIENTED_EDGE('',*,*,#1195,.T.);
#664=ORIENTED_EDGE('',*,*,#1183,.T.);
#665=ORIENTED_EDGE('',*,*,#1270,.T.);
#666=ORIENTED_EDGE('',*,*,#1272,.T.);
#667=ORIENTED_EDGE('',*,*,#1198,.T.);
#668=ORIENTED_EDGE('',*,*,#1196,.T.);
#669=ORIENTED_EDGE('',*,*,#1271,.T.);
#670=ORIENTED_EDGE('',*,*,#1273,.T.);
#671=ORIENTED_EDGE('',*,*,#1274,.F.);
#672=ORIENTED_EDGE('',*,*,#1208,.F.);
#673=ORIENTED_EDGE('',*,*,#1194,.F.);
#674=ORIENTED_EDGE('',*,*,#1187,.F.);
#675=ORIENTED_EDGE('',*,*,#1275,.T.);
#676=ORIENTED_EDGE('',*,*,#1276,.F.);
#677=ORIENTED_EDGE('',*,*,#1209,.F.);
#678=ORIENTED_EDGE('',*,*,#1274,.T.);
#679=ORIENTED_EDGE('',*,*,#1277,.T.);
#680=ORIENTED_EDGE('',*,*,#1278,.F.);
#681=ORIENTED_EDGE('',*,*,#1210,.F.);
#682=ORIENTED_EDGE('',*,*,#1276,.T.);
#683=ORIENTED_EDGE('',*,*,#1279,.T.);
#684=ORIENTED_EDGE('',*,*,#1280,.F.);
#685=ORIENTED_EDGE('',*,*,#1211,.F.);
#686=ORIENTED_EDGE('',*,*,#1278,.T.);
#687=ORIENTED_EDGE('',*,*,#1281,.T.);
#688=ORIENTED_EDGE('',*,*,#1282,.T.);
#689=ORIENTED_EDGE('',*,*,#1199,.T.);
#690=ORIENTED_EDGE('',*,*,#1212,.F.);
#691=ORIENTED_EDGE('',*,*,#1280,.T.);
#692=ORIENTED_EDGE('',*,*,#1282,.F.);
#693=ORIENTED_EDGE('',*,*,#1283,.F.);
#694=ORIENTED_EDGE('',*,*,#1284,.F.);
#695=ORIENTED_EDGE('',*,*,#1200,.F.);
#696=ORIENTED_EDGE('',*,*,#1203,.F.);
#697=ORIENTED_EDGE('',*,*,#1201,.T.);
#698=ORIENTED_EDGE('',*,*,#1284,.T.);
#699=ORIENTED_EDGE('',*,*,#1285,.T.);
#700=ORIENTED_EDGE('',*,*,#1256,.F.);
#701=ORIENTED_EDGE('',*,*,#1286,.T.);
#702=ORIENTED_EDGE('',*,*,#1287,.T.);
#703=ORIENTED_EDGE('',*,*,#1252,.F.);
#704=ORIENTED_EDGE('',*,*,#1288,.T.);
#705=ORIENTED_EDGE('',*,*,#1289,.F.);
#706=ORIENTED_EDGE('',*,*,#1290,.F.);
#707=ORIENTED_EDGE('',*,*,#1253,.F.);
#708=ORIENTED_EDGE('',*,*,#1287,.F.);
#709=ORIENTED_EDGE('',*,*,#1291,.F.);
#710=ORIENTED_EDGE('',*,*,#1292,.T.);
#711=ORIENTED_EDGE('',*,*,#1248,.T.);
#712=ORIENTED_EDGE('',*,*,#1290,.T.);
#713=ORIENTED_EDGE('',*,*,#1293,.F.);
#714=ORIENTED_EDGE('',*,*,#1294,.F.);
#715=ORIENTED_EDGE('',*,*,#1249,.F.);
#716=ORIENTED_EDGE('',*,*,#1292,.F.);
#717=ORIENTED_EDGE('',*,*,#1250,.T.);
#718=ORIENTED_EDGE('',*,*,#1294,.T.);
#719=ORIENTED_EDGE('',*,*,#1295,.F.);
#720=ORIENTED_EDGE('',*,*,#1296,.F.);
#721=ORIENTED_EDGE('',*,*,#1297,.T.);
#722=ORIENTED_EDGE('',*,*,#1298,.F.);
#723=ORIENTED_EDGE('',*,*,#1299,.F.);
#724=ORIENTED_EDGE('',*,*,#1300,.F.);
#725=ORIENTED_EDGE('',*,*,#1301,.F.);
#726=ORIENTED_EDGE('',*,*,#1298,.T.);
#727=ORIENTED_EDGE('',*,*,#1302,.T.);
#728=ORIENTED_EDGE('',*,*,#1303,.F.);
#729=ORIENTED_EDGE('',*,*,#1304,.T.);
#730=ORIENTED_EDGE('',*,*,#1305,.T.);
#731=ORIENTED_EDGE('',*,*,#1306,.F.);
#732=ORIENTED_EDGE('',*,*,#1307,.T.);
#733=ORIENTED_EDGE('',*,*,#1308,.F.);
#734=ORIENTED_EDGE('',*,*,#1227,.T.);
#735=ORIENTED_EDGE('',*,*,#1221,.F.);
#736=ORIENTED_EDGE('',*,*,#1219,.F.);
#737=ORIENTED_EDGE('',*,*,#1215,.T.);
#738=ORIENTED_EDGE('',*,*,#1224,.T.);
#739=ORIENTED_EDGE('',*,*,#1309,.F.);
#740=ORIENTED_EDGE('',*,*,#1310,.F.);
#741=ORIENTED_EDGE('',*,*,#1311,.T.);
#742=ORIENTED_EDGE('',*,*,#1312,.T.);
#743=ORIENTED_EDGE('',*,*,#1230,.T.);
#744=ORIENTED_EDGE('',*,*,#1228,.T.);
#745=ORIENTED_EDGE('',*,*,#1308,.T.);
#746=ORIENTED_EDGE('',*,*,#1313,.F.);
#747=ORIENTED_EDGE('',*,*,#1314,.F.);
#748=ORIENTED_EDGE('',*,*,#1315,.T.);
#749=ORIENTED_EDGE('',*,*,#1309,.T.);
#750=ORIENTED_EDGE('',*,*,#1226,.T.);
#751=ORIENTED_EDGE('',*,*,#1314,.T.);
#752=ORIENTED_EDGE('',*,*,#1316,.T.);
#753=ORIENTED_EDGE('',*,*,#1317,.T.);
#754=ORIENTED_EDGE('',*,*,#1318,.T.);
#755=ORIENTED_EDGE('',*,*,#1319,.F.);
#756=ORIENTED_EDGE('',*,*,#1303,.T.);
#757=ORIENTED_EDGE('',*,*,#1320,.T.);
#758=ORIENTED_EDGE('',*,*,#1321,.T.);
#759=ORIENTED_EDGE('',*,*,#1299,.T.);
#760=ORIENTED_EDGE('',*,*,#1301,.T.);
#761=ORIENTED_EDGE('',*,*,#1319,.T.);
#762=ORIENTED_EDGE('',*,*,#1322,.T.);
#763=ORIENTED_EDGE('',*,*,#1323,.F.);
#764=ORIENTED_EDGE('',*,*,#1324,.F.);
#765=ORIENTED_EDGE('',*,*,#1242,.T.);
#766=ORIENTED_EDGE('',*,*,#1239,.T.);
#767=ORIENTED_EDGE('',*,*,#1235,.F.);
#768=ORIENTED_EDGE('',*,*,#1233,.T.);
#769=ORIENTED_EDGE('',*,*,#1246,.F.);
#770=ORIENTED_EDGE('',*,*,#1325,.T.);
#771=ORIENTED_EDGE('',*,*,#1034,.F.);
#772=ORIENTED_EDGE('',*,*,#1038,.F.);
#773=ORIENTED_EDGE('',*,*,#1010,.T.);
#774=ORIENTED_EDGE('',*,*,#1014,.T.);
#775=ORIENTED_EDGE('',*,*,#949,.T.);
#776=ORIENTED_EDGE('',*,*,#1018,.F.);
#777=ORIENTED_EDGE('',*,*,#1019,.F.);
#778=ORIENTED_EDGE('',*,*,#1022,.F.);
#779=ORIENTED_EDGE('',*,*,#1025,.F.);
#780=ORIENTED_EDGE('',*,*,#1047,.F.);
#781=ORIENTED_EDGE('',*,*,#1029,.F.);
#782=ORIENTED_EDGE('',*,*,#1046,.T.);
#783=ORIENTED_EDGE('',*,*,#1044,.T.);
#784=ORIENTED_EDGE('',*,*,#1042,.T.);
#785=ORIENTED_EDGE('',*,*,#1032,.T.);
#786=ORIENTED_EDGE('',*,*,#1041,.F.);
#787=ORIENTED_EDGE('',*,*,#1285,.F.);
#788=ORIENTED_EDGE('',*,*,#1283,.T.);
#789=ORIENTED_EDGE('',*,*,#1281,.F.);
#790=ORIENTED_EDGE('',*,*,#1279,.F.);
#791=ORIENTED_EDGE('',*,*,#1277,.F.);
#792=ORIENTED_EDGE('',*,*,#1275,.F.);
#793=ORIENTED_EDGE('',*,*,#1273,.F.);
#794=ORIENTED_EDGE('',*,*,#1272,.F.);
#795=ORIENTED_EDGE('',*,*,#1269,.F.);
#796=ORIENTED_EDGE('',*,*,#1267,.F.);
#797=ORIENTED_EDGE('',*,*,#1265,.F.);
#798=ORIENTED_EDGE('',*,*,#1263,.F.);
#799=ORIENTED_EDGE('',*,*,#1262,.F.);
#800=ORIENTED_EDGE('',*,*,#1259,.F.);
#801=ORIENTED_EDGE('',*,*,#1257,.F.);
#802=ORIENTED_EDGE('',*,*,#1254,.F.);
#803=ORIENTED_EDGE('',*,*,#1326,.F.);
#804=ORIENTED_EDGE('',*,*,#1288,.F.);
#805=ORIENTED_EDGE('',*,*,#1251,.T.);
#806=ORIENTED_EDGE('',*,*,#1296,.T.);
#807=ORIENTED_EDGE('',*,*,#1327,.T.);
#808=ORIENTED_EDGE('',*,*,#1300,.T.);
#809=ORIENTED_EDGE('',*,*,#1325,.F.);
#810=ORIENTED_EDGE('',*,*,#1247,.F.);
#811=ORIENTED_EDGE('',*,*,#1244,.F.);
#812=ORIENTED_EDGE('',*,*,#1243,.T.);
#813=ORIENTED_EDGE('',*,*,#1324,.T.);
#814=ORIENTED_EDGE('',*,*,#1328,.F.);
#815=ORIENTED_EDGE('',*,*,#1320,.F.);
#816=ORIENTED_EDGE('',*,*,#1302,.F.);
#817=ORIENTED_EDGE('',*,*,#1297,.F.);
#818=ORIENTED_EDGE('',*,*,#1327,.F.);
#819=ORIENTED_EDGE('',*,*,#1295,.T.);
#820=ORIENTED_EDGE('',*,*,#1293,.T.);
#821=ORIENTED_EDGE('',*,*,#1291,.T.);
#822=ORIENTED_EDGE('',*,*,#1289,.T.);
#823=ORIENTED_EDGE('',*,*,#1286,.F.);
#824=ORIENTED_EDGE('',*,*,#1326,.T.);
#825=ORIENTED_EDGE('',*,*,#1329,.T.);
#826=ORIENTED_EDGE('',*,*,#1330,.T.);
#827=ORIENTED_EDGE('',*,*,#1331,.F.);
#828=ORIENTED_EDGE('',*,*,#1332,.T.);
#829=ORIENTED_EDGE('',*,*,#1310,.T.);
#830=ORIENTED_EDGE('',*,*,#1315,.F.);
#831=ORIENTED_EDGE('',*,*,#1318,.F.);
#832=ORIENTED_EDGE('',*,*,#1333,.F.);
#833=ORIENTED_EDGE('',*,*,#1334,.F.);
#834=ORIENTED_EDGE('',*,*,#1335,.F.);
#835=ORIENTED_EDGE('',*,*,#1336,.T.);
#836=ORIENTED_EDGE('',*,*,#1306,.T.);
#837=ORIENTED_EDGE('',*,*,#1337,.T.);
#838=ORIENTED_EDGE('',*,*,#1338,.T.);
#839=ORIENTED_EDGE('',*,*,#1307,.F.);
#840=ORIENTED_EDGE('',*,*,#1336,.F.);
#841=ORIENTED_EDGE('',*,*,#1339,.T.);
#842=ORIENTED_EDGE('',*,*,#1340,.T.);
#843=ORIENTED_EDGE('',*,*,#1304,.F.);
#844=ORIENTED_EDGE('',*,*,#1338,.F.);
#845=ORIENTED_EDGE('',*,*,#1341,.T.);
#846=ORIENTED_EDGE('',*,*,#1334,.T.);
#847=ORIENTED_EDGE('',*,*,#1305,.F.);
#848=ORIENTED_EDGE('',*,*,#1340,.F.);
#849=ORIENTED_EDGE('',*,*,#1342,.T.);
#850=ORIENTED_EDGE('',*,*,#1343,.T.);
#851=ORIENTED_EDGE('',*,*,#1311,.F.);
#852=ORIENTED_EDGE('',*,*,#1332,.F.);
#853=ORIENTED_EDGE('',*,*,#1344,.T.);
#854=ORIENTED_EDGE('',*,*,#1316,.F.);
#855=ORIENTED_EDGE('',*,*,#1313,.T.);
#856=ORIENTED_EDGE('',*,*,#1312,.F.);
#857=ORIENTED_EDGE('',*,*,#1343,.F.);
#858=ORIENTED_EDGE('',*,*,#1345,.T.);
#859=ORIENTED_EDGE('',*,*,#1346,.T.);
#860=ORIENTED_EDGE('',*,*,#1073,.T.);
#861=ORIENTED_EDGE('',*,*,#1102,.T.);
#862=ORIENTED_EDGE('',*,*,#1084,.F.);
#863=ORIENTED_EDGE('',*,*,#1347,.T.);
#864=ORIENTED_EDGE('',*,*,#1322,.F.);
#865=ORIENTED_EDGE('',*,*,#1321,.F.);
#866=ORIENTED_EDGE('',*,*,#1330,.F.);
#867=ORIENTED_EDGE('',*,*,#1348,.T.);
#868=ORIENTED_EDGE('',*,*,#1333,.T.);
#869=ORIENTED_EDGE('',*,*,#1317,.F.);
#870=ORIENTED_EDGE('',*,*,#1344,.F.);
#871=ORIENTED_EDGE('',*,*,#1089,.F.);
#872=ORIENTED_EDGE('',*,*,#1074,.T.);
#873=ORIENTED_EDGE('',*,*,#1346,.F.);
#874=ORIENTED_EDGE('',*,*,#1345,.F.);
#875=ORIENTED_EDGE('',*,*,#1342,.F.);
#876=ORIENTED_EDGE('',*,*,#1339,.F.);
#877=ORIENTED_EDGE('',*,*,#1337,.F.);
#878=ORIENTED_EDGE('',*,*,#1335,.T.);
#879=ORIENTED_EDGE('',*,*,#1341,.F.);
#880=ORIENTED_EDGE('',*,*,#1331,.T.);
#881=ORIENTED_EDGE('',*,*,#1348,.F.);
#882=ORIENTED_EDGE('',*,*,#1329,.F.);
#883=ORIENTED_EDGE('',*,*,#1328,.T.);
#884=ORIENTED_EDGE('',*,*,#1323,.T.);
#885=ORIENTED_EDGE('',*,*,#1347,.F.);
#886=ORIENTED_EDGE('',*,*,#1083,.F.);
#887=ORIENTED_EDGE('',*,*,#1088,.F.);
#888=ORIENTED_EDGE('',*,*,#1099,.T.);
#889=ORIENTED_EDGE('',*,*,#1100,.F.);
#890=ORIENTED_EDGE('',*,*,#1093,.F.);
#891=ORIENTED_EDGE('',*,*,#1349,.F.);
#892=ORIENTED_EDGE('',*,*,#1350,.F.);
#893=ORIENTED_EDGE('',*,*,#1351,.F.);
#894=ORIENTED_EDGE('',*,*,#1352,.F.);
#895=ORIENTED_EDGE('',*,*,#1353,.F.);
#896=ORIENTED_EDGE('',*,*,#1354,.F.);
#897=ORIENTED_EDGE('',*,*,#1056,.T.);
#898=ORIENTED_EDGE('',*,*,#1355,.T.);
#899=ORIENTED_EDGE('',*,*,#1356,.F.);
#900=ORIENTED_EDGE('',*,*,#1355,.F.);
#901=ORIENTED_EDGE('',*,*,#1063,.T.);
#902=ORIENTED_EDGE('',*,*,#1068,.T.);
#903=ORIENTED_EDGE('',*,*,#1357,.T.);
#904=ORIENTED_EDGE('',*,*,#1358,.F.);
#905=ORIENTED_EDGE('',*,*,#1357,.F.);
#906=ORIENTED_EDGE('',*,*,#1067,.T.);
#907=ORIENTED_EDGE('',*,*,#1359,.T.);
#908=ORIENTED_EDGE('',*,*,#1360,.F.);
#909=ORIENTED_EDGE('',*,*,#1359,.F.);
#910=ORIENTED_EDGE('',*,*,#1066,.T.);
#911=ORIENTED_EDGE('',*,*,#1057,.T.);
#912=ORIENTED_EDGE('',*,*,#1354,.T.);
#913=ORIENTED_EDGE('',*,*,#1361,.F.);
#914=ORIENTED_EDGE('',*,*,#1358,.T.);
#915=ORIENTED_EDGE('',*,*,#1362,.F.);
#916=ORIENTED_EDGE('',*,*,#1352,.T.);
#917=ORIENTED_EDGE('',*,*,#1363,.F.);
#918=ORIENTED_EDGE('',*,*,#1349,.T.);
#919=ORIENTED_EDGE('',*,*,#1362,.T.);
#920=ORIENTED_EDGE('',*,*,#1360,.T.);
#921=ORIENTED_EDGE('',*,*,#1364,.F.);
#922=ORIENTED_EDGE('',*,*,#1356,.T.);
#923=ORIENTED_EDGE('',*,*,#1361,.T.);
#924=ORIENTED_EDGE('',*,*,#1351,.T.);
#925=ORIENTED_EDGE('',*,*,#1363,.T.);
#926=ORIENTED_EDGE('',*,*,#1353,.T.);
#927=ORIENTED_EDGE('',*,*,#1364,.T.);
#928=ORIENTED_EDGE('',*,*,#1350,.T.);
#929=EDGE_CURVE('',#1365,#1366,#1651,.T.);
#930=EDGE_CURVE('',#1366,#1367,#1652,.T.);
#931=EDGE_CURVE('',#1367,#1368,#33,.T.);
#932=EDGE_CURVE('',#1368,#1369,#1653,.T.);
#933=EDGE_CURVE('',#1369,#1365,#1654,.T.);
#934=EDGE_CURVE('',#1370,#1371,#34,.T.);
#935=EDGE_CURVE('',#1371,#1372,#1655,.T.);
#936=EDGE_CURVE('',#1372,#1373,#1656,.T.);
#937=EDGE_CURVE('',#1373,#1374,#1657,.T.);
#938=EDGE_CURVE('',#1374,#1370,#1658,.T.);
#939=EDGE_CURVE('',#1375,#1375,#35,.T.);
#940=EDGE_CURVE('',#1376,#1376,#36,.T.);
#941=EDGE_CURVE('',#1377,#1377,#37,.T.);
#942=EDGE_CURVE('',#1378,#1379,#1659,.T.);
#943=EDGE_CURVE('',#1380,#1378,#1660,.T.);
#944=EDGE_CURVE('',#1381,#1380,#1661,.T.);
#945=EDGE_CURVE('',#1379,#1381,#1662,.T.);
#946=EDGE_CURVE('',#1382,#1383,#1663,.F.);
#947=EDGE_CURVE('',#1383,#1384,#1664,.T.);
#948=EDGE_CURVE('',#1384,#1385,#1665,.F.);
#949=EDGE_CURVE('',#1382,#1385,#1666,.F.);
#950=EDGE_CURVE('',#1383,#1386,#1667,.T.);
#951=EDGE_CURVE('',#1387,#1386,#1668,.T.);
#952=EDGE_CURVE('',#1387,#1384,#1669,.T.);
#953=EDGE_CURVE('',#1388,#1389,#1670,.T.);
#954=EDGE_CURVE('',#1389,#1390,#1671,.T.);
#955=EDGE_CURVE('',#1390,#1391,#1672,.F.);
#956=EDGE_CURVE('',#1391,#1388,#1673,.T.);
#957=EDGE_CURVE('',#1390,#1392,#1674,.T.);
#958=EDGE_CURVE('',#1392,#1393,#1675,.F.);
#959=EDGE_CURVE('',#1393,#1391,#1676,.T.);
#960=EDGE_CURVE('',#1388,#1394,#1677,.T.);
#961=EDGE_CURVE('',#1394,#1395,#1678,.F.);
#962=EDGE_CURVE('',#1395,#1389,#1679,.T.);
#963=EDGE_CURVE('',#1392,#1395,#1680,.T.);
#964=EDGE_CURVE('',#1394,#1393,#1681,.T.);
#965=EDGE_CURVE('',#1396,#1367,#1682,.T.);
#966=EDGE_CURVE('',#1396,#1397,#38,.T.);
#967=EDGE_CURVE('',#1397,#1368,#1683,.T.);
#968=EDGE_CURVE('',#1397,#1398,#1684,.T.);
#969=EDGE_CURVE('',#1398,#1369,#1685,.T.);
#970=EDGE_CURVE('',#1399,#1400,#1686,.T.);
#971=EDGE_CURVE('',#1401,#1399,#1687,.T.);
#972=EDGE_CURVE('',#1401,#1402,#1688,.T.);
#973=EDGE_CURVE('',#1402,#1400,#1689,.T.);
#974=EDGE_CURVE('',#1400,#1403,#39,.T.);
#975=EDGE_CURVE('',#1402,#1404,#40,.T.);
#976=EDGE_CURVE('',#1404,#1403,#1690,.T.);
#977=EDGE_CURVE('',#1403,#1405,#1691,.T.);
#978=EDGE_CURVE('',#1404,#1406,#1692,.T.);
#979=EDGE_CURVE('',#1406,#1405,#1693,.T.);
#980=EDGE_CURVE('',#1405,#1407,#1694,.T.);
#981=EDGE_CURVE('',#1406,#1408,#1695,.T.);
#982=EDGE_CURVE('',#1408,#1407,#1696,.T.);
#983=EDGE_CURVE('',#1407,#1409,#1697,.T.);
#984=EDGE_CURVE('',#1408,#1410,#1698,.T.);
#985=EDGE_CURVE('',#1410,#1409,#1699,.T.);
#986=EDGE_CURVE('',#1409,#1411,#41,.T.);
#987=EDGE_CURVE('',#1410,#1412,#42,.T.);
#988=EDGE_CURVE('',#1412,#1411,#1700,.T.);
#989=EDGE_CURVE('',#1411,#1413,#1701,.T.);
#990=EDGE_CURVE('',#1412,#1414,#1702,.T.);
#991=EDGE_CURVE('',#1414,#1413,#1703,.T.);
#992=EDGE_CURVE('',#1415,#1374,#1704,.T.);
#993=EDGE_CURVE('',#1415,#1416,#1705,.T.);
#994=EDGE_CURVE('',#1416,#1370,#1706,.T.);
#995=EDGE_CURVE('',#1416,#1417,#43,.T.);
#996=EDGE_CURVE('',#1417,#1371,#1707,.T.);
#997=EDGE_CURVE('',#1417,#1418,#1708,.T.);
#998=EDGE_CURVE('',#1372,#1418,#1709,.T.);
#999=EDGE_CURVE('',#1366,#1419,#1710,.T.);
#1000=EDGE_CURVE('',#1419,#1396,#1711,.T.);
#1001=EDGE_CURVE('',#1420,#1419,#1712,.T.);
#1002=EDGE_CURVE('',#1421,#1420,#1713,.T.);
#1003=EDGE_CURVE('',#1418,#1421,#1714,.T.);
#1004=EDGE_CURVE('',#1414,#1415,#1715,.T.);
#1005=EDGE_CURVE('',#1398,#1401,#1716,.T.);
#1006=EDGE_CURVE('',#1388,#1381,#1717,.T.);
#1007=EDGE_CURVE('',#1394,#1380,#1718,.T.);
#1008=EDGE_CURVE('',#1393,#1378,#1719,.T.);
#1009=EDGE_CURVE('',#1391,#1379,#1720,.T.);
#1010=EDGE_CURVE('',#1422,#1423,#1721,.T.);
#1011=EDGE_CURVE('',#1424,#1422,#1722,.T.);
#1012=EDGE_CURVE('',#1424,#1425,#1723,.T.);
#1013=EDGE_CURVE('',#1425,#1423,#1724,.T.);
#1014=EDGE_CURVE('',#1423,#1382,#1725,.T.);
#1015=EDGE_CURVE('',#1425,#1386,#1726,.T.);
#1016=EDGE_CURVE('',#1387,#1426,#1727,.T.);
#1017=EDGE_CURVE('',#1426,#1427,#1728,.T.);
#1018=EDGE_CURVE('',#1427,#1385,#1729,.T.);
#1019=EDGE_CURVE('',#1428,#1427,#1730,.T.);
#1020=EDGE_CURVE('',#1426,#1429,#1731,.T.);
#1021=EDGE_CURVE('',#1429,#1428,#1732,.T.);
#1022=EDGE_CURVE('',#1430,#1428,#1733,.T.);
#1023=EDGE_CURVE('',#1429,#1431,#1734,.T.);
#1024=EDGE_CURVE('',#1431,#1430,#1735,.T.);
#1025=EDGE_CURVE('',#1432,#1430,#1736,.T.);
#1026=EDGE_CURVE('',#1431,#1433,#1737,.T.);
#1027=EDGE_CURVE('',#1433,#1432,#1738,.T.);
#1028=EDGE_CURVE('',#1418,#1434,#1739,.T.);
#1029=EDGE_CURVE('',#1434,#1435,#1740,.T.);
#1030=EDGE_CURVE('',#1373,#1435,#1741,.T.);
#1031=EDGE_CURVE('',#1365,#1436,#1742,.T.);
#1032=EDGE_CURVE('',#1437,#1436,#1743,.T.);
#1033=EDGE_CURVE('',#1419,#1437,#1744,.T.);
#1034=EDGE_CURVE('',#1438,#1439,#1745,.T.);
#1035=EDGE_CURVE('',#1440,#1439,#1746,.T.);
#1036=EDGE_CURVE('',#1440,#1441,#1747,.T.);
#1037=EDGE_CURVE('',#1441,#1438,#1748,.T.);
#1038=EDGE_CURVE('',#1422,#1438,#1749,.T.);
#1039=EDGE_CURVE('',#1441,#1424,#1750,.T.);
#1040=EDGE_CURVE('',#1399,#1440,#1751,.T.);
#1041=EDGE_CURVE('',#1439,#1436,#1752,.T.);
#1042=EDGE_CURVE('',#1442,#1437,#1753,.T.);
#1043=EDGE_CURVE('',#1420,#1442,#1754,.T.);
#1044=EDGE_CURVE('',#1443,#1442,#1755,.T.);
#1045=EDGE_CURVE('',#1421,#1443,#1756,.T.);
#1046=EDGE_CURVE('',#1434,#1443,#1757,.T.);
#1047=EDGE_CURVE('',#1435,#1432,#1758,.T.);
#1048=EDGE_CURVE('',#1433,#1413,#1759,.T.);
#1049=EDGE_CURVE('',#1444,#1445,#1760,.T.);
#1050=EDGE_CURVE('',#1445,#1446,#1761,.T.);
#1051=EDGE_CURVE('',#1446,#1447,#1762,.T.);
#1052=EDGE_CURVE('',#1447,#1444,#1763,.T.);
#1053=EDGE_CURVE('',#1448,#1445,#1764,.T.);
#1054=EDGE_CURVE('',#1449,#1448,#1765,.T.);
#1055=EDGE_CURVE('',#1446,#1449,#1766,.T.);
#1056=EDGE_CURVE('',#1450,#1451,#1767,.T.);
#1057=EDGE_CURVE('',#1452,#1450,#1768,.T.);
#1058=EDGE_CURVE('',#1453,#1452,#1769,.T.);
#1059=EDGE_CURVE('',#1454,#1453,#1770,.T.);
#1060=EDGE_CURVE('',#1455,#1454,#1771,.F.);
#1061=EDGE_CURVE('',#1455,#1447,#1772,.T.);
#1062=EDGE_CURVE('',#1456,#1449,#1773,.T.);
#1063=EDGE_CURVE('',#1451,#1456,#1774,.T.);
#1064=EDGE_CURVE('',#1457,#1448,#1775,.T.);
#1065=EDGE_CURVE('',#1453,#1457,#1776,.T.);
#1066=EDGE_CURVE('',#1458,#1452,#1777,.T.);
#1067=EDGE_CURVE('',#1459,#1458,#1778,.T.);
#1068=EDGE_CURVE('',#1456,#1459,#1779,.T.);
#1069=EDGE_CURVE('',#1457,#1460,#1780,.T.);
#1070=EDGE_CURVE('',#1454,#1460,#1781,.T.);
#1071=EDGE_CURVE('',#1460,#1461,#1782,.F.);
#1072=EDGE_CURVE('',#1461,#1455,#1783,.T.);
#1073=EDGE_CURVE('',#1462,#1463,#1784,.T.);
#1074=EDGE_CURVE('',#1464,#1462,#1785,.T.);
#1075=EDGE_CURVE('',#1464,#1465,#1786,.T.);
#1076=EDGE_CURVE('',#1465,#1466,#1787,.T.);
#1077=EDGE_CURVE('',#1467,#1466,#1788,.T.);
#1078=EDGE_CURVE('',#1467,#1463,#1789,.T.);
#1079=EDGE_CURVE('',#1444,#1466,#1790,.T.);
#1080=EDGE_CURVE('',#1468,#1465,#1791,.T.);
#1081=EDGE_CURVE('',#1468,#1469,#1792,.T.);
#1082=EDGE_CURVE('',#1469,#1461,#1793,.T.);
#1083=EDGE_CURVE('',#1470,#1471,#1794,.T.);
#1084=EDGE_CURVE('',#1471,#1472,#1795,.T.);
#1085=EDGE_CURVE('',#1472,#1473,#1796,.T.);
#1086=EDGE_CURVE('',#1473,#1469,#1797,.T.);
#1087=EDGE_CURVE('',#1470,#1468,#1798,.T.);
#1088=EDGE_CURVE('',#1474,#1470,#1799,.T.);
#1089=EDGE_CURVE('',#1464,#1475,#1800,.T.);
#1090=EDGE_CURVE('',#1475,#1476,#1801,.T.);
#1091=EDGE_CURVE('',#1476,#1477,#1802,.T.);
#1092=EDGE_CURVE('',#1474,#1477,#1803,.T.);
#1093=EDGE_CURVE('',#1475,#1478,#1804,.T.);
#1094=EDGE_CURVE('',#1478,#1479,#1805,.T.);
#1095=EDGE_CURVE('',#1479,#1476,#1806,.T.);
#1096=EDGE_CURVE('',#1480,#1479,#1807,.T.);
#1097=EDGE_CURVE('',#1480,#1477,#1808,.T.);
#1098=EDGE_CURVE('',#1481,#1480,#1809,.T.);
#1099=EDGE_CURVE('',#1474,#1481,#1810,.T.);
#1100=EDGE_CURVE('',#1478,#1481,#1811,.T.);
#1101=EDGE_CURVE('',#1473,#1467,#1812,.T.);
#1102=EDGE_CURVE('',#1463,#1472,#1813,.T.);
#1103=EDGE_CURVE('',#1482,#1483,#1814,.T.);
#1104=EDGE_CURVE('',#1483,#1484,#1815,.T.);
#1105=EDGE_CURVE('',#1484,#1485,#1816,.T.);
#1106=EDGE_CURVE('',#1485,#1482,#1817,.T.);
#1107=EDGE_CURVE('',#1483,#1486,#1818,.F.);
#1108=EDGE_CURVE('',#1487,#1486,#1819,.T.);
#1109=EDGE_CURVE('',#1487,#1484,#1820,.F.);
#1110=EDGE_CURVE('',#1488,#1485,#1821,.T.);
#1111=EDGE_CURVE('',#1488,#1487,#1822,.T.);
#1112=EDGE_CURVE('',#1489,#1488,#1823,.T.);
#1113=EDGE_CURVE('',#1482,#1489,#1824,.F.);
#1114=EDGE_CURVE('',#1486,#1489,#1825,.T.);
#1115=EDGE_CURVE('',#1487,#1490,#1826,.T.);
#1116=EDGE_CURVE('',#1486,#1491,#1827,.T.);
#1117=EDGE_CURVE('',#1490,#1491,#1828,.T.);
#1118=EDGE_CURVE('',#1488,#1492,#1829,.T.);
#1119=EDGE_CURVE('',#1492,#1490,#1830,.T.);
#1120=EDGE_CURVE('',#1489,#1493,#1831,.T.);
#1121=EDGE_CURVE('',#1493,#1492,#1832,.T.);
#1122=EDGE_CURVE('',#1491,#1493,#1833,.T.);
#1123=EDGE_CURVE('',#1494,#1494,#44,.T.);
#1124=EDGE_CURVE('',#1495,#1496,#1834,.T.);
#1125=EDGE_CURVE('',#1496,#1497,#1835,.T.);
#1126=EDGE_CURVE('',#1497,#1498,#1836,.T.);
#1127=EDGE_CURVE('',#1498,#1495,#1837,.T.);
#1128=EDGE_CURVE('',#1499,#1499,#45,.T.);
#1129=EDGE_CURVE('',#1500,#1497,#1838,.F.);
#1130=EDGE_CURVE('',#1496,#1501,#1839,.F.);
#1131=EDGE_CURVE('',#1500,#1501,#1840,.T.);
#1132=EDGE_CURVE('',#1495,#1502,#1841,.T.);
#1133=EDGE_CURVE('',#1501,#1502,#1842,.T.);
#1134=EDGE_CURVE('',#1503,#1498,#1843,.F.);
#1135=EDGE_CURVE('',#1503,#1500,#1844,.T.);
#1136=EDGE_CURVE('',#1502,#1503,#1845,.T.);
#1137=EDGE_CURVE('',#1504,#1505,#1846,.T.);
#1138=EDGE_CURVE('',#1505,#1506,#46,.T.);
#1139=EDGE_CURVE('',#1507,#1506,#1847,.T.);
#1140=EDGE_CURVE('',#1504,#1507,#47,.T.);
#1141=EDGE_CURVE('',#1508,#1508,#48,.T.);
#1142=EDGE_CURVE('',#1509,#1510,#1848,.T.);
#1143=EDGE_CURVE('',#1510,#1511,#49,.T.);
#1144=EDGE_CURVE('',#1512,#1511,#1849,.T.);
#1145=EDGE_CURVE('',#1509,#1512,#50,.T.);
#1146=EDGE_CURVE('',#1513,#1514,#51,.T.);
#1147=EDGE_CURVE('',#1515,#1514,#1850,.T.);
#1148=EDGE_CURVE('',#1516,#1515,#52,.T.);
#1149=EDGE_CURVE('',#1516,#1513,#1851,.T.);
#1150=EDGE_CURVE('',#1514,#1517,#1852,.T.);
#1151=EDGE_CURVE('',#1518,#1517,#1853,.T.);
#1152=EDGE_CURVE('',#1515,#1518,#1854,.T.);
#1153=EDGE_CURVE('',#1517,#1519,#1855,.T.);
#1154=EDGE_CURVE('',#1520,#1519,#1856,.T.);
#1155=EDGE_CURVE('',#1518,#1520,#1857,.T.);
#1156=EDGE_CURVE('',#1519,#1521,#1858,.T.);
#1157=EDGE_CURVE('',#1522,#1521,#1859,.T.);
#1158=EDGE_CURVE('',#1520,#1522,#1860,.T.);
#1159=EDGE_CURVE('',#1521,#1523,#53,.T.);
#1160=EDGE_CURVE('',#1524,#1523,#1861,.T.);
#1161=EDGE_CURVE('',#1522,#1524,#54,.T.);
#1162=EDGE_CURVE('',#1525,#1500,#1862,.T.);
#1163=EDGE_CURVE('',#1526,#1501,#1863,.T.);
#1164=EDGE_CURVE('',#1525,#1526,#1864,.T.);
#1165=EDGE_CURVE('',#1527,#1502,#1865,.T.);
#1166=EDGE_CURVE('',#1528,#1527,#1866,.T.);
#1167=EDGE_CURVE('',#1526,#1528,#1867,.T.);
#1168=EDGE_CURVE('',#1529,#1503,#1868,.T.);
#1169=EDGE_CURVE('',#1530,#1525,#1869,.T.);
#1170=EDGE_CURVE('',#1529,#1530,#1870,.T.);
#1171=EDGE_CURVE('',#1527,#1529,#1871,.T.);
#1172=EDGE_CURVE('',#1523,#1531,#1872,.T.);
#1173=EDGE_CURVE('',#1532,#1531,#1873,.T.);
#1174=EDGE_CURVE('',#1524,#1532,#1874,.T.);
#1175=EDGE_CURVE('',#1533,#1534,#1875,.T.);
#1176=EDGE_CURVE('',#1534,#1505,#1876,.T.);
#1177=EDGE_CURVE('',#1533,#1504,#1877,.T.);
#1178=EDGE_CURVE('',#1535,#1534,#1878,.T.);
#1179=EDGE_CURVE('',#1536,#1535,#1879,.T.);
#1180=EDGE_CURVE('',#1506,#1536,#1880,.T.);
#1181=EDGE_CURVE('',#1536,#1537,#1881,.T.);
#1182=EDGE_CURVE('',#1507,#1537,#1882,.T.);
#1183=EDGE_CURVE('',#1538,#1539,#1883,.T.);
#1184=EDGE_CURVE('',#1538,#1510,#1884,.T.);
#1185=EDGE_CURVE('',#1539,#1509,#1885,.T.);
#1186=EDGE_CURVE('',#1512,#1540,#1886,.T.);
#1187=EDGE_CURVE('',#1540,#1541,#1887,.T.);
#1188=EDGE_CURVE('',#1541,#1516,#1888,.T.);
#1189=EDGE_CURVE('',#1532,#1533,#1889,.T.);
#1190=EDGE_CURVE('',#1537,#1542,#1890,.T.);
#1191=EDGE_CURVE('',#1542,#1543,#1891,.T.);
#1192=EDGE_CURVE('',#1543,#1539,#1892,.T.);
#1193=EDGE_CURVE('',#1544,#1513,#1893,.T.);
#1194=EDGE_CURVE('',#1541,#1544,#1894,.T.);
#1195=EDGE_CURVE('',#1545,#1538,#1895,.T.);
#1196=EDGE_CURVE('',#1546,#1545,#1896,.T.);
#1197=EDGE_CURVE('',#1511,#1546,#1897,.T.);
#1198=EDGE_CURVE('',#1540,#1546,#1898,.T.);
#1199=EDGE_CURVE('',#1547,#1548,#1899,.T.);
#1200=EDGE_CURVE('',#1547,#1549,#1900,.T.);
#1201=EDGE_CURVE('',#1550,#1549,#1901,.T.);
#1202=EDGE_CURVE('',#1550,#1548,#1902,.T.);
#1203=EDGE_CURVE('',#1550,#1551,#1903,.T.);
#1204=EDGE_CURVE('',#1551,#1552,#1904,.T.);
#1205=EDGE_CURVE('',#1552,#1553,#1905,.T.);
#1206=EDGE_CURVE('',#1553,#1554,#1906,.T.);
#1207=EDGE_CURVE('',#1554,#1531,#1907,.T.);
#1208=EDGE_CURVE('',#1544,#1555,#1908,.T.);
#1209=EDGE_CURVE('',#1555,#1556,#1909,.T.);
#1210=EDGE_CURVE('',#1556,#1557,#1910,.T.);
#1211=EDGE_CURVE('',#1557,#1558,#1911,.T.);
#1212=EDGE_CURVE('',#1558,#1548,#1912,.T.);
#1213=EDGE_CURVE('',#1559,#1560,#1913,.T.);
#1214=EDGE_CURVE('',#1559,#1561,#1914,.T.);
#1215=EDGE_CURVE('',#1562,#1561,#1915,.T.);
#1216=EDGE_CURVE('',#1560,#1562,#1916,.T.);
#1217=EDGE_CURVE('',#1530,#1563,#1917,.T.);
#1218=EDGE_CURVE('',#1560,#1528,#1918,.T.);
#1219=EDGE_CURVE('',#1562,#1564,#1919,.T.);
#1220=EDGE_CURVE('',#1563,#1564,#1920,.T.);
#1221=EDGE_CURVE('',#1564,#1565,#1921,.T.);
#1222=EDGE_CURVE('',#1565,#1566,#1922,.T.);
#1223=EDGE_CURVE('',#1566,#1563,#1923,.T.);
#1224=EDGE_CURVE('',#1561,#1567,#1924,.F.);
#1225=EDGE_CURVE('',#1568,#1559,#1925,.F.);
#1226=EDGE_CURVE('',#1567,#1568,#1926,.T.);
#1227=EDGE_CURVE('',#1569,#1565,#1927,.T.);
#1228=EDGE_CURVE('',#1570,#1569,#1928,.T.);
#1229=EDGE_CURVE('',#1566,#1570,#1929,.T.);
#1230=EDGE_CURVE('',#1568,#1570,#1930,.T.);
#1231=EDGE_CURVE('',#1571,#1572,#1931,.T.);
#1232=EDGE_CURVE('',#1573,#1571,#1932,.T.);
#1233=EDGE_CURVE('',#1574,#1573,#1933,.T.);
#1234=EDGE_CURVE('',#1572,#1574,#1934,.T.);
#1235=EDGE_CURVE('',#1574,#1575,#1935,.T.);
#1236=EDGE_CURVE('',#1575,#1576,#1936,.T.);
#1237=EDGE_CURVE('',#1572,#1576,#1937,.T.);
#1238=EDGE_CURVE('',#1576,#1577,#1938,.F.);
#1239=EDGE_CURVE('',#1578,#1575,#1939,.F.);
#1240=EDGE_CURVE('',#1577,#1578,#1940,.T.);
#1241=EDGE_CURVE('',#1579,#1577,#1941,.T.);
#1242=EDGE_CURVE('',#1580,#1578,#1942,.T.);
#1243=EDGE_CURVE('',#1579,#1580,#1943,.T.);
#1244=EDGE_CURVE('',#1579,#1581,#1944,.T.);
#1245=EDGE_CURVE('',#1581,#1571,#1945,.T.);
#1246=EDGE_CURVE('',#1582,#1573,#1946,.T.);
#1247=EDGE_CURVE('',#1581,#1582,#1947,.T.);
#1248=EDGE_CURVE('',#1583,#1584,#1948,.T.);
#1249=EDGE_CURVE('',#1583,#1585,#1949,.T.);
#1250=EDGE_CURVE('',#1586,#1585,#1950,.T.);
#1251=EDGE_CURVE('',#1587,#1586,#1951,.T.);
#1252=EDGE_CURVE('',#1587,#1588,#1952,.T.);
#1253=EDGE_CURVE('',#1588,#1584,#1953,.F.);
#1254=EDGE_CURVE('',#1589,#1590,#1954,.T.);
#1255=EDGE_CURVE('',#1552,#1590,#1955,.T.);
#1256=EDGE_CURVE('',#1551,#1589,#1956,.T.);
#1257=EDGE_CURVE('',#1590,#1591,#1957,.T.);
#1258=EDGE_CURVE('',#1553,#1591,#1958,.T.);
#1259=EDGE_CURVE('',#1591,#1592,#1959,.T.);
#1260=EDGE_CURVE('',#1554,#1592,#1960,.T.);
#1261=EDGE_CURVE('',#1535,#1593,#1961,.T.);
#1262=EDGE_CURVE('',#1592,#1593,#1962,.T.);
#1263=EDGE_CURVE('',#1593,#1594,#1963,.T.);
#1264=EDGE_CURVE('',#1537,#1594,#1964,.T.);
#1265=EDGE_CURVE('',#1594,#1595,#1965,.T.);
#1266=EDGE_CURVE('',#1542,#1595,#1966,.T.);
#1267=EDGE_CURVE('',#1595,#1596,#1967,.T.);
#1268=EDGE_CURVE('',#1543,#1596,#1968,.T.);
#1269=EDGE_CURVE('',#1596,#1597,#1969,.T.);
#1270=EDGE_CURVE('',#1539,#1597,#1970,.T.);
#1271=EDGE_CURVE('',#1545,#1598,#1971,.T.);
#1272=EDGE_CURVE('',#1597,#1598,#1972,.T.);
#1273=EDGE_CURVE('',#1598,#1599,#1973,.T.);
#1274=EDGE_CURVE('',#1555,#1599,#1974,.T.);
#1275=EDGE_CURVE('',#1599,#1600,#1975,.T.);
#1276=EDGE_CURVE('',#1556,#1600,#1976,.T.);
#1277=EDGE_CURVE('',#1600,#1601,#1977,.T.);
#1278=EDGE_CURVE('',#1557,#1601,#1978,.T.);
#1279=EDGE_CURVE('',#1601,#1602,#1979,.T.);
#1280=EDGE_CURVE('',#1558,#1602,#1980,.T.);
#1281=EDGE_CURVE('',#1602,#1603,#1981,.T.);
#1282=EDGE_CURVE('',#1603,#1547,#1982,.F.);
#1283=EDGE_CURVE('',#1604,#1603,#1983,.T.);
#1284=EDGE_CURVE('',#1549,#1604,#1984,.F.);
#1285=EDGE_CURVE('',#1604,#1589,#1985,.T.);
#1286=EDGE_CURVE('',#1605,#1606,#1986,.T.);
#1287=EDGE_CURVE('',#1606,#1588,#1987,.T.);
#1288=EDGE_CURVE('',#1587,#1605,#1988,.T.);
#1289=EDGE_CURVE('',#1607,#1606,#1989,.F.);
#1290=EDGE_CURVE('',#1584,#1607,#1990,.T.);
#1291=EDGE_CURVE('',#1608,#1607,#1991,.T.);
#1292=EDGE_CURVE('',#1608,#1583,#1992,.T.);
#1293=EDGE_CURVE('',#1609,#1608,#1993,.T.);
#1294=EDGE_CURVE('',#1585,#1609,#1994,.T.);
#1295=EDGE_CURVE('',#1610,#1609,#1995,.T.);
#1296=EDGE_CURVE('',#1586,#1610,#1996,.T.);
#1297=EDGE_CURVE('',#1611,#1612,#1997,.T.);
#1298=EDGE_CURVE('',#1613,#1612,#1998,.T.);
#1299=EDGE_CURVE('',#1614,#1613,#1999,.T.);
#1300=EDGE_CURVE('',#1611,#1614,#2000,.T.);
#1301=EDGE_CURVE('',#1613,#1615,#55,.T.);
#1302=EDGE_CURVE('',#1612,#1616,#56,.T.);
#1303=EDGE_CURVE('',#1615,#1616,#2001,.T.);
#1304=EDGE_CURVE('',#1617,#1618,#2002,.T.);
#1305=EDGE_CURVE('',#1618,#1619,#2003,.T.);
#1306=EDGE_CURVE('',#1620,#1619,#2004,.T.);
#1307=EDGE_CURVE('',#1620,#1617,#2005,.T.);
#1308=EDGE_CURVE('',#1569,#1621,#2006,.T.);
#1309=EDGE_CURVE('',#1622,#1567,#2007,.T.);
#1310=EDGE_CURVE('',#1623,#1622,#2008,.T.);
#1311=EDGE_CURVE('',#1623,#1624,#2009,.T.);
#1312=EDGE_CURVE('',#1624,#1621,#2010,.T.);
#1313=EDGE_CURVE('',#1625,#1621,#2011,.T.);
#1314=EDGE_CURVE('',#1626,#1625,#2012,.T.);
#1315=EDGE_CURVE('',#1626,#1622,#2013,.T.);
#1316=EDGE_CURVE('',#1625,#1627,#2014,.T.);
#1317=EDGE_CURVE('',#1627,#1628,#2015,.T.);
#1318=EDGE_CURVE('',#1628,#1626,#2016,.T.);
#1319=EDGE_CURVE('',#1615,#1629,#2017,.T.);
#1320=EDGE_CURVE('',#1616,#1630,#2018,.T.);
#1321=EDGE_CURVE('',#1630,#1629,#2019,.T.);
#1322=EDGE_CURVE('',#1629,#1631,#2020,.T.);
#1323=EDGE_CURVE('',#1632,#1631,#2021,.T.);
#1324=EDGE_CURVE('',#1580,#1632,#2022,.T.);
#1325=EDGE_CURVE('',#1582,#1614,#2023,.T.);
#1326=EDGE_CURVE('',#1605,#1633,#2024,.T.);
#1327=EDGE_CURVE('',#1610,#1611,#2025,.T.);
#1328=EDGE_CURVE('',#1633,#1632,#2026,.T.);
#1329=EDGE_CURVE('',#1633,#1634,#2027,.T.);
#1330=EDGE_CURVE('',#1634,#1630,#2028,.T.);
#1331=EDGE_CURVE('',#1635,#1636,#2029,.T.);
#1332=EDGE_CURVE('',#1635,#1623,#2030,.T.);
#1333=EDGE_CURVE('',#1636,#1628,#2031,.T.);
#1334=EDGE_CURVE('',#1637,#1619,#2032,.T.);
#1335=EDGE_CURVE('',#1638,#1637,#2033,.T.);
#1336=EDGE_CURVE('',#1638,#1620,#2034,.T.);
#1337=EDGE_CURVE('',#1638,#1639,#2035,.T.);
#1338=EDGE_CURVE('',#1639,#1617,#2036,.T.);
#1339=EDGE_CURVE('',#1639,#1640,#2037,.T.);
#1340=EDGE_CURVE('',#1640,#1618,#2038,.T.);
#1341=EDGE_CURVE('',#1635,#1637,#2039,.T.);
#1342=EDGE_CURVE('',#1640,#1641,#2040,.T.);
#1343=EDGE_CURVE('',#1641,#1624,#2041,.T.);
#1344=EDGE_CURVE('',#1642,#1627,#2042,.T.);
#1345=EDGE_CURVE('',#1641,#1642,#2043,.T.);
#1346=EDGE_CURVE('',#1642,#1462,#2044,.T.);
#1347=EDGE_CURVE('',#1471,#1631,#2045,.T.);
#1348=EDGE_CURVE('',#1634,#1636,#2046,.T.);
#1349=EDGE_CURVE('',#1643,#1644,#2047,.T.);
#1350=EDGE_CURVE('',#1645,#1643,#2048,.T.);
#1351=EDGE_CURVE('',#1646,#1645,#2049,.T.);
#1352=EDGE_CURVE('',#1644,#1646,#2050,.T.);
#1353=EDGE_CURVE('',#1647,#1648,#2051,.T.);
#1354=EDGE_CURVE('',#1450,#1647,#2052,.T.);
#1355=EDGE_CURVE('',#1451,#1648,#2053,.T.);
#1356=EDGE_CURVE('',#1648,#1649,#2054,.T.);
#1357=EDGE_CURVE('',#1459,#1649,#2055,.T.);
#1358=EDGE_CURVE('',#1649,#1650,#2056,.T.);
#1359=EDGE_CURVE('',#1458,#1650,#2057,.T.);
#1360=EDGE_CURVE('',#1650,#1647,#2058,.T.);
#1361=EDGE_CURVE('',#1649,#1646,#2059,.F.);
#1362=EDGE_CURVE('',#1644,#1650,#2060,.F.);
#1363=EDGE_CURVE('',#1643,#1647,#2061,.T.);
#1364=EDGE_CURVE('',#1648,#1645,#2062,.F.);
#1365=VERTEX_POINT('',#5246);
#1366=VERTEX_POINT('',#5247);
#1367=VERTEX_POINT('',#5249);
#1368=VERTEX_POINT('',#5251);
#1369=VERTEX_POINT('',#5253);
#1370=VERTEX_POINT('',#5257);
#1371=VERTEX_POINT('',#5258);
#1372=VERTEX_POINT('',#5260);
#1373=VERTEX_POINT('',#5262);
#1374=VERTEX_POINT('',#5264);
#1375=VERTEX_POINT('',#5268);
#1376=VERTEX_POINT('',#5270);
#1377=VERTEX_POINT('',#5273);
#1378=VERTEX_POINT('',#5276);
#1379=VERTEX_POINT('',#5277);
#1380=VERTEX_POINT('',#5279);
#1381=VERTEX_POINT('',#5281);
#1382=VERTEX_POINT('',#5285);
#1383=VERTEX_POINT('',#5286);
#1384=VERTEX_POINT('',#5288);
#1385=VERTEX_POINT('',#5290);
#1386=VERTEX_POINT('',#5294);
#1387=VERTEX_POINT('',#5296);
#1388=VERTEX_POINT('',#5300);
#1389=VERTEX_POINT('',#5301);
#1390=VERTEX_POINT('',#5303);
#1391=VERTEX_POINT('',#5305);
#1392=VERTEX_POINT('',#5309);
#1393=VERTEX_POINT('',#5311);
#1394=VERTEX_POINT('',#5315);
#1395=VERTEX_POINT('',#5317);
#1396=VERTEX_POINT('',#5324);
#1397=VERTEX_POINT('',#5326);
#1398=VERTEX_POINT('',#5330);
#1399=VERTEX_POINT('',#5334);
#1400=VERTEX_POINT('',#5335);
#1401=VERTEX_POINT('',#5337);
#1402=VERTEX_POINT('',#5339);
#1403=VERTEX_POINT('',#5343);
#1404=VERTEX_POINT('',#5345);
#1405=VERTEX_POINT('',#5349);
#1406=VERTEX_POINT('',#5351);
#1407=VERTEX_POINT('',#5355);
#1408=VERTEX_POINT('',#5357);
#1409=VERTEX_POINT('',#5361);
#1410=VERTEX_POINT('',#5363);
#1411=VERTEX_POINT('',#5367);
#1412=VERTEX_POINT('',#5369);
#1413=VERTEX_POINT('',#5373);
#1414=VERTEX_POINT('',#5375);
#1415=VERTEX_POINT('',#5379);
#1416=VERTEX_POINT('',#5381);
#1417=VERTEX_POINT('',#5385);
#1418=VERTEX_POINT('',#5389);
#1419=VERTEX_POINT('',#5393);
#1420=VERTEX_POINT('',#5397);
#1421=VERTEX_POINT('',#5399);
#1422=VERTEX_POINT('',#5414);
#1423=VERTEX_POINT('',#5415);
#1424=VERTEX_POINT('',#5417);
#1425=VERTEX_POINT('',#5419);
#1426=VERTEX_POINT('',#5426);
#1427=VERTEX_POINT('',#5428);
#1428=VERTEX_POINT('',#5432);
#1429=VERTEX_POINT('',#5434);
#1430=VERTEX_POINT('',#5438);
#1431=VERTEX_POINT('',#5440);
#1432=VERTEX_POINT('',#5444);
#1433=VERTEX_POINT('',#5446);
#1434=VERTEX_POINT('',#5450);
#1435=VERTEX_POINT('',#5452);
#1436=VERTEX_POINT('',#5456);
#1437=VERTEX_POINT('',#5458);
#1438=VERTEX_POINT('',#5462);
#1439=VERTEX_POINT('',#5463);
#1440=VERTEX_POINT('',#5465);
#1441=VERTEX_POINT('',#5467);
#1442=VERTEX_POINT('',#5477);
#1443=VERTEX_POINT('',#5481);
#1444=VERTEX_POINT('',#5491);
#1445=VERTEX_POINT('',#5492);
#1446=VERTEX_POINT('',#5494);
#1447=VERTEX_POINT('',#5496);
#1448=VERTEX_POINT('',#5500);
#1449=VERTEX_POINT('',#5502);
#1450=VERTEX_POINT('',#5506);
#1451=VERTEX_POINT('',#5507);
#1452=VERTEX_POINT('',#5509);
#1453=VERTEX_POINT('',#5511);
#1454=VERTEX_POINT('',#5513);
#1455=VERTEX_POINT('',#5515);
#1456=VERTEX_POINT('',#5518);
#1457=VERTEX_POINT('',#5522);
#1458=VERTEX_POINT('',#5525);
#1459=VERTEX_POINT('',#5527);
#1460=VERTEX_POINT('',#5531);
#1461=VERTEX_POINT('',#5535);
#1462=VERTEX_POINT('',#5539);
#1463=VERTEX_POINT('',#5540);
#1464=VERTEX_POINT('',#5542);
#1465=VERTEX_POINT('',#5544);
#1466=VERTEX_POINT('',#5546);
#1467=VERTEX_POINT('',#5548);
#1468=VERTEX_POINT('',#5553);
#1469=VERTEX_POINT('',#5555);
#1470=VERTEX_POINT('',#5559);
#1471=VERTEX_POINT('',#5560);
#1472=VERTEX_POINT('',#5562);
#1473=VERTEX_POINT('',#5564);
#1474=VERTEX_POINT('',#5569);
#1475=VERTEX_POINT('',#5571);
#1476=VERTEX_POINT('',#5573);
#1477=VERTEX_POINT('',#5575);
#1478=VERTEX_POINT('',#5579);
#1479=VERTEX_POINT('',#5581);
#1480=VERTEX_POINT('',#5585);
#1481=VERTEX_POINT('',#5589);
#1482=VERTEX_POINT('',#5599);
#1483=VERTEX_POINT('',#5600);
#1484=VERTEX_POINT('',#5602);
#1485=VERTEX_POINT('',#5604);
#1486=VERTEX_POINT('',#5608);
#1487=VERTEX_POINT('',#5610);
#1488=VERTEX_POINT('',#5614);
#1489=VERTEX_POINT('',#5618);
#1490=VERTEX_POINT('',#5624);
#1491=VERTEX_POINT('',#5626);
#1492=VERTEX_POINT('',#5630);
#1493=VERTEX_POINT('',#5634);
#1494=VERTEX_POINT('',#5640);
#1495=VERTEX_POINT('',#5643);
#1496=VERTEX_POINT('',#5644);
#1497=VERTEX_POINT('',#5646);
#1498=VERTEX_POINT('',#5648);
#1499=VERTEX_POINT('',#5652);
#1500=VERTEX_POINT('',#5655);
#1501=VERTEX_POINT('',#5657);
#1502=VERTEX_POINT('',#5661);
#1503=VERTEX_POINT('',#5665);
#1504=VERTEX_POINT('',#5671);
#1505=VERTEX_POINT('',#5672);
#1506=VERTEX_POINT('',#5674);
#1507=VERTEX_POINT('',#5676);
#1508=VERTEX_POINT('',#5680);
#1509=VERTEX_POINT('',#5683);
#1510=VERTEX_POINT('',#5684);
#1511=VERTEX_POINT('',#5686);
#1512=VERTEX_POINT('',#5688);
#1513=VERTEX_POINT('',#5692);
#1514=VERTEX_POINT('',#5693);
#1515=VERTEX_POINT('',#5695);
#1516=VERTEX_POINT('',#5697);
#1517=VERTEX_POINT('',#5701);
#1518=VERTEX_POINT('',#5703);
#1519=VERTEX_POINT('',#5707);
#1520=VERTEX_POINT('',#5709);
#1521=VERTEX_POINT('',#5713);
#1522=VERTEX_POINT('',#5715);
#1523=VERTEX_POINT('',#5719);
#1524=VERTEX_POINT('',#5721);
#1525=VERTEX_POINT('',#5725);
#1526=VERTEX_POINT('',#5727);
#1527=VERTEX_POINT('',#5731);
#1528=VERTEX_POINT('',#5733);
#1529=VERTEX_POINT('',#5737);
#1530=VERTEX_POINT('',#5739);
#1531=VERTEX_POINT('',#5745);
#1532=VERTEX_POINT('',#5747);
#1533=VERTEX_POINT('',#5751);
#1534=VERTEX_POINT('',#5752);
#1535=VERTEX_POINT('',#5757);
#1536=VERTEX_POINT('',#5759);
#1537=VERTEX_POINT('',#5763);
#1538=VERTEX_POINT('',#5767);
#1539=VERTEX_POINT('',#5768);
#1540=VERTEX_POINT('',#5773);
#1541=VERTEX_POINT('',#5775);
#1542=VERTEX_POINT('',#5779);
#1543=VERTEX_POINT('',#5781);
#1544=VERTEX_POINT('',#5785);
#1545=VERTEX_POINT('',#5789);
#1546=VERTEX_POINT('',#5791);
#1547=VERTEX_POINT('',#5797);
#1548=VERTEX_POINT('',#5798);
#1549=VERTEX_POINT('',#5800);
#1550=VERTEX_POINT('',#5802);
#1551=VERTEX_POINT('',#5806);
#1552=VERTEX_POINT('',#5808);
#1553=VERTEX_POINT('',#5810);
#1554=VERTEX_POINT('',#5812);
#1555=VERTEX_POINT('',#5815);
#1556=VERTEX_POINT('',#5817);
#1557=VERTEX_POINT('',#5819);
#1558=VERTEX_POINT('',#5821);
#1559=VERTEX_POINT('',#5825);
#1560=VERTEX_POINT('',#5826);
#1561=VERTEX_POINT('',#5828);
#1562=VERTEX_POINT('',#5830);
#1563=VERTEX_POINT('',#5834);
#1564=VERTEX_POINT('',#5837);
#1565=VERTEX_POINT('',#5841);
#1566=VERTEX_POINT('',#5843);
#1567=VERTEX_POINT('',#5847);
#1568=VERTEX_POINT('',#5849);
#1569=VERTEX_POINT('',#5853);
#1570=VERTEX_POINT('',#5855);
#1571=VERTEX_POINT('',#5861);
#1572=VERTEX_POINT('',#5862);
#1573=VERTEX_POINT('',#5864);
#1574=VERTEX_POINT('',#5866);
#1575=VERTEX_POINT('',#5870);
#1576=VERTEX_POINT('',#5872);
#1577=VERTEX_POINT('',#5876);
#1578=VERTEX_POINT('',#5878);
#1579=VERTEX_POINT('',#5882);
#1580=VERTEX_POINT('',#5884);
#1581=VERTEX_POINT('',#5888);
#1582=VERTEX_POINT('',#5892);
#1583=VERTEX_POINT('',#5896);
#1584=VERTEX_POINT('',#5897);
#1585=VERTEX_POINT('',#5899);
#1586=VERTEX_POINT('',#5901);
#1587=VERTEX_POINT('',#5903);
#1588=VERTEX_POINT('',#5905);
#1589=VERTEX_POINT('',#5909);
#1590=VERTEX_POINT('',#5910);
#1591=VERTEX_POINT('',#5915);
#1592=VERTEX_POINT('',#5919);
#1593=VERTEX_POINT('',#5923);
#1594=VERTEX_POINT('',#5927);
#1595=VERTEX_POINT('',#5931);
#1596=VERTEX_POINT('',#5935);
#1597=VERTEX_POINT('',#5939);
#1598=VERTEX_POINT('',#5943);
#1599=VERTEX_POINT('',#5947);
#1600=VERTEX_POINT('',#5951);
#1601=VERTEX_POINT('',#5955);
#1602=VERTEX_POINT('',#5959);
#1603=VERTEX_POINT('',#5963);
#1604=VERTEX_POINT('',#5967);
#1605=VERTEX_POINT('',#5973);
#1606=VERTEX_POINT('',#5974);
#1607=VERTEX_POINT('',#5979);
#1608=VERTEX_POINT('',#5983);
#1609=VERTEX_POINT('',#5987);
#1610=VERTEX_POINT('',#5991);
#1611=VERTEX_POINT('',#5995);
#1612=VERTEX_POINT('',#5996);
#1613=VERTEX_POINT('',#5998);
#1614=VERTEX_POINT('',#6000);
#1615=VERTEX_POINT('',#6004);
#1616=VERTEX_POINT('',#6006);
#1617=VERTEX_POINT('',#6010);
#1618=VERTEX_POINT('',#6011);
#1619=VERTEX_POINT('',#6013);
#1620=VERTEX_POINT('',#6015);
#1621=VERTEX_POINT('',#6019);
#1622=VERTEX_POINT('',#6021);
#1623=VERTEX_POINT('',#6023);
#1624=VERTEX_POINT('',#6025);
#1625=VERTEX_POINT('',#6029);
#1626=VERTEX_POINT('',#6031);
#1627=VERTEX_POINT('',#6035);
#1628=VERTEX_POINT('',#6037);
#1629=VERTEX_POINT('',#6041);
#1630=VERTEX_POINT('',#6043);
#1631=VERTEX_POINT('',#6047);
#1632=VERTEX_POINT('',#6049);
#1633=VERTEX_POINT('',#6054);
#1634=VERTEX_POINT('',#6059);
#1635=VERTEX_POINT('',#6063);
#1636=VERTEX_POINT('',#6064);
#1637=VERTEX_POINT('',#6069);
#1638=VERTEX_POINT('',#6071);
#1639=VERTEX_POINT('',#6075);
#1640=VERTEX_POINT('',#6079);
#1641=VERTEX_POINT('',#6084);
#1642=VERTEX_POINT('',#6088);
#1643=VERTEX_POINT('',#6097);
#1644=VERTEX_POINT('',#6098);
#1645=VERTEX_POINT('',#6100);
#1646=VERTEX_POINT('',#6102);
#1647=VERTEX_POINT('',#6106);
#1648=VERTEX_POINT('',#6107);
#1649=VERTEX_POINT('',#6112);
#1650=VERTEX_POINT('',#6116);
#1651=LINE('',#5245,#2063);
#1652=LINE('',#5248,#2064);
#1653=LINE('',#5252,#2065);
#1654=LINE('',#5254,#2066);
#1655=LINE('',#5259,#2067);
#1656=LINE('',#5261,#2068);
#1657=LINE('',#5263,#2069);
#1658=LINE('',#5265,#2070);
#1659=LINE('',#5275,#2071);
#1660=LINE('',#5278,#2072);
#1661=LINE('',#5280,#2073);
#1662=LINE('',#5282,#2074);
#1663=LINE('',#5284,#2075);
#1664=LINE('',#5287,#2076);
#1665=LINE('',#5289,#2077);
#1666=LINE('',#5291,#2078);
#1667=LINE('',#5293,#2079);
#1668=LINE('',#5295,#2080);
#1669=LINE('',#5297,#2081);
#1670=LINE('',#5299,#2082);
#1671=LINE('',#5302,#2083);
#1672=LINE('',#5304,#2084);
#1673=LINE('',#5306,#2085);
#1674=LINE('',#5308,#2086);
#1675=LINE('',#5310,#2087);
#1676=LINE('',#5312,#2088);
#1677=LINE('',#5314,#2089);
#1678=LINE('',#5316,#2090);
#1679=LINE('',#5318,#2091);
#1680=LINE('',#5320,#2092);
#1681=LINE('',#5321,#2093);
#1682=LINE('',#5323,#2094);
#1683=LINE('',#5327,#2095);
#1684=LINE('',#5329,#2096);
#1685=LINE('',#5331,#2097);
#1686=LINE('',#5333,#2098);
#1687=LINE('',#5336,#2099);
#1688=LINE('',#5338,#2100);
#1689=LINE('',#5340,#2101);
#1690=LINE('',#5346,#2102);
#1691=LINE('',#5348,#2103);
#1692=LINE('',#5350,#2104);
#1693=LINE('',#5352,#2105);
#1694=LINE('',#5354,#2106);
#1695=LINE('',#5356,#2107);
#1696=LINE('',#5358,#2108);
#1697=LINE('',#5360,#2109);
#1698=LINE('',#5362,#2110);
#1699=LINE('',#5364,#2111);
#1700=LINE('',#5370,#2112);
#1701=LINE('',#5372,#2113);
#1702=LINE('',#5374,#2114);
#1703=LINE('',#5376,#2115);
#1704=LINE('',#5378,#2116);
#1705=LINE('',#5380,#2117);
#1706=LINE('',#5382,#2118);
#1707=LINE('',#5386,#2119);
#1708=LINE('',#5388,#2120);
#1709=LINE('',#5390,#2121);
#1710=LINE('',#5392,#2122);
#1711=LINE('',#5394,#2123);
#1712=LINE('',#5396,#2124);
#1713=LINE('',#5398,#2125);
#1714=LINE('',#5400,#2126);
#1715=LINE('',#5401,#2127);
#1716=LINE('',#5402,#2128);
#1717=LINE('',#5405,#2129);
#1718=LINE('',#5406,#2130);
#1719=LINE('',#5408,#2131);
#1720=LINE('',#5410,#2132);
#1721=LINE('',#5413,#2133);
#1722=LINE('',#5416,#2134);
#1723=LINE('',#5418,#2135);
#1724=LINE('',#5420,#2136);
#1725=LINE('',#5422,#2137);
#1726=LINE('',#5423,#2138);
#1727=LINE('',#5425,#2139);
#1728=LINE('',#5427,#2140);
#1729=LINE('',#5429,#2141);
#1730=LINE('',#5431,#2142);
#1731=LINE('',#5433,#2143);
#1732=LINE('',#5435,#2144);
#1733=LINE('',#5437,#2145);
#1734=LINE('',#5439,#2146);
#1735=LINE('',#5441,#2147);
#1736=LINE('',#5443,#2148);
#1737=LINE('',#5445,#2149);
#1738=LINE('',#5447,#2150);
#1739=LINE('',#5449,#2151);
#1740=LINE('',#5451,#2152);
#1741=LINE('',#5453,#2153);
#1742=LINE('',#5455,#2154);
#1743=LINE('',#5457,#2155);
#1744=LINE('',#5459,#2156);
#1745=LINE('',#5461,#2157);
#1746=LINE('',#5464,#2158);
#1747=LINE('',#5466,#2159);
#1748=LINE('',#5468,#2160);
#1749=LINE('',#5470,#2161);
#1750=LINE('',#5471,#2162);
#1751=LINE('',#5473,#2163);
#1752=LINE('',#5474,#2164);
#1753=LINE('',#5476,#2165);
#1754=LINE('',#5478,#2166);
#1755=LINE('',#5480,#2167);
#1756=LINE('',#5482,#2168);
#1757=LINE('',#5484,#2169);
#1758=LINE('',#5486,#2170);
#1759=LINE('',#5487,#2171);
#1760=LINE('',#5490,#2172);
#1761=LINE('',#5493,#2173);
#1762=LINE('',#5495,#2174);
#1763=LINE('',#5497,#2175);
#1764=LINE('',#5499,#2176);
#1765=LINE('',#5501,#2177);
#1766=LINE('',#5503,#2178);
#1767=LINE('',#5505,#2179);
#1768=LINE('',#5508,#2180);
#1769=LINE('',#5510,#2181);
#1770=LINE('',#5512,#2182);
#1771=LINE('',#5514,#2183);
#1772=LINE('',#5516,#2184);
#1773=LINE('',#5517,#2185);
#1774=LINE('',#5519,#2186);
#1775=LINE('',#5521,#2187);
#1776=LINE('',#5523,#2188);
#1777=LINE('',#5524,#2189);
#1778=LINE('',#5526,#2190);
#1779=LINE('',#5528,#2191);
#1780=LINE('',#5530,#2192);
#1781=LINE('',#5532,#2193);
#1782=LINE('',#5534,#2194);
#1783=LINE('',#5536,#2195);
#1784=LINE('',#5538,#2196);
#1785=LINE('',#5541,#2197);
#1786=LINE('',#5543,#2198);
#1787=LINE('',#5545,#2199);
#1788=LINE('',#5547,#2200);
#1789=LINE('',#5549,#2201);
#1790=LINE('',#5551,#2202);
#1791=LINE('',#5552,#2203);
#1792=LINE('',#5554,#2204);
#1793=LINE('',#5556,#2205);
#1794=LINE('',#5558,#2206);
#1795=LINE('',#5561,#2207);
#1796=LINE('',#5563,#2208);
#1797=LINE('',#5565,#2209);
#1798=LINE('',#5566,#2210);
#1799=LINE('',#5568,#2211);
#1800=LINE('',#5570,#2212);
#1801=LINE('',#5572,#2213);
#1802=LINE('',#5574,#2214);
#1803=LINE('',#5576,#2215);
#1804=LINE('',#5578,#2216);
#1805=LINE('',#5580,#2217);
#1806=LINE('',#5582,#2218);
#1807=LINE('',#5584,#2219);
#1808=LINE('',#5586,#2220);
#1809=LINE('',#5588,#2221);
#1810=LINE('',#5590,#2222);
#1811=LINE('',#5592,#2223);
#1812=LINE('',#5594,#2224);
#1813=LINE('',#5596,#2225);
#1814=LINE('',#5598,#2226);
#1815=LINE('',#5601,#2227);
#1816=LINE('',#5603,#2228);
#1817=LINE('',#5605,#2229);
#1818=LINE('',#5607,#2230);
#1819=LINE('',#5609,#2231);
#1820=LINE('',#5611,#2232);
#1821=LINE('',#5613,#2233);
#1822=LINE('',#5615,#2234);
#1823=LINE('',#5617,#2235);
#1824=LINE('',#5619,#2236);
#1825=LINE('',#5621,#2237);
#1826=LINE('',#5623,#2238);
#1827=LINE('',#5625,#2239);
#1828=LINE('',#5627,#2240);
#1829=LINE('',#5629,#2241);
#1830=LINE('',#5631,#2242);
#1831=LINE('',#5633,#2243);
#1832=LINE('',#5635,#2244);
#1833=LINE('',#5637,#2245);
#1834=LINE('',#5642,#2246);
#1835=LINE('',#5645,#2247);
#1836=LINE('',#5647,#2248);
#1837=LINE('',#5649,#2249);
#1838=LINE('',#5654,#2250);
#1839=LINE('',#5656,#2251);
#1840=LINE('',#5658,#2252);
#1841=LINE('',#5660,#2253);
#1842=LINE('',#5662,#2254);
#1843=LINE('',#5664,#2255);
#1844=LINE('',#5666,#2256);
#1845=LINE('',#5668,#2257);
#1846=LINE('',#5670,#2258);
#1847=LINE('',#5675,#2259);
#1848=LINE('',#5682,#2260);
#1849=LINE('',#5687,#2261);
#1850=LINE('',#5694,#2262);
#1851=LINE('',#5698,#2263);
#1852=LINE('',#5700,#2264);
#1853=LINE('',#5702,#2265);
#1854=LINE('',#5704,#2266);
#1855=LINE('',#5706,#2267);
#1856=LINE('',#5708,#2268);
#1857=LINE('',#5710,#2269);
#1858=LINE('',#5712,#2270);
#1859=LINE('',#5714,#2271);
#1860=LINE('',#5716,#2272);
#1861=LINE('',#5720,#2273);
#1862=LINE('',#5724,#2274);
#1863=LINE('',#5726,#2275);
#1864=LINE('',#5728,#2276);
#1865=LINE('',#5730,#2277);
#1866=LINE('',#5732,#2278);
#1867=LINE('',#5734,#2279);
#1868=LINE('',#5736,#2280);
#1869=LINE('',#5738,#2281);
#1870=LINE('',#5740,#2282);
#1871=LINE('',#5742,#2283);
#1872=LINE('',#5744,#2284);
#1873=LINE('',#5746,#2285);
#1874=LINE('',#5748,#2286);
#1875=LINE('',#5750,#2287);
#1876=LINE('',#5753,#2288);
#1877=LINE('',#5754,#2289);
#1878=LINE('',#5756,#2290);
#1879=LINE('',#5758,#2291);
#1880=LINE('',#5760,#2292);
#1881=LINE('',#5762,#2293);
#1882=LINE('',#5764,#2294);
#1883=LINE('',#5766,#2295);
#1884=LINE('',#5769,#2296);
#1885=LINE('',#5770,#2297);
#1886=LINE('',#5772,#2298);
#1887=LINE('',#5774,#2299);
#1888=LINE('',#5776,#2300);
#1889=LINE('',#5777,#2301);
#1890=LINE('',#5778,#2302);
#1891=LINE('',#5780,#2303);
#1892=LINE('',#5782,#2304);
#1893=LINE('',#5784,#2305);
#1894=LINE('',#5786,#2306);
#1895=LINE('',#5788,#2307);
#1896=LINE('',#5790,#2308);
#1897=LINE('',#5792,#2309);
#1898=LINE('',#5794,#2310);
#1899=LINE('',#5796,#2311);
#1900=LINE('',#5799,#2312);
#1901=LINE('',#5801,#2313);
#1902=LINE('',#5803,#2314);
#1903=LINE('',#5805,#2315);
#1904=LINE('',#5807,#2316);
#1905=LINE('',#5809,#2317);
#1906=LINE('',#5811,#2318);
#1907=LINE('',#5813,#2319);
#1908=LINE('',#5814,#2320);
#1909=LINE('',#5816,#2321);
#1910=LINE('',#5818,#2322);
#1911=LINE('',#5820,#2323);
#1912=LINE('',#5822,#2324);
#1913=LINE('',#5824,#2325);
#1914=LINE('',#5827,#2326);
#1915=LINE('',#5829,#2327);
#1916=LINE('',#5831,#2328);
#1917=LINE('',#5833,#2329);
#1918=LINE('',#5835,#2330);
#1919=LINE('',#5836,#2331);
#1920=LINE('',#5838,#2332);
#1921=LINE('',#5840,#2333);
#1922=LINE('',#5842,#2334);
#1923=LINE('',#5844,#2335);
#1924=LINE('',#5846,#2336);
#1925=LINE('',#5848,#2337);
#1926=LINE('',#5850,#2338);
#1927=LINE('',#5852,#2339);
#1928=LINE('',#5854,#2340);
#1929=LINE('',#5856,#2341);
#1930=LINE('',#5858,#2342);
#1931=LINE('',#5860,#2343);
#1932=LINE('',#5863,#2344);
#1933=LINE('',#5865,#2345);
#1934=LINE('',#5867,#2346);
#1935=LINE('',#5869,#2347);
#1936=LINE('',#5871,#2348);
#1937=LINE('',#5873,#2349);
#1938=LINE('',#5875,#2350);
#1939=LINE('',#5877,#2351);
#1940=LINE('',#5879,#2352);
#1941=LINE('',#5881,#2353);
#1942=LINE('',#5883,#2354);
#1943=LINE('',#5885,#2355);
#1944=LINE('',#5887,#2356);
#1945=LINE('',#5889,#2357);
#1946=LINE('',#5891,#2358);
#1947=LINE('',#5893,#2359);
#1948=LINE('',#5895,#2360);
#1949=LINE('',#5898,#2361);
#1950=LINE('',#5900,#2362);
#1951=LINE('',#5902,#2363);
#1952=LINE('',#5904,#2364);
#1953=LINE('',#5906,#2365);
#1954=LINE('',#5908,#2366);
#1955=LINE('',#5911,#2367);
#1956=LINE('',#5912,#2368);
#1957=LINE('',#5914,#2369);
#1958=LINE('',#5916,#2370);
#1959=LINE('',#5918,#2371);
#1960=LINE('',#5920,#2372);
#1961=LINE('',#5922,#2373);
#1962=LINE('',#5924,#2374);
#1963=LINE('',#5926,#2375);
#1964=LINE('',#5928,#2376);
#1965=LINE('',#5930,#2377);
#1966=LINE('',#5932,#2378);
#1967=LINE('',#5934,#2379);
#1968=LINE('',#5936,#2380);
#1969=LINE('',#5938,#2381);
#1970=LINE('',#5940,#2382);
#1971=LINE('',#5942,#2383);
#1972=LINE('',#5944,#2384);
#1973=LINE('',#5946,#2385);
#1974=LINE('',#5948,#2386);
#1975=LINE('',#5950,#2387);
#1976=LINE('',#5952,#2388);
#1977=LINE('',#5954,#2389);
#1978=LINE('',#5956,#2390);
#1979=LINE('',#5958,#2391);
#1980=LINE('',#5960,#2392);
#1981=LINE('',#5962,#2393);
#1982=LINE('',#5964,#2394);
#1983=LINE('',#5966,#2395);
#1984=LINE('',#5968,#2396);
#1985=LINE('',#5970,#2397);
#1986=LINE('',#5972,#2398);
#1987=LINE('',#5975,#2399);
#1988=LINE('',#5976,#2400);
#1989=LINE('',#5978,#2401);
#1990=LINE('',#5980,#2402);
#1991=LINE('',#5982,#2403);
#1992=LINE('',#5984,#2404);
#1993=LINE('',#5986,#2405);
#1994=LINE('',#5988,#2406);
#1995=LINE('',#5990,#2407);
#1996=LINE('',#5992,#2408);
#1997=LINE('',#5994,#2409);
#1998=LINE('',#5997,#2410);
#1999=LINE('',#5999,#2411);
#2000=LINE('',#6001,#2412);
#2001=LINE('',#6007,#2413);
#2002=LINE('',#6009,#2414);
#2003=LINE('',#6012,#2415);
#2004=LINE('',#6014,#2416);
#2005=LINE('',#6016,#2417);
#2006=LINE('',#6018,#2418);
#2007=LINE('',#6020,#2419);
#2008=LINE('',#6022,#2420);
#2009=LINE('',#6024,#2421);
#2010=LINE('',#6026,#2422);
#2011=LINE('',#6028,#2423);
#2012=LINE('',#6030,#2424);
#2013=LINE('',#6032,#2425);
#2014=LINE('',#6034,#2426);
#2015=LINE('',#6036,#2427);
#2016=LINE('',#6038,#2428);
#2017=LINE('',#6040,#2429);
#2018=LINE('',#6042,#2430);
#2019=LINE('',#6044,#2431);
#2020=LINE('',#6046,#2432);
#2021=LINE('',#6048,#2433);
#2022=LINE('',#6050,#2434);
#2023=LINE('',#6051,#2435);
#2024=LINE('',#6053,#2436);
#2025=LINE('',#6055,#2437);
#2026=LINE('',#6056,#2438);
#2027=LINE('',#6058,#2439);
#2028=LINE('',#6060,#2440);
#2029=LINE('',#6062,#2441);
#2030=LINE('',#6065,#2442);
#2031=LINE('',#6066,#2443);
#2032=LINE('',#6068,#2444);
#2033=LINE('',#6070,#2445);
#2034=LINE('',#6072,#2446);
#2035=LINE('',#6074,#2447);
#2036=LINE('',#6076,#2448);
#2037=LINE('',#6078,#2449);
#2038=LINE('',#6080,#2450);
#2039=LINE('',#6082,#2451);
#2040=LINE('',#6083,#2452);
#2041=LINE('',#6085,#2453);
#2042=LINE('',#6087,#2454);
#2043=LINE('',#6089,#2455);
#2044=LINE('',#6091,#2456);
#2045=LINE('',#6092,#2457);
#2046=LINE('',#6093,#2458);
#2047=LINE('',#6096,#2459);
#2048=LINE('',#6099,#2460);
#2049=LINE('',#6101,#2461);
#2050=LINE('',#6103,#2462);
#2051=LINE('',#6105,#2463);
#2052=LINE('',#6108,#2464);
#2053=LINE('',#6109,#2465);
#2054=LINE('',#6111,#2466);
#2055=LINE('',#6113,#2467);
#2056=LINE('',#6115,#2468);
#2057=LINE('',#6117,#2469);
#2058=LINE('',#6119,#2470);
#2059=LINE('',#6121,#2471);
#2060=LINE('',#6122,#2472);
#2061=LINE('',#6124,#2473);
#2062=LINE('',#6126,#2474);
#2063=VECTOR('',#4461,1000.);
#2064=VECTOR('',#4462,1000.);
#2065=VECTOR('',#4465,1000.);
#2066=VECTOR('',#4466,1000.);
#2067=VECTOR('',#4471,1000.);
#2068=VECTOR('',#4472,1000.);
#2069=VECTOR('',#4473,1000.);
#2070=VECTOR('',#4474,1000.);
#2071=VECTOR('',#4487,1000.);
#2072=VECTOR('',#4488,1000.);
#2073=VECTOR('',#4489,1000.);
#2074=VECTOR('',#4490,1000.);
#2075=VECTOR('',#4493,1000.);
#2076=VECTOR('',#4494,1000.);
#2077=VECTOR('',#4495,1000.);
#2078=VECTOR('',#4496,1000.);
#2079=VECTOR('',#4499,1000.);
#2080=VECTOR('',#4500,1000.);
#2081=VECTOR('',#4501,1000.);
#2082=VECTOR('',#4504,1000.);
#2083=VECTOR('',#4505,1000.);
#2084=VECTOR('',#4506,1000.);
#2085=VECTOR('',#4507,1000.);
#2086=VECTOR('',#4510,1000.);
#2087=VECTOR('',#4511,1000.);
#2088=VECTOR('',#4512,1000.);
#2089=VECTOR('',#4515,1000.);
#2090=VECTOR('',#4516,1000.);
#2091=VECTOR('',#4517,1000.);
#2092=VECTOR('',#4520,1000.);
#2093=VECTOR('',#4521,1000.);
#2094=VECTOR('',#4524,1000.);
#2095=VECTOR('',#4527,1000.);
#2096=VECTOR('',#4530,1000.);
#2097=VECTOR('',#4531,1000.);
#2098=VECTOR('',#4534,1000.);
#2099=VECTOR('',#4535,1000.);
#2100=VECTOR('',#4536,1000.);
#2101=VECTOR('',#4537,1000.);
#2102=VECTOR('',#4544,1000.);
#2103=VECTOR('',#4547,1000.);
#2104=VECTOR('',#4548,1000.);
#2105=VECTOR('',#4549,1000.);
#2106=VECTOR('',#4552,1000.);
#2107=VECTOR('',#4553,1000.);
#2108=VECTOR('',#4554,1000.);
#2109=VECTOR('',#4557,1000.);
#2110=VECTOR('',#4558,1000.);
#2111=VECTOR('',#4559,1000.);
#2112=VECTOR('',#4566,1000.);
#2113=VECTOR('',#4569,1000.);
#2114=VECTOR('',#4570,1000.);
#2115=VECTOR('',#4571,1000.);
#2116=VECTOR('',#4574,1000.);
#2117=VECTOR('',#4575,1000.);
#2118=VECTOR('',#4576,1000.);
#2119=VECTOR('',#4581,1000.);
#2120=VECTOR('',#4584,1000.);
#2121=VECTOR('',#4585,1000.);
#2122=VECTOR('',#4588,1000.);
#2123=VECTOR('',#4589,1000.);
#2124=VECTOR('',#4592,1000.);
#2125=VECTOR('',#4593,1000.);
#2126=VECTOR('',#4594,1000.);
#2127=VECTOR('',#4595,1000.);
#2128=VECTOR('',#4596,1000.);
#2129=VECTOR('',#4601,1000.);
#2130=VECTOR('',#4602,1000.);
#2131=VECTOR('',#4605,1000.);
#2132=VECTOR('',#4608,1000.);
#2133=VECTOR('',#4613,1000.);
#2134=VECTOR('',#4614,1000.);
#2135=VECTOR('',#4615,1000.);
#2136=VECTOR('',#4616,1000.);
#2137=VECTOR('',#4619,1000.);
#2138=VECTOR('',#4620,1000.);
#2139=VECTOR('',#4623,1000.);
#2140=VECTOR('',#4624,1000.);
#2141=VECTOR('',#4625,1000.);
#2142=VECTOR('',#4628,1000.);
#2143=VECTOR('',#4629,1000.);
#2144=VECTOR('',#4630,1000.);
#2145=VECTOR('',#4633,1000.);
#2146=VECTOR('',#4634,1000.);
#2147=VECTOR('',#4635,1000.);
#2148=VECTOR('',#4638,1000.);
#2149=VECTOR('',#4639,1000.);
#2150=VECTOR('',#4640,1000.);
#2151=VECTOR('',#4643,1000.);
#2152=VECTOR('',#4644,1000.);
#2153=VECTOR('',#4645,1000.);
#2154=VECTOR('',#4648,1000.);
#2155=VECTOR('',#4649,1000.);
#2156=VECTOR('',#4650,1000.);
#2157=VECTOR('',#4653,1000.);
#2158=VECTOR('',#4654,1000.);
#2159=VECTOR('',#4655,1000.);
#2160=VECTOR('',#4656,1000.);
#2161=VECTOR('',#4659,1000.);
#2162=VECTOR('',#4660,1000.);
#2163=VECTOR('',#4663,1000.);
#2164=VECTOR('',#4664,1000.);
#2165=VECTOR('',#4667,1000.);
#2166=VECTOR('',#4668,1000.);
#2167=VECTOR('',#4671,1000.);
#2168=VECTOR('',#4672,1000.);
#2169=VECTOR('',#4675,1000.);
#2170=VECTOR('',#4678,1000.);
#2171=VECTOR('',#4679,1000.);
#2172=VECTOR('',#4684,1000.);
#2173=VECTOR('',#4685,1000.);
#2174=VECTOR('',#4686,1000.);
#2175=VECTOR('',#4687,1000.);
#2176=VECTOR('',#4690,1000.);
#2177=VECTOR('',#4691,1000.);
#2178=VECTOR('',#4692,1000.);
#2179=VECTOR('',#4695,1000.);
#2180=VECTOR('',#4696,1000.);
#2181=VECTOR('',#4697,1000.);
#2182=VECTOR('',#4698,1000.);
#2183=VECTOR('',#4699,1000.);
#2184=VECTOR('',#4700,1000.);
#2185=VECTOR('',#4701,1000.);
#2186=VECTOR('',#4702,1000.);
#2187=VECTOR('',#4705,1000.);
#2188=VECTOR('',#4706,1000.);
#2189=VECTOR('',#4707,1000.);
#2190=VECTOR('',#4708,1000.);
#2191=VECTOR('',#4709,1000.);
#2192=VECTOR('',#4712,1000.);
#2193=VECTOR('',#4713,1000.);
#2194=VECTOR('',#4716,1000.);
#2195=VECTOR('',#4717,1000.);
#2196=VECTOR('',#4720,1000.);
#2197=VECTOR('',#4721,1000.);
#2198=VECTOR('',#4722,1000.);
#2199=VECTOR('',#4723,1000.);
#2200=VECTOR('',#4724,1000.);
#2201=VECTOR('',#4725,1000.);
#2202=VECTOR('',#4728,1000.);
#2203=VECTOR('',#4729,1000.);
#2204=VECTOR('',#4730,1000.);
#2205=VECTOR('',#4731,1000.);
#2206=VECTOR('',#4734,1000.);
#2207=VECTOR('',#4735,1000.);
#2208=VECTOR('',#4736,1000.);
#2209=VECTOR('',#4737,1000.);
#2210=VECTOR('',#4738,1000.);
#2211=VECTOR('',#4741,1000.);
#2212=VECTOR('',#4742,1000.);
#2213=VECTOR('',#4743,1000.);
#2214=VECTOR('',#4744,1000.);
#2215=VECTOR('',#4745,1000.);
#2216=VECTOR('',#4748,1000.);
#2217=VECTOR('',#4749,1000.);
#2218=VECTOR('',#4750,1000.);
#2219=VECTOR('',#4753,1000.);
#2220=VECTOR('',#4754,1000.);
#2221=VECTOR('',#4757,1000.);
#2222=VECTOR('',#4758,1000.);
#2223=VECTOR('',#4761,1000.);
#2224=VECTOR('',#4764,1000.);
#2225=VECTOR('',#4767,1000.);
#2226=VECTOR('',#4770,1000.);
#2227=VECTOR('',#4771,1000.);
#2228=VECTOR('',#4772,1000.);
#2229=VECTOR('',#4773,1000.);
#2230=VECTOR('',#4776,1000.);
#2231=VECTOR('',#4777,1000.);
#2232=VECTOR('',#4778,1000.);
#2233=VECTOR('',#4781,1000.);
#2234=VECTOR('',#4782,1000.);
#2235=VECTOR('',#4785,1000.);
#2236=VECTOR('',#4786,1000.);
#2237=VECTOR('',#4789,1000.);
#2238=VECTOR('',#4792,1000.);
#2239=VECTOR('',#4793,1000.);
#2240=VECTOR('',#4794,1000.);
#2241=VECTOR('',#4797,1000.);
#2242=VECTOR('',#4798,1000.);
#2243=VECTOR('',#4801,1000.);
#2244=VECTOR('',#4802,1000.);
#2245=VECTOR('',#4805,1000.);
#2246=VECTOR('',#4812,1000.);
#2247=VECTOR('',#4813,1000.);
#2248=VECTOR('',#4814,1000.);
#2249=VECTOR('',#4815,1000.);
#2250=VECTOR('',#4822,1000.);
#2251=VECTOR('',#4823,1000.);
#2252=VECTOR('',#4824,1000.);
#2253=VECTOR('',#4827,1000.);
#2254=VECTOR('',#4828,1000.);
#2255=VECTOR('',#4831,1000.);
#2256=VECTOR('',#4832,1000.);
#2257=VECTOR('',#4835,1000.);
#2258=VECTOR('',#4838,1000.);
#2259=VECTOR('',#4841,1000.);
#2260=VECTOR('',#4850,1000.);
#2261=VECTOR('',#4853,1000.);
#2262=VECTOR('',#4860,1000.);
#2263=VECTOR('',#4863,1000.);
#2264=VECTOR('',#4866,1000.);
#2265=VECTOR('',#4867,1000.);
#2266=VECTOR('',#4868,1000.);
#2267=VECTOR('',#4871,1000.);
#2268=VECTOR('',#4872,1000.);
#2269=VECTOR('',#4873,1000.);
#2270=VECTOR('',#4876,1000.);
#2271=VECTOR('',#4877,1000.);
#2272=VECTOR('',#4878,1000.);
#2273=VECTOR('',#4883,1000.);
#2274=VECTOR('',#4888,1000.);
#2275=VECTOR('',#4889,1000.);
#2276=VECTOR('',#4890,1000.);
#2277=VECTOR('',#4893,1000.);
#2278=VECTOR('',#4894,1000.);
#2279=VECTOR('',#4895,1000.);
#2280=VECTOR('',#4898,1000.);
#2281=VECTOR('',#4899,1000.);
#2282=VECTOR('',#4900,1000.);
#2283=VECTOR('',#4903,1000.);
#2284=VECTOR('',#4906,1000.);
#2285=VECTOR('',#4907,1000.);
#2286=VECTOR('',#4908,1000.);
#2287=VECTOR('',#4911,1000.);
#2288=VECTOR('',#4912,1000.);
#2289=VECTOR('',#4913,1000.);
#2290=VECTOR('',#4916,1000.);
#2291=VECTOR('',#4917,1000.);
#2292=VECTOR('',#4918,1000.);
#2293=VECTOR('',#4921,1000.);
#2294=VECTOR('',#4922,1000.);
#2295=VECTOR('',#4925,1000.);
#2296=VECTOR('',#4926,1000.);
#2297=VECTOR('',#4927,1000.);
#2298=VECTOR('',#4930,1000.);
#2299=VECTOR('',#4931,1000.);
#2300=VECTOR('',#4932,1000.);
#2301=VECTOR('',#4933,1000.);
#2302=VECTOR('',#4934,1000.);
#2303=VECTOR('',#4935,1000.);
#2304=VECTOR('',#4936,1000.);
#2305=VECTOR('',#4939,1000.);
#2306=VECTOR('',#4940,1000.);
#2307=VECTOR('',#4943,1000.);
#2308=VECTOR('',#4944,1000.);
#2309=VECTOR('',#4945,1000.);
#2310=VECTOR('',#4948,1000.);
#2311=VECTOR('',#4951,1000.);
#2312=VECTOR('',#4952,1000.);
#2313=VECTOR('',#4953,1000.);
#2314=VECTOR('',#4954,1000.);
#2315=VECTOR('',#4957,1000.);
#2316=VECTOR('',#4958,1000.);
#2317=VECTOR('',#4959,1000.);
#2318=VECTOR('',#4960,1000.);
#2319=VECTOR('',#4961,1000.);
#2320=VECTOR('',#4962,1000.);
#2321=VECTOR('',#4963,1000.);
#2322=VECTOR('',#4964,1000.);
#2323=VECTOR('',#4965,1000.);
#2324=VECTOR('',#4966,1000.);
#2325=VECTOR('',#4969,1000.);
#2326=VECTOR('',#4970,1000.);
#2327=VECTOR('',#4971,1000.);
#2328=VECTOR('',#4972,1000.);
#2329=VECTOR('',#4975,1000.);
#2330=VECTOR('',#4976,1000.);
#2331=VECTOR('',#4977,1000.);
#2332=VECTOR('',#4978,1000.);
#2333=VECTOR('',#4981,1000.);
#2334=VECTOR('',#4982,1000.);
#2335=VECTOR('',#4983,1000.);
#2336=VECTOR('',#4986,1000.);
#2337=VECTOR('',#4987,1000.);
#2338=VECTOR('',#4988,1000.);
#2339=VECTOR('',#4991,1000.);
#2340=VECTOR('',#4992,1000.);
#2341=VECTOR('',#4993,1000.);
#2342=VECTOR('',#4996,1000.);
#2343=VECTOR('',#4999,1000.);
#2344=VECTOR('',#5000,1000.);
#2345=VECTOR('',#5001,1000.);
#2346=VECTOR('',#5002,1000.);
#2347=VECTOR('',#5005,1000.);
#2348=VECTOR('',#5006,1000.);
#2349=VECTOR('',#5007,1000.);
#2350=VECTOR('',#5010,1000.);
#2351=VECTOR('',#5011,1000.);
#2352=VECTOR('',#5012,1000.);
#2353=VECTOR('',#5015,1000.);
#2354=VECTOR('',#5016,1000.);
#2355=VECTOR('',#5017,1000.);
#2356=VECTOR('',#5020,1000.);
#2357=VECTOR('',#5021,1000.);
#2358=VECTOR('',#5024,1000.);
#2359=VECTOR('',#5025,1000.);
#2360=VECTOR('',#5028,1000.);
#2361=VECTOR('',#5029,1000.);
#2362=VECTOR('',#5030,1000.);
#2363=VECTOR('',#5031,1000.);
#2364=VECTOR('',#5032,1000.);
#2365=VECTOR('',#5033,1000.);
#2366=VECTOR('',#5036,1000.);
#2367=VECTOR('',#5037,1000.);
#2368=VECTOR('',#5038,1000.);
#2369=VECTOR('',#5041,1000.);
#2370=VECTOR('',#5042,1000.);
#2371=VECTOR('',#5045,1000.);
#2372=VECTOR('',#5046,1000.);
#2373=VECTOR('',#5049,1000.);
#2374=VECTOR('',#5050,1000.);
#2375=VECTOR('',#5053,1000.);
#2376=VECTOR('',#5054,1000.);
#2377=VECTOR('',#5057,1000.);
#2378=VECTOR('',#5058,1000.);
#2379=VECTOR('',#5061,1000.);
#2380=VECTOR('',#5062,1000.);
#2381=VECTOR('',#5065,1000.);
#2382=VECTOR('',#5066,1000.);
#2383=VECTOR('',#5069,1000.);
#2384=VECTOR('',#5070,1000.);
#2385=VECTOR('',#5073,1000.);
#2386=VECTOR('',#5074,1000.);
#2387=VECTOR('',#5077,1000.);
#2388=VECTOR('',#5078,1000.);
#2389=VECTOR('',#5081,1000.);
#2390=VECTOR('',#5082,1000.);
#2391=VECTOR('',#5085,1000.);
#2392=VECTOR('',#5086,1000.);
#2393=VECTOR('',#5089,1000.);
#2394=VECTOR('',#5090,1000.);
#2395=VECTOR('',#5093,1000.);
#2396=VECTOR('',#5094,1000.);
#2397=VECTOR('',#5097,1000.);
#2398=VECTOR('',#5100,1000.);
#2399=VECTOR('',#5101,1000.);
#2400=VECTOR('',#5102,1000.);
#2401=VECTOR('',#5105,1000.);
#2402=VECTOR('',#5106,1000.);
#2403=VECTOR('',#5109,1000.);
#2404=VECTOR('',#5110,1000.);
#2405=VECTOR('',#5113,1000.);
#2406=VECTOR('',#5114,1000.);
#2407=VECTOR('',#5117,1000.);
#2408=VECTOR('',#5118,1000.);
#2409=VECTOR('',#5121,1000.);
#2410=VECTOR('',#5122,1000.);
#2411=VECTOR('',#5123,1000.);
#2412=VECTOR('',#5124,1000.);
#2413=VECTOR('',#5131,1000.);
#2414=VECTOR('',#5134,1000.);
#2415=VECTOR('',#5135,1000.);
#2416=VECTOR('',#5136,1000.);
#2417=VECTOR('',#5137,1000.);
#2418=VECTOR('',#5140,1000.);
#2419=VECTOR('',#5141,1000.);
#2420=VECTOR('',#5142,1000.);
#2421=VECTOR('',#5143,1000.);
#2422=VECTOR('',#5144,1000.);
#2423=VECTOR('',#5147,1000.);
#2424=VECTOR('',#5148,1000.);
#2425=VECTOR('',#5149,1000.);
#2426=VECTOR('',#5152,1000.);
#2427=VECTOR('',#5153,1000.);
#2428=VECTOR('',#5154,1000.);
#2429=VECTOR('',#5157,1000.);
#2430=VECTOR('',#5158,1000.);
#2431=VECTOR('',#5159,1000.);
#2432=VECTOR('',#5162,1000.);
#2433=VECTOR('',#5163,1000.);
#2434=VECTOR('',#5164,1000.);
#2435=VECTOR('',#5165,1000.);
#2436=VECTOR('',#5168,1000.);
#2437=VECTOR('',#5169,1000.);
#2438=VECTOR('',#5170,1000.);
#2439=VECTOR('',#5173,1000.);
#2440=VECTOR('',#5174,1000.);
#2441=VECTOR('',#5177,1000.);
#2442=VECTOR('',#5178,1000.);
#2443=VECTOR('',#5179,1000.);
#2444=VECTOR('',#5182,1000.);
#2445=VECTOR('',#5183,1000.);
#2446=VECTOR('',#5184,1000.);
#2447=VECTOR('',#5187,1000.);
#2448=VECTOR('',#5188,1000.);
#2449=VECTOR('',#5191,1000.);
#2450=VECTOR('',#5192,1000.);
#2451=VECTOR('',#5195,1000.);
#2452=VECTOR('',#5196,1000.);
#2453=VECTOR('',#5197,1000.);
#2454=VECTOR('',#5200,1000.);
#2455=VECTOR('',#5201,1000.);
#2456=VECTOR('',#5204,1000.);
#2457=VECTOR('',#5205,1000.);
#2458=VECTOR('',#5206,1000.);
#2459=VECTOR('',#5211,1000.);
#2460=VECTOR('',#5212,1000.);
#2461=VECTOR('',#5213,1000.);
#2462=VECTOR('',#5214,1000.);
#2463=VECTOR('',#5217,1000.);
#2464=VECTOR('',#5218,1000.);
#2465=VECTOR('',#5219,1000.);
#2466=VECTOR('',#5222,1000.);
#2467=VECTOR('',#5223,1000.);
#2468=VECTOR('',#5226,1000.);
#2469=VECTOR('',#5227,1000.);
#2470=VECTOR('',#5230,1000.);
#2471=VECTOR('',#5233,1000.);
#2472=VECTOR('',#5234,1000.);
#2473=VECTOR('',#5237,1000.);
#2474=VECTOR('',#5240,1000.);
#2475=EDGE_LOOP('',(#57,#58,#59,#60,#61));
#2476=EDGE_LOOP('',(#62,#63,#64,#65,#66));
#2477=EDGE_LOOP('',(#67));
#2478=EDGE_LOOP('',(#68));
#2479=EDGE_LOOP('',(#69));
#2480=EDGE_LOOP('',(#70));
#2481=EDGE_LOOP('',(#71));
#2482=EDGE_LOOP('',(#72,#73,#74,#75));
#2483=EDGE_LOOP('',(#76,#77,#78,#79));
#2484=EDGE_LOOP('',(#80,#81,#82,#83));
#2485=EDGE_LOOP('',(#84,#85,#86,#87));
#2486=EDGE_LOOP('',(#88,#89,#90,#91));
#2487=EDGE_LOOP('',(#92,#93,#94,#95));
#2488=EDGE_LOOP('',(#96,#97,#98,#99));
#2489=EDGE_LOOP('',(#100,#101,#102,#103));
#2490=EDGE_LOOP('',(#104,#105,#106,#107));
#2491=EDGE_LOOP('',(#108,#109,#110,#111));
#2492=EDGE_LOOP('',(#112,#113,#114,#115));
#2493=EDGE_LOOP('',(#116,#117,#118,#119));
#2494=EDGE_LOOP('',(#120,#121,#122,#123));
#2495=EDGE_LOOP('',(#124,#125,#126,#127));
#2496=EDGE_LOOP('',(#128,#129,#130,#131));
#2497=EDGE_LOOP('',(#132,#133,#134,#135));
#2498=EDGE_LOOP('',(#136,#137,#138,#139));
#2499=EDGE_LOOP('',(#140,#141,#142,#143));
#2500=EDGE_LOOP('',(#144,#145,#146,#147));
#2501=EDGE_LOOP('',(#148,#149,#150,#151));
#2502=EDGE_LOOP('',(#152));
#2503=EDGE_LOOP('',(#153,#154,#155,#156,#157,#158,#159,#160,#161,#162,#163,
#164,#165,#166,#167,#168,#169,#170));
#2504=EDGE_LOOP('',(#171,#172,#173,#174));
#2505=EDGE_LOOP('',(#175,#176,#177,#178));
#2506=EDGE_LOOP('',(#179,#180,#181,#182));
#2507=EDGE_LOOP('',(#183,#184,#185,#186));
#2508=EDGE_LOOP('',(#187,#188,#189,#190));
#2509=EDGE_LOOP('',(#191,#192,#193,#194));
#2510=EDGE_LOOP('',(#195,#196,#197,#198,#199));
#2511=EDGE_LOOP('',(#200,#201,#202,#203,#204));
#2512=EDGE_LOOP('',(#205,#206,#207,#208));
#2513=EDGE_LOOP('',(#209,#210,#211,#212));
#2514=EDGE_LOOP('',(#213,#214,#215,#216));
#2515=EDGE_LOOP('',(#217,#218,#219,#220,#221));
#2516=EDGE_LOOP('',(#222,#223,#224,#225,#226));
#2517=EDGE_LOOP('',(#227,#228,#229,#230));
#2518=EDGE_LOOP('',(#231,#232,#233,#234));
#2519=EDGE_LOOP('',(#235,#236,#237,#238,#239,#240,#241,#242));
#2520=EDGE_LOOP('',(#243,#244,#245,#246));
#2521=EDGE_LOOP('',(#247,#248,#249,#250));
#2522=EDGE_LOOP('',(#251,#252,#253,#254));
#2523=EDGE_LOOP('',(#255,#256,#257,#258,#259,#260,#261,#262));
#2524=EDGE_LOOP('',(#263,#264,#265,#266,#267,#268,#269,#270,#271,#272,#273,
#274,#275,#276,#277,#278,#279,#280));
#2525=EDGE_LOOP('',(#281,#282,#283,#284));
#2526=EDGE_LOOP('',(#285,#286,#287,#288));
#2527=EDGE_LOOP('',(#289,#290,#291,#292,#293,#294,#295,#296,#297,#298));
#2528=EDGE_LOOP('',(#299,#300,#301,#302,#303,#304,#305,#306));
#2529=EDGE_LOOP('',(#307,#308,#309,#310));
#2530=EDGE_LOOP('',(#311,#312,#313,#314));
#2531=EDGE_LOOP('',(#315,#316,#317,#318,#319,#320));
#2532=EDGE_LOOP('',(#321,#322,#323,#324,#325,#326,#327,#328,#329,#330));
#2533=EDGE_LOOP('',(#331,#332,#333,#334,#335,#336));
#2534=EDGE_LOOP('',(#337,#338,#339,#340,#341,#342,#343,#344));
#2535=EDGE_LOOP('',(#345,#346,#347,#348));
#2536=EDGE_LOOP('',(#349,#350,#351,#352));
#2537=EDGE_LOOP('',(#353,#354,#355,#356));
#2538=EDGE_LOOP('',(#357,#358,#359,#360));
#2539=EDGE_LOOP('',(#361,#362,#363,#364,#365,#366,#367,#368));
#2540=EDGE_LOOP('',(#369,#370,#371,#372));
#2541=EDGE_LOOP('',(#373,#374,#375,#376));
#2542=EDGE_LOOP('',(#377,#378,#379,#380));
#2543=EDGE_LOOP('',(#381,#382,#383,#384));
#2544=EDGE_LOOP('',(#385,#386,#387,#388));
#2545=EDGE_LOOP('',(#389,#390,#391,#392));
#2546=EDGE_LOOP('',(#393,#394,#395,#396));
#2547=EDGE_LOOP('',(#397,#398,#399,#400));
#2548=EDGE_LOOP('',(#401,#402,#403,#404));
#2549=EDGE_LOOP('',(#405,#406,#407,#408));
#2550=EDGE_LOOP('',(#409));
#2551=EDGE_LOOP('',(#410,#411,#412,#413));
#2552=EDGE_LOOP('',(#414,#415,#416,#417));
#2553=EDGE_LOOP('',(#418));
#2554=EDGE_LOOP('',(#419));
#2555=EDGE_LOOP('',(#420,#421,#422,#423));
#2556=EDGE_LOOP('',(#424,#425,#426,#427));
#2557=EDGE_LOOP('',(#428,#429,#430,#431));
#2558=EDGE_LOOP('',(#432,#433,#434,#435));
#2559=EDGE_LOOP('',(#436,#437,#438,#439));
#2560=EDGE_LOOP('',(#440));
#2561=EDGE_LOOP('',(#441));
#2562=EDGE_LOOP('',(#442,#443,#444,#445));
#2563=EDGE_LOOP('',(#446,#447,#448,#449));
#2564=EDGE_LOOP('',(#450,#451,#452,#453));
#2565=EDGE_LOOP('',(#454,#455,#456,#457));
#2566=EDGE_LOOP('',(#458,#459,#460,#461));
#2567=EDGE_LOOP('',(#462,#463,#464,#465));
#2568=EDGE_LOOP('',(#466,#467,#468,#469));
#2569=EDGE_LOOP('',(#470,#471,#472,#473,#474));
#2570=EDGE_LOOP('',(#475,#476,#477,#478,#479));
#2571=EDGE_LOOP('',(#480,#481,#482,#483));
#2572=EDGE_LOOP('',(#484,#485,#486,#487));
#2573=EDGE_LOOP('',(#488,#489,#490,#491));
#2574=EDGE_LOOP('',(#492,#493,#494,#495,#496));
#2575=EDGE_LOOP('',(#497,#498,#499,#500));
#2576=EDGE_LOOP('',(#501,#502,#503,#504));
#2577=EDGE_LOOP('',(#505));
#2578=EDGE_LOOP('',(#506,#507,#508,#509,#510,#511,#512,#513,#514,#515,#516,
#517,#518,#519,#520,#521,#522,#523));
#2579=EDGE_LOOP('',(#524,#525,#526,#527));
#2580=EDGE_LOOP('',(#528,#529,#530,#531,#532));
#2581=EDGE_LOOP('',(#533,#534,#535,#536));
#2582=EDGE_LOOP('',(#537,#538,#539,#540));
#2583=EDGE_LOOP('',(#541,#542,#543,#544,#545,#546,#547,#548,#549,#550,#551,
#552,#553,#554,#555,#556,#557,#558));
#2584=EDGE_LOOP('',(#559,#560,#561,#562));
#2585=EDGE_LOOP('',(#563,#564,#565,#566,#567,#568,#569,#570));
#2586=EDGE_LOOP('',(#571,#572,#573,#574));
#2587=EDGE_LOOP('',(#575,#576,#577,#578));
#2588=EDGE_LOOP('',(#579,#580,#581,#582));
#2589=EDGE_LOOP('',(#583,#584,#585,#586,#587,#588,#589,#590,#591,#592));
#2590=EDGE_LOOP('',(#593,#594,#595,#596));
#2591=EDGE_LOOP('',(#597,#598,#599,#600));
#2592=EDGE_LOOP('',(#601,#602,#603,#604));
#2593=EDGE_LOOP('',(#605,#606,#607,#608));
#2594=EDGE_LOOP('',(#609,#610,#611,#612,#613,#614));
#2595=EDGE_LOOP('',(#615,#616,#617,#618));
#2596=EDGE_LOOP('',(#619,#620,#621,#622,#623,#624));
#2597=EDGE_LOOP('',(#625,#626,#627,#628));
#2598=EDGE_LOOP('',(#629,#630,#631,#632));
#2599=EDGE_LOOP('',(#633,#634,#635,#636));
#2600=EDGE_LOOP('',(#637,#638,#639,#640,#641,#642,#643,#644));
#2601=EDGE_LOOP('',(#645,#646,#647,#648,#649));
#2602=EDGE_LOOP('',(#650,#651,#652,#653));
#2603=EDGE_LOOP('',(#654,#655,#656,#657));
#2604=EDGE_LOOP('',(#658,#659,#660,#661));
#2605=EDGE_LOOP('',(#662,#663,#664,#665,#666));
#2606=EDGE_LOOP('',(#667,#668,#669,#670,#671,#672,#673,#674));
#2607=EDGE_LOOP('',(#675,#676,#677,#678));
#2608=EDGE_LOOP('',(#679,#680,#681,#682));
#2609=EDGE_LOOP('',(#683,#684,#685,#686));
#2610=EDGE_LOOP('',(#687,#688,#689,#690,#691));
#2611=EDGE_LOOP('',(#692,#693,#694,#695));
#2612=EDGE_LOOP('',(#696,#697,#698,#699,#700));
#2613=EDGE_LOOP('',(#701,#702,#703,#704));
#2614=EDGE_LOOP('',(#705,#706,#707,#708));
#2615=EDGE_LOOP('',(#709,#710,#711,#712));
#2616=EDGE_LOOP('',(#713,#714,#715,#716));
#2617=EDGE_LOOP('',(#717,#718,#719,#720));
#2618=EDGE_LOOP('',(#721,#722,#723,#724));
#2619=EDGE_LOOP('',(#725,#726,#727,#728));
#2620=EDGE_LOOP('',(#729,#730,#731,#732));
#2621=EDGE_LOOP('',(#733,#734,#735,#736,#737,#738,#739,#740,#741,#742));
#2622=EDGE_LOOP('',(#743,#744,#745,#746,#747,#748,#749,#750));
#2623=EDGE_LOOP('',(#751,#752,#753,#754));
#2624=EDGE_LOOP('',(#755,#756,#757,#758));
#2625=EDGE_LOOP('',(#759,#760,#761,#762,#763,#764,#765,#766,#767,#768,#769,
#770));
#2626=EDGE_LOOP('',(#771,#772,#773,#774,#775,#776,#777,#778,#779,#780,#781,
#782,#783,#784,#785,#786));
#2627=EDGE_LOOP('',(#787,#788,#789,#790,#791,#792,#793,#794,#795,#796,#797,
#798,#799,#800,#801,#802));
#2628=EDGE_LOOP('',(#803,#804,#805,#806,#807,#808,#809,#810,#811,#812,#813,
#814));
#2629=EDGE_LOOP('',(#815,#816,#817,#818,#819,#820,#821,#822,#823,#824,#825,
#826));
#2630=EDGE_LOOP('',(#827,#828,#829,#830,#831,#832));
#2631=EDGE_LOOP('',(#833,#834,#835,#836));
#2632=EDGE_LOOP('',(#837,#838,#839,#840));
#2633=EDGE_LOOP('',(#841,#842,#843,#844));
#2634=EDGE_LOOP('',(#845,#846,#847,#848,#849,#850,#851,#852));
#2635=EDGE_LOOP('',(#853,#854,#855,#856,#857,#858));
#2636=EDGE_LOOP('',(#859,#860,#861,#862,#863,#864,#865,#866,#867,#868,#869,
#870));
#2637=EDGE_LOOP('',(#871,#872,#873,#874,#875,#876,#877,#878,#879,#880,#881,
#882,#883,#884,#885,#886,#887,#888,#889,#890));
#2638=EDGE_LOOP('',(#891,#892,#893,#894));
#2639=EDGE_LOOP('',(#895,#896,#897,#898));
#2640=EDGE_LOOP('',(#899,#900,#901,#902,#903));
#2641=EDGE_LOOP('',(#904,#905,#906,#907));
#2642=EDGE_LOOP('',(#908,#909,#910,#911,#912));
#2643=EDGE_LOOP('',(#913,#914,#915,#916));
#2644=EDGE_LOOP('',(#917,#918,#919,#920));
#2645=EDGE_LOOP('',(#921,#922,#923,#924));
#2646=EDGE_LOOP('',(#925,#926,#927,#928));
#2647=FACE_BOUND('',#2475,.T.);
#2648=FACE_BOUND('',#2476,.T.);
#2649=FACE_BOUND('',#2477,.T.);
#2650=FACE_BOUND('',#2478,.T.);
#2651=FACE_BOUND('',#2479,.T.);
#2652=FACE_BOUND('',#2480,.T.);
#2653=FACE_BOUND('',#2481,.T.);
#2654=FACE_BOUND('',#2482,.T.);
#2655=FACE_BOUND('',#2483,.T.);
#2656=FACE_BOUND('',#2484,.T.);
#2657=FACE_BOUND('',#2485,.T.);
#2658=FACE_BOUND('',#2486,.T.);
#2659=FACE_BOUND('',#2487,.T.);
#2660=FACE_BOUND('',#2488,.T.);
#2661=FACE_BOUND('',#2489,.T.);
#2662=FACE_BOUND('',#2490,.T.);
#2663=FACE_BOUND('',#2491,.T.);
#2664=FACE_BOUND('',#2492,.T.);
#2665=FACE_BOUND('',#2493,.T.);
#2666=FACE_BOUND('',#2494,.T.);
#2667=FACE_BOUND('',#2495,.T.);
#2668=FACE_BOUND('',#2496,.T.);
#2669=FACE_BOUND('',#2497,.T.);
#2670=FACE_BOUND('',#2498,.T.);
#2671=FACE_BOUND('',#2499,.T.);
#2672=FACE_BOUND('',#2500,.T.);
#2673=FACE_BOUND('',#2501,.T.);
#2674=FACE_BOUND('',#2502,.T.);
#2675=FACE_BOUND('',#2503,.T.);
#2676=FACE_BOUND('',#2504,.T.);
#2677=FACE_BOUND('',#2505,.T.);
#2678=FACE_BOUND('',#2506,.T.);
#2679=FACE_BOUND('',#2507,.T.);
#2680=FACE_BOUND('',#2508,.T.);
#2681=FACE_BOUND('',#2509,.T.);
#2682=FACE_BOUND('',#2510,.T.);
#2683=FACE_BOUND('',#2511,.T.);
#2684=FACE_BOUND('',#2512,.T.);
#2685=FACE_BOUND('',#2513,.T.);
#2686=FACE_BOUND('',#2514,.T.);
#2687=FACE_BOUND('',#2515,.T.);
#2688=FACE_BOUND('',#2516,.T.);
#2689=FACE_BOUND('',#2517,.T.);
#2690=FACE_BOUND('',#2518,.T.);
#2691=FACE_BOUND('',#2519,.T.);
#2692=FACE_BOUND('',#2520,.T.);
#2693=FACE_BOUND('',#2521,.T.);
#2694=FACE_BOUND('',#2522,.T.);
#2695=FACE_BOUND('',#2523,.T.);
#2696=FACE_BOUND('',#2524,.T.);
#2697=FACE_BOUND('',#2525,.T.);
#2698=FACE_BOUND('',#2526,.T.);
#2699=FACE_BOUND('',#2527,.T.);
#2700=FACE_BOUND('',#2528,.T.);
#2701=FACE_BOUND('',#2529,.T.);
#2702=FACE_BOUND('',#2530,.T.);
#2703=FACE_BOUND('',#2531,.T.);
#2704=FACE_BOUND('',#2532,.T.);
#2705=FACE_BOUND('',#2533,.T.);
#2706=FACE_BOUND('',#2534,.T.);
#2707=FACE_BOUND('',#2535,.T.);
#2708=FACE_BOUND('',#2536,.T.);
#2709=FACE_BOUND('',#2537,.T.);
#2710=FACE_BOUND('',#2538,.T.);
#2711=FACE_BOUND('',#2539,.T.);
#2712=FACE_BOUND('',#2540,.T.);
#2713=FACE_BOUND('',#2541,.T.);
#2714=FACE_BOUND('',#2542,.T.);
#2715=FACE_BOUND('',#2543,.T.);
#2716=FACE_BOUND('',#2544,.T.);
#2717=FACE_BOUND('',#2545,.T.);
#2718=FACE_BOUND('',#2546,.T.);
#2719=FACE_BOUND('',#2547,.T.);
#2720=FACE_BOUND('',#2548,.T.);
#2721=FACE_BOUND('',#2549,.T.);
#2722=FACE_BOUND('',#2550,.T.);
#2723=FACE_BOUND('',#2551,.T.);
#2724=FACE_BOUND('',#2552,.T.);
#2725=FACE_BOUND('',#2553,.T.);
#2726=FACE_BOUND('',#2554,.T.);
#2727=FACE_BOUND('',#2555,.T.);
#2728=FACE_BOUND('',#2556,.T.);
#2729=FACE_BOUND('',#2557,.T.);
#2730=FACE_BOUND('',#2558,.T.);
#2731=FACE_BOUND('',#2559,.T.);
#2732=FACE_BOUND('',#2560,.T.);
#2733=FACE_BOUND('',#2561,.T.);
#2734=FACE_BOUND('',#2562,.T.);
#2735=FACE_BOUND('',#2563,.T.);
#2736=FACE_BOUND('',#2564,.T.);
#2737=FACE_BOUND('',#2565,.T.);
#2738=FACE_BOUND('',#2566,.T.);
#2739=FACE_BOUND('',#2567,.T.);
#2740=FACE_BOUND('',#2568,.T.);
#2741=FACE_BOUND('',#2569,.T.);
#2742=FACE_BOUND('',#2570,.T.);
#2743=FACE_BOUND('',#2571,.T.);
#2744=FACE_BOUND('',#2572,.T.);
#2745=FACE_BOUND('',#2573,.T.);
#2746=FACE_BOUND('',#2574,.T.);
#2747=FACE_BOUND('',#2575,.T.);
#2748=FACE_BOUND('',#2576,.T.);
#2749=FACE_BOUND('',#2577,.T.);
#2750=FACE_BOUND('',#2578,.T.);
#2751=FACE_BOUND('',#2579,.T.);
#2752=FACE_BOUND('',#2580,.T.);
#2753=FACE_BOUND('',#2581,.T.);
#2754=FACE_BOUND('',#2582,.T.);
#2755=FACE_BOUND('',#2583,.T.);
#2756=FACE_BOUND('',#2584,.T.);
#2757=FACE_BOUND('',#2585,.T.);
#2758=FACE_BOUND('',#2586,.T.);
#2759=FACE_BOUND('',#2587,.T.);
#2760=FACE_BOUND('',#2588,.T.);
#2761=FACE_BOUND('',#2589,.T.);
#2762=FACE_BOUND('',#2590,.T.);
#2763=FACE_BOUND('',#2591,.T.);
#2764=FACE_BOUND('',#2592,.T.);
#2765=FACE_BOUND('',#2593,.T.);
#2766=FACE_BOUND('',#2594,.T.);
#2767=FACE_BOUND('',#2595,.T.);
#2768=FACE_BOUND('',#2596,.T.);
#2769=FACE_BOUND('',#2597,.T.);
#2770=FACE_BOUND('',#2598,.T.);
#2771=FACE_BOUND('',#2599,.T.);
#2772=FACE_BOUND('',#2600,.T.);
#2773=FACE_BOUND('',#2601,.T.);
#2774=FACE_BOUND('',#2602,.T.);
#2775=FACE_BOUND('',#2603,.T.);
#2776=FACE_BOUND('',#2604,.T.);
#2777=FACE_BOUND('',#2605,.T.);
#2778=FACE_BOUND('',#2606,.T.);
#2779=FACE_BOUND('',#2607,.T.);
#2780=FACE_BOUND('',#2608,.T.);
#2781=FACE_BOUND('',#2609,.T.);
#2782=FACE_BOUND('',#2610,.T.);
#2783=FACE_BOUND('',#2611,.T.);
#2784=FACE_BOUND('',#2612,.T.);
#2785=FACE_BOUND('',#2613,.T.);
#2786=FACE_BOUND('',#2614,.T.);
#2787=FACE_BOUND('',#2615,.T.);
#2788=FACE_BOUND('',#2616,.T.);
#2789=FACE_BOUND('',#2617,.T.);
#2790=FACE_BOUND('',#2618,.T.);
#2791=FACE_BOUND('',#2619,.T.);
#2792=FACE_BOUND('',#2620,.T.);
#2793=FACE_BOUND('',#2621,.T.);
#2794=FACE_BOUND('',#2622,.T.);
#2795=FACE_BOUND('',#2623,.T.);
#2796=FACE_BOUND('',#2624,.T.);
#2797=FACE_BOUND('',#2625,.T.);
#2798=FACE_BOUND('',#2626,.T.);
#2799=FACE_BOUND('',#2627,.T.);
#2800=FACE_BOUND('',#2628,.T.);
#2801=FACE_BOUND('',#2629,.T.);
#2802=FACE_BOUND('',#2630,.T.);
#2803=FACE_BOUND('',#2631,.T.);
#2804=FACE_BOUND('',#2632,.T.);
#2805=FACE_BOUND('',#2633,.T.);
#2806=FACE_BOUND('',#2634,.T.);
#2807=FACE_BOUND('',#2635,.T.);
#2808=FACE_BOUND('',#2636,.T.);
#2809=FACE_BOUND('',#2637,.T.);
#2810=FACE_BOUND('',#2638,.T.);
#2811=FACE_BOUND('',#2639,.T.);
#2812=FACE_BOUND('',#2640,.T.);
#2813=FACE_BOUND('',#2641,.T.);
#2814=FACE_BOUND('',#2642,.T.);
#2815=FACE_BOUND('',#2643,.T.);
#2816=FACE_BOUND('',#2644,.T.);
#2817=FACE_BOUND('',#2645,.T.);
#2818=FACE_BOUND('',#2646,.T.);
#2819=PLANE('',#4271);
#2820=PLANE('',#4273);
#2821=PLANE('',#4280);
#2822=PLANE('',#4281);
#2823=PLANE('',#4282);
#2824=PLANE('',#4283);
#2825=PLANE('',#4284);
#2826=PLANE('',#4285);
#2827=PLANE('',#4286);
#2828=PLANE('',#4289);
#2829=PLANE('',#4290);
#2830=PLANE('',#4294);
#2831=PLANE('',#4295);
#2832=PLANE('',#4296);
#2833=PLANE('',#4300);
#2834=PLANE('',#4301);
#2835=PLANE('',#4304);
#2836=PLANE('',#4305);
#2837=PLANE('',#4306);
#2838=PLANE('',#4307);
#2839=PLANE('',#4308);
#2840=PLANE('',#4309);
#2841=PLANE('',#4310);
#2842=PLANE('',#4311);
#2843=PLANE('',#4312);
#2844=PLANE('',#4313);
#2845=PLANE('',#4314);
#2846=PLANE('',#4315);
#2847=PLANE('',#4316);
#2848=PLANE('',#4317);
#2849=PLANE('',#4318);
#2850=PLANE('',#4319);
#2851=PLANE('',#4320);
#2852=PLANE('',#4321);
#2853=PLANE('',#4322);
#2854=PLANE('',#4323);
#2855=PLANE('',#4324);
#2856=PLANE('',#4325);
#2857=PLANE('',#4326);
#2858=PLANE('',#4327);
#2859=PLANE('',#4328);
#2860=PLANE('',#4329);
#2861=PLANE('',#4330);
#2862=PLANE('',#4331);
#2863=PLANE('',#4332);
#2864=PLANE('',#4333);
#2865=PLANE('',#4334);
#2866=PLANE('',#4335);
#2867=PLANE('',#4336);
#2868=PLANE('',#4337);
#2869=PLANE('',#4338);
#2870=PLANE('',#4339);
#2871=PLANE('',#4340);
#2872=PLANE('',#4341);
#2873=PLANE('',#4342);
#2874=PLANE('',#4343);
#2875=PLANE('',#4344);
#2876=PLANE('',#4345);
#2877=PLANE('',#4346);
#2878=PLANE('',#4347);
#2879=PLANE('',#4348);
#2880=PLANE('',#4349);
#2881=PLANE('',#4350);
#2882=PLANE('',#4351);
#2883=PLANE('',#4352);
#2884=PLANE('',#4353);
#2885=PLANE('',#4355);
#2886=PLANE('',#4358);
#2887=PLANE('',#4359);
#2888=PLANE('',#4360);
#2889=PLANE('',#4361);
#2890=PLANE('',#4373);
#2891=PLANE('',#4374);
#2892=PLANE('',#4375);
#2893=PLANE('',#4379);
#2894=PLANE('',#4380);
#2895=PLANE('',#4381);
#2896=PLANE('',#4382);
#2897=PLANE('',#4383);
#2898=PLANE('',#4384);
#2899=PLANE('',#4385);
#2900=PLANE('',#4386);
#2901=PLANE('',#4387);
#2902=PLANE('',#4388);
#2903=PLANE('',#4389);
#2904=PLANE('',#4390);
#2905=PLANE('',#4391);
#2906=PLANE('',#4392);
#2907=PLANE('',#4393);
#2908=PLANE('',#4394);
#2909=PLANE('',#4395);
#2910=PLANE('',#4396);
#2911=PLANE('',#4397);
#2912=PLANE('',#4398);
#2913=PLANE('',#4399);
#2914=PLANE('',#4400);
#2915=PLANE('',#4401);
#2916=PLANE('',#4402);
#2917=PLANE('',#4403);
#2918=PLANE('',#4404);
#2919=PLANE('',#4405);
#2920=PLANE('',#4406);
#2921=PLANE('',#4407);
#2922=PLANE('',#4408);
#2923=PLANE('',#4409);
#2924=PLANE('',#4410);
#2925=PLANE('',#4411);
#2926=PLANE('',#4412);
#2927=PLANE('',#4413);
#2928=PLANE('',#4414);
#2929=PLANE('',#4415);
#2930=PLANE('',#4416);
#2931=PLANE('',#4417);
#2932=PLANE('',#4418);
#2933=PLANE('',#4419);
#2934=PLANE('',#4420);
#2935=PLANE('',#4421);
#2936=PLANE('',#4422);
#2937=PLANE('',#4423);
#2938=PLANE('',#4424);
#2939=PLANE('',#4425);
#2940=PLANE('',#4426);
#2941=PLANE('',#4427);
#2942=PLANE('',#4428);
#2943=PLANE('',#4432);
#2944=PLANE('',#4433);
#2945=PLANE('',#4434);
#2946=PLANE('',#4435);
#2947=PLANE('',#4436);
#2948=PLANE('',#4437);
#2949=PLANE('',#4438);
#2950=PLANE('',#4439);
#2951=PLANE('',#4440);
#2952=PLANE('',#4441);
#2953=PLANE('',#4442);
#2954=PLANE('',#4443);
#2955=PLANE('',#4444);
#2956=PLANE('',#4445);
#2957=PLANE('',#4446);
#2958=PLANE('',#4447);
#2959=PLANE('',#4448);
#2960=PLANE('',#4449);
#2961=PLANE('',#4450);
#2962=PLANE('',#4451);
#2963=PLANE('',#4452);
#2964=PLANE('',#4453);
#2965=PLANE('',#4454);
#2966=PLANE('',#4455);
#2967=PLANE('',#4456);
#2968=STYLED_ITEM('',(#3130),#4104);
#2969=STYLED_ITEM('',(#3131),#4105);
#2970=STYLED_ITEM('',(#3132),#4106);
#2971=STYLED_ITEM('',(#3133),#4107);
#2972=STYLED_ITEM('',(#3134),#4108);
#2973=STYLED_ITEM('',(#3135),#4109);
#2974=STYLED_ITEM('',(#3136),#4110);
#2975=STYLED_ITEM('',(#3137),#4111);
#2976=STYLED_ITEM('',(#3138),#4112);
#2977=STYLED_ITEM('',(#3139),#4113);
#2978=STYLED_ITEM('',(#3140),#4114);
#2979=STYLED_ITEM('',(#3141),#4115);
#2980=STYLED_ITEM('',(#3142),#4116);
#2981=STYLED_ITEM('',(#3143),#4117);
#2982=STYLED_ITEM('',(#3144),#4118);
#2983=STYLED_ITEM('',(#3145),#4119);
#2984=STYLED_ITEM('',(#3146),#4120);
#2985=STYLED_ITEM('',(#3147),#4121);
#2986=STYLED_ITEM('',(#3148),#4122);
#2987=STYLED_ITEM('',(#3149),#4123);
#2988=STYLED_ITEM('',(#3150),#4124);
#2989=STYLED_ITEM('',(#3151),#4125);
#2990=STYLED_ITEM('',(#3152),#4126);
#2991=STYLED_ITEM('',(#3153),#4127);
#2992=STYLED_ITEM('',(#3154),#4128);
#2993=STYLED_ITEM('',(#3155),#4129);
#2994=STYLED_ITEM('',(#3156),#4130);
#2995=STYLED_ITEM('',(#3157),#4131);
#2996=STYLED_ITEM('',(#3158),#4132);
#2997=STYLED_ITEM('',(#3159),#4133);
#2998=STYLED_ITEM('',(#3160),#4134);
#2999=STYLED_ITEM('',(#3161),#4135);
#3000=STYLED_ITEM('',(#3162),#4136);
#3001=STYLED_ITEM('',(#3163),#4137);
#3002=STYLED_ITEM('',(#3164),#4138);
#3003=STYLED_ITEM('',(#3165),#4139);
#3004=STYLED_ITEM('',(#3166),#4140);
#3005=STYLED_ITEM('',(#3167),#4141);
#3006=STYLED_ITEM('',(#3168),#4142);
#3007=STYLED_ITEM('',(#3169),#4143);
#3008=STYLED_ITEM('',(#3170),#4144);
#3009=STYLED_ITEM('',(#3171),#4145);
#3010=STYLED_ITEM('',(#3172),#4146);
#3011=STYLED_ITEM('',(#3173),#4147);
#3012=STYLED_ITEM('',(#3174),#4148);
#3013=STYLED_ITEM('',(#3175),#4149);
#3014=STYLED_ITEM('',(#3176),#4150);
#3015=STYLED_ITEM('',(#3177),#4151);
#3016=STYLED_ITEM('',(#3178),#4152);
#3017=STYLED_ITEM('',(#3179),#4153);
#3018=STYLED_ITEM('',(#3180),#4154);
#3019=STYLED_ITEM('',(#3181),#4155);
#3020=STYLED_ITEM('',(#3182),#4156);
#3021=STYLED_ITEM('',(#3183),#4157);
#3022=STYLED_ITEM('',(#3184),#4158);
#3023=STYLED_ITEM('',(#3185),#4159);
#3024=STYLED_ITEM('',(#3186),#4160);
#3025=STYLED_ITEM('',(#3187),#4161);
#3026=STYLED_ITEM('',(#3188),#4162);
#3027=STYLED_ITEM('',(#3189),#4163);
#3028=STYLED_ITEM('',(#3190),#4164);
#3029=STYLED_ITEM('',(#3191),#4165);
#3030=STYLED_ITEM('',(#3192),#4166);
#3031=STYLED_ITEM('',(#3193),#4167);
#3032=STYLED_ITEM('',(#3194),#4168);
#3033=STYLED_ITEM('',(#3195),#4169);
#3034=STYLED_ITEM('',(#3196),#4170);
#3035=STYLED_ITEM('',(#3197),#4171);
#3036=STYLED_ITEM('',(#3198),#4172);
#3037=STYLED_ITEM('',(#3199),#4173);
#3038=STYLED_ITEM('',(#3200),#4174);
#3039=STYLED_ITEM('',(#3201),#4175);
#3040=STYLED_ITEM('',(#3202),#4176);
#3041=STYLED_ITEM('',(#3203),#4177);
#3042=STYLED_ITEM('',(#3204),#4178);
#3043=STYLED_ITEM('',(#3205),#4179);
#3044=STYLED_ITEM('',(#3206),#4180);
#3045=STYLED_ITEM('',(#3207),#4181);
#3046=STYLED_ITEM('',(#3208),#4182);
#3047=STYLED_ITEM('',(#3209),#4183);
#3048=STYLED_ITEM('',(#3210),#4184);
#3049=STYLED_ITEM('',(#3211),#4185);
#3050=STYLED_ITEM('',(#3212),#4186);
#3051=STYLED_ITEM('',(#3213),#4187);
#3052=STYLED_ITEM('',(#3214),#4188);
#3053=STYLED_ITEM('',(#3215),#4189);
#3054=STYLED_ITEM('',(#3216),#4190);
#3055=STYLED_ITEM('',(#3217),#4191);
#3056=STYLED_ITEM('',(#3218),#4192);
#3057=STYLED_ITEM('',(#3219),#4193);
#3058=STYLED_ITEM('',(#3220),#4194);
#3059=STYLED_ITEM('',(#3221),#4195);
#3060=STYLED_ITEM('',(#3222),#4196);
#3061=STYLED_ITEM('',(#3223),#4197);
#3062=STYLED_ITEM('',(#3224),#4198);
#3063=STYLED_ITEM('',(#3225),#4199);
#3064=STYLED_ITEM('',(#3226),#4200);
#3065=STYLED_ITEM('',(#3227),#4201);
#3066=STYLED_ITEM('',(#3228),#4202);
#3067=STYLED_ITEM('',(#3229),#4203);
#3068=STYLED_ITEM('',(#3230),#4204);
#3069=STYLED_ITEM('',(#3231),#4205);
#3070=STYLED_ITEM('',(#3232),#4206);
#3071=STYLED_ITEM('',(#3233),#4207);
#3072=STYLED_ITEM('',(#3234),#4208);
#3073=STYLED_ITEM('',(#3235),#4209);
#3074=STYLED_ITEM('',(#3236),#4210);
#3075=STYLED_ITEM('',(#3237),#4211);
#3076=STYLED_ITEM('',(#3238),#4212);
#3077=STYLED_ITEM('',(#3239),#4213);
#3078=STYLED_ITEM('',(#3240),#4214);
#3079=STYLED_ITEM('',(#3241),#4215);
#3080=STYLED_ITEM('',(#3242),#4216);
#3081=STYLED_ITEM('',(#3243),#4217);
#3082=STYLED_ITEM('',(#3244),#4218);
#3083=STYLED_ITEM('',(#3245),#4219);
#3084=STYLED_ITEM('',(#3246),#4220);
#3085=STYLED_ITEM('',(#3247),#4221);
#3086=STYLED_ITEM('',(#3248),#4222);
#3087=STYLED_ITEM('',(#3249),#4223);
#3088=STYLED_ITEM('',(#3250),#4224);
#3089=STYLED_ITEM('',(#3251),#4225);
#3090=STYLED_ITEM('',(#3252),#4226);
#3091=STYLED_ITEM('',(#3253),#4227);
#3092=STYLED_ITEM('',(#3254),#4228);
#3093=STYLED_ITEM('',(#3255),#4229);
#3094=STYLED_ITEM('',(#3256),#4230);
#3095=STYLED_ITEM('',(#3257),#4231);
#3096=STYLED_ITEM('',(#3258),#4232);
#3097=STYLED_ITEM('',(#3259),#4233);
#3098=STYLED_ITEM('',(#3260),#4234);
#3099=STYLED_ITEM('',(#3261),#4235);
#3100=STYLED_ITEM('',(#3262),#4236);
#3101=STYLED_ITEM('',(#3263),#4237);
#3102=STYLED_ITEM('',(#3264),#4238);
#3103=STYLED_ITEM('',(#3265),#4239);
#3104=STYLED_ITEM('',(#3266),#4240);
#3105=STYLED_ITEM('',(#3267),#4241);
#3106=STYLED_ITEM('',(#3268),#4242);
#3107=STYLED_ITEM('',(#3269),#4243);
#3108=STYLED_ITEM('',(#3270),#4244);
#3109=STYLED_ITEM('',(#3271),#4245);
#3110=STYLED_ITEM('',(#3272),#4246);
#3111=STYLED_ITEM('',(#3273),#4247);
#3112=STYLED_ITEM('',(#3274),#4248);
#3113=STYLED_ITEM('',(#3275),#4249);
#3114=STYLED_ITEM('',(#3276),#4250);
#3115=STYLED_ITEM('',(#3277),#4251);
#3116=STYLED_ITEM('',(#3278),#4252);
#3117=STYLED_ITEM('',(#3279),#4253);
#3118=STYLED_ITEM('',(#3280),#4254);
#3119=STYLED_ITEM('',(#3281),#4255);
#3120=STYLED_ITEM('',(#3282),#4256);
#3121=STYLED_ITEM('',(#3283),#4257);
#3122=STYLED_ITEM('',(#3284),#4258);
#3123=STYLED_ITEM('',(#3285),#4259);
#3124=STYLED_ITEM('',(#3286),#4260);
#3125=STYLED_ITEM('',(#3287),#4261);
#3126=STYLED_ITEM('',(#3288),#4262);
#3127=STYLED_ITEM('',(#3289),#4263);
#3128=STYLED_ITEM('',(#3290),#4264);
#3129=STYLED_ITEM('',(#3291),#4265);
#3130=PRESENTATION_STYLE_ASSIGNMENT((#3292));
#3131=PRESENTATION_STYLE_ASSIGNMENT((#3293));
#3132=PRESENTATION_STYLE_ASSIGNMENT((#3294));
#3133=PRESENTATION_STYLE_ASSIGNMENT((#3295));
#3134=PRESENTATION_STYLE_ASSIGNMENT((#3296));
#3135=PRESENTATION_STYLE_ASSIGNMENT((#3297));
#3136=PRESENTATION_STYLE_ASSIGNMENT((#3298));
#3137=PRESENTATION_STYLE_ASSIGNMENT((#3299));
#3138=PRESENTATION_STYLE_ASSIGNMENT((#3300));
#3139=PRESENTATION_STYLE_ASSIGNMENT((#3301));
#3140=PRESENTATION_STYLE_ASSIGNMENT((#3302));
#3141=PRESENTATION_STYLE_ASSIGNMENT((#3303));
#3142=PRESENTATION_STYLE_ASSIGNMENT((#3304));
#3143=PRESENTATION_STYLE_ASSIGNMENT((#3305));
#3144=PRESENTATION_STYLE_ASSIGNMENT((#3306));
#3145=PRESENTATION_STYLE_ASSIGNMENT((#3307));
#3146=PRESENTATION_STYLE_ASSIGNMENT((#3308));
#3147=PRESENTATION_STYLE_ASSIGNMENT((#3309));
#3148=PRESENTATION_STYLE_ASSIGNMENT((#3310));
#3149=PRESENTATION_STYLE_ASSIGNMENT((#3311));
#3150=PRESENTATION_STYLE_ASSIGNMENT((#3312));
#3151=PRESENTATION_STYLE_ASSIGNMENT((#3313));
#3152=PRESENTATION_STYLE_ASSIGNMENT((#3314));
#3153=PRESENTATION_STYLE_ASSIGNMENT((#3315));
#3154=PRESENTATION_STYLE_ASSIGNMENT((#3316));
#3155=PRESENTATION_STYLE_ASSIGNMENT((#3317));
#3156=PRESENTATION_STYLE_ASSIGNMENT((#3318));
#3157=PRESENTATION_STYLE_ASSIGNMENT((#3319));
#3158=PRESENTATION_STYLE_ASSIGNMENT((#3320));
#3159=PRESENTATION_STYLE_ASSIGNMENT((#3321));
#3160=PRESENTATION_STYLE_ASSIGNMENT((#3322));
#3161=PRESENTATION_STYLE_ASSIGNMENT((#3323));
#3162=PRESENTATION_STYLE_ASSIGNMENT((#3324));
#3163=PRESENTATION_STYLE_ASSIGNMENT((#3325));
#3164=PRESENTATION_STYLE_ASSIGNMENT((#3326));
#3165=PRESENTATION_STYLE_ASSIGNMENT((#3327));
#3166=PRESENTATION_STYLE_ASSIGNMENT((#3328));
#3167=PRESENTATION_STYLE_ASSIGNMENT((#3329));
#3168=PRESENTATION_STYLE_ASSIGNMENT((#3330));
#3169=PRESENTATION_STYLE_ASSIGNMENT((#3331));
#3170=PRESENTATION_STYLE_ASSIGNMENT((#3332));
#3171=PRESENTATION_STYLE_ASSIGNMENT((#3333));
#3172=PRESENTATION_STYLE_ASSIGNMENT((#3334));
#3173=PRESENTATION_STYLE_ASSIGNMENT((#3335));
#3174=PRESENTATION_STYLE_ASSIGNMENT((#3336));
#3175=PRESENTATION_STYLE_ASSIGNMENT((#3337));
#3176=PRESENTATION_STYLE_ASSIGNMENT((#3338));
#3177=PRESENTATION_STYLE_ASSIGNMENT((#3339));
#3178=PRESENTATION_STYLE_ASSIGNMENT((#3340));
#3179=PRESENTATION_STYLE_ASSIGNMENT((#3341));
#3180=PRESENTATION_STYLE_ASSIGNMENT((#3342));
#3181=PRESENTATION_STYLE_ASSIGNMENT((#3343));
#3182=PRESENTATION_STYLE_ASSIGNMENT((#3344));
#3183=PRESENTATION_STYLE_ASSIGNMENT((#3345));
#3184=PRESENTATION_STYLE_ASSIGNMENT((#3346));
#3185=PRESENTATION_STYLE_ASSIGNMENT((#3347));
#3186=PRESENTATION_STYLE_ASSIGNMENT((#3348));
#3187=PRESENTATION_STYLE_ASSIGNMENT((#3349));
#3188=PRESENTATION_STYLE_ASSIGNMENT((#3350));
#3189=PRESENTATION_STYLE_ASSIGNMENT((#3351));
#3190=PRESENTATION_STYLE_ASSIGNMENT((#3352));
#3191=PRESENTATION_STYLE_ASSIGNMENT((#3353));
#3192=PRESENTATION_STYLE_ASSIGNMENT((#3354));
#3193=PRESENTATION_STYLE_ASSIGNMENT((#3355));
#3194=PRESENTATION_STYLE_ASSIGNMENT((#3356));
#3195=PRESENTATION_STYLE_ASSIGNMENT((#3357));
#3196=PRESENTATION_STYLE_ASSIGNMENT((#3358));
#3197=PRESENTATION_STYLE_ASSIGNMENT((#3359));
#3198=PRESENTATION_STYLE_ASSIGNMENT((#3360));
#3199=PRESENTATION_STYLE_ASSIGNMENT((#3361));
#3200=PRESENTATION_STYLE_ASSIGNMENT((#3362));
#3201=PRESENTATION_STYLE_ASSIGNMENT((#3363));
#3202=PRESENTATION_STYLE_ASSIGNMENT((#3364));
#3203=PRESENTATION_STYLE_ASSIGNMENT((#3365));
#3204=PRESENTATION_STYLE_ASSIGNMENT((#3366));
#3205=PRESENTATION_STYLE_ASSIGNMENT((#3367));
#3206=PRESENTATION_STYLE_ASSIGNMENT((#3368));
#3207=PRESENTATION_STYLE_ASSIGNMENT((#3369));
#3208=PRESENTATION_STYLE_ASSIGNMENT((#3370));
#3209=PRESENTATION_STYLE_ASSIGNMENT((#3371));
#3210=PRESENTATION_STYLE_ASSIGNMENT((#3372));
#3211=PRESENTATION_STYLE_ASSIGNMENT((#3373));
#3212=PRESENTATION_STYLE_ASSIGNMENT((#3374));
#3213=PRESENTATION_STYLE_ASSIGNMENT((#3375));
#3214=PRESENTATION_STYLE_ASSIGNMENT((#3376));
#3215=PRESENTATION_STYLE_ASSIGNMENT((#3377));
#3216=PRESENTATION_STYLE_ASSIGNMENT((#3378));
#3217=PRESENTATION_STYLE_ASSIGNMENT((#3379));
#3218=PRESENTATION_STYLE_ASSIGNMENT((#3380));
#3219=PRESENTATION_STYLE_ASSIGNMENT((#3381));
#3220=PRESENTATION_STYLE_ASSIGNMENT((#3382));
#3221=PRESENTATION_STYLE_ASSIGNMENT((#3383));
#3222=PRESENTATION_STYLE_ASSIGNMENT((#3384));
#3223=PRESENTATION_STYLE_ASSIGNMENT((#3385));
#3224=PRESENTATION_STYLE_ASSIGNMENT((#3386));
#3225=PRESENTATION_STYLE_ASSIGNMENT((#3387));
#3226=PRESENTATION_STYLE_ASSIGNMENT((#3388));
#3227=PRESENTATION_STYLE_ASSIGNMENT((#3389));
#3228=PRESENTATION_STYLE_ASSIGNMENT((#3390));
#3229=PRESENTATION_STYLE_ASSIGNMENT((#3391));
#3230=PRESENTATION_STYLE_ASSIGNMENT((#3392));
#3231=PRESENTATION_STYLE_ASSIGNMENT((#3393));
#3232=PRESENTATION_STYLE_ASSIGNMENT((#3394));
#3233=PRESENTATION_STYLE_ASSIGNMENT((#3395));
#3234=PRESENTATION_STYLE_ASSIGNMENT((#3396));
#3235=PRESENTATION_STYLE_ASSIGNMENT((#3397));
#3236=PRESENTATION_STYLE_ASSIGNMENT((#3398));
#3237=PRESENTATION_STYLE_ASSIGNMENT((#3399));
#3238=PRESENTATION_STYLE_ASSIGNMENT((#3400));
#3239=PRESENTATION_STYLE_ASSIGNMENT((#3401));
#3240=PRESENTATION_STYLE_ASSIGNMENT((#3402));
#3241=PRESENTATION_STYLE_ASSIGNMENT((#3403));
#3242=PRESENTATION_STYLE_ASSIGNMENT((#3404));
#3243=PRESENTATION_STYLE_ASSIGNMENT((#3405));
#3244=PRESENTATION_STYLE_ASSIGNMENT((#3406));
#3245=PRESENTATION_STYLE_ASSIGNMENT((#3407));
#3246=PRESENTATION_STYLE_ASSIGNMENT((#3408));
#3247=PRESENTATION_STYLE_ASSIGNMENT((#3409));
#3248=PRESENTATION_STYLE_ASSIGNMENT((#3410));
#3249=PRESENTATION_STYLE_ASSIGNMENT((#3411));
#3250=PRESENTATION_STYLE_ASSIGNMENT((#3412));
#3251=PRESENTATION_STYLE_ASSIGNMENT((#3413));
#3252=PRESENTATION_STYLE_ASSIGNMENT((#3414));
#3253=PRESENTATION_STYLE_ASSIGNMENT((#3415));
#3254=PRESENTATION_STYLE_ASSIGNMENT((#3416));
#3255=PRESENTATION_STYLE_ASSIGNMENT((#3417));
#3256=PRESENTATION_STYLE_ASSIGNMENT((#3418));
#3257=PRESENTATION_STYLE_ASSIGNMENT((#3419));
#3258=PRESENTATION_STYLE_ASSIGNMENT((#3420));
#3259=PRESENTATION_STYLE_ASSIGNMENT((#3421));
#3260=PRESENTATION_STYLE_ASSIGNMENT((#3422));
#3261=PRESENTATION_STYLE_ASSIGNMENT((#3423));
#3262=PRESENTATION_STYLE_ASSIGNMENT((#3424));
#3263=PRESENTATION_STYLE_ASSIGNMENT((#3425));
#3264=PRESENTATION_STYLE_ASSIGNMENT((#3426));
#3265=PRESENTATION_STYLE_ASSIGNMENT((#3427));
#3266=PRESENTATION_STYLE_ASSIGNMENT((#3428));
#3267=PRESENTATION_STYLE_ASSIGNMENT((#3429));
#3268=PRESENTATION_STYLE_ASSIGNMENT((#3430));
#3269=PRESENTATION_STYLE_ASSIGNMENT((#3431));
#3270=PRESENTATION_STYLE_ASSIGNMENT((#3432));
#3271=PRESENTATION_STYLE_ASSIGNMENT((#3433));
#3272=PRESENTATION_STYLE_ASSIGNMENT((#3434));
#3273=PRESENTATION_STYLE_ASSIGNMENT((#3435));
#3274=PRESENTATION_STYLE_ASSIGNMENT((#3436));
#3275=PRESENTATION_STYLE_ASSIGNMENT((#3437));
#3276=PRESENTATION_STYLE_ASSIGNMENT((#3438));
#3277=PRESENTATION_STYLE_ASSIGNMENT((#3439));
#3278=PRESENTATION_STYLE_ASSIGNMENT((#3440));
#3279=PRESENTATION_STYLE_ASSIGNMENT((#3441));
#3280=PRESENTATION_STYLE_ASSIGNMENT((#3442));
#3281=PRESENTATION_STYLE_ASSIGNMENT((#3443));
#3282=PRESENTATION_STYLE_ASSIGNMENT((#3444));
#3283=PRESENTATION_STYLE_ASSIGNMENT((#3445));
#3284=PRESENTATION_STYLE_ASSIGNMENT((#3446));
#3285=PRESENTATION_STYLE_ASSIGNMENT((#3447));
#3286=PRESENTATION_STYLE_ASSIGNMENT((#3448));
#3287=PRESENTATION_STYLE_ASSIGNMENT((#3449));
#3288=PRESENTATION_STYLE_ASSIGNMENT((#3450));
#3289=PRESENTATION_STYLE_ASSIGNMENT((#3451));
#3290=PRESENTATION_STYLE_ASSIGNMENT((#3452));
#3291=PRESENTATION_STYLE_ASSIGNMENT((#3453));
#3292=SURFACE_STYLE_USAGE(.BOTH.,#3454);
#3293=SURFACE_STYLE_USAGE(.BOTH.,#3455);
#3294=SURFACE_STYLE_USAGE(.BOTH.,#3456);
#3295=SURFACE_STYLE_USAGE(.BOTH.,#3457);
#3296=SURFACE_STYLE_USAGE(.BOTH.,#3458);
#3297=SURFACE_STYLE_USAGE(.BOTH.,#3459);
#3298=SURFACE_STYLE_USAGE(.BOTH.,#3460);
#3299=SURFACE_STYLE_USAGE(.BOTH.,#3461);
#3300=SURFACE_STYLE_USAGE(.BOTH.,#3462);
#3301=SURFACE_STYLE_USAGE(.BOTH.,#3463);
#3302=SURFACE_STYLE_USAGE(.BOTH.,#3464);
#3303=SURFACE_STYLE_USAGE(.BOTH.,#3465);
#3304=SURFACE_STYLE_USAGE(.BOTH.,#3466);
#3305=SURFACE_STYLE_USAGE(.BOTH.,#3467);
#3306=SURFACE_STYLE_USAGE(.BOTH.,#3468);
#3307=SURFACE_STYLE_USAGE(.BOTH.,#3469);
#3308=SURFACE_STYLE_USAGE(.BOTH.,#3470);
#3309=SURFACE_STYLE_USAGE(.BOTH.,#3471);
#3310=SURFACE_STYLE_USAGE(.BOTH.,#3472);
#3311=SURFACE_STYLE_USAGE(.BOTH.,#3473);
#3312=SURFACE_STYLE_USAGE(.BOTH.,#3474);
#3313=SURFACE_STYLE_USAGE(.BOTH.,#3475);
#3314=SURFACE_STYLE_USAGE(.BOTH.,#3476);
#3315=SURFACE_STYLE_USAGE(.BOTH.,#3477);
#3316=SURFACE_STYLE_USAGE(.BOTH.,#3478);
#3317=SURFACE_STYLE_USAGE(.BOTH.,#3479);
#3318=SURFACE_STYLE_USAGE(.BOTH.,#3480);
#3319=SURFACE_STYLE_USAGE(.BOTH.,#3481);
#3320=SURFACE_STYLE_USAGE(.BOTH.,#3482);
#3321=SURFACE_STYLE_USAGE(.BOTH.,#3483);
#3322=SURFACE_STYLE_USAGE(.BOTH.,#3484);
#3323=SURFACE_STYLE_USAGE(.BOTH.,#3485);
#3324=SURFACE_STYLE_USAGE(.BOTH.,#3486);
#3325=SURFACE_STYLE_USAGE(.BOTH.,#3487);
#3326=SURFACE_STYLE_USAGE(.BOTH.,#3488);
#3327=SURFACE_STYLE_USAGE(.BOTH.,#3489);
#3328=SURFACE_STYLE_USAGE(.BOTH.,#3490);
#3329=SURFACE_STYLE_USAGE(.BOTH.,#3491);
#3330=SURFACE_STYLE_USAGE(.BOTH.,#3492);
#3331=SURFACE_STYLE_USAGE(.BOTH.,#3493);
#3332=SURFACE_STYLE_USAGE(.BOTH.,#3494);
#3333=SURFACE_STYLE_USAGE(.BOTH.,#3495);
#3334=SURFACE_STYLE_USAGE(.BOTH.,#3496);
#3335=SURFACE_STYLE_USAGE(.BOTH.,#3497);
#3336=SURFACE_STYLE_USAGE(.BOTH.,#3498);
#3337=SURFACE_STYLE_USAGE(.BOTH.,#3499);
#3338=SURFACE_STYLE_USAGE(.BOTH.,#3500);
#3339=SURFACE_STYLE_USAGE(.BOTH.,#3501);
#3340=SURFACE_STYLE_USAGE(.BOTH.,#3502);
#3341=SURFACE_STYLE_USAGE(.BOTH.,#3503);
#3342=SURFACE_STYLE_USAGE(.BOTH.,#3504);
#3343=SURFACE_STYLE_USAGE(.BOTH.,#3505);
#3344=SURFACE_STYLE_USAGE(.BOTH.,#3506);
#3345=SURFACE_STYLE_USAGE(.BOTH.,#3507);
#3346=SURFACE_STYLE_USAGE(.BOTH.,#3508);
#3347=SURFACE_STYLE_USAGE(.BOTH.,#3509);
#3348=SURFACE_STYLE_USAGE(.BOTH.,#3510);
#3349=SURFACE_STYLE_USAGE(.BOTH.,#3511);
#3350=SURFACE_STYLE_USAGE(.BOTH.,#3512);
#3351=SURFACE_STYLE_USAGE(.BOTH.,#3513);
#3352=SURFACE_STYLE_USAGE(.BOTH.,#3514);
#3353=SURFACE_STYLE_USAGE(.BOTH.,#3515);
#3354=SURFACE_STYLE_USAGE(.BOTH.,#3516);
#3355=SURFACE_STYLE_USAGE(.BOTH.,#3517);
#3356=SURFACE_STYLE_USAGE(.BOTH.,#3518);
#3357=SURFACE_STYLE_USAGE(.BOTH.,#3519);
#3358=SURFACE_STYLE_USAGE(.BOTH.,#3520);
#3359=SURFACE_STYLE_USAGE(.BOTH.,#3521);
#3360=SURFACE_STYLE_USAGE(.BOTH.,#3522);
#3361=SURFACE_STYLE_USAGE(.BOTH.,#3523);
#3362=SURFACE_STYLE_USAGE(.BOTH.,#3524);
#3363=SURFACE_STYLE_USAGE(.BOTH.,#3525);
#3364=SURFACE_STYLE_USAGE(.BOTH.,#3526);
#3365=SURFACE_STYLE_USAGE(.BOTH.,#3527);
#3366=SURFACE_STYLE_USAGE(.BOTH.,#3528);
#3367=SURFACE_STYLE_USAGE(.BOTH.,#3529);
#3368=SURFACE_STYLE_USAGE(.BOTH.,#3530);
#3369=SURFACE_STYLE_USAGE(.BOTH.,#3531);
#3370=SURFACE_STYLE_USAGE(.BOTH.,#3532);
#3371=SURFACE_STYLE_USAGE(.BOTH.,#3533);
#3372=SURFACE_STYLE_USAGE(.BOTH.,#3534);
#3373=SURFACE_STYLE_USAGE(.BOTH.,#3535);
#3374=SURFACE_STYLE_USAGE(.BOTH.,#3536);
#3375=SURFACE_STYLE_USAGE(.BOTH.,#3537);
#3376=SURFACE_STYLE_USAGE(.BOTH.,#3538);
#3377=SURFACE_STYLE_USAGE(.BOTH.,#3539);
#3378=SURFACE_STYLE_USAGE(.BOTH.,#3540);
#3379=SURFACE_STYLE_USAGE(.BOTH.,#3541);
#3380=SURFACE_STYLE_USAGE(.BOTH.,#3542);
#3381=SURFACE_STYLE_USAGE(.BOTH.,#3543);
#3382=SURFACE_STYLE_USAGE(.BOTH.,#3544);
#3383=SURFACE_STYLE_USAGE(.BOTH.,#3545);
#3384=SURFACE_STYLE_USAGE(.BOTH.,#3546);
#3385=SURFACE_STYLE_USAGE(.BOTH.,#3547);
#3386=SURFACE_STYLE_USAGE(.BOTH.,#3548);
#3387=SURFACE_STYLE_USAGE(.BOTH.,#3549);
#3388=SURFACE_STYLE_USAGE(.BOTH.,#3550);
#3389=SURFACE_STYLE_USAGE(.BOTH.,#3551);
#3390=SURFACE_STYLE_USAGE(.BOTH.,#3552);
#3391=SURFACE_STYLE_USAGE(.BOTH.,#3553);
#3392=SURFACE_STYLE_USAGE(.BOTH.,#3554);
#3393=SURFACE_STYLE_USAGE(.BOTH.,#3555);
#3394=SURFACE_STYLE_USAGE(.BOTH.,#3556);
#3395=SURFACE_STYLE_USAGE(.BOTH.,#3557);
#3396=SURFACE_STYLE_USAGE(.BOTH.,#3558);
#3397=SURFACE_STYLE_USAGE(.BOTH.,#3559);
#3398=SURFACE_STYLE_USAGE(.BOTH.,#3560);
#3399=SURFACE_STYLE_USAGE(.BOTH.,#3561);
#3400=SURFACE_STYLE_USAGE(.BOTH.,#3562);
#3401=SURFACE_STYLE_USAGE(.BOTH.,#3563);
#3402=SURFACE_STYLE_USAGE(.BOTH.,#3564);
#3403=SURFACE_STYLE_USAGE(.BOTH.,#3565);
#3404=SURFACE_STYLE_USAGE(.BOTH.,#3566);
#3405=SURFACE_STYLE_USAGE(.BOTH.,#3567);
#3406=SURFACE_STYLE_USAGE(.BOTH.,#3568);
#3407=SURFACE_STYLE_USAGE(.BOTH.,#3569);
#3408=SURFACE_STYLE_USAGE(.BOTH.,#3570);
#3409=SURFACE_STYLE_USAGE(.BOTH.,#3571);
#3410=SURFACE_STYLE_USAGE(.BOTH.,#3572);
#3411=SURFACE_STYLE_USAGE(.BOTH.,#3573);
#3412=SURFACE_STYLE_USAGE(.BOTH.,#3574);
#3413=SURFACE_STYLE_USAGE(.BOTH.,#3575);
#3414=SURFACE_STYLE_USAGE(.BOTH.,#3576);
#3415=SURFACE_STYLE_USAGE(.BOTH.,#3577);
#3416=SURFACE_STYLE_USAGE(.BOTH.,#3578);
#3417=SURFACE_STYLE_USAGE(.BOTH.,#3579);
#3418=SURFACE_STYLE_USAGE(.BOTH.,#3580);
#3419=SURFACE_STYLE_USAGE(.BOTH.,#3581);
#3420=SURFACE_STYLE_USAGE(.BOTH.,#3582);
#3421=SURFACE_STYLE_USAGE(.BOTH.,#3583);
#3422=SURFACE_STYLE_USAGE(.BOTH.,#3584);
#3423=SURFACE_STYLE_USAGE(.BOTH.,#3585);
#3424=SURFACE_STYLE_USAGE(.BOTH.,#3586);
#3425=SURFACE_STYLE_USAGE(.BOTH.,#3587);
#3426=SURFACE_STYLE_USAGE(.BOTH.,#3588);
#3427=SURFACE_STYLE_USAGE(.BOTH.,#3589);
#3428=SURFACE_STYLE_USAGE(.BOTH.,#3590);
#3429=SURFACE_STYLE_USAGE(.BOTH.,#3591);
#3430=SURFACE_STYLE_USAGE(.BOTH.,#3592);
#3431=SURFACE_STYLE_USAGE(.BOTH.,#3593);
#3432=SURFACE_STYLE_USAGE(.BOTH.,#3594);
#3433=SURFACE_STYLE_USAGE(.BOTH.,#3595);
#3434=SURFACE_STYLE_USAGE(.BOTH.,#3596);
#3435=SURFACE_STYLE_USAGE(.BOTH.,#3597);
#3436=SURFACE_STYLE_USAGE(.BOTH.,#3598);
#3437=SURFACE_STYLE_USAGE(.BOTH.,#3599);
#3438=SURFACE_STYLE_USAGE(.BOTH.,#3600);
#3439=SURFACE_STYLE_USAGE(.BOTH.,#3601);
#3440=SURFACE_STYLE_USAGE(.BOTH.,#3602);
#3441=SURFACE_STYLE_USAGE(.BOTH.,#3603);
#3442=SURFACE_STYLE_USAGE(.BOTH.,#3604);
#3443=SURFACE_STYLE_USAGE(.BOTH.,#3605);
#3444=SURFACE_STYLE_USAGE(.BOTH.,#3606);
#3445=SURFACE_STYLE_USAGE(.BOTH.,#3607);
#3446=SURFACE_STYLE_USAGE(.BOTH.,#3608);
#3447=SURFACE_STYLE_USAGE(.BOTH.,#3609);
#3448=SURFACE_STYLE_USAGE(.BOTH.,#3610);
#3449=SURFACE_STYLE_USAGE(.BOTH.,#3611);
#3450=SURFACE_STYLE_USAGE(.BOTH.,#3612);
#3451=SURFACE_STYLE_USAGE(.BOTH.,#3613);
#3452=SURFACE_STYLE_USAGE(.BOTH.,#3614);
#3453=SURFACE_STYLE_USAGE(.BOTH.,#3615);
#3454=SURFACE_SIDE_STYLE('',(#3616));
#3455=SURFACE_SIDE_STYLE('',(#3617));
#3456=SURFACE_SIDE_STYLE('',(#3618));
#3457=SURFACE_SIDE_STYLE('',(#3619));
#3458=SURFACE_SIDE_STYLE('',(#3620));
#3459=SURFACE_SIDE_STYLE('',(#3621));
#3460=SURFACE_SIDE_STYLE('',(#3622));
#3461=SURFACE_SIDE_STYLE('',(#3623));
#3462=SURFACE_SIDE_STYLE('',(#3624));
#3463=SURFACE_SIDE_STYLE('',(#3625));
#3464=SURFACE_SIDE_STYLE('',(#3626));
#3465=SURFACE_SIDE_STYLE('',(#3627));
#3466=SURFACE_SIDE_STYLE('',(#3628));
#3467=SURFACE_SIDE_STYLE('',(#3629));
#3468=SURFACE_SIDE_STYLE('',(#3630));
#3469=SURFACE_SIDE_STYLE('',(#3631));
#3470=SURFACE_SIDE_STYLE('',(#3632));
#3471=SURFACE_SIDE_STYLE('',(#3633));
#3472=SURFACE_SIDE_STYLE('',(#3634));
#3473=SURFACE_SIDE_STYLE('',(#3635));
#3474=SURFACE_SIDE_STYLE('',(#3636));
#3475=SURFACE_SIDE_STYLE('',(#3637));
#3476=SURFACE_SIDE_STYLE('',(#3638));
#3477=SURFACE_SIDE_STYLE('',(#3639));
#3478=SURFACE_SIDE_STYLE('',(#3640));
#3479=SURFACE_SIDE_STYLE('',(#3641));
#3480=SURFACE_SIDE_STYLE('',(#3642));
#3481=SURFACE_SIDE_STYLE('',(#3643));
#3482=SURFACE_SIDE_STYLE('',(#3644));
#3483=SURFACE_SIDE_STYLE('',(#3645));
#3484=SURFACE_SIDE_STYLE('',(#3646));
#3485=SURFACE_SIDE_STYLE('',(#3647));
#3486=SURFACE_SIDE_STYLE('',(#3648));
#3487=SURFACE_SIDE_STYLE('',(#3649));
#3488=SURFACE_SIDE_STYLE('',(#3650));
#3489=SURFACE_SIDE_STYLE('',(#3651));
#3490=SURFACE_SIDE_STYLE('',(#3652));
#3491=SURFACE_SIDE_STYLE('',(#3653));
#3492=SURFACE_SIDE_STYLE('',(#3654));
#3493=SURFACE_SIDE_STYLE('',(#3655));
#3494=SURFACE_SIDE_STYLE('',(#3656));
#3495=SURFACE_SIDE_STYLE('',(#3657));
#3496=SURFACE_SIDE_STYLE('',(#3658));
#3497=SURFACE_SIDE_STYLE('',(#3659));
#3498=SURFACE_SIDE_STYLE('',(#3660));
#3499=SURFACE_SIDE_STYLE('',(#3661));
#3500=SURFACE_SIDE_STYLE('',(#3662));
#3501=SURFACE_SIDE_STYLE('',(#3663));
#3502=SURFACE_SIDE_STYLE('',(#3664));
#3503=SURFACE_SIDE_STYLE('',(#3665));
#3504=SURFACE_SIDE_STYLE('',(#3666));
#3505=SURFACE_SIDE_STYLE('',(#3667));
#3506=SURFACE_SIDE_STYLE('',(#3668));
#3507=SURFACE_SIDE_STYLE('',(#3669));
#3508=SURFACE_SIDE_STYLE('',(#3670));
#3509=SURFACE_SIDE_STYLE('',(#3671));
#3510=SURFACE_SIDE_STYLE('',(#3672));
#3511=SURFACE_SIDE_STYLE('',(#3673));
#3512=SURFACE_SIDE_STYLE('',(#3674));
#3513=SURFACE_SIDE_STYLE('',(#3675));
#3514=SURFACE_SIDE_STYLE('',(#3676));
#3515=SURFACE_SIDE_STYLE('',(#3677));
#3516=SURFACE_SIDE_STYLE('',(#3678));
#3517=SURFACE_SIDE_STYLE('',(#3679));
#3518=SURFACE_SIDE_STYLE('',(#3680));
#3519=SURFACE_SIDE_STYLE('',(#3681));
#3520=SURFACE_SIDE_STYLE('',(#3682));
#3521=SURFACE_SIDE_STYLE('',(#3683));
#3522=SURFACE_SIDE_STYLE('',(#3684));
#3523=SURFACE_SIDE_STYLE('',(#3685));
#3524=SURFACE_SIDE_STYLE('',(#3686));
#3525=SURFACE_SIDE_STYLE('',(#3687));
#3526=SURFACE_SIDE_STYLE('',(#3688));
#3527=SURFACE_SIDE_STYLE('',(#3689));
#3528=SURFACE_SIDE_STYLE('',(#3690));
#3529=SURFACE_SIDE_STYLE('',(#3691));
#3530=SURFACE_SIDE_STYLE('',(#3692));
#3531=SURFACE_SIDE_STYLE('',(#3693));
#3532=SURFACE_SIDE_STYLE('',(#3694));
#3533=SURFACE_SIDE_STYLE('',(#3695));
#3534=SURFACE_SIDE_STYLE('',(#3696));
#3535=SURFACE_SIDE_STYLE('',(#3697));
#3536=SURFACE_SIDE_STYLE('',(#3698));
#3537=SURFACE_SIDE_STYLE('',(#3699));
#3538=SURFACE_SIDE_STYLE('',(#3700));
#3539=SURFACE_SIDE_STYLE('',(#3701));
#3540=SURFACE_SIDE_STYLE('',(#3702));
#3541=SURFACE_SIDE_STYLE('',(#3703));
#3542=SURFACE_SIDE_STYLE('',(#3704));
#3543=SURFACE_SIDE_STYLE('',(#3705));
#3544=SURFACE_SIDE_STYLE('',(#3706));
#3545=SURFACE_SIDE_STYLE('',(#3707));
#3546=SURFACE_SIDE_STYLE('',(#3708));
#3547=SURFACE_SIDE_STYLE('',(#3709));
#3548=SURFACE_SIDE_STYLE('',(#3710));
#3549=SURFACE_SIDE_STYLE('',(#3711));
#3550=SURFACE_SIDE_STYLE('',(#3712));
#3551=SURFACE_SIDE_STYLE('',(#3713));
#3552=SURFACE_SIDE_STYLE('',(#3714));
#3553=SURFACE_SIDE_STYLE('',(#3715));
#3554=SURFACE_SIDE_STYLE('',(#3716));
#3555=SURFACE_SIDE_STYLE('',(#3717));
#3556=SURFACE_SIDE_STYLE('',(#3718));
#3557=SURFACE_SIDE_STYLE('',(#3719));
#3558=SURFACE_SIDE_STYLE('',(#3720));
#3559=SURFACE_SIDE_STYLE('',(#3721));
#3560=SURFACE_SIDE_STYLE('',(#3722));
#3561=SURFACE_SIDE_STYLE('',(#3723));
#3562=SURFACE_SIDE_STYLE('',(#3724));
#3563=SURFACE_SIDE_STYLE('',(#3725));
#3564=SURFACE_SIDE_STYLE('',(#3726));
#3565=SURFACE_SIDE_STYLE('',(#3727));
#3566=SURFACE_SIDE_STYLE('',(#3728));
#3567=SURFACE_SIDE_STYLE('',(#3729));
#3568=SURFACE_SIDE_STYLE('',(#3730));
#3569=SURFACE_SIDE_STYLE('',(#3731));
#3570=SURFACE_SIDE_STYLE('',(#3732));
#3571=SURFACE_SIDE_STYLE('',(#3733));
#3572=SURFACE_SIDE_STYLE('',(#3734));
#3573=SURFACE_SIDE_STYLE('',(#3735));
#3574=SURFACE_SIDE_STYLE('',(#3736));
#3575=SURFACE_SIDE_STYLE('',(#3737));
#3576=SURFACE_SIDE_STYLE('',(#3738));
#3577=SURFACE_SIDE_STYLE('',(#3739));
#3578=SURFACE_SIDE_STYLE('',(#3740));
#3579=SURFACE_SIDE_STYLE('',(#3741));
#3580=SURFACE_SIDE_STYLE('',(#3742));
#3581=SURFACE_SIDE_STYLE('',(#3743));
#3582=SURFACE_SIDE_STYLE('',(#3744));
#3583=SURFACE_SIDE_STYLE('',(#3745));
#3584=SURFACE_SIDE_STYLE('',(#3746));
#3585=SURFACE_SIDE_STYLE('',(#3747));
#3586=SURFACE_SIDE_STYLE('',(#3748));
#3587=SURFACE_SIDE_STYLE('',(#3749));
#3588=SURFACE_SIDE_STYLE('',(#3750));
#3589=SURFACE_SIDE_STYLE('',(#3751));
#3590=SURFACE_SIDE_STYLE('',(#3752));
#3591=SURFACE_SIDE_STYLE('',(#3753));
#3592=SURFACE_SIDE_STYLE('',(#3754));
#3593=SURFACE_SIDE_STYLE('',(#3755));
#3594=SURFACE_SIDE_STYLE('',(#3756));
#3595=SURFACE_SIDE_STYLE('',(#3757));
#3596=SURFACE_SIDE_STYLE('',(#3758));
#3597=SURFACE_SIDE_STYLE('',(#3759));
#3598=SURFACE_SIDE_STYLE('',(#3760));
#3599=SURFACE_SIDE_STYLE('',(#3761));
#3600=SURFACE_SIDE_STYLE('',(#3762));
#3601=SURFACE_SIDE_STYLE('',(#3763));
#3602=SURFACE_SIDE_STYLE('',(#3764));
#3603=SURFACE_SIDE_STYLE('',(#3765));
#3604=SURFACE_SIDE_STYLE('',(#3766));
#3605=SURFACE_SIDE_STYLE('',(#3767));
#3606=SURFACE_SIDE_STYLE('',(#3768));
#3607=SURFACE_SIDE_STYLE('',(#3769));
#3608=SURFACE_SIDE_STYLE('',(#3770));
#3609=SURFACE_SIDE_STYLE('',(#3771));
#3610=SURFACE_SIDE_STYLE('',(#3772));
#3611=SURFACE_SIDE_STYLE('',(#3773));
#3612=SURFACE_SIDE_STYLE('',(#3774));
#3613=SURFACE_SIDE_STYLE('',(#3775));
#3614=SURFACE_SIDE_STYLE('',(#3776));
#3615=SURFACE_SIDE_STYLE('',(#3777));
#3616=SURFACE_STYLE_FILL_AREA(#3778);
#3617=SURFACE_STYLE_FILL_AREA(#3779);
#3618=SURFACE_STYLE_FILL_AREA(#3780);
#3619=SURFACE_STYLE_FILL_AREA(#3781);
#3620=SURFACE_STYLE_FILL_AREA(#3782);
#3621=SURFACE_STYLE_FILL_AREA(#3783);
#3622=SURFACE_STYLE_FILL_AREA(#3784);
#3623=SURFACE_STYLE_FILL_AREA(#3785);
#3624=SURFACE_STYLE_FILL_AREA(#3786);
#3625=SURFACE_STYLE_FILL_AREA(#3787);
#3626=SURFACE_STYLE_FILL_AREA(#3788);
#3627=SURFACE_STYLE_FILL_AREA(#3789);
#3628=SURFACE_STYLE_FILL_AREA(#3790);
#3629=SURFACE_STYLE_FILL_AREA(#3791);
#3630=SURFACE_STYLE_FILL_AREA(#3792);
#3631=SURFACE_STYLE_FILL_AREA(#3793);
#3632=SURFACE_STYLE_FILL_AREA(#3794);
#3633=SURFACE_STYLE_FILL_AREA(#3795);
#3634=SURFACE_STYLE_FILL_AREA(#3796);
#3635=SURFACE_STYLE_FILL_AREA(#3797);
#3636=SURFACE_STYLE_FILL_AREA(#3798);
#3637=SURFACE_STYLE_FILL_AREA(#3799);
#3638=SURFACE_STYLE_FILL_AREA(#3800);
#3639=SURFACE_STYLE_FILL_AREA(#3801);
#3640=SURFACE_STYLE_FILL_AREA(#3802);
#3641=SURFACE_STYLE_FILL_AREA(#3803);
#3642=SURFACE_STYLE_FILL_AREA(#3804);
#3643=SURFACE_STYLE_FILL_AREA(#3805);
#3644=SURFACE_STYLE_FILL_AREA(#3806);
#3645=SURFACE_STYLE_FILL_AREA(#3807);
#3646=SURFACE_STYLE_FILL_AREA(#3808);
#3647=SURFACE_STYLE_FILL_AREA(#3809);
#3648=SURFACE_STYLE_FILL_AREA(#3810);
#3649=SURFACE_STYLE_FILL_AREA(#3811);
#3650=SURFACE_STYLE_FILL_AREA(#3812);
#3651=SURFACE_STYLE_FILL_AREA(#3813);
#3652=SURFACE_STYLE_FILL_AREA(#3814);
#3653=SURFACE_STYLE_FILL_AREA(#3815);
#3654=SURFACE_STYLE_FILL_AREA(#3816);
#3655=SURFACE_STYLE_FILL_AREA(#3817);
#3656=SURFACE_STYLE_FILL_AREA(#3818);
#3657=SURFACE_STYLE_FILL_AREA(#3819);
#3658=SURFACE_STYLE_FILL_AREA(#3820);
#3659=SURFACE_STYLE_FILL_AREA(#3821);
#3660=SURFACE_STYLE_FILL_AREA(#3822);
#3661=SURFACE_STYLE_FILL_AREA(#3823);
#3662=SURFACE_STYLE_FILL_AREA(#3824);
#3663=SURFACE_STYLE_FILL_AREA(#3825);
#3664=SURFACE_STYLE_FILL_AREA(#3826);
#3665=SURFACE_STYLE_FILL_AREA(#3827);
#3666=SURFACE_STYLE_FILL_AREA(#3828);
#3667=SURFACE_STYLE_FILL_AREA(#3829);
#3668=SURFACE_STYLE_FILL_AREA(#3830);
#3669=SURFACE_STYLE_FILL_AREA(#3831);
#3670=SURFACE_STYLE_FILL_AREA(#3832);
#3671=SURFACE_STYLE_FILL_AREA(#3833);
#3672=SURFACE_STYLE_FILL_AREA(#3834);
#3673=SURFACE_STYLE_FILL_AREA(#3835);
#3674=SURFACE_STYLE_FILL_AREA(#3836);
#3675=SURFACE_STYLE_FILL_AREA(#3837);
#3676=SURFACE_STYLE_FILL_AREA(#3838);
#3677=SURFACE_STYLE_FILL_AREA(#3839);
#3678=SURFACE_STYLE_FILL_AREA(#3840);
#3679=SURFACE_STYLE_FILL_AREA(#3841);
#3680=SURFACE_STYLE_FILL_AREA(#3842);
#3681=SURFACE_STYLE_FILL_AREA(#3843);
#3682=SURFACE_STYLE_FILL_AREA(#3844);
#3683=SURFACE_STYLE_FILL_AREA(#3845);
#3684=SURFACE_STYLE_FILL_AREA(#3846);
#3685=SURFACE_STYLE_FILL_AREA(#3847);
#3686=SURFACE_STYLE_FILL_AREA(#3848);
#3687=SURFACE_STYLE_FILL_AREA(#3849);
#3688=SURFACE_STYLE_FILL_AREA(#3850);
#3689=SURFACE_STYLE_FILL_AREA(#3851);
#3690=SURFACE_STYLE_FILL_AREA(#3852);
#3691=SURFACE_STYLE_FILL_AREA(#3853);
#3692=SURFACE_STYLE_FILL_AREA(#3854);
#3693=SURFACE_STYLE_FILL_AREA(#3855);
#3694=SURFACE_STYLE_FILL_AREA(#3856);
#3695=SURFACE_STYLE_FILL_AREA(#3857);
#3696=SURFACE_STYLE_FILL_AREA(#3858);
#3697=SURFACE_STYLE_FILL_AREA(#3859);
#3698=SURFACE_STYLE_FILL_AREA(#3860);
#3699=SURFACE_STYLE_FILL_AREA(#3861);
#3700=SURFACE_STYLE_FILL_AREA(#3862);
#3701=SURFACE_STYLE_FILL_AREA(#3863);
#3702=SURFACE_STYLE_FILL_AREA(#3864);
#3703=SURFACE_STYLE_FILL_AREA(#3865);
#3704=SURFACE_STYLE_FILL_AREA(#3866);
#3705=SURFACE_STYLE_FILL_AREA(#3867);
#3706=SURFACE_STYLE_FILL_AREA(#3868);
#3707=SURFACE_STYLE_FILL_AREA(#3869);
#3708=SURFACE_STYLE_FILL_AREA(#3870);
#3709=SURFACE_STYLE_FILL_AREA(#3871);
#3710=SURFACE_STYLE_FILL_AREA(#3872);
#3711=SURFACE_STYLE_FILL_AREA(#3873);
#3712=SURFACE_STYLE_FILL_AREA(#3874);
#3713=SURFACE_STYLE_FILL_AREA(#3875);
#3714=SURFACE_STYLE_FILL_AREA(#3876);
#3715=SURFACE_STYLE_FILL_AREA(#3877);
#3716=SURFACE_STYLE_FILL_AREA(#3878);
#3717=SURFACE_STYLE_FILL_AREA(#3879);
#3718=SURFACE_STYLE_FILL_AREA(#3880);
#3719=SURFACE_STYLE_FILL_AREA(#3881);
#3720=SURFACE_STYLE_FILL_AREA(#3882);
#3721=SURFACE_STYLE_FILL_AREA(#3883);
#3722=SURFACE_STYLE_FILL_AREA(#3884);
#3723=SURFACE_STYLE_FILL_AREA(#3885);
#3724=SURFACE_STYLE_FILL_AREA(#3886);
#3725=SURFACE_STYLE_FILL_AREA(#3887);
#3726=SURFACE_STYLE_FILL_AREA(#3888);
#3727=SURFACE_STYLE_FILL_AREA(#3889);
#3728=SURFACE_STYLE_FILL_AREA(#3890);
#3729=SURFACE_STYLE_FILL_AREA(#3891);
#3730=SURFACE_STYLE_FILL_AREA(#3892);
#3731=SURFACE_STYLE_FILL_AREA(#3893);
#3732=SURFACE_STYLE_FILL_AREA(#3894);
#3733=SURFACE_STYLE_FILL_AREA(#3895);
#3734=SURFACE_STYLE_FILL_AREA(#3896);
#3735=SURFACE_STYLE_FILL_AREA(#3897);
#3736=SURFACE_STYLE_FILL_AREA(#3898);
#3737=SURFACE_STYLE_FILL_AREA(#3899);
#3738=SURFACE_STYLE_FILL_AREA(#3900);
#3739=SURFACE_STYLE_FILL_AREA(#3901);
#3740=SURFACE_STYLE_FILL_AREA(#3902);
#3741=SURFACE_STYLE_FILL_AREA(#3903);
#3742=SURFACE_STYLE_FILL_AREA(#3904);
#3743=SURFACE_STYLE_FILL_AREA(#3905);
#3744=SURFACE_STYLE_FILL_AREA(#3906);
#3745=SURFACE_STYLE_FILL_AREA(#3907);
#3746=SURFACE_STYLE_FILL_AREA(#3908);
#3747=SURFACE_STYLE_FILL_AREA(#3909);
#3748=SURFACE_STYLE_FILL_AREA(#3910);
#3749=SURFACE_STYLE_FILL_AREA(#3911);
#3750=SURFACE_STYLE_FILL_AREA(#3912);
#3751=SURFACE_STYLE_FILL_AREA(#3913);
#3752=SURFACE_STYLE_FILL_AREA(#3914);
#3753=SURFACE_STYLE_FILL_AREA(#3915);
#3754=SURFACE_STYLE_FILL_AREA(#3916);
#3755=SURFACE_STYLE_FILL_AREA(#3917);
#3756=SURFACE_STYLE_FILL_AREA(#3918);
#3757=SURFACE_STYLE_FILL_AREA(#3919);
#3758=SURFACE_STYLE_FILL_AREA(#3920);
#3759=SURFACE_STYLE_FILL_AREA(#3921);
#3760=SURFACE_STYLE_FILL_AREA(#3922);
#3761=SURFACE_STYLE_FILL_AREA(#3923);
#3762=SURFACE_STYLE_FILL_AREA(#3924);
#3763=SURFACE_STYLE_FILL_AREA(#3925);
#3764=SURFACE_STYLE_FILL_AREA(#3926);
#3765=SURFACE_STYLE_FILL_AREA(#3927);
#3766=SURFACE_STYLE_FILL_AREA(#3928);
#3767=SURFACE_STYLE_FILL_AREA(#3929);
#3768=SURFACE_STYLE_FILL_AREA(#3930);
#3769=SURFACE_STYLE_FILL_AREA(#3931);
#3770=SURFACE_STYLE_FILL_AREA(#3932);
#3771=SURFACE_STYLE_FILL_AREA(#3933);
#3772=SURFACE_STYLE_FILL_AREA(#3934);
#3773=SURFACE_STYLE_FILL_AREA(#3935);
#3774=SURFACE_STYLE_FILL_AREA(#3936);
#3775=SURFACE_STYLE_FILL_AREA(#3937);
#3776=SURFACE_STYLE_FILL_AREA(#3938);
#3777=SURFACE_STYLE_FILL_AREA(#3939);
#3778=FILL_AREA_STYLE('',(#3940));
#3779=FILL_AREA_STYLE('',(#3941));
#3780=FILL_AREA_STYLE('',(#3942));
#3781=FILL_AREA_STYLE('',(#3943));
#3782=FILL_AREA_STYLE('',(#3944));
#3783=FILL_AREA_STYLE('',(#3945));
#3784=FILL_AREA_STYLE('',(#3946));
#3785=FILL_AREA_STYLE('',(#3947));
#3786=FILL_AREA_STYLE('',(#3948));
#3787=FILL_AREA_STYLE('',(#3949));
#3788=FILL_AREA_STYLE('',(#3950));
#3789=FILL_AREA_STYLE('',(#3951));
#3790=FILL_AREA_STYLE('',(#3952));
#3791=FILL_AREA_STYLE('',(#3953));
#3792=FILL_AREA_STYLE('',(#3954));
#3793=FILL_AREA_STYLE('',(#3955));
#3794=FILL_AREA_STYLE('',(#3956));
#3795=FILL_AREA_STYLE('',(#3957));
#3796=FILL_AREA_STYLE('',(#3958));
#3797=FILL_AREA_STYLE('',(#3959));
#3798=FILL_AREA_STYLE('',(#3960));
#3799=FILL_AREA_STYLE('',(#3961));
#3800=FILL_AREA_STYLE('',(#3962));
#3801=FILL_AREA_STYLE('',(#3963));
#3802=FILL_AREA_STYLE('',(#3964));
#3803=FILL_AREA_STYLE('',(#3965));
#3804=FILL_AREA_STYLE('',(#3966));
#3805=FILL_AREA_STYLE('',(#3967));
#3806=FILL_AREA_STYLE('',(#3968));
#3807=FILL_AREA_STYLE('',(#3969));
#3808=FILL_AREA_STYLE('',(#3970));
#3809=FILL_AREA_STYLE('',(#3971));
#3810=FILL_AREA_STYLE('',(#3972));
#3811=FILL_AREA_STYLE('',(#3973));
#3812=FILL_AREA_STYLE('',(#3974));
#3813=FILL_AREA_STYLE('',(#3975));
#3814=FILL_AREA_STYLE('',(#3976));
#3815=FILL_AREA_STYLE('',(#3977));
#3816=FILL_AREA_STYLE('',(#3978));
#3817=FILL_AREA_STYLE('',(#3979));
#3818=FILL_AREA_STYLE('',(#3980));
#3819=FILL_AREA_STYLE('',(#3981));
#3820=FILL_AREA_STYLE('',(#3982));
#3821=FILL_AREA_STYLE('',(#3983));
#3822=FILL_AREA_STYLE('',(#3984));
#3823=FILL_AREA_STYLE('',(#3985));
#3824=FILL_AREA_STYLE('',(#3986));
#3825=FILL_AREA_STYLE('',(#3987));
#3826=FILL_AREA_STYLE('',(#3988));
#3827=FILL_AREA_STYLE('',(#3989));
#3828=FILL_AREA_STYLE('',(#3990));
#3829=FILL_AREA_STYLE('',(#3991));
#3830=FILL_AREA_STYLE('',(#3992));
#3831=FILL_AREA_STYLE('',(#3993));
#3832=FILL_AREA_STYLE('',(#3994));
#3833=FILL_AREA_STYLE('',(#3995));
#3834=FILL_AREA_STYLE('',(#3996));
#3835=FILL_AREA_STYLE('',(#3997));
#3836=FILL_AREA_STYLE('',(#3998));
#3837=FILL_AREA_STYLE('',(#3999));
#3838=FILL_AREA_STYLE('',(#4000));
#3839=FILL_AREA_STYLE('',(#4001));
#3840=FILL_AREA_STYLE('',(#4002));
#3841=FILL_AREA_STYLE('',(#4003));
#3842=FILL_AREA_STYLE('',(#4004));
#3843=FILL_AREA_STYLE('',(#4005));
#3844=FILL_AREA_STYLE('',(#4006));
#3845=FILL_AREA_STYLE('',(#4007));
#3846=FILL_AREA_STYLE('',(#4008));
#3847=FILL_AREA_STYLE('',(#4009));
#3848=FILL_AREA_STYLE('',(#4010));
#3849=FILL_AREA_STYLE('',(#4011));
#3850=FILL_AREA_STYLE('',(#4012));
#3851=FILL_AREA_STYLE('',(#4013));
#3852=FILL_AREA_STYLE('',(#4014));
#3853=FILL_AREA_STYLE('',(#4015));
#3854=FILL_AREA_STYLE('',(#4016));
#3855=FILL_AREA_STYLE('',(#4017));
#3856=FILL_AREA_STYLE('',(#4018));
#3857=FILL_AREA_STYLE('',(#4019));
#3858=FILL_AREA_STYLE('',(#4020));
#3859=FILL_AREA_STYLE('',(#4021));
#3860=FILL_AREA_STYLE('',(#4022));
#3861=FILL_AREA_STYLE('',(#4023));
#3862=FILL_AREA_STYLE('',(#4024));
#3863=FILL_AREA_STYLE('',(#4025));
#3864=FILL_AREA_STYLE('',(#4026));
#3865=FILL_AREA_STYLE('',(#4027));
#3866=FILL_AREA_STYLE('',(#4028));
#3867=FILL_AREA_STYLE('',(#4029));
#3868=FILL_AREA_STYLE('',(#4030));
#3869=FILL_AREA_STYLE('',(#4031));
#3870=FILL_AREA_STYLE('',(#4032));
#3871=FILL_AREA_STYLE('',(#4033));
#3872=FILL_AREA_STYLE('',(#4034));
#3873=FILL_AREA_STYLE('',(#4035));
#3874=FILL_AREA_STYLE('',(#4036));
#3875=FILL_AREA_STYLE('',(#4037));
#3876=FILL_AREA_STYLE('',(#4038));
#3877=FILL_AREA_STYLE('',(#4039));
#3878=FILL_AREA_STYLE('',(#4040));
#3879=FILL_AREA_STYLE('',(#4041));
#3880=FILL_AREA_STYLE('',(#4042));
#3881=FILL_AREA_STYLE('',(#4043));
#3882=FILL_AREA_STYLE('',(#4044));
#3883=FILL_AREA_STYLE('',(#4045));
#3884=FILL_AREA_STYLE('',(#4046));
#3885=FILL_AREA_STYLE('',(#4047));
#3886=FILL_AREA_STYLE('',(#4048));
#3887=FILL_AREA_STYLE('',(#4049));
#3888=FILL_AREA_STYLE('',(#4050));
#3889=FILL_AREA_STYLE('',(#4051));
#3890=FILL_AREA_STYLE('',(#4052));
#3891=FILL_AREA_STYLE('',(#4053));
#3892=FILL_AREA_STYLE('',(#4054));
#3893=FILL_AREA_STYLE('',(#4055));
#3894=FILL_AREA_STYLE('',(#4056));
#3895=FILL_AREA_STYLE('',(#4057));
#3896=FILL_AREA_STYLE('',(#4058));
#3897=FILL_AREA_STYLE('',(#4059));
#3898=FILL_AREA_STYLE('',(#4060));
#3899=FILL_AREA_STYLE('',(#4061));
#3900=FILL_AREA_STYLE('',(#4062));
#3901=FILL_AREA_STYLE('',(#4063));
#3902=FILL_AREA_STYLE('',(#4064));
#3903=FILL_AREA_STYLE('',(#4065));
#3904=FILL_AREA_STYLE('',(#4066));
#3905=FILL_AREA_STYLE('',(#4067));
#3906=FILL_AREA_STYLE('',(#4068));
#3907=FILL_AREA_STYLE('',(#4069));
#3908=FILL_AREA_STYLE('',(#4070));
#3909=FILL_AREA_STYLE('',(#4071));
#3910=FILL_AREA_STYLE('',(#4072));
#3911=FILL_AREA_STYLE('',(#4073));
#3912=FILL_AREA_STYLE('',(#4074));
#3913=FILL_AREA_STYLE('',(#4075));
#3914=FILL_AREA_STYLE('',(#4076));
#3915=FILL_AREA_STYLE('',(#4077));
#3916=FILL_AREA_STYLE('',(#4078));
#3917=FILL_AREA_STYLE('',(#4079));
#3918=FILL_AREA_STYLE('',(#4080));
#3919=FILL_AREA_STYLE('',(#4081));
#3920=FILL_AREA_STYLE('',(#4082));
#3921=FILL_AREA_STYLE('',(#4083));
#3922=FILL_AREA_STYLE('',(#4084));
#3923=FILL_AREA_STYLE('',(#4085));
#3924=FILL_AREA_STYLE('',(#4086));
#3925=FILL_AREA_STYLE('',(#4087));
#3926=FILL_AREA_STYLE('',(#4088));
#3927=FILL_AREA_STYLE('',(#4089));
#3928=FILL_AREA_STYLE('',(#4090));
#3929=FILL_AREA_STYLE('',(#4091));
#3930=FILL_AREA_STYLE('',(#4092));
#3931=FILL_AREA_STYLE('',(#4093));
#3932=FILL_AREA_STYLE('',(#4094));
#3933=FILL_AREA_STYLE('',(#4095));
#3934=FILL_AREA_STYLE('',(#4096));
#3935=FILL_AREA_STYLE('',(#4097));
#3936=FILL_AREA_STYLE('',(#4098));
#3937=FILL_AREA_STYLE('',(#4099));
#3938=FILL_AREA_STYLE('',(#4100));
#3939=FILL_AREA_STYLE('',(#4101));
#3940=FILL_AREA_STYLE_COLOUR('',#4102);
#3941=FILL_AREA_STYLE_COLOUR('',#4102);
#3942=FILL_AREA_STYLE_COLOUR('',#4102);
#3943=FILL_AREA_STYLE_COLOUR('',#4102);
#3944=FILL_AREA_STYLE_COLOUR('',#4102);
#3945=FILL_AREA_STYLE_COLOUR('',#4102);
#3946=FILL_AREA_STYLE_COLOUR('',#4102);
#3947=FILL_AREA_STYLE_COLOUR('',#4103);
#3948=FILL_AREA_STYLE_COLOUR('',#4103);
#3949=FILL_AREA_STYLE_COLOUR('',#4103);
#3950=FILL_AREA_STYLE_COLOUR('',#4103);
#3951=FILL_AREA_STYLE_COLOUR('',#4102);
#3952=FILL_AREA_STYLE_COLOUR('',#4102);
#3953=FILL_AREA_STYLE_COLOUR('',#4102);
#3954=FILL_AREA_STYLE_COLOUR('',#4102);
#3955=FILL_AREA_STYLE_COLOUR('',#4102);
#3956=FILL_AREA_STYLE_COLOUR('',#4102);
#3957=FILL_AREA_STYLE_COLOUR('',#4102);
#3958=FILL_AREA_STYLE_COLOUR('',#4102);
#3959=FILL_AREA_STYLE_COLOUR('',#4102);
#3960=FILL_AREA_STYLE_COLOUR('',#4102);
#3961=FILL_AREA_STYLE_COLOUR('',#4102);
#3962=FILL_AREA_STYLE_COLOUR('',#4102);
#3963=FILL_AREA_STYLE_COLOUR('',#4102);
#3964=FILL_AREA_STYLE_COLOUR('',#4102);
#3965=FILL_AREA_STYLE_COLOUR('',#4103);
#3966=FILL_AREA_STYLE_COLOUR('',#4103);
#3967=FILL_AREA_STYLE_COLOUR('',#4103);
#3968=FILL_AREA_STYLE_COLOUR('',#4103);
#3969=FILL_AREA_STYLE_COLOUR('',#4103);
#3970=FILL_AREA_STYLE_COLOUR('',#4102);
#3971=FILL_AREA_STYLE_COLOUR('',#4102);
#3972=FILL_AREA_STYLE_COLOUR('',#4102);
#3973=FILL_AREA_STYLE_COLOUR('',#4102);
#3974=FILL_AREA_STYLE_COLOUR('',#4102);
#3975=FILL_AREA_STYLE_COLOUR('',#4102);
#3976=FILL_AREA_STYLE_COLOUR('',#4102);
#3977=FILL_AREA_STYLE_COLOUR('',#4102);
#3978=FILL_AREA_STYLE_COLOUR('',#4102);
#3979=FILL_AREA_STYLE_COLOUR('',#4102);
#3980=FILL_AREA_STYLE_COLOUR('',#4102);
#3981=FILL_AREA_STYLE_COLOUR('',#4102);
#3982=FILL_AREA_STYLE_COLOUR('',#4102);
#3983=FILL_AREA_STYLE_COLOUR('',#4102);
#3984=FILL_AREA_STYLE_COLOUR('',#4102);
#3985=FILL_AREA_STYLE_COLOUR('',#4102);
#3986=FILL_AREA_STYLE_COLOUR('',#4102);
#3987=FILL_AREA_STYLE_COLOUR('',#4102);
#3988=FILL_AREA_STYLE_COLOUR('',#4102);
#3989=FILL_AREA_STYLE_COLOUR('',#4102);
#3990=FILL_AREA_STYLE_COLOUR('',#4102);
#3991=FILL_AREA_STYLE_COLOUR('',#4102);
#3992=FILL_AREA_STYLE_COLOUR('',#4102);
#3993=FILL_AREA_STYLE_COLOUR('',#4102);
#3994=FILL_AREA_STYLE_COLOUR('',#4102);
#3995=FILL_AREA_STYLE_COLOUR('',#4102);
#3996=FILL_AREA_STYLE_COLOUR('',#4102);
#3997=FILL_AREA_STYLE_COLOUR('',#4102);
#3998=FILL_AREA_STYLE_COLOUR('',#4102);
#3999=FILL_AREA_STYLE_COLOUR('',#4102);
#4000=FILL_AREA_STYLE_COLOUR('',#4102);
#4001=FILL_AREA_STYLE_COLOUR('',#4102);
#4002=FILL_AREA_STYLE_COLOUR('',#4103);
#4003=FILL_AREA_STYLE_COLOUR('',#4103);
#4004=FILL_AREA_STYLE_COLOUR('',#4103);
#4005=FILL_AREA_STYLE_COLOUR('',#4103);
#4006=FILL_AREA_STYLE_COLOUR('',#4103);
#4007=FILL_AREA_STYLE_COLOUR('',#4103);
#4008=FILL_AREA_STYLE_COLOUR('',#4103);
#4009=FILL_AREA_STYLE_COLOUR('',#4103);
#4010=FILL_AREA_STYLE_COLOUR('',#4103);
#4011=FILL_AREA_STYLE_COLOUR('',#4102);
#4012=FILL_AREA_STYLE_COLOUR('',#4103);
#4013=FILL_AREA_STYLE_COLOUR('',#4102);
#4014=FILL_AREA_STYLE_COLOUR('',#4103);
#4015=FILL_AREA_STYLE_COLOUR('',#4103);
#4016=FILL_AREA_STYLE_COLOUR('',#4103);
#4017=FILL_AREA_STYLE_COLOUR('',#4103);
#4018=FILL_AREA_STYLE_COLOUR('',#4102);
#4019=FILL_AREA_STYLE_COLOUR('',#4102);
#4020=FILL_AREA_STYLE_COLOUR('',#4102);
#4021=FILL_AREA_STYLE_COLOUR('',#4102);
#4022=FILL_AREA_STYLE_COLOUR('',#4102);
#4023=FILL_AREA_STYLE_COLOUR('',#4102);
#4024=FILL_AREA_STYLE_COLOUR('',#4102);
#4025=FILL_AREA_STYLE_COLOUR('',#4102);
#4026=FILL_AREA_STYLE_COLOUR('',#4103);
#4027=FILL_AREA_STYLE_COLOUR('',#4103);
#4028=FILL_AREA_STYLE_COLOUR('',#4103);
#4029=FILL_AREA_STYLE_COLOUR('',#4103);
#4030=FILL_AREA_STYLE_COLOUR('',#4102);
#4031=FILL_AREA_STYLE_COLOUR('',#4102);
#4032=FILL_AREA_STYLE_COLOUR('',#4102);
#4033=FILL_AREA_STYLE_COLOUR('',#4102);
#4034=FILL_AREA_STYLE_COLOUR('',#4102);
#4035=FILL_AREA_STYLE_COLOUR('',#4102);
#4036=FILL_AREA_STYLE_COLOUR('',#4102);
#4037=FILL_AREA_STYLE_COLOUR('',#4102);
#4038=FILL_AREA_STYLE_COLOUR('',#4102);
#4039=FILL_AREA_STYLE_COLOUR('',#4102);
#4040=FILL_AREA_STYLE_COLOUR('',#4102);
#4041=FILL_AREA_STYLE_COLOUR('',#4102);
#4042=FILL_AREA_STYLE_COLOUR('',#4102);
#4043=FILL_AREA_STYLE_COLOUR('',#4102);
#4044=FILL_AREA_STYLE_COLOUR('',#4102);
#4045=FILL_AREA_STYLE_COLOUR('',#4102);
#4046=FILL_AREA_STYLE_COLOUR('',#4102);
#4047=FILL_AREA_STYLE_COLOUR('',#4102);
#4048=FILL_AREA_STYLE_COLOUR('',#4102);
#4049=FILL_AREA_STYLE_COLOUR('',#4102);
#4050=FILL_AREA_STYLE_COLOUR('',#4102);
#4051=FILL_AREA_STYLE_COLOUR('',#4102);
#4052=FILL_AREA_STYLE_COLOUR('',#4102);
#4053=FILL_AREA_STYLE_COLOUR('',#4102);
#4054=FILL_AREA_STYLE_COLOUR('',#4102);
#4055=FILL_AREA_STYLE_COLOUR('',#4102);
#4056=FILL_AREA_STYLE_COLOUR('',#4102);
#4057=FILL_AREA_STYLE_COLOUR('',#4102);
#4058=FILL_AREA_STYLE_COLOUR('',#4102);
#4059=FILL_AREA_STYLE_COLOUR('',#4102);
#4060=FILL_AREA_STYLE_COLOUR('',#4102);
#4061=FILL_AREA_STYLE_COLOUR('',#4102);
#4062=FILL_AREA_STYLE_COLOUR('',#4102);
#4063=FILL_AREA_STYLE_COLOUR('',#4102);
#4064=FILL_AREA_STYLE_COLOUR('',#4102);
#4065=FILL_AREA_STYLE_COLOUR('',#4102);
#4066=FILL_AREA_STYLE_COLOUR('',#4102);
#4067=FILL_AREA_STYLE_COLOUR('',#4102);
#4068=FILL_AREA_STYLE_COLOUR('',#4102);
#4069=FILL_AREA_STYLE_COLOUR('',#4102);
#4070=FILL_AREA_STYLE_COLOUR('',#4102);
#4071=FILL_AREA_STYLE_COLOUR('',#4102);
#4072=FILL_AREA_STYLE_COLOUR('',#4102);
#4073=FILL_AREA_STYLE_COLOUR('',#4102);
#4074=FILL_AREA_STYLE_COLOUR('',#4102);
#4075=FILL_AREA_STYLE_COLOUR('',#4102);
#4076=FILL_AREA_STYLE_COLOUR('',#4102);
#4077=FILL_AREA_STYLE_COLOUR('',#4102);
#4078=FILL_AREA_STYLE_COLOUR('',#4102);
#4079=FILL_AREA_STYLE_COLOUR('',#4102);
#4080=FILL_AREA_STYLE_COLOUR('',#4102);
#4081=FILL_AREA_STYLE_COLOUR('',#4102);
#4082=FILL_AREA_STYLE_COLOUR('',#4102);
#4083=FILL_AREA_STYLE_COLOUR('',#4102);
#4084=FILL_AREA_STYLE_COLOUR('',#4102);
#4085=FILL_AREA_STYLE_COLOUR('',#4102);
#4086=FILL_AREA_STYLE_COLOUR('',#4102);
#4087=FILL_AREA_STYLE_COLOUR('',#4102);
#4088=FILL_AREA_STYLE_COLOUR('',#4102);
#4089=FILL_AREA_STYLE_COLOUR('',#4102);
#4090=FILL_AREA_STYLE_COLOUR('',#4102);
#4091=FILL_AREA_STYLE_COLOUR('',#4102);
#4092=FILL_AREA_STYLE_COLOUR('',#4102);
#4093=FILL_AREA_STYLE_COLOUR('',#4103);
#4094=FILL_AREA_STYLE_COLOUR('',#4103);
#4095=FILL_AREA_STYLE_COLOUR('',#4103);
#4096=FILL_AREA_STYLE_COLOUR('',#4103);
#4097=FILL_AREA_STYLE_COLOUR('',#4103);
#4098=FILL_AREA_STYLE_COLOUR('',#4103);
#4099=FILL_AREA_STYLE_COLOUR('',#4103);
#4100=FILL_AREA_STYLE_COLOUR('',#4103);
#4101=FILL_AREA_STYLE_COLOUR('',#4103);
#4102=COLOUR_RGB('',0.,0.5,0.);
#4103=COLOUR_RGB('',0.699999988079071,0.699999988079071,0.699999988079071);
#4104=ADVANCED_FACE('',(#2647),#2819,.F.);
#4105=ADVANCED_FACE('',(#2648),#2820,.F.);
#4106=ADVANCED_FACE('',(#2649,#2650),#31,.T.);
#4107=ADVANCED_FACE('',(#2651,#2652),#29,.T.);
#4108=ADVANCED_FACE('',(#2653,#2654),#2821,.T.);
#4109=ADVANCED_FACE('',(#2655),#2822,.F.);
#4110=ADVANCED_FACE('',(#2656),#2823,.T.);
#4111=ADVANCED_FACE('',(#2657),#2824,.T.);
#4112=ADVANCED_FACE('',(#2658),#2825,.T.);
#4113=ADVANCED_FACE('',(#2659),#2826,.T.);
#4114=ADVANCED_FACE('',(#2660),#2827,.T.);
#4115=ADVANCED_FACE('',(#2661),#20,.F.);
#4116=ADVANCED_FACE('',(#2662),#2828,.F.);
#4117=ADVANCED_FACE('',(#2663),#2829,.F.);
#4118=ADVANCED_FACE('',(#2664),#21,.F.);
#4119=ADVANCED_FACE('',(#2665),#2830,.F.);
#4120=ADVANCED_FACE('',(#2666),#2831,.F.);
#4121=ADVANCED_FACE('',(#2667),#2832,.F.);
#4122=ADVANCED_FACE('',(#2668),#22,.F.);
#4123=ADVANCED_FACE('',(#2669),#2833,.F.);
#4124=ADVANCED_FACE('',(#2670),#2834,.F.);
#4125=ADVANCED_FACE('',(#2671),#23,.F.);
#4126=ADVANCED_FACE('',(#2672),#2835,.F.);
#4127=ADVANCED_FACE('',(#2673),#2836,.F.);
#4128=ADVANCED_FACE('',(#2674,#2675),#2837,.F.);
#4129=ADVANCED_FACE('',(#2676),#2838,.T.);
#4130=ADVANCED_FACE('',(#2677),#2839,.F.);
#4131=ADVANCED_FACE('',(#2678),#2840,.F.);
#4132=ADVANCED_FACE('',(#2679),#2841,.F.);
#4133=ADVANCED_FACE('',(#2680),#2842,.F.);
#4134=ADVANCED_FACE('',(#2681),#2843,.F.);
#4135=ADVANCED_FACE('',(#2682),#2844,.F.);
#4136=ADVANCED_FACE('',(#2683),#2845,.F.);
#4137=ADVANCED_FACE('',(#2684),#2846,.F.);
#4138=ADVANCED_FACE('',(#2685),#2847,.F.);
#4139=ADVANCED_FACE('',(#2686),#2848,.F.);
#4140=ADVANCED_FACE('',(#2687),#2849,.F.);
#4141=ADVANCED_FACE('',(#2688),#2850,.F.);
#4142=ADVANCED_FACE('',(#2689),#2851,.F.);
#4143=ADVANCED_FACE('',(#2690),#2852,.F.);
#4144=ADVANCED_FACE('',(#2691),#2853,.F.);
#4145=ADVANCED_FACE('',(#2692),#2854,.F.);
#4146=ADVANCED_FACE('',(#2693),#2855,.F.);
#4147=ADVANCED_FACE('',(#2694),#2856,.F.);
#4148=ADVANCED_FACE('',(#2695),#2857,.F.);
#4149=ADVANCED_FACE('',(#2696),#2858,.F.);
#4150=ADVANCED_FACE('',(#2697),#2859,.T.);
#4151=ADVANCED_FACE('',(#2698),#2860,.T.);
#4152=ADVANCED_FACE('',(#2699),#2861,.T.);
#4153=ADVANCED_FACE('',(#2700),#2862,.T.);
#4154=ADVANCED_FACE('',(#2701),#2863,.F.);
#4155=ADVANCED_FACE('',(#2702),#2864,.F.);
#4156=ADVANCED_FACE('',(#2703),#2865,.F.);
#4157=ADVANCED_FACE('',(#2704),#2866,.F.);
#4158=ADVANCED_FACE('',(#2705),#2867,.T.);
#4159=ADVANCED_FACE('',(#2706),#2868,.F.);
#4160=ADVANCED_FACE('',(#2707),#2869,.F.);
#4161=ADVANCED_FACE('',(#2708),#2870,.F.);
#4162=ADVANCED_FACE('',(#2709),#2871,.T.);
#4163=ADVANCED_FACE('',(#2710),#2872,.F.);
#4164=ADVANCED_FACE('',(#2711),#2873,.F.);
#4165=ADVANCED_FACE('',(#2712),#2874,.T.);
#4166=ADVANCED_FACE('',(#2713),#2875,.T.);
#4167=ADVANCED_FACE('',(#2714),#2876,.T.);
#4168=ADVANCED_FACE('',(#2715),#2877,.T.);
#4169=ADVANCED_FACE('',(#2716),#2878,.T.);
#4170=ADVANCED_FACE('',(#2717),#2879,.T.);
#4171=ADVANCED_FACE('',(#2718),#2880,.F.);
#4172=ADVANCED_FACE('',(#2719),#2881,.F.);
#4173=ADVANCED_FACE('',(#2720),#2882,.F.);
#4174=ADVANCED_FACE('',(#2721),#2883,.F.);
#4175=ADVANCED_FACE('',(#2722,#2723),#2884,.T.);
#4176=ADVANCED_FACE('',(#2724),#2885,.F.);
#4177=ADVANCED_FACE('',(#2725,#2726),#30,.T.);
#4178=ADVANCED_FACE('',(#2727),#2886,.F.);
#4179=ADVANCED_FACE('',(#2728),#2887,.F.);
#4180=ADVANCED_FACE('',(#2729),#2888,.F.);
#4181=ADVANCED_FACE('',(#2730),#2889,.F.);
#4182=ADVANCED_FACE('',(#2731),#24,.F.);
#4183=ADVANCED_FACE('',(#2732,#2733),#32,.T.);
#4184=ADVANCED_FACE('',(#2734),#25,.F.);
#4185=ADVANCED_FACE('',(#2735),#26,.F.);
#4186=ADVANCED_FACE('',(#2736),#2890,.F.);
#4187=ADVANCED_FACE('',(#2737),#2891,.F.);
#4188=ADVANCED_FACE('',(#2738),#2892,.F.);
#4189=ADVANCED_FACE('',(#2739),#27,.F.);
#4190=ADVANCED_FACE('',(#2740),#2893,.F.);
#4191=ADVANCED_FACE('',(#2741),#2894,.F.);
#4192=ADVANCED_FACE('',(#2742),#2895,.F.);
#4193=ADVANCED_FACE('',(#2743),#2896,.F.);
#4194=ADVANCED_FACE('',(#2744),#2897,.F.);
#4195=ADVANCED_FACE('',(#2745),#2898,.F.);
#4196=ADVANCED_FACE('',(#2746),#2899,.F.);
#4197=ADVANCED_FACE('',(#2747),#2900,.F.);
#4198=ADVANCED_FACE('',(#2748),#2901,.F.);
#4199=ADVANCED_FACE('',(#2749,#2750),#2902,.F.);
#4200=ADVANCED_FACE('',(#2751),#2903,.F.);
#4201=ADVANCED_FACE('',(#2752),#2904,.F.);
#4202=ADVANCED_FACE('',(#2753),#2905,.F.);
#4203=ADVANCED_FACE('',(#2754),#2906,.T.);
#4204=ADVANCED_FACE('',(#2755),#2907,.F.);
#4205=ADVANCED_FACE('',(#2756),#2908,.F.);
#4206=ADVANCED_FACE('',(#2757),#2909,.T.);
#4207=ADVANCED_FACE('',(#2758),#2910,.T.);
#4208=ADVANCED_FACE('',(#2759),#2911,.F.);
#4209=ADVANCED_FACE('',(#2760),#2912,.T.);
#4210=ADVANCED_FACE('',(#2761),#2913,.T.);
#4211=ADVANCED_FACE('',(#2762),#2914,.T.);
#4212=ADVANCED_FACE('',(#2763),#2915,.T.);
#4213=ADVANCED_FACE('',(#2764),#2916,.F.);
#4214=ADVANCED_FACE('',(#2765),#2917,.T.);
#4215=ADVANCED_FACE('',(#2766),#2918,.T.);
#4216=ADVANCED_FACE('',(#2767),#2919,.F.);
#4217=ADVANCED_FACE('',(#2768),#2920,.F.);
#4218=ADVANCED_FACE('',(#2769),#2921,.F.);
#4219=ADVANCED_FACE('',(#2770),#2922,.F.);
#4220=ADVANCED_FACE('',(#2771),#2923,.F.);
#4221=ADVANCED_FACE('',(#2772),#2924,.F.);
#4222=ADVANCED_FACE('',(#2773),#2925,.F.);
#4223=ADVANCED_FACE('',(#2774),#2926,.F.);
#4224=ADVANCED_FACE('',(#2775),#2927,.F.);
#4225=ADVANCED_FACE('',(#2776),#2928,.F.);
#4226=ADVANCED_FACE('',(#2777),#2929,.F.);
#4227=ADVANCED_FACE('',(#2778),#2930,.F.);
#4228=ADVANCED_FACE('',(#2779),#2931,.F.);
#4229=ADVANCED_FACE('',(#2780),#2932,.F.);
#4230=ADVANCED_FACE('',(#2781),#2933,.F.);
#4231=ADVANCED_FACE('',(#2782),#2934,.F.);
#4232=ADVANCED_FACE('',(#2783),#2935,.F.);
#4233=ADVANCED_FACE('',(#2784),#2936,.F.);
#4234=ADVANCED_FACE('',(#2785),#2937,.F.);
#4235=ADVANCED_FACE('',(#2786),#2938,.F.);
#4236=ADVANCED_FACE('',(#2787),#2939,.F.);
#4237=ADVANCED_FACE('',(#2788),#2940,.T.);
#4238=ADVANCED_FACE('',(#2789),#2941,.T.);
#4239=ADVANCED_FACE('',(#2790),#2942,.T.);
#4240=ADVANCED_FACE('',(#2791),#28,.T.);
#4241=ADVANCED_FACE('',(#2792),#2943,.F.);
#4242=ADVANCED_FACE('',(#2793),#2944,.F.);
#4243=ADVANCED_FACE('',(#2794),#2945,.F.);
#4244=ADVANCED_FACE('',(#2795),#2946,.T.);
#4245=ADVANCED_FACE('',(#2796),#2947,.T.);
#4246=ADVANCED_FACE('',(#2797),#2948,.F.);
#4247=ADVANCED_FACE('',(#2798,#2799,#2800),#2949,.T.);
#4248=ADVANCED_FACE('',(#2801),#2950,.F.);
#4249=ADVANCED_FACE('',(#2802),#2951,.T.);
#4250=ADVANCED_FACE('',(#2803),#2952,.T.);
#4251=ADVANCED_FACE('',(#2804),#2953,.F.);
#4252=ADVANCED_FACE('',(#2805),#2954,.F.);
#4253=ADVANCED_FACE('',(#2806),#2955,.F.);
#4254=ADVANCED_FACE('',(#2807),#2956,.F.);
#4255=ADVANCED_FACE('',(#2808),#2957,.T.);
#4256=ADVANCED_FACE('',(#2809),#2958,.T.);
#4257=ADVANCED_FACE('',(#2810),#2959,.F.);
#4258=ADVANCED_FACE('',(#2811),#2960,.F.);
#4259=ADVANCED_FACE('',(#2812),#2961,.F.);
#4260=ADVANCED_FACE('',(#2813),#2962,.F.);
#4261=ADVANCED_FACE('',(#2814),#2963,.F.);
#4262=ADVANCED_FACE('',(#2815),#2964,.F.);
#4263=ADVANCED_FACE('',(#2816),#2965,.F.);
#4264=ADVANCED_FACE('',(#2817),#2966,.F.);
#4265=ADVANCED_FACE('',(#2818),#2967,.F.);
#4266=CLOSED_SHELL('',(#4104,#4105,#4106,#4107,#4108,#4109,#4110,#4111,
#4112,#4113,#4114,#4115,#4116,#4117,#4118,#4119,#4120,#4121,#4122,#4123,
#4124,#4125,#4126,#4127,#4128,#4129,#4130,#4131,#4132,#4133,#4134,#4135,
#4136,#4137,#4138,#4139,#4140,#4141,#4142,#4143,#4144,#4145,#4146,#4147,
#4148,#4149,#4150,#4151,#4152,#4153,#4154,#4155,#4156,#4157,#4158,#4159,
#4160,#4161,#4162,#4163,#4164,#4165,#4166,#4167,#4168,#4169,#4170,#4171,
#4172,#4173,#4174,#4175,#4176,#4177,#4178,#4179,#4180,#4181,#4182,#4183,
#4184,#4185,#4186,#4187,#4188,#4189,#4190,#4191,#4192,#4193,#4194,#4195,
#4196,#4197,#4198,#4199,#4200,#4201,#4202,#4203,#4204,#4205,#4206,#4207,
#4208,#4209,#4210,#4211,#4212,#4213,#4214,#4215,#4216,#4217,#4218,#4219,
#4220,#4221,#4222,#4223,#4224,#4225,#4226,#4227,#4228,#4229,#4230,#4231,
#4232,#4233,#4234,#4235,#4236,#4237,#4238,#4239,#4240,#4241,#4242,#4243,
#4244,#4245,#4246,#4247,#4248,#4249,#4250,#4251,#4252,#4253,#4254,#4255,
#4256,#4257,#4258,#4259,#4260,#4261,#4262,#4263,#4264,#4265));
#4267=MANIFOLD_SOLID_BREP('',#4266);
#4268=SHAPE_DEFINITION_REPRESENTATION(#6134,#4269);
#4269=SHAPE_REPRESENTATION('OQ0212500000G',(#4270),#6129);
#4270=AXIS2_PLACEMENT_3D('',#5243,#4457,#4458);
#4271=AXIS2_PLACEMENT_3D('',#5244,#4459,#4460);
#4272=AXIS2_PLACEMENT_3D('',#5250,#4463,#4464);
#4273=AXIS2_PLACEMENT_3D('',#5255,#4467,#4468);
#4274=AXIS2_PLACEMENT_3D('',#5256,#4469,#4470);
#4275=AXIS2_PLACEMENT_3D('',#5266,#4475,#4476);
#4276=AXIS2_PLACEMENT_3D('',#5267,#4477,#4478);
#4277=AXIS2_PLACEMENT_3D('',#5269,#4479,#4480);
#4278=AXIS2_PLACEMENT_3D('',#5271,#4481,#4482);
#4279=AXIS2_PLACEMENT_3D('',#5272,#4483,#4484);
#4280=AXIS2_PLACEMENT_3D('',#5274,#4485,#4486);
#4281=AXIS2_PLACEMENT_3D('',#5283,#4491,#4492);
#4282=AXIS2_PLACEMENT_3D('',#5292,#4497,#4498);
#4283=AXIS2_PLACEMENT_3D('',#5298,#4502,#4503);
#4284=AXIS2_PLACEMENT_3D('',#5307,#4508,#4509);
#4285=AXIS2_PLACEMENT_3D('',#5313,#4513,#4514);
#4286=AXIS2_PLACEMENT_3D('',#5319,#4518,#4519);
#4287=AXIS2_PLACEMENT_3D('',#5322,#4522,#4523);
#4288=AXIS2_PLACEMENT_3D('',#5325,#4525,#4526);
#4289=AXIS2_PLACEMENT_3D('',#5328,#4528,#4529);
#4290=AXIS2_PLACEMENT_3D('',#5332,#4532,#4533);
#4291=AXIS2_PLACEMENT_3D('',#5341,#4538,#4539);
#4292=AXIS2_PLACEMENT_3D('',#5342,#4540,#4541);
#4293=AXIS2_PLACEMENT_3D('',#5344,#4542,#4543);
#4294=AXIS2_PLACEMENT_3D('',#5347,#4545,#4546);
#4295=AXIS2_PLACEMENT_3D('',#5353,#4550,#4551);
#4296=AXIS2_PLACEMENT_3D('',#5359,#4555,#4556);
#4297=AXIS2_PLACEMENT_3D('',#5365,#4560,#4561);
#4298=AXIS2_PLACEMENT_3D('',#5366,#4562,#4563);
#4299=AXIS2_PLACEMENT_3D('',#5368,#4564,#4565);
#4300=AXIS2_PLACEMENT_3D('',#5371,#4567,#4568);
#4301=AXIS2_PLACEMENT_3D('',#5377,#4572,#4573);
#4302=AXIS2_PLACEMENT_3D('',#5383,#4577,#4578);
#4303=AXIS2_PLACEMENT_3D('',#5384,#4579,#4580);
#4304=AXIS2_PLACEMENT_3D('',#5387,#4582,#4583);
#4305=AXIS2_PLACEMENT_3D('',#5391,#4586,#4587);
#4306=AXIS2_PLACEMENT_3D('',#5395,#4590,#4591);
#4307=AXIS2_PLACEMENT_3D('',#5403,#4597,#4598);
#4308=AXIS2_PLACEMENT_3D('',#5404,#4599,#4600);
#4309=AXIS2_PLACEMENT_3D('',#5407,#4603,#4604);
#4310=AXIS2_PLACEMENT_3D('',#5409,#4606,#4607);
#4311=AXIS2_PLACEMENT_3D('',#5411,#4609,#4610);
#4312=AXIS2_PLACEMENT_3D('',#5412,#4611,#4612);
#4313=AXIS2_PLACEMENT_3D('',#5421,#4617,#4618);
#4314=AXIS2_PLACEMENT_3D('',#5424,#4621,#4622);
#4315=AXIS2_PLACEMENT_3D('',#5430,#4626,#4627);
#4316=AXIS2_PLACEMENT_3D('',#5436,#4631,#4632);
#4317=AXIS2_PLACEMENT_3D('',#5442,#4636,#4637);
#4318=AXIS2_PLACEMENT_3D('',#5448,#4641,#4642);
#4319=AXIS2_PLACEMENT_3D('',#5454,#4646,#4647);
#4320=AXIS2_PLACEMENT_3D('',#5460,#4651,#4652);
#4321=AXIS2_PLACEMENT_3D('',#5469,#4657,#4658);
#4322=AXIS2_PLACEMENT_3D('',#5472,#4661,#4662);
#4323=AXIS2_PLACEMENT_3D('',#5475,#4665,#4666);
#4324=AXIS2_PLACEMENT_3D('',#5479,#4669,#4670);
#4325=AXIS2_PLACEMENT_3D('',#5483,#4673,#4674);
#4326=AXIS2_PLACEMENT_3D('',#5485,#4676,#4677);
#4327=AXIS2_PLACEMENT_3D('',#5488,#4680,#4681);
#4328=AXIS2_PLACEMENT_3D('',#5489,#4682,#4683);
#4329=AXIS2_PLACEMENT_3D('',#5498,#4688,#4689);
#4330=AXIS2_PLACEMENT_3D('',#5504,#4693,#4694);
#4331=AXIS2_PLACEMENT_3D('',#5520,#4703,#4704);
#4332=AXIS2_PLACEMENT_3D('',#5529,#4710,#4711);
#4333=AXIS2_PLACEMENT_3D('',#5533,#4714,#4715);
#4334=AXIS2_PLACEMENT_3D('',#5537,#4718,#4719);
#4335=AXIS2_PLACEMENT_3D('',#5550,#4726,#4727);
#4336=AXIS2_PLACEMENT_3D('',#5557,#4732,#4733);
#4337=AXIS2_PLACEMENT_3D('',#5567,#4739,#4740);
#4338=AXIS2_PLACEMENT_3D('',#5577,#4746,#4747);
#4339=AXIS2_PLACEMENT_3D('',#5583,#4751,#4752);
#4340=AXIS2_PLACEMENT_3D('',#5587,#4755,#4756);
#4341=AXIS2_PLACEMENT_3D('',#5591,#4759,#4760);
#4342=AXIS2_PLACEMENT_3D('',#5593,#4762,#4763);
#4343=AXIS2_PLACEMENT_3D('',#5595,#4765,#4766);
#4344=AXIS2_PLACEMENT_3D('',#5597,#4768,#4769);
#4345=AXIS2_PLACEMENT_3D('',#5606,#4774,#4775);
#4346=AXIS2_PLACEMENT_3D('',#5612,#4779,#4780);
#4347=AXIS2_PLACEMENT_3D('',#5616,#4783,#4784);
#4348=AXIS2_PLACEMENT_3D('',#5620,#4787,#4788);
#4349=AXIS2_PLACEMENT_3D('',#5622,#4790,#4791);
#4350=AXIS2_PLACEMENT_3D('',#5628,#4795,#4796);
#4351=AXIS2_PLACEMENT_3D('',#5632,#4799,#4800);
#4352=AXIS2_PLACEMENT_3D('',#5636,#4803,#4804);
#4353=AXIS2_PLACEMENT_3D('',#5638,#4806,#4807);
#4354=AXIS2_PLACEMENT_3D('',#5639,#4808,#4809);
#4355=AXIS2_PLACEMENT_3D('',#5641,#4810,#4811);
#4356=AXIS2_PLACEMENT_3D('',#5650,#4816,#4817);
#4357=AXIS2_PLACEMENT_3D('',#5651,#4818,#4819);
#4358=AXIS2_PLACEMENT_3D('',#5653,#4820,#4821);
#4359=AXIS2_PLACEMENT_3D('',#5659,#4825,#4826);
#4360=AXIS2_PLACEMENT_3D('',#5663,#4829,#4830);
#4361=AXIS2_PLACEMENT_3D('',#5667,#4833,#4834);
#4362=AXIS2_PLACEMENT_3D('',#5669,#4836,#4837);
#4363=AXIS2_PLACEMENT_3D('',#5673,#4839,#4840);
#4364=AXIS2_PLACEMENT_3D('',#5677,#4842,#4843);
#4365=AXIS2_PLACEMENT_3D('',#5678,#4844,#4845);
#4366=AXIS2_PLACEMENT_3D('',#5679,#4846,#4847);
#4367=AXIS2_PLACEMENT_3D('',#5681,#4848,#4849);
#4368=AXIS2_PLACEMENT_3D('',#5685,#4851,#4852);
#4369=AXIS2_PLACEMENT_3D('',#5689,#4854,#4855);
#4370=AXIS2_PLACEMENT_3D('',#5690,#4856,#4857);
#4371=AXIS2_PLACEMENT_3D('',#5691,#4858,#4859);
#4372=AXIS2_PLACEMENT_3D('',#5696,#4861,#4862);
#4373=AXIS2_PLACEMENT_3D('',#5699,#4864,#4865);
#4374=AXIS2_PLACEMENT_3D('',#5705,#4869,#4870);
#4375=AXIS2_PLACEMENT_3D('',#5711,#4874,#4875);
#4376=AXIS2_PLACEMENT_3D('',#5717,#4879,#4880);
#4377=AXIS2_PLACEMENT_3D('',#5718,#4881,#4882);
#4378=AXIS2_PLACEMENT_3D('',#5722,#4884,#4885);
#4379=AXIS2_PLACEMENT_3D('',#5723,#4886,#4887);
#4380=AXIS2_PLACEMENT_3D('',#5729,#4891,#4892);
#4381=AXIS2_PLACEMENT_3D('',#5735,#4896,#4897);
#4382=AXIS2_PLACEMENT_3D('',#5741,#4901,#4902);
#4383=AXIS2_PLACEMENT_3D('',#5743,#4904,#4905);
#4384=AXIS2_PLACEMENT_3D('',#5749,#4909,#4910);
#4385=AXIS2_PLACEMENT_3D('',#5755,#4914,#4915);
#4386=AXIS2_PLACEMENT_3D('',#5761,#4919,#4920);
#4387=AXIS2_PLACEMENT_3D('',#5765,#4923,#4924);
#4388=AXIS2_PLACEMENT_3D('',#5771,#4928,#4929);
#4389=AXIS2_PLACEMENT_3D('',#5783,#4937,#4938);
#4390=AXIS2_PLACEMENT_3D('',#5787,#4941,#4942);
#4391=AXIS2_PLACEMENT_3D('',#5793,#4946,#4947);
#4392=AXIS2_PLACEMENT_3D('',#5795,#4949,#4950);
#4393=AXIS2_PLACEMENT_3D('',#5804,#4955,#4956);
#4394=AXIS2_PLACEMENT_3D('',#5823,#4967,#4968);
#4395=AXIS2_PLACEMENT_3D('',#5832,#4973,#4974);
#4396=AXIS2_PLACEMENT_3D('',#5839,#4979,#4980);
#4397=AXIS2_PLACEMENT_3D('',#5845,#4984,#4985);
#4398=AXIS2_PLACEMENT_3D('',#5851,#4989,#4990);
#4399=AXIS2_PLACEMENT_3D('',#5857,#4994,#4995);
#4400=AXIS2_PLACEMENT_3D('',#5859,#4997,#4998);
#4401=AXIS2_PLACEMENT_3D('',#5868,#5003,#5004);
#4402=AXIS2_PLACEMENT_3D('',#5874,#5008,#5009);
#4403=AXIS2_PLACEMENT_3D('',#5880,#5013,#5014);
#4404=AXIS2_PLACEMENT_3D('',#5886,#5018,#5019);
#4405=AXIS2_PLACEMENT_3D('',#5890,#5022,#5023);
#4406=AXIS2_PLACEMENT_3D('',#5894,#5026,#5027);
#4407=AXIS2_PLACEMENT_3D('',#5907,#5034,#5035);
#4408=AXIS2_PLACEMENT_3D('',#5913,#5039,#5040);
#4409=AXIS2_PLACEMENT_3D('',#5917,#5043,#5044);
#4410=AXIS2_PLACEMENT_3D('',#5921,#5047,#5048);
#4411=AXIS2_PLACEMENT_3D('',#5925,#5051,#5052);
#4412=AXIS2_PLACEMENT_3D('',#5929,#5055,#5056);
#4413=AXIS2_PLACEMENT_3D('',#5933,#5059,#5060);
#4414=AXIS2_PLACEMENT_3D('',#5937,#5063,#5064);
#4415=AXIS2_PLACEMENT_3D('',#5941,#5067,#5068);
#4416=AXIS2_PLACEMENT_3D('',#5945,#5071,#5072);
#4417=AXIS2_PLACEMENT_3D('',#5949,#5075,#5076);
#4418=AXIS2_PLACEMENT_3D('',#5953,#5079,#5080);
#4419=AXIS2_PLACEMENT_3D('',#5957,#5083,#5084);
#4420=AXIS2_PLACEMENT_3D('',#5961,#5087,#5088);
#4421=AXIS2_PLACEMENT_3D('',#5965,#5091,#5092);
#4422=AXIS2_PLACEMENT_3D('',#5969,#5095,#5096);
#4423=AXIS2_PLACEMENT_3D('',#5971,#5098,#5099);
#4424=AXIS2_PLACEMENT_3D('',#5977,#5103,#5104);
#4425=AXIS2_PLACEMENT_3D('',#5981,#5107,#5108);
#4426=AXIS2_PLACEMENT_3D('',#5985,#5111,#5112);
#4427=AXIS2_PLACEMENT_3D('',#5989,#5115,#5116);
#4428=AXIS2_PLACEMENT_3D('',#5993,#5119,#5120);
#4429=AXIS2_PLACEMENT_3D('',#6002,#5125,#5126);
#4430=AXIS2_PLACEMENT_3D('',#6003,#5127,#5128);
#4431=AXIS2_PLACEMENT_3D('',#6005,#5129,#5130);
#4432=AXIS2_PLACEMENT_3D('',#6008,#5132,#5133);
#4433=AXIS2_PLACEMENT_3D('',#6017,#5138,#5139);
#4434=AXIS2_PLACEMENT_3D('',#6027,#5145,#5146);
#4435=AXIS2_PLACEMENT_3D('',#6033,#5150,#5151);
#4436=AXIS2_PLACEMENT_3D('',#6039,#5155,#5156);
#4437=AXIS2_PLACEMENT_3D('',#6045,#5160,#5161);
#4438=AXIS2_PLACEMENT_3D('',#6052,#5166,#5167);
#4439=AXIS2_PLACEMENT_3D('',#6057,#5171,#5172);
#4440=AXIS2_PLACEMENT_3D('',#6061,#5175,#5176);
#4441=AXIS2_PLACEMENT_3D('',#6067,#5180,#5181);
#4442=AXIS2_PLACEMENT_3D('',#6073,#5185,#5186);
#4443=AXIS2_PLACEMENT_3D('',#6077,#5189,#5190);
#4444=AXIS2_PLACEMENT_3D('',#6081,#5193,#5194);
#4445=AXIS2_PLACEMENT_3D('',#6086,#5198,#5199);
#4446=AXIS2_PLACEMENT_3D('',#6090,#5202,#5203);
#4447=AXIS2_PLACEMENT_3D('',#6094,#5207,#5208);
#4448=AXIS2_PLACEMENT_3D('',#6095,#5209,#5210);
#4449=AXIS2_PLACEMENT_3D('',#6104,#5215,#5216);
#4450=AXIS2_PLACEMENT_3D('',#6110,#5220,#5221);
#4451=AXIS2_PLACEMENT_3D('',#6114,#5224,#5225);
#4452=AXIS2_PLACEMENT_3D('',#6118,#5228,#5229);
#4453=AXIS2_PLACEMENT_3D('',#6120,#5231,#5232);
#4454=AXIS2_PLACEMENT_3D('',#6123,#5235,#5236);
#4455=AXIS2_PLACEMENT_3D('',#6125,#5238,#5239);
#4456=AXIS2_PLACEMENT_3D('',#6127,#5241,#5242);
#4457=DIRECTION('',(0.,0.,1.));
#4458=DIRECTION('',(1.,0.,0.));
#4459=DIRECTION('',(0.,0.,-1.));
#4460=DIRECTION('',(1.,0.,0.));
#4461=DIRECTION('',(1.,0.,0.));
#4462=DIRECTION('',(0.,1.,0.));
#4463=DIRECTION('',(0.,0.,1.));
#4464=DIRECTION('',(1.,0.,0.));
#4465=DIRECTION('',(-1.,0.,0.));
#4466=DIRECTION('',(0.,-1.,0.));
#4467=DIRECTION('',(0.,0.,-1.));
#4468=DIRECTION('',(1.,0.,0.));
#4469=DIRECTION('',(0.,0.,1.));
#4470=DIRECTION('',(1.,0.,0.));
#4471=DIRECTION('',(8.97855365058204E-16,-1.,0.));
#4472=DIRECTION('',(1.,0.,0.));
#4473=DIRECTION('',(0.,1.,0.));
#4474=DIRECTION('',(-1.,0.,0.));
#4475=DIRECTION('',(0.,1.50356725627931E-16,-1.));
#4476=DIRECTION('',(0.,1.,1.50356725627931E-16));
#4477=DIRECTION('',(0.,-1.50356725627931E-16,1.));
#4478=DIRECTION('',(0.,1.,1.50356725627931E-16));
#4479=DIRECTION('',(0.,-1.50356725627931E-16,1.));
#4480=DIRECTION('',(0.,1.,1.50356725627931E-16));
#4481=DIRECTION('',(0.,1.50356725627931E-16,-1.));
#4482=DIRECTION('',(0.,1.,1.50356725627931E-16));
#4483=DIRECTION('',(0.,-1.50356725627931E-16,1.));
#4484=DIRECTION('',(0.,1.,1.50356725627931E-16));
#4485=DIRECTION('',(0.,-1.50356725627931E-16,1.));
#4486=DIRECTION('',(0.,-1.,-1.50356725627931E-16));
#4487=DIRECTION('',(2.71050543121376E-16,1.,1.50356725627931E-16));
#4488=DIRECTION('',(1.,0.,0.));
#4489=DIRECTION('',(0.,-1.,-1.50356725627931E-16));
#4490=DIRECTION('',(-1.,1.35525271560688E-16,2.03771360717012E-32));
#4491=DIRECTION('',(0.,0.707106781186547,-0.707106781186548));
#4492=DIRECTION('',(1.,0.,0.));
#4493=DIRECTION('',(-0.392975165336861,0.650219393523628,0.650219393523626));
#4494=DIRECTION('',(1.,0.,0.));
#4495=DIRECTION('',(-0.392975165336861,-0.650219393523628,-0.650219393523626));
#4496=DIRECTION('',(-1.,0.,0.));
#4497=DIRECTION('',(0.,-1.,0.));
#4498=DIRECTION('',(0.,0.,-1.));
#4499=DIRECTION('',(0.,0.,-1.));
#4500=DIRECTION('',(-1.,0.,0.));
#4501=DIRECTION('',(0.,0.,1.));
#4502=DIRECTION('',(9.58308385427107E-17,0.707106781186546,0.707106781186549));
#4503=DIRECTION('',(-1.,1.35525271560688E-16,2.03771360717012E-32));
#4504=DIRECTION('',(0.577350269189627,-0.577350269189626,0.577350269189624));
#4505=DIRECTION('',(1.,-1.35525271560688E-16,-2.03771360717012E-32));
#4506=DIRECTION('',(-0.577350269189626,-0.577350269189627,0.577350269189625));
#4507=DIRECTION('',(-1.,1.35525271560688E-16,2.03771360717012E-32));
#4508=DIRECTION('',(0.707106781186547,-2.97979937373937E-16,0.707106781186548));
#4509=DIRECTION('',(2.71050543121376E-16,1.,1.50356725627931E-16));
#4510=DIRECTION('',(-2.71050543121376E-16,-1.,-1.50356725627931E-16));
#4511=DIRECTION('',(-0.577350269189626,0.577350269189628,0.577350269189624));
#4512=DIRECTION('',(2.71050543121376E-16,1.,1.50356725627931E-16));
#4513=DIRECTION('',(-0.707106781186546,-1.06318260288516E-16,0.70710678118655));
#4514=DIRECTION('',(0.,-1.,-1.50356725627931E-16));
#4515=DIRECTION('',(0.,-1.,-1.50356725627931E-16));
#4516=DIRECTION('',(-0.577350269189627,-0.577350269189627,-0.577350269189624));
#4517=DIRECTION('',(0.,1.,1.50356725627931E-16));
#4518=DIRECTION('',(0.,-0.707106781186545,0.70710678118655));
#4519=DIRECTION('',(1.,0.,0.));
#4520=DIRECTION('',(-1.,0.,0.));
#4521=DIRECTION('',(1.,0.,0.));
#4522=DIRECTION('',(0.,0.,-1.));
#4523=DIRECTION('',(1.,0.,0.));
#4524=DIRECTION('',(0.,0.,-1.));
#4525=DIRECTION('',(0.,0.,1.));
#4526=DIRECTION('',(-1.,0.,0.));
#4527=DIRECTION('',(0.,0.,-1.));
#4528=DIRECTION('',(0.,1.,0.));
#4529=DIRECTION('',(0.,0.,1.));
#4530=DIRECTION('',(-1.,0.,0.));
#4531=DIRECTION('',(0.,0.,-1.));
#4532=DIRECTION('',(0.,-1.,0.));
#4533=DIRECTION('',(0.,0.,-1.));
#4534=DIRECTION('',(1.,0.,0.));
#4535=DIRECTION('',(0.,0.,-1.));
#4536=DIRECTION('',(1.,0.,0.));
#4537=DIRECTION('',(0.,0.,-1.));
#4538=DIRECTION('',(0.,0.,-1.));
#4539=DIRECTION('',(1.,0.,0.));
#4540=DIRECTION('',(0.,0.,1.));
#4541=DIRECTION('',(-1.,0.,0.));
#4542=DIRECTION('',(0.,0.,1.));
#4543=DIRECTION('',(-1.,0.,0.));
#4544=DIRECTION('',(0.,0.,-1.));
#4545=DIRECTION('',(1.,0.,0.));
#4546=DIRECTION('',(0.,0.,1.));
#4547=DIRECTION('',(0.,1.,0.));
#4548=DIRECTION('',(0.,1.,0.));
#4549=DIRECTION('',(0.,0.,-1.));
#4550=DIRECTION('',(0.,-1.,0.));
#4551=DIRECTION('',(0.,0.,-1.));
#4552=DIRECTION('',(1.,0.,0.));
#4553=DIRECTION('',(1.,0.,0.));
#4554=DIRECTION('',(0.,0.,-1.));
#4555=DIRECTION('',(-1.,0.,0.));
#4556=DIRECTION('',(0.,0.,-1.));
#4557=DIRECTION('',(0.,-1.,0.));
#4558=DIRECTION('',(0.,-1.,0.));
#4559=DIRECTION('',(0.,0.,-1.));
#4560=DIRECTION('',(0.,0.,-1.));
#4561=DIRECTION('',(1.,0.,0.));
#4562=DIRECTION('',(0.,0.,1.));
#4563=DIRECTION('',(1.,0.,0.));
#4564=DIRECTION('',(0.,0.,1.));
#4565=DIRECTION('',(1.,0.,0.));
#4566=DIRECTION('',(0.,0.,-1.));
#4567=DIRECTION('',(0.,-1.,0.));
#4568=DIRECTION('',(0.,0.,-1.));
#4569=DIRECTION('',(1.,0.,0.));
#4570=DIRECTION('',(1.,0.,0.));
#4571=DIRECTION('',(0.,0.,-1.));
#4572=DIRECTION('',(0.,1.,0.));
#4573=DIRECTION('',(0.,0.,1.));
#4574=DIRECTION('',(0.,0.,-1.));
#4575=DIRECTION('',(-1.,0.,0.));
#4576=DIRECTION('',(0.,0.,-1.));
#4577=DIRECTION('',(0.,0.,-1.));
#4578=DIRECTION('',(1.,0.,0.));
#4579=DIRECTION('',(0.,0.,1.));
#4580=DIRECTION('',(1.,0.,0.));
#4581=DIRECTION('',(0.,0.,-1.));
#4582=DIRECTION('',(-1.,0.,0.));
#4583=DIRECTION('',(0.,0.,-1.));
#4584=DIRECTION('',(0.,-1.,0.));
#4585=DIRECTION('',(0.,0.,1.));
#4586=DIRECTION('',(1.,0.,0.));
#4587=DIRECTION('',(0.,0.,1.));
#4588=DIRECTION('',(0.,0.,1.));
#4589=DIRECTION('',(0.,1.,0.));
#4590=DIRECTION('',(0.,0.,-1.));
#4591=DIRECTION('',(1.,0.,0.));
#4592=DIRECTION('',(-0.964808877916629,-0.262952142210813,0.));
#4593=DIRECTION('',(-1.,0.,0.));
#4594=DIRECTION('',(-0.964808877916629,0.262952142210814,0.));
#4595=DIRECTION('',(0.,-1.,0.));
#4596=DIRECTION('',(-4.4012607558798E-16,1.,0.));
#4597=DIRECTION('',(0.,-1.50356725627931E-16,1.));
#4598=DIRECTION('',(0.,-1.,-1.50356725627931E-16));
#4599=DIRECTION('',(1.,0.,0.));
#4600=DIRECTION('',(0.,0.,1.));
#4601=DIRECTION('',(0.,1.50356725627931E-16,-1.));
#4602=DIRECTION('',(0.,1.50356725627931E-16,-1.));
#4603=DIRECTION('',(0.,1.,1.50356725627931E-16));
#4604=DIRECTION('',(0.,-1.50356725627931E-16,1.));
#4605=DIRECTION('',(0.,1.50356725627931E-16,-1.));
#4606=DIRECTION('',(-1.,2.71050543121376E-16,4.07542721434025E-32));
#4607=DIRECTION('',(2.71050543121376E-16,1.,0.));
#4608=DIRECTION('',(0.,1.50356725627931E-16,-1.));
#4609=DIRECTION('',(-1.35525271560688E-16,-1.,-1.50356725627931E-16));
#4610=DIRECTION('',(0.,1.50356725627931E-16,-1.));
#4611=DIRECTION('',(0.,-1.,0.));
#4612=DIRECTION('',(0.,0.,-1.));
#4613=DIRECTION('',(-1.,0.,0.));
#4614=DIRECTION('',(0.,0.,1.));
#4615=DIRECTION('',(-1.,0.,0.));
#4616=DIRECTION('',(0.,0.,1.));
#4617=DIRECTION('',(-0.855837303315431,-0.517245116220319,0.));
#4618=DIRECTION('',(-0.517245116220319,0.855837303315431,0.));
#4619=DIRECTION('',(-0.517245116220319,0.855837303315431,0.));
#4620=DIRECTION('',(-0.517245116220319,0.855837303315431,0.));
#4621=DIRECTION('',(0.855837303315431,-0.517245116220319,0.));
#4622=DIRECTION('',(-0.517245116220319,-0.855837303315431,0.));
#4623=DIRECTION('',(-0.517245116220319,-0.855837303315431,0.));
#4624=DIRECTION('',(0.,0.,1.));
#4625=DIRECTION('',(0.517245116220319,0.855837303315431,0.));
#4626=DIRECTION('',(0.,-1.,0.));
#4627=DIRECTION('',(0.,0.,-1.));
#4628=DIRECTION('',(1.,0.,0.));
#4629=DIRECTION('',(-1.,0.,0.));
#4630=DIRECTION('',(0.,0.,1.));
#4631=DIRECTION('',(1.,0.,0.));
#4632=DIRECTION('',(0.,0.,1.));
#4633=DIRECTION('',(0.,1.,0.));
#4634=DIRECTION('',(0.,-1.,0.));
#4635=DIRECTION('',(0.,0.,1.));
#4636=DIRECTION('',(0.,1.,0.));
#4637=DIRECTION('',(0.,0.,1.));
#4638=DIRECTION('',(-1.,0.,0.));
#4639=DIRECTION('',(1.,0.,0.));
#4640=DIRECTION('',(0.,0.,1.));
#4641=DIRECTION('',(0.,-1.,0.));
#4642=DIRECTION('',(0.,0.,-1.));
#4643=DIRECTION('',(0.,0.,1.));
#4644=DIRECTION('',(1.,0.,0.));
#4645=DIRECTION('',(0.,0.,1.));
#4646=DIRECTION('',(0.,-1.,0.));
#4647=DIRECTION('',(0.,0.,-1.));
#4648=DIRECTION('',(0.,0.,1.));
#4649=DIRECTION('',(-1.,0.,0.));
#4650=DIRECTION('',(0.,0.,1.));
#4651=DIRECTION('',(0.,1.,0.));
#4652=DIRECTION('',(0.,0.,1.));
#4653=DIRECTION('',(-1.,0.,0.));
#4654=DIRECTION('',(0.,0.,1.));
#4655=DIRECTION('',(1.,0.,0.));
#4656=DIRECTION('',(0.,0.,1.));
#4657=DIRECTION('',(-1.,0.,0.));
#4658=DIRECTION('',(0.,0.,-1.));
#4659=DIRECTION('',(0.,-1.,0.));
#4660=DIRECTION('',(0.,1.,0.));
#4661=DIRECTION('',(-1.,0.,0.));
#4662=DIRECTION('',(0.,0.,-1.));
#4663=DIRECTION('',(0.,1.,0.));
#4664=DIRECTION('',(0.,-1.,0.));
#4665=DIRECTION('',(0.262952142210813,-0.964808877916629,0.));
#4666=DIRECTION('',(-0.964808877916629,-0.262952142210813,0.));
#4667=DIRECTION('',(-0.964808877916629,-0.262952142210813,0.));
#4668=DIRECTION('',(0.,0.,1.));
#4669=DIRECTION('',(0.,-1.,0.));
#4670=DIRECTION('',(0.,0.,-1.));
#4671=DIRECTION('',(-1.,0.,0.));
#4672=DIRECTION('',(0.,0.,1.));
#4673=DIRECTION('',(-0.262952142210813,-0.964808877916629,0.));
#4674=DIRECTION('',(-0.964808877916629,0.262952142210813,0.));
#4675=DIRECTION('',(-0.964808877916629,0.262952142210813,0.));
#4676=DIRECTION('',(1.,0.,0.));
#4677=DIRECTION('',(0.,0.,1.));
#4678=DIRECTION('',(0.,1.,0.));
#4679=DIRECTION('',(0.,-1.,0.));
#4680=DIRECTION('',(0.,0.,-1.));
#4681=DIRECTION('',(1.,0.,0.));
#4682=DIRECTION('',(-0.707106781186547,-7.97911167438509E-17,-0.707106781186548));
#4683=DIRECTION('',(0.,-1.,1.12841679456049E-16));
#4684=DIRECTION('',(-0.707106781186548,7.97911167438507E-17,0.707106781186547));
#4685=DIRECTION('',(0.,1.,-1.12841679456049E-16));
#4686=DIRECTION('',(0.694365499862604,0.188979113134532,-0.694365499862602));
#4687=DIRECTION('',(0.,-1.,1.12841679456049E-16));
#4688=DIRECTION('',(-1.,0.,0.));
#4689=DIRECTION('',(0.,0.,-1.));
#4690=DIRECTION('',(0.,0.,-1.));
#4691=DIRECTION('',(0.,-1.,0.));
#4692=DIRECTION('',(0.,-0.262608675093812,0.964902421888075));
#4693=DIRECTION('',(0.,-0.964902421888075,-0.262608675093812));
#4694=DIRECTION('',(0.,0.262608675093812,-0.964902421888075));
#4695=DIRECTION('',(1.,-1.35525271560688E-16,4.97960178616462E-16));
#4696=DIRECTION('',(0.,0.262608675093812,-0.964902421888075));
#4697=DIRECTION('',(1.,0.,0.));
#4698=DIRECTION('',(0.,-0.262608675093812,0.964902421888075));
#4699=DIRECTION('',(-0.694365499862604,0.188979113134532,-0.694365499862602));
#4700=DIRECTION('',(1.,0.,0.));
#4701=DIRECTION('',(1.,0.,0.));
#4702=DIRECTION('',(-7.11802240125627E-17,-0.262608675093812,0.964902421888075));
#4703=DIRECTION('',(0.,0.,-1.));
#4704=DIRECTION('',(1.,0.,0.));
#4705=DIRECTION('',(1.,0.,0.));
#4706=DIRECTION('',(0.,-1.,0.));
#4707=DIRECTION('',(0.,1.,0.));
#4708=DIRECTION('',(-1.,0.,0.));
#4709=DIRECTION('',(-2.71050543121376E-16,-1.,0.));
#4710=DIRECTION('',(-1.,0.,0.));
#4711=DIRECTION('',(0.,0.,-1.));
#4712=DIRECTION('',(0.,0.,-1.));
#4713=DIRECTION('',(0.,-1.,1.12841679456049E-16));
#4714=DIRECTION('',(-0.707106781186547,7.97911167438509E-17,0.707106781186548));
#4715=DIRECTION('',(0.,1.,-1.12841679456049E-16));
#4716=DIRECTION('',(0.707106781186548,7.97911167438507E-17,0.707106781186547));
#4717=DIRECTION('',(0.,1.,-1.12841679456049E-16));
#4718=DIRECTION('',(1.,0.,0.));
#4719=DIRECTION('',(0.,0.,1.));
#4720=DIRECTION('',(0.,1.,0.));
#4721=DIRECTION('',(0.,0.,-1.));
#4722=DIRECTION('',(0.,1.,0.));
#4723=DIRECTION('',(0.,-1.12841679456049E-16,-1.));
#4724=DIRECTION('',(0.,-1.,1.12841679456049E-16));
#4725=DIRECTION('',(0.,-1.12841679456049E-16,-1.));
#4726=DIRECTION('',(0.,1.,-1.12841679456049E-16));
#4727=DIRECTION('',(0.,1.12841679456049E-16,1.));
#4728=DIRECTION('',(1.,0.,0.));
#4729=DIRECTION('',(1.,0.,0.));
#4730=DIRECTION('',(0.,-1.12841679456049E-16,-1.));
#4731=DIRECTION('',(1.,0.,0.));
#4732=DIRECTION('',(1.,0.,0.));
#4733=DIRECTION('',(0.,0.,1.));
#4734=DIRECTION('',(0.,0.,-1.));
#4735=DIRECTION('',(0.,1.,0.));
#4736=DIRECTION('',(0.,1.12841679456049E-16,1.));
#4737=DIRECTION('',(0.,-1.,1.12841679456049E-16));
#4738=DIRECTION('',(0.,1.,0.));
#4739=DIRECTION('',(0.,0.,1.));
#4740=DIRECTION('',(-1.,0.,0.));
#4741=DIRECTION('',(-1.,0.,0.));
#4742=DIRECTION('',(-1.,0.,0.));
#4743=DIRECTION('',(0.,1.,0.));
#4744=DIRECTION('',(-1.,0.,0.));
#4745=DIRECTION('',(0.,1.,0.));
#4746=DIRECTION('',(1.,0.,0.));
#4747=DIRECTION('',(0.,0.,1.));
#4748=DIRECTION('',(0.,0.,1.));
#4749=DIRECTION('',(0.,1.,-2.91814628526834E-15));
#4750=DIRECTION('',(0.,0.,-1.));
#4751=DIRECTION('',(0.,1.,0.));
#4752=DIRECTION('',(0.,0.,1.));
#4753=DIRECTION('',(1.,0.,0.));
#4754=DIRECTION('',(0.,0.,-1.));
#4755=DIRECTION('',(1.,0.,0.));
#4756=DIRECTION('',(0.,0.,1.));
#4757=DIRECTION('',(0.,1.,-2.91814628526834E-15));
#4758=DIRECTION('',(0.,0.,1.));
#4759=DIRECTION('',(0.,2.91814628526834E-15,1.));
#4760=DIRECTION('',(0.,-1.,2.91814628526834E-15));
#4761=DIRECTION('',(-1.,0.,0.));
#4762=DIRECTION('',(0.,1.12841679456049E-16,1.));
#4763=DIRECTION('',(0.,-1.,1.12841679456049E-16));
#4764=DIRECTION('',(1.,0.,0.));
#4765=DIRECTION('',(0.,-1.,1.12841679456049E-16));
#4766=DIRECTION('',(0.,-1.12841679456049E-16,-1.));
#4767=DIRECTION('',(-1.,0.,0.));
#4768=DIRECTION('',(0.,-1.50356725627931E-16,1.));
#4769=DIRECTION('',(0.,-1.,-1.50356725627931E-16));
#4770=DIRECTION('',(2.71050543121376E-16,-1.,-1.50356725627931E-16));
#4771=DIRECTION('',(1.,0.,0.));
#4772=DIRECTION('',(0.,1.,1.50356725627931E-16));
#4773=DIRECTION('',(-1.,-1.35525271560688E-16,-2.03771360717012E-32));
#4774=DIRECTION('',(0.,-0.707106781186545,0.70710678118655));
#4775=DIRECTION('',(-1.,0.,0.));
#4776=DIRECTION('',(0.577350269189626,0.577350269189628,0.577350269189624));
#4777=DIRECTION('',(-1.,0.,0.));
#4778=DIRECTION('',(0.577350269189627,-0.577350269189627,-0.577350269189624));
#4779=DIRECTION('',(0.707106781186546,-1.06318260288516E-16,0.70710678118655));
#4780=DIRECTION('',(0.,-1.,-1.50356725627931E-16));
#4781=DIRECTION('',(-0.577350269189627,-0.577350269189626,0.577350269189624));
#4782=DIRECTION('',(0.,-1.,-1.50356725627931E-16));
#4783=DIRECTION('',(-9.58308385427107E-17,0.707106781186546,0.707106781186549));
#4784=DIRECTION('',(1.,1.35525271560688E-16,2.03771360717012E-32));
#4785=DIRECTION('',(1.,1.35525271560688E-16,2.03771360717012E-32));
#4786=DIRECTION('',(0.577350269189626,-0.577350269189627,0.577350269189625));
#4787=DIRECTION('',(-0.707106781186547,-2.97979937373937E-16,0.707106781186548));
#4788=DIRECTION('',(-2.71050543121376E-16,1.,1.50356725627931E-16));
#4789=DIRECTION('',(-2.71050543121376E-16,1.,1.50356725627931E-16));
#4790=DIRECTION('',(0.,1.,1.50356725627931E-16));
#4791=DIRECTION('',(0.,-1.50356725627931E-16,1.));
#4792=DIRECTION('',(0.,1.50356725627931E-16,-1.));
#4793=DIRECTION('',(0.,1.50356725627931E-16,-1.));
#4794=DIRECTION('',(-1.,0.,0.));
#4795=DIRECTION('',(-1.,0.,0.));
#4796=DIRECTION('',(0.,0.,1.));
#4797=DIRECTION('',(0.,1.50356725627931E-16,-1.));
#4798=DIRECTION('',(0.,-1.,-1.50356725627931E-16));
#4799=DIRECTION('',(1.35525271560688E-16,-1.,-1.50356725627931E-16));
#4800=DIRECTION('',(0.,1.50356725627931E-16,-1.));
#4801=DIRECTION('',(0.,1.50356725627931E-16,-1.));
#4802=DIRECTION('',(1.,1.35525271560688E-16,2.03771360717012E-32));
#4803=DIRECTION('',(1.,2.71050543121376E-16,4.07542721434025E-32));
#4804=DIRECTION('',(-2.71050543121376E-16,1.,0.));
#4805=DIRECTION('',(-2.71050543121376E-16,1.,1.50356725627931E-16));
#4806=DIRECTION('',(0.,-1.50356725627931E-16,1.));
#4807=DIRECTION('',(0.,-1.,-1.50356725627931E-16));
#4808=DIRECTION('',(0.,1.50356725627931E-16,-1.));
#4809=DIRECTION('',(0.,1.,1.50356725627931E-16));
#4810=DIRECTION('',(0.,-1.50356725627931E-16,1.));
#4811=DIRECTION('',(0.,-1.,-1.50356725627931E-16));
#4812=DIRECTION('',(0.,-1.,-1.50356725627931E-16));
#4813=DIRECTION('',(-1.,0.,0.));
#4814=DIRECTION('',(-2.71050543121376E-16,1.,1.50356725627931E-16));
#4815=DIRECTION('',(1.,1.35525271560688E-16,2.03771360717012E-32));
#4816=DIRECTION('',(0.,1.50356725627931E-16,-1.));
#4817=DIRECTION('',(0.,1.,1.50356725627931E-16));
#4818=DIRECTION('',(0.,1.50356725627931E-16,-1.));
#4819=DIRECTION('',(0.,1.,1.50356725627931E-16));
#4820=DIRECTION('',(0.,0.707106781186547,0.707106781186548));
#4821=DIRECTION('',(1.,0.,0.));
#4822=DIRECTION('',(-0.577350269189626,-0.577350269189626,0.577350269189626));
#4823=DIRECTION('',(-0.577350269189626,0.577350269189626,-0.577350269189626));
#4824=DIRECTION('',(1.,0.,0.));
#4825=DIRECTION('',(-0.707106781186547,-1.06318260288515E-16,0.707106781186548));
#4826=DIRECTION('',(0.,1.,1.50356725627931E-16));
#4827=DIRECTION('',(0.577350269189626,0.577350269189626,0.577350269189626));
#4828=DIRECTION('',(0.,1.,1.50356725627931E-16));
#4829=DIRECTION('',(0.707106781186548,8.53434167969065E-17,0.707106781186548));
#4830=DIRECTION('',(2.71050543121376E-16,-1.,-1.50356725627931E-16));
#4831=DIRECTION('',(-0.577350269189626,0.577350269189626,0.577350269189626));
#4832=DIRECTION('',(2.71050543121376E-16,-1.,-1.50356725627931E-16));
#4833=DIRECTION('',(9.58308385427108E-17,-0.707106781186547,0.707106781186548));
#4834=DIRECTION('',(-1.,-1.35525271560688E-16,-2.03771360717012E-32));
#4835=DIRECTION('',(-1.,-1.35525271560688E-16,-2.03771360717012E-32));
#4836=DIRECTION('',(0.,0.,-1.));
#4837=DIRECTION('',(-1.,0.,0.));
#4838=DIRECTION('',(0.,0.,-1.));
#4839=DIRECTION('',(0.,0.,-1.));
#4840=DIRECTION('',(-1.,0.,0.));
#4841=DIRECTION('',(0.,0.,-1.));
#4842=DIRECTION('',(0.,0.,-1.));
#4843=DIRECTION('',(-1.,0.,0.));
#4844=DIRECTION('',(0.,1.50356725627931E-16,-1.));
#4845=DIRECTION('',(0.,1.,1.50356725627931E-16));
#4846=DIRECTION('',(0.,1.50356725627931E-16,-1.));
#4847=DIRECTION('',(0.,1.,1.50356725627931E-16));
#4848=DIRECTION('',(0.,0.,-1.));
#4849=DIRECTION('',(-1.,0.,0.));
#4850=DIRECTION('',(0.,0.,-1.));
#4851=DIRECTION('',(0.,0.,-1.));
#4852=DIRECTION('',(-1.,0.,0.));
#4853=DIRECTION('',(0.,0.,-1.));
#4854=DIRECTION('',(0.,0.,-1.));
#4855=DIRECTION('',(1.,0.,0.));
#4856=DIRECTION('',(0.,0.,-1.));
#4857=DIRECTION('',(-1.,0.,0.));
#4858=DIRECTION('',(0.,0.,-1.));
#4859=DIRECTION('',(1.,0.,0.));
#4860=DIRECTION('',(0.,0.,-1.));
#4861=DIRECTION('',(0.,0.,-1.));
#4862=DIRECTION('',(1.,0.,0.));
#4863=DIRECTION('',(0.,0.,-1.));
#4864=DIRECTION('',(-1.,0.,0.));
#4865=DIRECTION('',(0.,0.,1.));
#4866=DIRECTION('',(0.,1.,0.));
#4867=DIRECTION('',(0.,0.,-1.));
#4868=DIRECTION('',(0.,1.,0.));
#4869=DIRECTION('',(0.,-1.,0.));
#4870=DIRECTION('',(0.,0.,-1.));
#4871=DIRECTION('',(-1.,0.,0.));
#4872=DIRECTION('',(0.,0.,-1.));
#4873=DIRECTION('',(-1.,0.,0.));
#4874=DIRECTION('',(1.,0.,0.));
#4875=DIRECTION('',(0.,0.,-1.));
#4876=DIRECTION('',(0.,-1.,0.));
#4877=DIRECTION('',(0.,0.,-1.));
#4878=DIRECTION('',(0.,-1.,0.));
#4879=DIRECTION('',(0.,0.,-1.));
#4880=DIRECTION('',(-1.,0.,0.));
#4881=DIRECTION('',(0.,0.,-1.));
#4882=DIRECTION('',(-1.,0.,0.));
#4883=DIRECTION('',(0.,0.,-1.));
#4884=DIRECTION('',(0.,0.,-1.));
#4885=DIRECTION('',(-1.,0.,0.));
#4886=DIRECTION('',(0.,1.,1.50356725627931E-16));
#4887=DIRECTION('',(0.,-1.50356725627931E-16,1.));
#4888=DIRECTION('',(0.,1.50356725627931E-16,-1.));
#4889=DIRECTION('',(0.,1.50356725627931E-16,-1.));
#4890=DIRECTION('',(1.,0.,0.));
#4891=DIRECTION('',(-1.,0.,0.));
#4892=DIRECTION('',(0.,0.,1.));
#4893=DIRECTION('',(0.,1.50356725627931E-16,-1.));
#4894=DIRECTION('',(0.,0.262608675093812,-0.964902421888075));
#4895=DIRECTION('',(0.,1.,0.));
#4896=DIRECTION('',(1.,2.71050543121376E-16,4.07542721434025E-32));
#4897=DIRECTION('',(-2.71050543121376E-16,1.,0.));
#4898=DIRECTION('',(0.,1.50356725627931E-16,-1.));
#4899=DIRECTION('',(2.71050543121376E-16,-1.,0.));
#4900=DIRECTION('',(7.11802240125627E-17,-0.262608675093812,0.964902421888075));
#4901=DIRECTION('',(1.35525271560688E-16,-1.,-1.50356725627931E-16));
#4902=DIRECTION('',(0.,1.50356725627931E-16,-1.));
#4903=DIRECTION('',(-1.,-1.35525271560688E-16,4.97960178616462E-16));
#4904=DIRECTION('',(0.,-1.,0.));
#4905=DIRECTION('',(0.,0.,-1.));
#4906=DIRECTION('',(-1.,0.,0.));
#4907=DIRECTION('',(0.,0.,-1.));
#4908=DIRECTION('',(-1.,0.,0.));
#4909=DIRECTION('',(0.,1.,0.));
#4910=DIRECTION('',(0.,0.,1.));
#4911=DIRECTION('',(0.,0.,-1.));
#4912=DIRECTION('',(1.,0.,0.));
#4913=DIRECTION('',(1.,0.,0.));
#4914=DIRECTION('',(0.,0.,-1.));
#4915=DIRECTION('',(-1.,0.,0.));
#4916=DIRECTION('',(0.,1.,0.));
#4917=DIRECTION('',(-1.,0.,0.));
#4918=DIRECTION('',(-8.97855365058204E-16,-1.,0.));
#4919=DIRECTION('',(1.,0.,0.));
#4920=DIRECTION('',(0.,0.,-1.));
#4921=DIRECTION('',(0.,0.,1.));
#4922=DIRECTION('',(0.,-1.,0.));
#4923=DIRECTION('',(-1.,0.,0.));
#4924=DIRECTION('',(0.,0.,1.));
#4925=DIRECTION('',(0.,0.,1.));
#4926=DIRECTION('',(0.,1.,0.));
#4927=DIRECTION('',(0.,1.,0.));
#4928=DIRECTION('',(0.,0.,-1.));
#4929=DIRECTION('',(-1.,0.,0.));
#4930=DIRECTION('',(1.,0.,0.));
#4931=DIRECTION('',(4.4012607558798E-16,1.,0.));
#4932=DIRECTION('',(-1.,0.,0.));
#4933=DIRECTION('',(0.,-1.,0.));
#4934=DIRECTION('',(0.964808877916629,0.262952142210814,0.));
#4935=DIRECTION('',(1.,0.,0.));
#4936=DIRECTION('',(0.964808877916629,-0.262952142210813,0.));
#4937=DIRECTION('',(0.,-1.,0.));
#4938=DIRECTION('',(0.,0.,-1.));
#4939=DIRECTION('',(-1.,0.,0.));
#4940=DIRECTION('',(0.,0.,-1.));
#4941=DIRECTION('',(0.,0.,-1.));
#4942=DIRECTION('',(-1.,0.,0.));
#4943=DIRECTION('',(-1.,0.,0.));
#4944=DIRECTION('',(0.,-1.,0.));
#4945=DIRECTION('',(1.,0.,0.));
#4946=DIRECTION('',(0.,1.,0.));
#4947=DIRECTION('',(0.,0.,1.));
#4948=DIRECTION('',(0.,0.,-1.));
#4949=DIRECTION('',(0.,-1.,0.));
#4950=DIRECTION('',(0.,0.,-1.));
#4951=DIRECTION('',(0.,0.,-1.));
#4952=DIRECTION('',(-1.,0.,0.));
#4953=DIRECTION('',(0.,0.,1.));
#4954=DIRECTION('',(1.,0.,0.));
#4955=DIRECTION('',(0.,0.,-1.));
#4956=DIRECTION('',(-1.,0.,0.));
#4957=DIRECTION('',(0.517245116220319,-0.855837303315431,0.));
#4958=DIRECTION('',(1.,0.,0.));
#4959=DIRECTION('',(0.,-1.,0.));
#4960=DIRECTION('',(-1.,0.,0.));
#4961=DIRECTION('',(0.,-1.,0.));
#4962=DIRECTION('',(0.,1.,0.));
#4963=DIRECTION('',(-1.,0.,0.));
#4964=DIRECTION('',(0.,1.,0.));
#4965=DIRECTION('',(1.,0.,0.));
#4966=DIRECTION('',(0.517245116220319,0.855837303315431,0.));
#4967=DIRECTION('',(1.,0.,0.));
#4968=DIRECTION('',(0.,0.,-1.));
#4969=DIRECTION('',(0.,-0.262608675093812,0.964902421888075));
#4970=DIRECTION('',(0.,-1.,1.12841679456049E-16));
#4971=DIRECTION('',(0.,0.,-1.));
#4972=DIRECTION('',(0.,-1.,0.));
#4973=DIRECTION('',(0.,0.,-1.));
#4974=DIRECTION('',(-1.,0.,0.));
#4975=DIRECTION('',(-1.,0.,0.));
#4976=DIRECTION('',(-1.,0.,0.));
#4977=DIRECTION('',(-1.,0.,0.));
#4978=DIRECTION('',(0.,-1.,0.));
#4979=DIRECTION('',(1.,0.,0.));
#4980=DIRECTION('',(0.,0.,-1.));
#4981=DIRECTION('',(0.,0.,-1.));
#4982=DIRECTION('',(0.,1.,-1.12841679456049E-16));
#4983=DIRECTION('',(0.,-0.262608675093812,0.964902421888075));
#4984=DIRECTION('',(0.707106781186547,7.97911167438509E-17,0.707106781186548));
#4985=DIRECTION('',(0.,1.,-1.12841679456049E-16));
#4986=DIRECTION('',(-0.707106781186548,7.97911167438507E-17,0.707106781186547));
#4987=DIRECTION('',(0.694365499862604,0.188979113134532,-0.694365499862602));
#4988=DIRECTION('',(0.,1.,-1.12841679456049E-16));
#4989=DIRECTION('',(0.707106781186547,-7.97911167438509E-17,-0.707106781186548));
#4990=DIRECTION('',(0.,-1.,1.12841679456049E-16));
#4991=DIRECTION('',(0.707106781186548,7.97911167438507E-17,0.707106781186547));
#4992=DIRECTION('',(0.,-1.,1.12841679456049E-16));
#4993=DIRECTION('',(-0.694365499862604,0.188979113134532,-0.694365499862602));
#4994=DIRECTION('',(0.,-0.964902421888075,-0.262608675093812));
#4995=DIRECTION('',(0.,0.262608675093812,-0.964902421888075));
#4996=DIRECTION('',(-1.,0.,0.));
#4997=DIRECTION('',(0.,0.707106781186549,-0.707106781186547));
#4998=DIRECTION('',(-1.,0.,0.));
#4999=DIRECTION('',(-4.32963728535967E-17,-0.707106781186547,-0.707106781186548));
#5000=DIRECTION('',(-1.,0.,0.));
#5001=DIRECTION('',(0.,0.707106781186547,0.707106781186548));
#5002=DIRECTION('',(1.,0.,0.));
#5003=DIRECTION('',(0.,0.,-1.));
#5004=DIRECTION('',(-1.,0.,0.));
#5005=DIRECTION('',(0.,-1.,0.));
#5006=DIRECTION('',(-1.,0.,0.));
#5007=DIRECTION('',(0.,-1.,0.));
#5008=DIRECTION('',(0.,0.707106781186549,0.707106781186547));
#5009=DIRECTION('',(1.,0.,0.));
#5010=DIRECTION('',(4.32963728535967E-17,0.707106781186547,-0.707106781186548));
#5011=DIRECTION('',(0.,-0.707106781186547,0.707106781186548));
#5012=DIRECTION('',(1.,0.,0.));
#5013=DIRECTION('',(0.,-1.,0.));
#5014=DIRECTION('',(0.,0.,-1.));
#5015=DIRECTION('',(0.,0.,-1.));
#5016=DIRECTION('',(0.,0.,-1.));
#5017=DIRECTION('',(1.,0.,0.));
#5018=DIRECTION('',(-1.,6.12303176911189E-17,0.));
#5019=DIRECTION('',(-6.12303176911189E-17,-1.,0.));
#5020=DIRECTION('',(6.12303176911189E-17,1.,0.));
#5021=DIRECTION('',(0.,0.,-1.));
#5022=DIRECTION('',(0.,-1.,0.));
#5023=DIRECTION('',(0.,0.,-1.));
#5024=DIRECTION('',(0.,0.,-1.));
#5025=DIRECTION('',(1.,0.,0.));
#5026=DIRECTION('',(-1.,6.12303176911189E-17,0.));
#5027=DIRECTION('',(-6.12303176911189E-17,-1.,0.));
#5028=DIRECTION('',(0.,-1.,0.));
#5029=DIRECTION('',(4.32963728535967E-17,0.707106781186547,0.707106781186548));
#5030=DIRECTION('',(0.,0.,-1.));
#5031=DIRECTION('',(6.12303176911189E-17,1.,0.));
#5032=DIRECTION('',(0.,0.,-1.));
#5033=DIRECTION('',(-4.32963728535967E-17,-0.707106781186547,0.707106781186548));
#5034=DIRECTION('',(0.,-1.,0.));
#5035=DIRECTION('',(0.,0.,-1.));
#5036=DIRECTION('',(1.,0.,0.));
#5037=DIRECTION('',(0.,0.,1.));
#5038=DIRECTION('',(0.,0.,1.));
#5039=DIRECTION('',(-1.,0.,0.));
#5040=DIRECTION('',(0.,0.,1.));
#5041=DIRECTION('',(0.,-1.,0.));
#5042=DIRECTION('',(0.,0.,1.));
#5043=DIRECTION('',(0.,1.,0.));
#5044=DIRECTION('',(0.,0.,1.));
#5045=DIRECTION('',(-1.,0.,0.));
#5046=DIRECTION('',(0.,0.,1.));
#5047=DIRECTION('',(-1.,0.,0.));
#5048=DIRECTION('',(0.,0.,1.));
#5049=DIRECTION('',(0.,0.,1.));
#5050=DIRECTION('',(0.,-1.,0.));
#5051=DIRECTION('',(0.,-1.,0.));
#5052=DIRECTION('',(0.,0.,-1.));
#5053=DIRECTION('',(1.,0.,0.));
#5054=DIRECTION('',(0.,0.,1.));
#5055=DIRECTION('',(0.262952142210813,-0.964808877916629,0.));
#5056=DIRECTION('',(0.964808877916629,0.262952142210813,0.));
#5057=DIRECTION('',(0.964808877916629,0.262952142210813,0.));
#5058=DIRECTION('',(0.,0.,1.));
#5059=DIRECTION('',(0.,-1.,0.));
#5060=DIRECTION('',(0.,0.,-1.));
#5061=DIRECTION('',(1.,0.,0.));
#5062=DIRECTION('',(0.,0.,1.));
#5063=DIRECTION('',(-0.262952142210813,-0.964808877916629,0.));
#5064=DIRECTION('',(0.964808877916629,-0.262952142210813,0.));
#5065=DIRECTION('',(0.964808877916629,-0.262952142210813,0.));
#5066=DIRECTION('',(0.,0.,1.));
#5067=DIRECTION('',(0.,-1.,0.));
#5068=DIRECTION('',(0.,0.,-1.));
#5069=DIRECTION('',(0.,0.,1.));
#5070=DIRECTION('',(1.,0.,0.));
#5071=DIRECTION('',(1.,0.,0.));
#5072=DIRECTION('',(0.,0.,-1.));
#5073=DIRECTION('',(0.,1.,0.));
#5074=DIRECTION('',(0.,0.,1.));
#5075=DIRECTION('',(0.,1.,0.));
#5076=DIRECTION('',(0.,0.,1.));
#5077=DIRECTION('',(-1.,0.,0.));
#5078=DIRECTION('',(0.,0.,1.));
#5079=DIRECTION('',(1.,0.,0.));
#5080=DIRECTION('',(0.,0.,-1.));
#5081=DIRECTION('',(0.,1.,0.));
#5082=DIRECTION('',(0.,0.,1.));
#5083=DIRECTION('',(0.,-1.,0.));
#5084=DIRECTION('',(0.,0.,-1.));
#5085=DIRECTION('',(1.,0.,0.));
#5086=DIRECTION('',(0.,0.,1.));
#5087=DIRECTION('',(0.855837303315431,-0.517245116220319,0.));
#5088=DIRECTION('',(0.517245116220319,0.855837303315431,0.));
#5089=DIRECTION('',(0.517245116220319,0.855837303315431,0.));
#5090=DIRECTION('',(0.392975165336861,0.650219393523628,0.650219393523626));
#5091=DIRECTION('',(0.,0.707106781186547,-0.707106781186548));
#5092=DIRECTION('',(-1.,0.,0.));
#5093=DIRECTION('',(1.,0.,0.));
#5094=DIRECTION('',(0.392975165336861,-0.650219393523628,-0.650219393523626));
#5095=DIRECTION('',(-0.855837303315431,-0.517245116220319,0.));
#5096=DIRECTION('',(0.517245116220319,-0.855837303315431,0.));
#5097=DIRECTION('',(0.517245116220319,-0.855837303315431,0.));
#5098=DIRECTION('',(0.,1.,0.));
#5099=DIRECTION('',(0.,0.,1.));
#5100=DIRECTION('',(0.,0.,-1.));
#5101=DIRECTION('',(1.,0.,0.));
#5102=DIRECTION('',(-1.,0.,0.));
#5103=DIRECTION('',(0.,0.707106781186549,0.707106781186547));
#5104=DIRECTION('',(1.,0.,0.));
#5105=DIRECTION('',(0.,0.707106781186547,-0.707106781186548));
#5106=DIRECTION('',(-1.,0.,0.));
#5107=DIRECTION('',(0.,0.,1.));
#5108=DIRECTION('',(1.,0.,0.));
#5109=DIRECTION('',(0.,-1.,0.));
#5110=DIRECTION('',(1.,0.,0.));
#5111=DIRECTION('',(0.,0.707106781186549,-0.707106781186547));
#5112=DIRECTION('',(-1.,0.,0.));
#5113=DIRECTION('',(0.,-0.707106781186547,-0.707106781186548));
#5114=DIRECTION('',(-1.,0.,0.));
#5115=DIRECTION('',(0.,1.,0.));
#5116=DIRECTION('',(0.,0.,1.));
#5117=DIRECTION('',(0.,0.,-1.));
#5118=DIRECTION('',(-1.,0.,0.));
#5119=DIRECTION('',(0.,1.,0.));
#5120=DIRECTION('',(0.,0.,1.));
#5121=DIRECTION('',(0.,0.,-1.));
#5122=DIRECTION('',(1.,0.,0.));
#5123=DIRECTION('',(0.,0.,-1.));
#5124=DIRECTION('',(-1.,0.,0.));
#5125=DIRECTION('',(1.,0.,0.));
#5126=DIRECTION('',(0.,0.,-1.));
#5127=DIRECTION('',(-1.,0.,0.));
#5128=DIRECTION('',(0.,-1.,0.));
#5129=DIRECTION('',(-1.,0.,0.));
#5130=DIRECTION('',(0.,-1.,0.));
#5131=DIRECTION('',(1.,0.,0.));
#5132=DIRECTION('',(0.,1.,0.));
#5133=DIRECTION('',(0.,0.,1.));
#5134=DIRECTION('',(0.,0.,-1.));
#5135=DIRECTION('',(1.,0.,0.));
#5136=DIRECTION('',(0.,0.,-1.));
#5137=DIRECTION('',(-1.,0.,0.));
#5138=DIRECTION('',(0.,1.,-1.12841679456049E-16));
#5139=DIRECTION('',(0.,1.12841679456049E-16,1.));
#5140=DIRECTION('',(-1.,0.,0.));
#5141=DIRECTION('',(-1.,0.,0.));
#5142=DIRECTION('',(0.,-1.12841679456049E-16,-1.));
#5143=DIRECTION('',(-1.,0.,0.));
#5144=DIRECTION('',(0.,-1.12841679456049E-16,-1.));
#5145=DIRECTION('',(0.,1.12841679456049E-16,1.));
#5146=DIRECTION('',(0.,-1.,1.12841679456049E-16));
#5147=DIRECTION('',(0.,-1.,1.12841679456049E-16));
#5148=DIRECTION('',(-1.,0.,0.));
#5149=DIRECTION('',(0.,-1.,1.12841679456049E-16));
#5150=DIRECTION('',(0.,-1.,1.12841679456049E-16));
#5151=DIRECTION('',(0.,-1.12841679456049E-16,-1.));
#5152=DIRECTION('',(0.,-1.12841679456049E-16,-1.));
#5153=DIRECTION('',(1.,0.,0.));
#5154=DIRECTION('',(0.,1.12841679456049E-16,1.));
#5155=DIRECTION('',(0.,1.,0.));
#5156=DIRECTION('',(0.,0.,1.));
#5157=DIRECTION('',(0.,0.,-1.));
#5158=DIRECTION('',(0.,0.,-1.));
#5159=DIRECTION('',(-1.,0.,0.));
#5160=DIRECTION('',(1.,0.,0.));
#5161=DIRECTION('',(0.,0.,-1.));
#5162=DIRECTION('',(0.,-1.,0.));
#5163=DIRECTION('',(0.,0.,-1.));
#5164=DIRECTION('',(0.,-1.,0.));
#5165=DIRECTION('',(0.,1.,0.));
#5166=DIRECTION('',(0.,0.,1.));
#5167=DIRECTION('',(1.,0.,0.));
#5168=DIRECTION('',(0.,-1.,0.));
#5169=DIRECTION('',(0.,1.,0.));
#5170=DIRECTION('',(-1.,0.,0.));
#5171=DIRECTION('',(-1.,0.,0.));
#5172=DIRECTION('',(0.,0.,1.));
#5173=DIRECTION('',(0.,0.,-1.));
#5174=DIRECTION('',(0.,1.,0.));
#5175=DIRECTION('',(-1.,0.,0.));
#5176=DIRECTION('',(0.,0.,1.));
#5177=DIRECTION('',(0.,0.,-1.));
#5178=DIRECTION('',(0.,1.,0.));
#5179=DIRECTION('',(0.,1.,0.));
#5180=DIRECTION('',(-1.,0.,0.));
#5181=DIRECTION('',(0.,0.,1.));
#5182=DIRECTION('',(0.,1.,0.));
#5183=DIRECTION('',(0.,0.,-1.));
#5184=DIRECTION('',(0.,1.,-2.91814628526834E-15));
#5185=DIRECTION('',(0.,2.91814628526834E-15,1.));
#5186=DIRECTION('',(0.,-1.,2.91814628526834E-15));
#5187=DIRECTION('',(-1.,0.,0.));
#5188=DIRECTION('',(0.,1.,-2.91814628526834E-15));
#5189=DIRECTION('',(-1.,0.,0.));
#5190=DIRECTION('',(0.,0.,1.));
#5191=DIRECTION('',(0.,0.,-1.));
#5192=DIRECTION('',(0.,1.,0.));
#5193=DIRECTION('',(0.,0.,1.));
#5194=DIRECTION('',(1.,0.,0.));
#5195=DIRECTION('',(-1.,0.,0.));
#5196=DIRECTION('',(-1.,0.,0.));
#5197=DIRECTION('',(0.,1.,0.));
#5198=DIRECTION('',(-1.,0.,0.));
#5199=DIRECTION('',(0.,0.,1.));
#5200=DIRECTION('',(0.,1.,0.));
#5201=DIRECTION('',(0.,0.,-1.));
#5202=DIRECTION('',(0.,0.,-1.));
#5203=DIRECTION('',(-1.,0.,0.));
#5204=DIRECTION('',(-1.,0.,0.));
#5205=DIRECTION('',(-1.,0.,0.));
#5206=DIRECTION('',(-1.,0.,0.));
#5207=DIRECTION('',(0.,-1.,0.));
#5208=DIRECTION('',(0.,0.,-1.));
#5209=DIRECTION('',(0.,-1.50356725627931E-16,1.));
#5210=DIRECTION('',(0.,-1.,-1.50356725627931E-16));
#5211=DIRECTION('',(0.,-1.,-1.50356725627931E-16));
#5212=DIRECTION('',(-1.,1.35525271560688E-16,2.03771360717012E-32));
#5213=DIRECTION('',(2.71050543121376E-16,1.,1.50356725627931E-16));
#5214=DIRECTION('',(1.,0.,0.));
#5215=DIRECTION('',(-1.35525271560688E-16,-1.,-1.50356725627931E-16));
#5216=DIRECTION('',(0.,1.50356725627931E-16,-1.));
#5217=DIRECTION('',(1.,-1.35525271560688E-16,-2.03771360717012E-32));
#5218=DIRECTION('',(0.,1.50356725627931E-16,-1.));
#5219=DIRECTION('',(0.,1.50356725627931E-16,-1.));
#5220=DIRECTION('',(-1.,2.71050543121376E-16,4.07542721434025E-32));
#5221=DIRECTION('',(2.71050543121376E-16,1.,0.));
#5222=DIRECTION('',(-2.71050543121376E-16,-1.,-1.50356725627931E-16));
#5223=DIRECTION('',(0.,1.50356725627931E-16,-1.));
#5224=DIRECTION('',(0.,1.,1.50356725627931E-16));
#5225=DIRECTION('',(0.,-1.50356725627931E-16,1.));
#5226=DIRECTION('',(-1.,0.,0.));
#5227=DIRECTION('',(0.,1.50356725627931E-16,-1.));
#5228=DIRECTION('',(1.,0.,0.));
#5229=DIRECTION('',(0.,0.,1.));
#5230=DIRECTION('',(0.,1.,1.50356725627931E-16));
#5231=DIRECTION('',(0.,0.707106781186547,0.707106781186548));
#5232=DIRECTION('',(-1.,0.,0.));
#5233=DIRECTION('',(0.577350269189626,-0.577350269189626,0.577350269189626));
#5234=DIRECTION('',(0.577350269189626,0.577350269189626,-0.577350269189626));
#5235=DIRECTION('',(0.707106781186547,-1.06318260288515E-16,0.707106781186548));
#5236=DIRECTION('',(0.,1.,1.50356725627931E-16));
#5237=DIRECTION('',(-0.577350269189626,0.577350269189626,0.577350269189626));
#5238=DIRECTION('',(-0.707106781186548,8.53434167969065E-17,0.707106781186548));
#5239=DIRECTION('',(-2.71050543121376E-16,-1.,-1.50356725627931E-16));
#5240=DIRECTION('',(0.577350269189626,0.577350269189626,0.577350269189626));
#5241=DIRECTION('',(-9.58308385427108E-17,-0.707106781186547,0.707106781186548));
#5242=DIRECTION('',(1.,-1.35525271560688E-16,-2.03771360717012E-32));
#5243=CARTESIAN_POINT('',(0.,0.,0.));
#5244=CARTESIAN_POINT('',(-3.03129955185107,-1.4350190800988,-7.25));
#5245=CARTESIAN_POINT('',(-2.76129955185107,-2.88407497218925,-7.25));
#5246=CARTESIAN_POINT('',(-3.30145034240311,-2.88407497218925,-7.25));
#5247=CARTESIAN_POINT('',(-2.76129955185107,-2.88407497218925,-7.25));
#5248=CARTESIAN_POINT('',(-2.76129955185107,-2.88407497218925,-7.25));
#5249=CARTESIAN_POINT('',(-2.76129955185107,-1.4350190800988,-7.25));
#5250=CARTESIAN_POINT('',(-3.03129955185107,-1.4350190800988,-7.25));
#5251=CARTESIAN_POINT('',(-3.03129955185107,-1.1650190800988,-7.25));
#5252=CARTESIAN_POINT('',(-3.03129955185107,-1.1650190800988,-7.25));
#5253=CARTESIAN_POINT('',(-3.30145034240311,-1.1650190800988,-7.25));
#5254=CARTESIAN_POINT('',(-3.30145034240311,-2.88407497218925,-7.25));
#5255=CARTESIAN_POINT('',(-0.468700448148929,-1.4350190800988,-7.25));
#5256=CARTESIAN_POINT('',(-0.468700448148929,-1.4350190800988,-7.25));
#5257=CARTESIAN_POINT('',(-0.468700448148929,-1.1650190800988,-7.25));
#5258=CARTESIAN_POINT('',(-0.738700448148929,-1.4350190800988,-7.25));
#5259=CARTESIAN_POINT('',(-0.738700448148929,-1.4350190800988,-7.25));
#5260=CARTESIAN_POINT('',(-0.738700448148928,-2.88407497218925,-7.25));
#5261=CARTESIAN_POINT('',(-0.198549657596885,-2.88407497218925,-7.25));
#5262=CARTESIAN_POINT('',(-0.198549657596885,-2.88407497218925,-7.25));
#5263=CARTESIAN_POINT('',(-0.198549657596885,-1.1650190800988,-7.25));
#5264=CARTESIAN_POINT('',(-0.198549657596885,-1.1650190800988,-7.25));
#5265=CARTESIAN_POINT('',(-0.198549657596885,-1.1650190800988,-7.25));
#5266=CARTESIAN_POINT('',(-1.75,-0.699999999999999,-6.8));
#5267=CARTESIAN_POINT('',(-1.75,-0.7,-5.81958259989986));
#5268=CARTESIAN_POINT('',(-1.75,0.229938377961761,-5.81958259989986));
#5269=CARTESIAN_POINT('',(-1.75,-0.699999999999999,-6.8));
#5270=CARTESIAN_POINT('',(-1.75,0.297670638531628,-6.8));
#5271=CARTESIAN_POINT('',(-1.75,-0.7,-5.83597071611038));
#5272=CARTESIAN_POINT('',(-1.75,-0.7,-5.59818903127703));
#5273=CARTESIAN_POINT('',(-1.75,-0.00727789316914973,-5.59818903127703));
#5274=CARTESIAN_POINT('',(-1.75,-0.7,-5.59818903127703));
#5275=CARTESIAN_POINT('',(-1.35,-0.7,-5.59818903127703));
#5276=CARTESIAN_POINT('',(-1.35,-1.1,-5.59818903127703));
#5277=CARTESIAN_POINT('',(-1.35,-0.299999999999999,-5.59818903127703));
#5278=CARTESIAN_POINT('',(-1.75,-1.1,-5.59818903127703));
#5279=CARTESIAN_POINT('',(-2.15,-1.1,-5.59818903127703));
#5280=CARTESIAN_POINT('',(-2.15,-0.7,-5.59818903127703));
#5281=CARTESIAN_POINT('',(-2.15,-0.299999999999999,-5.59818903127703));
#5282=CARTESIAN_POINT('',(-1.75,-0.299999999999999,-5.59818903127703));
#5283=CARTESIAN_POINT('',(0.,3.01083463099016,-0.200000000000002));
#5284=CARTESIAN_POINT('',(-0.969179534848448,-0.796949859412205,-4.00778449040236));
#5285=CARTESIAN_POINT('',(-3.39137700917393,3.21083463099016,-1.73472347597681E-15));
#5286=CARTESIAN_POINT('',(-3.27050237232027,3.01083463099016,-0.200000000000001));
#5287=CARTESIAN_POINT('',(0.,3.01083463099016,-0.200000000000002));
#5288=CARTESIAN_POINT('',(-0.229497627679728,3.01083463099016,-0.200000000000001));
#5289=CARTESIAN_POINT('',(-2.53082046515155,-0.796949859412204,-4.00778449040236));
#5290=CARTESIAN_POINT('',(-0.108622990826073,3.21083463099016,-1.73472347597681E-15));
#5291=CARTESIAN_POINT('',(4.2,3.21083463099016,-1.73472347597681E-15));
#5292=CARTESIAN_POINT('',(0.,3.01083463099016,0.));
#5293=CARTESIAN_POINT('',(-3.27050237232027,3.01083463099016,-8.));
#5294=CARTESIAN_POINT('',(-3.27050237232027,3.01083463099016,-8.));
#5295=CARTESIAN_POINT('',(-3.39137700917393,3.01083463099016,-8.));
#5296=CARTESIAN_POINT('',(-0.229497627679728,3.01083463099016,-8.));
#5297=CARTESIAN_POINT('',(-0.229497627679728,3.01083463099016,-8.));
#5298=CARTESIAN_POINT('',(-7.04731412115578E-17,-0.52,-1.40576104127746));
#5299=CARTESIAN_POINT('',(-2.10333333333334,-0.346666666666666,-1.57909437461079));
#5300=CARTESIAN_POINT('',(-2.15,-0.3,-1.62576104127746));
#5301=CARTESIAN_POINT('',(-1.93,-0.52,-1.40576104127746));
#5302=CARTESIAN_POINT('',(-1.35,-0.52,-1.40576104127746));
#5303=CARTESIAN_POINT('',(-1.57,-0.52,-1.40576104127746));
#5304=CARTESIAN_POINT('',(-1.04666666666667,0.00333333333333468,-1.92909437461079));
#5305=CARTESIAN_POINT('',(-1.35,-0.3,-1.62576104127746));
#5306=CARTESIAN_POINT('',(-2.15,-0.3,-1.62576104127746));
#5307=CARTESIAN_POINT('',(-1.57,6.36914979882351E-16,-1.40576104127746));
#5308=CARTESIAN_POINT('',(-1.57,-1.1,-1.40576104127746));
#5309=CARTESIAN_POINT('',(-1.57,-0.88,-1.40576104127746));
#5310=CARTESIAN_POINT('',(-1.86333333333334,-0.586666666666665,-1.11242770794413));
#5311=CARTESIAN_POINT('',(-1.35,-1.1,-1.62576104127746));
#5312=CARTESIAN_POINT('',(-1.35,-0.3,-1.62576104127746));
#5313=CARTESIAN_POINT('',(-1.93,2.1136562718179E-16,-1.40576104127746));
#5314=CARTESIAN_POINT('',(-2.15,-1.1,-1.62576104127746));
#5315=CARTESIAN_POINT('',(-2.15,-1.1,-1.62576104127746));
#5316=CARTESIAN_POINT('',(-1.63666666666667,-0.586666666666665,-1.11242770794413));
#5317=CARTESIAN_POINT('',(-1.93,-0.88,-1.40576104127746));
#5318=CARTESIAN_POINT('',(-1.93,-0.3,-1.40576104127746));
#5319=CARTESIAN_POINT('',(0.,-0.88,-1.40576104127746));
#5320=CARTESIAN_POINT('',(-2.15,-0.88,-1.40576104127746));
#5321=CARTESIAN_POINT('',(-1.35,-1.1,-1.62576104127746));
#5322=CARTESIAN_POINT('',(-3.03129955185107,-1.4350190800988,-6.8));
#5323=CARTESIAN_POINT('',(-2.76129955185107,-1.4350190800988,-6.8));
#5324=CARTESIAN_POINT('',(-2.76129955185107,-1.4350190800988,-6.8));
#5325=CARTESIAN_POINT('',(-3.03129955185107,-1.4350190800988,-6.8));
#5326=CARTESIAN_POINT('',(-3.03129955185107,-1.1650190800988,-6.8));
#5327=CARTESIAN_POINT('',(-3.03129955185107,-1.1650190800988,-6.8));
#5328=CARTESIAN_POINT('',(-3.03129955185107,-1.1650190800988,-6.8));
#5329=CARTESIAN_POINT('',(-3.03129955185107,-1.1650190800988,-6.8));
#5330=CARTESIAN_POINT('',(-3.30145034240311,-1.1650190800988,-6.8));
#5331=CARTESIAN_POINT('',(-3.30145034240311,-1.1650190800988,-6.8));
#5332=CARTESIAN_POINT('',(-3.30145034240311,-0.179663080877827,-6.8));
#5333=CARTESIAN_POINT('',(-3.30145034240311,-0.179663080877827,-8.));
#5334=CARTESIAN_POINT('',(-3.30145034240311,-0.179663080877827,-8.));
#5335=CARTESIAN_POINT('',(-3.03129955185107,-0.179663080877827,-8.));
#5336=CARTESIAN_POINT('',(-3.30145034240311,-0.179663080877827,-6.8));
#5337=CARTESIAN_POINT('',(-3.30145034240311,-0.179663080877827,-6.8));
#5338=CARTESIAN_POINT('',(-3.30145034240311,-0.179663080877827,-6.8));
#5339=CARTESIAN_POINT('',(-3.03129955185107,-0.179663080877827,-6.8));
#5340=CARTESIAN_POINT('',(-3.03129955185107,-0.179663080877827,-6.8));
#5341=CARTESIAN_POINT('',(-3.03129955185107,0.090336919122173,-6.8));
#5342=CARTESIAN_POINT('',(-3.03129955185107,0.090336919122173,-8.));
#5343=CARTESIAN_POINT('',(-2.76129955185107,0.090336919122173,-8.));
#5344=CARTESIAN_POINT('',(-3.03129955185107,0.090336919122173,-6.8));
#5345=CARTESIAN_POINT('',(-2.76129955185107,0.090336919122173,-6.8));
#5346=CARTESIAN_POINT('',(-2.76129955185107,0.090336919122173,-6.8));
#5347=CARTESIAN_POINT('',(-2.76129955185107,0.090336919122173,-6.8));
#5348=CARTESIAN_POINT('',(-2.76129955185107,0.090336919122173,-8.));
#5349=CARTESIAN_POINT('',(-2.76129955185107,1.00747461057308,-8.));
#5350=CARTESIAN_POINT('',(-2.76129955185107,0.090336919122173,-6.8));
#5351=CARTESIAN_POINT('',(-2.76129955185107,1.00747461057308,-6.8));
#5352=CARTESIAN_POINT('',(-2.76129955185107,1.00747461057308,-6.8));
#5353=CARTESIAN_POINT('',(-0.738700448148929,1.00747461057308,-6.8));
#5354=CARTESIAN_POINT('',(-0.738700448148929,1.00747461057308,-8.));
#5355=CARTESIAN_POINT('',(-0.738700448148929,1.00747461057308,-8.));
#5356=CARTESIAN_POINT('',(-2.76129955185107,1.00747461057308,-6.8));
#5357=CARTESIAN_POINT('',(-0.738700448148929,1.00747461057308,-6.8));
#5358=CARTESIAN_POINT('',(-0.738700448148929,1.00747461057308,-6.8));
#5359=CARTESIAN_POINT('',(-0.738700448148929,0.090336919122173,-6.8));
#5360=CARTESIAN_POINT('',(-0.738700448148929,0.090336919122173,-8.));
#5361=CARTESIAN_POINT('',(-0.738700448148929,0.090336919122173,-8.));
#5362=CARTESIAN_POINT('',(-0.738700448148929,0.090336919122173,-6.8));
#5363=CARTESIAN_POINT('',(-0.738700448148929,0.090336919122173,-6.8));
#5364=CARTESIAN_POINT('',(-0.738700448148929,0.090336919122173,-6.8));
#5365=CARTESIAN_POINT('',(-0.468700448148929,0.090336919122173,-6.8));
#5366=CARTESIAN_POINT('',(-0.468700448148929,0.090336919122173,-8.));
#5367=CARTESIAN_POINT('',(-0.468700448148929,-0.179663080877827,-8.));
#5368=CARTESIAN_POINT('',(-0.468700448148929,0.090336919122173,-6.8));
#5369=CARTESIAN_POINT('',(-0.468700448148929,-0.179663080877827,-6.8));
#5370=CARTESIAN_POINT('',(-0.468700448148929,-0.179663080877827,-6.8));
#5371=CARTESIAN_POINT('',(-0.198549657596886,-0.179663080877827,-6.8));
#5372=CARTESIAN_POINT('',(-0.198549657596886,-0.179663080877827,-8.));
#5373=CARTESIAN_POINT('',(-0.198549657596885,-0.179663080877827,-8.));
#5374=CARTESIAN_POINT('',(-0.198549657596886,-0.179663080877827,-6.8));
#5375=CARTESIAN_POINT('',(-0.198549657596885,-0.179663080877827,-6.8));
#5376=CARTESIAN_POINT('',(-0.198549657596886,-0.179663080877827,-6.8));
#5377=CARTESIAN_POINT('',(-0.468700448148929,-1.1650190800988,-6.8));
#5378=CARTESIAN_POINT('',(-0.198549657596886,-1.1650190800988,-6.8));
#5379=CARTESIAN_POINT('',(-0.198549657596885,-1.1650190800988,-6.8));
#5380=CARTESIAN_POINT('',(-0.468700448148929,-1.1650190800988,-6.8));
#5381=CARTESIAN_POINT('',(-0.468700448148929,-1.1650190800988,-6.8));
#5382=CARTESIAN_POINT('',(-0.468700448148929,-1.1650190800988,-6.8));
#5383=CARTESIAN_POINT('',(-0.468700448148929,-1.4350190800988,-6.8));
#5384=CARTESIAN_POINT('',(-0.468700448148929,-1.4350190800988,-6.8));
#5385=CARTESIAN_POINT('',(-0.738700448148929,-1.4350190800988,-6.8));
#5386=CARTESIAN_POINT('',(-0.738700448148929,-1.4350190800988,-6.8));
#5387=CARTESIAN_POINT('',(-0.738700448148929,-2.88407497218925,-6.8));
#5388=CARTESIAN_POINT('',(-0.738700448148929,-2.88407497218925,-6.8));
#5389=CARTESIAN_POINT('',(-0.738700448148928,-2.88407497218925,-6.8));
#5390=CARTESIAN_POINT('',(-0.738700448148928,-2.88407497218925,-8.));
#5391=CARTESIAN_POINT('',(-2.76129955185107,-2.88407497218925,-6.8));
#5392=CARTESIAN_POINT('',(-2.76129955185107,-2.88407497218925,-8.));
#5393=CARTESIAN_POINT('',(-2.76129955185107,-2.88407497218925,-6.8));
#5394=CARTESIAN_POINT('',(-2.76129955185107,-2.88407497218925,-6.8));
#5395=CARTESIAN_POINT('',(-3.03129955185107,-1.4350190800988,-6.8));
#5396=CARTESIAN_POINT('',(-2.09070841677075,-2.7013098882923,-6.8));
#5397=CARTESIAN_POINT('',(-2.09070841677075,-2.7013098882923,-6.8));
#5398=CARTESIAN_POINT('',(-1.40929158322925,-2.7013098882923,-6.8));
#5399=CARTESIAN_POINT('',(-1.40929158322925,-2.7013098882923,-6.8));
#5400=CARTESIAN_POINT('',(-0.738700448148929,-2.88407497218925,-6.8));
#5401=CARTESIAN_POINT('',(-0.198549657596886,-0.179663080877827,-6.8));
#5402=CARTESIAN_POINT('',(-3.30145034240311,-1.1650190800988,-6.8));
#5403=CARTESIAN_POINT('',(0.,2.1136562718179E-16,-1.40576104127746));
#5404=CARTESIAN_POINT('',(-2.15,-1.1,1.49423895872254));
#5405=CARTESIAN_POINT('',(-2.15,-0.3,1.49423895872254));
#5406=CARTESIAN_POINT('',(-2.15,-1.1,1.49423895872254));
#5407=CARTESIAN_POINT('',(-1.35,-1.1,1.49423895872254));
#5408=CARTESIAN_POINT('',(-1.35,-1.1,1.49423895872254));
#5409=CARTESIAN_POINT('',(-1.35,-0.3,1.49423895872254));
#5410=CARTESIAN_POINT('',(-1.35,-0.3,1.49423895872254));
#5411=CARTESIAN_POINT('',(-2.15,-0.3,1.49423895872254));
#5412=CARTESIAN_POINT('',(-2.47474200448909,2.12717829127364,-8.));
#5413=CARTESIAN_POINT('',(-2.47474200448909,2.12717829127364,-1.73472347597681E-15));
#5414=CARTESIAN_POINT('',(-2.47474200448909,2.12717829127364,-1.73472347597681E-15));
#5415=CARTESIAN_POINT('',(-2.73644417648695,2.12717829127364,-1.73472347597681E-15));
#5416=CARTESIAN_POINT('',(-2.47474200448909,2.12717829127364,-8.));
#5417=CARTESIAN_POINT('',(-2.47474200448909,2.12717829127364,-8.));
#5418=CARTESIAN_POINT('',(-2.47474200448909,2.12717829127364,-8.));
#5419=CARTESIAN_POINT('',(-2.73644417648695,2.12717829127364,-8.));
#5420=CARTESIAN_POINT('',(-2.73644417648695,2.12717829127364,-8.));
#5421=CARTESIAN_POINT('',(-2.73644417648695,2.12717829127364,-8.));
#5422=CARTESIAN_POINT('',(-2.73644417648695,2.12717829127364,-1.73472347597681E-15));
#5423=CARTESIAN_POINT('',(-2.73644417648695,2.12717829127364,-8.));
#5424=CARTESIAN_POINT('',(-0.763555823513048,2.12717829127364,-8.));
#5425=CARTESIAN_POINT('',(-0.763555823513048,2.12717829127364,-8.));
#5426=CARTESIAN_POINT('',(-0.763555823513048,2.12717829127364,-8.));
#5427=CARTESIAN_POINT('',(-0.763555823513048,2.12717829127364,-8.));
#5428=CARTESIAN_POINT('',(-0.763555823513048,2.12717829127364,-1.73472347597681E-15));
#5429=CARTESIAN_POINT('',(-1.92661978758355,0.202764709822887,-1.73472347597681E-15));
#5430=CARTESIAN_POINT('',(-1.02525799551091,2.12717829127364,-8.));
#5431=CARTESIAN_POINT('',(4.2,2.12717829127364,-1.73472347597681E-15));
#5432=CARTESIAN_POINT('',(-1.02525799551091,2.12717829127364,-1.73472347597681E-15));
#5433=CARTESIAN_POINT('',(-1.02525799551091,2.12717829127364,-8.));
#5434=CARTESIAN_POINT('',(-1.02525799551091,2.12717829127364,-8.));
#5435=CARTESIAN_POINT('',(-1.02525799551091,2.12717829127364,-8.));
#5436=CARTESIAN_POINT('',(-1.02525799551091,1.50588013508381,-8.));
#5437=CARTESIAN_POINT('',(-1.02525799551091,-3.5,-1.73472347597681E-15));
#5438=CARTESIAN_POINT('',(-1.02525799551091,1.50588013508381,-1.73472347597681E-15));
#5439=CARTESIAN_POINT('',(-1.02525799551091,1.50588013508381,-8.));
#5440=CARTESIAN_POINT('',(-1.02525799551091,1.50588013508381,-8.));
#5441=CARTESIAN_POINT('',(-1.02525799551091,1.50588013508381,-8.));
#5442=CARTESIAN_POINT('',(-0.198549657596885,1.50588013508381,-8.));
#5443=CARTESIAN_POINT('',(4.2,1.50588013508381,-1.73472347597681E-15));
#5444=CARTESIAN_POINT('',(-0.198549657596885,1.50588013508381,-1.73472347597681E-15));
#5445=CARTESIAN_POINT('',(-0.198549657596885,1.50588013508381,-8.));
#5446=CARTESIAN_POINT('',(-0.198549657596885,1.50588013508381,-8.));
#5447=CARTESIAN_POINT('',(-0.198549657596885,1.50588013508381,-8.));
#5448=CARTESIAN_POINT('',(-0.738700448148928,-2.88407497218925,-8.));
#5449=CARTESIAN_POINT('',(-0.738700448148928,-2.88407497218925,-8.));
#5450=CARTESIAN_POINT('',(-0.738700448148928,-2.88407497218925,-1.73472347597681E-15));
#5451=CARTESIAN_POINT('',(4.2,-2.88407497218925,-1.73472347597681E-15));
#5452=CARTESIAN_POINT('',(-0.198549657596885,-2.88407497218925,-1.73472347597681E-15));
#5453=CARTESIAN_POINT('',(-0.198549657596885,-2.88407497218925,-8.));
#5454=CARTESIAN_POINT('',(-2.76129955185107,-2.88407497218925,-8.));
#5455=CARTESIAN_POINT('',(-3.30145034240311,-2.88407497218925,-8.));
#5456=CARTESIAN_POINT('',(-3.30145034240311,-2.88407497218925,-1.73472347597681E-15));
#5457=CARTESIAN_POINT('',(-2.76129955185107,-2.88407497218925,-1.73472347597681E-15));
#5458=CARTESIAN_POINT('',(-2.76129955185107,-2.88407497218925,-1.73472347597681E-15));
#5459=CARTESIAN_POINT('',(-2.76129955185107,-2.88407497218925,-8.));
#5460=CARTESIAN_POINT('',(-3.30145034240311,1.50588013508381,-8.));
#5461=CARTESIAN_POINT('',(4.2,1.50588013508381,-1.73472347597681E-15));
#5462=CARTESIAN_POINT('',(-2.47474200448909,1.50588013508381,-1.73472347597681E-15));
#5463=CARTESIAN_POINT('',(-3.30145034240311,1.50588013508381,-1.73472347597681E-15));
#5464=CARTESIAN_POINT('',(-3.30145034240311,1.50588013508381,-8.));
#5465=CARTESIAN_POINT('',(-3.30145034240311,1.50588013508381,-8.));
#5466=CARTESIAN_POINT('',(-3.30145034240311,1.50588013508381,-8.));
#5467=CARTESIAN_POINT('',(-2.47474200448909,1.50588013508381,-8.));
#5468=CARTESIAN_POINT('',(-2.47474200448909,1.50588013508381,-8.));
#5469=CARTESIAN_POINT('',(-2.47474200448909,1.50588013508381,-8.));
#5470=CARTESIAN_POINT('',(-2.47474200448909,-3.5,-1.73472347597681E-15));
#5471=CARTESIAN_POINT('',(-2.47474200448909,1.50588013508381,-8.));
#5472=CARTESIAN_POINT('',(-3.30145034240311,-2.88407497218925,-8.));
#5473=CARTESIAN_POINT('',(-3.30145034240311,-2.88407497218925,-8.));
#5474=CARTESIAN_POINT('',(-3.30145034240311,-3.5,-1.73472347597681E-15));
#5475=CARTESIAN_POINT('',(-2.09070841677075,-2.7013098882923,-8.));
#5476=CARTESIAN_POINT('',(-2.09070841677075,-2.7013098882923,-1.73472347597681E-15));
#5477=CARTESIAN_POINT('',(-2.09070841677075,-2.7013098882923,-1.73472347597681E-15));
#5478=CARTESIAN_POINT('',(-2.09070841677075,-2.7013098882923,-8.));
#5479=CARTESIAN_POINT('',(-1.75,-2.7013098882923,-8.));
#5480=CARTESIAN_POINT('',(-1.75,-2.7013098882923,-1.73472347597681E-15));
#5481=CARTESIAN_POINT('',(-1.40929158322925,-2.7013098882923,-1.73472347597681E-15));
#5482=CARTESIAN_POINT('',(-1.40929158322925,-2.7013098882923,-8.));
#5483=CARTESIAN_POINT('',(-1.40929158322925,-2.7013098882923,-8.));
#5484=CARTESIAN_POINT('',(-1.40929158322925,-2.7013098882923,-1.73472347597681E-15));
#5485=CARTESIAN_POINT('',(-0.198549657596885,-2.88407497218925,-8.));
#5486=CARTESIAN_POINT('',(-0.198549657596885,-3.5,-1.73472347597681E-15));
#5487=CARTESIAN_POINT('',(-0.198549657596885,-2.88407497218925,-8.));
#5488=CARTESIAN_POINT('',(0.,0.,-8.));
#5489=CARTESIAN_POINT('',(-1.325,-9.73064057196947E-16,-8.62326812120826));
#5490=CARTESIAN_POINT('',(-1.325,-3.16863546352576,-8.62326812120826));
#5491=CARTESIAN_POINT('',(-1.138,-3.16863546352576,-8.81026812120826));
#5492=CARTESIAN_POINT('',(-1.325,-3.16863546352576,-8.62326812120826));
#5493=CARTESIAN_POINT('',(-1.325,2.11013940582811E-17,-8.62326812120826));
#5494=CARTESIAN_POINT('',(-1.325,-0.0508940812340909,-8.62326812120826));
#5495=CARTESIAN_POINT('',(-1.31832164932739,-0.0490764955568638,-8.62994647188087));
#5496=CARTESIAN_POINT('',(-1.138,0.,-8.81026812120826));
#5497=CARTESIAN_POINT('',(-1.138,-3.16863546352576,-8.81026812120826));
#5498=CARTESIAN_POINT('',(-1.325,0.,0.));
#5499=CARTESIAN_POINT('',(-1.325,-3.16863546352576,-7.59696488549223));
#5500=CARTESIAN_POINT('',(-1.325,-3.16863546352576,-7.59696488549223));
#5501=CARTESIAN_POINT('',(-1.325,-0.330213654759984,-7.59696488549223));
#5502=CARTESIAN_POINT('',(-1.325,-0.330213654759984,-7.59696488549223));
#5503=CARTESIAN_POINT('',(-1.325,0.,-8.81026812120826));
#5504=CARTESIAN_POINT('',(-2.175,0.,-8.81026812120826));
#5505=CARTESIAN_POINT('',(-2.175,-0.299999999999999,-7.70797884434788));
#5506=CARTESIAN_POINT('',(-2.15,-0.300000000000005,-7.70797884434783));
#5507=CARTESIAN_POINT('',(-1.35,-0.300000000000005,-7.70797884434783));
#5508=CARTESIAN_POINT('',(-2.15,0.,-8.81026812120826));
#5509=CARTESIAN_POINT('',(-2.15,-0.330213654759984,-7.59696488549223));
#5510=CARTESIAN_POINT('',(-2.175,-0.330213654759984,-7.59696488549223));
#5511=CARTESIAN_POINT('',(-2.175,-0.330213654759984,-7.59696488549223));
#5512=CARTESIAN_POINT('',(-2.175,0.,-8.81026812120826));
#5513=CARTESIAN_POINT('',(-2.175,-0.0508940812340909,-8.62326812120826));
#5514=CARTESIAN_POINT('',(-2.42516493191313,0.01719102233119,-8.87343305312139));
#5515=CARTESIAN_POINT('',(-2.362,0.,-8.81026812120826));
#5516=CARTESIAN_POINT('',(-2.175,0.,-8.81026812120826));
#5517=CARTESIAN_POINT('',(-2.175,-0.330213654759984,-7.59696488549223));
#5518=CARTESIAN_POINT('',(-1.35,-0.330213654759984,-7.59696488549223));
#5519=CARTESIAN_POINT('',(-1.35,-1.54213490646764E-17,-8.81026812120826));
#5520=CARTESIAN_POINT('',(-2.175,-0.330213654759984,-7.59696488549223));
#5521=CARTESIAN_POINT('',(-2.175,-3.16863546352576,-7.59696488549223));
#5522=CARTESIAN_POINT('',(-2.175,-3.16863546352576,-7.59696488549223));
#5523=CARTESIAN_POINT('',(-2.175,-0.330213654759984,-7.59696488549223));
#5524=CARTESIAN_POINT('',(-2.15,-0.330213654759984,-7.59696488549223));
#5525=CARTESIAN_POINT('',(-2.15,-1.1,-7.59696488549223));
#5526=CARTESIAN_POINT('',(-2.175,-1.1,-7.59696488549223));
#5527=CARTESIAN_POINT('',(-1.35,-1.1,-7.59696488549223));
#5528=CARTESIAN_POINT('',(-1.35,-0.330213654759984,-7.59696488549223));
#5529=CARTESIAN_POINT('',(-2.175,0.,0.));
#5530=CARTESIAN_POINT('',(-2.175,-3.16863546352576,-7.59696488549223));
#5531=CARTESIAN_POINT('',(-2.175,-3.16863546352576,-8.62326812120826));
#5532=CARTESIAN_POINT('',(-2.175,-9.73064057196947E-16,-8.62326812120826));
#5533=CARTESIAN_POINT('',(-2.362,0.481364536474238,-8.81026812120826));
#5534=CARTESIAN_POINT('',(-2.362,-3.16863546352576,-8.81026812120826));
#5535=CARTESIAN_POINT('',(-2.362,-3.16863546352576,-8.81026812120826));
#5536=CARTESIAN_POINT('',(-2.362,0.481364536474238,-8.81026812120826));
#5537=CARTESIAN_POINT('',(-0.400000000000001,0.,0.));
#5538=CARTESIAN_POINT('',(-0.400000000000001,3.5,-9.2));
#5539=CARTESIAN_POINT('',(-0.400000000000001,-3.5,-9.2));
#5540=CARTESIAN_POINT('',(-0.400000000000001,0.481364536474238,-9.2));
#5541=CARTESIAN_POINT('',(-0.400000000000001,-3.5,-9.2));
#5542=CARTESIAN_POINT('',(-0.400000000000001,-3.5,-6.21796502920312));
#5543=CARTESIAN_POINT('',(-0.400000000000001,-3.75530261347514,-6.21796502920312));
#5544=CARTESIAN_POINT('',(-0.400000000000001,-3.16863546352576,-6.21796502920312));
#5545=CARTESIAN_POINT('',(-0.400000000000001,-3.16863546352576,-6.21796502920312));
#5546=CARTESIAN_POINT('',(-0.400000000000001,-3.16863546352576,-8.81026812120826));
#5547=CARTESIAN_POINT('',(-0.400000000000001,0.481364536474238,-8.81026812120826));
#5548=CARTESIAN_POINT('',(-0.400000000000001,0.481364536474238,-8.81026812120826));
#5549=CARTESIAN_POINT('',(-0.400000000000001,0.481364536474238,-8.81026812120826));
#5550=CARTESIAN_POINT('',(-3.1,-3.16863546352576,-6.21796502920312));
#5551=CARTESIAN_POINT('',(-3.1,-3.16863546352576,-8.81026812120826));
#5552=CARTESIAN_POINT('',(-3.1,-3.16863546352576,-6.21796502920312));
#5553=CARTESIAN_POINT('',(-3.1,-3.16863546352576,-6.21796502920312));
#5554=CARTESIAN_POINT('',(-3.1,-3.16863546352576,-6.21796502920312));
#5555=CARTESIAN_POINT('',(-3.1,-3.16863546352576,-8.81026812120826));
#5556=CARTESIAN_POINT('',(-3.1,-3.16863546352576,-8.81026812120826));
#5557=CARTESIAN_POINT('',(-3.1,0.,0.));
#5558=CARTESIAN_POINT('',(-3.1,-3.5,-9.2));
#5559=CARTESIAN_POINT('',(-3.1,-3.5,-6.21796502920312));
#5560=CARTESIAN_POINT('',(-3.1,-3.5,-9.2));
#5561=CARTESIAN_POINT('',(-3.1,3.5,-9.2));
#5562=CARTESIAN_POINT('',(-3.1,0.481364536474238,-9.2));
#5563=CARTESIAN_POINT('',(-3.1,0.481364536474238,-8.81026812120826));
#5564=CARTESIAN_POINT('',(-3.1,0.481364536474238,-8.81026812120826));
#5565=CARTESIAN_POINT('',(-3.1,0.481364536474238,-8.81026812120826));
#5566=CARTESIAN_POINT('',(-3.1,-3.75530261347514,-6.21796502920312));
#5567=CARTESIAN_POINT('',(-3.1,-3.75530261347514,-6.21796502920312));
#5568=CARTESIAN_POINT('',(4.2,-3.5,-6.21796502920312));
#5569=CARTESIAN_POINT('',(-2.75,-3.5,-6.21796502920312));
#5570=CARTESIAN_POINT('',(4.2,-3.5,-6.21796502920312));
#5571=CARTESIAN_POINT('',(-0.750000000000001,-3.5,-6.21796502920312));
#5572=CARTESIAN_POINT('',(-0.750000000000001,0.,-6.21796502920312));
#5573=CARTESIAN_POINT('',(-0.750000000000001,-3.32146905020218,-6.21796502920312));
#5574=CARTESIAN_POINT('',(-2.75,-3.32146905020218,-6.21796502920312));
#5575=CARTESIAN_POINT('',(-2.75,-3.32146905020218,-6.21796502920312));
#5576=CARTESIAN_POINT('',(-2.75,0.,-6.21796502920312));
#5577=CARTESIAN_POINT('',(-0.750000000000001,0.,0.));
#5578=CARTESIAN_POINT('',(-0.750000000000001,-3.5,-9.2));
#5579=CARTESIAN_POINT('',(-0.750000000000001,-3.5,-0.517497964600003));
#5580=CARTESIAN_POINT('',(-0.750000000000001,-3.61869943319124,-0.517497964600003));
#5581=CARTESIAN_POINT('',(-0.750000000000001,-3.32146905020218,-0.517497964600004));
#5582=CARTESIAN_POINT('',(-0.750000000000001,-3.32146905020218,-0.517497964600004));
#5583=CARTESIAN_POINT('',(-2.75,-3.32146905020218,-0.517497964600004));
#5584=CARTESIAN_POINT('',(-2.75,-3.32146905020218,-0.517497964600004));
#5585=CARTESIAN_POINT('',(-2.75,-3.32146905020218,-0.517497964600004));
#5586=CARTESIAN_POINT('',(-2.75,-3.32146905020218,-0.517497964600004));
#5587=CARTESIAN_POINT('',(-2.75,0.,0.));
#5588=CARTESIAN_POINT('',(-2.75,-3.61869943319124,-0.517497964600003));
#5589=CARTESIAN_POINT('',(-2.75,-3.5,-0.517497964600003));
#5590=CARTESIAN_POINT('',(-2.75,-3.5,-9.2));
#5591=CARTESIAN_POINT('',(-2.75,-3.61869943319124,-0.517497964600003));
#5592=CARTESIAN_POINT('',(4.2,-3.5,-0.517497964600003));
#5593=CARTESIAN_POINT('',(-3.1,0.481364536474238,-8.81026812120826));
#5594=CARTESIAN_POINT('',(-3.1,0.481364536474238,-8.81026812120826));
#5595=CARTESIAN_POINT('',(0.,0.481364536474238,-5.43179827263355E-17));
#5596=CARTESIAN_POINT('',(4.2,0.481364536474238,-9.2));
#5597=CARTESIAN_POINT('',(0.,2.1136562718179E-16,-1.40576104127746));
#5598=CARTESIAN_POINT('',(1.57,-1.1,-1.40576104127746));
#5599=CARTESIAN_POINT('',(1.57,-0.52,-1.40576104127746));
#5600=CARTESIAN_POINT('',(1.57,-0.88,-1.40576104127746));
#5601=CARTESIAN_POINT('',(2.15,-0.88,-1.40576104127746));
#5602=CARTESIAN_POINT('',(1.93,-0.88,-1.40576104127746));
#5603=CARTESIAN_POINT('',(1.93,-0.3,-1.40576104127746));
#5604=CARTESIAN_POINT('',(1.93,-0.52,-1.40576104127746));
#5605=CARTESIAN_POINT('',(1.35,-0.52,-1.40576104127746));
#5606=CARTESIAN_POINT('',(0.,-0.88,-1.40576104127746));
#5607=CARTESIAN_POINT('',(1.86333333333334,-0.586666666666665,-1.11242770794413));
#5608=CARTESIAN_POINT('',(1.35,-1.1,-1.62576104127746));
#5609=CARTESIAN_POINT('',(1.35,-1.1,-1.62576104127746));
#5610=CARTESIAN_POINT('',(2.15,-1.1,-1.62576104127746));
#5611=CARTESIAN_POINT('',(1.63666666666667,-0.586666666666665,-1.11242770794413));
#5612=CARTESIAN_POINT('',(1.93,2.1136562718179E-16,-1.40576104127746));
#5613=CARTESIAN_POINT('',(2.10333333333334,-0.346666666666666,-1.57909437461079));
#5614=CARTESIAN_POINT('',(2.15,-0.3,-1.62576104127746));
#5615=CARTESIAN_POINT('',(2.15,-1.1,-1.62576104127746));
#5616=CARTESIAN_POINT('',(7.04731412115578E-17,-0.52,-1.40576104127746));
#5617=CARTESIAN_POINT('',(2.15,-0.3,-1.62576104127746));
#5618=CARTESIAN_POINT('',(1.35,-0.3,-1.62576104127746));
#5619=CARTESIAN_POINT('',(1.04666666666667,0.00333333333333468,-1.92909437461079));
#5620=CARTESIAN_POINT('',(1.57,6.36914979882351E-16,-1.40576104127746));
#5621=CARTESIAN_POINT('',(1.35,-0.3,-1.62576104127746));
#5622=CARTESIAN_POINT('',(1.35,-1.1,1.49423895872254));
#5623=CARTESIAN_POINT('',(2.15,-1.1,1.49423895872254));
#5624=CARTESIAN_POINT('',(2.15,-1.1,-5.59818903127703));
#5625=CARTESIAN_POINT('',(1.35,-1.1,1.49423895872254));
#5626=CARTESIAN_POINT('',(1.35,-1.1,-5.59818903127703));
#5627=CARTESIAN_POINT('',(1.75,-1.1,-5.59818903127703));
#5628=CARTESIAN_POINT('',(2.15,-1.1,1.49423895872254));
#5629=CARTESIAN_POINT('',(2.15,-0.3,1.49423895872254));
#5630=CARTESIAN_POINT('',(2.15,-0.299999999999999,-5.59818903127703));
#5631=CARTESIAN_POINT('',(2.15,-0.7,-5.59818903127703));
#5632=CARTESIAN_POINT('',(2.15,-0.3,1.49423895872254));
#5633=CARTESIAN_POINT('',(1.35,-0.3,1.49423895872254));
#5634=CARTESIAN_POINT('',(1.35,-0.299999999999999,-5.59818903127703));
#5635=CARTESIAN_POINT('',(1.75,-0.299999999999999,-5.59818903127703));
#5636=CARTESIAN_POINT('',(1.35,-0.3,1.49423895872254));
#5637=CARTESIAN_POINT('',(1.35,-0.7,-5.59818903127703));
#5638=CARTESIAN_POINT('',(1.75,-0.7,-5.59818903127703));
#5639=CARTESIAN_POINT('',(1.75,-0.7,-5.59818903127703));
#5640=CARTESIAN_POINT('',(1.75,-0.00727789316914973,-5.59818903127703));
#5641=CARTESIAN_POINT('',(0.,1.90962318877352E-15,-12.7006170212766));
#5642=CARTESIAN_POINT('',(1.93,1.90962318877352E-15,-12.7006170212766));
#5643=CARTESIAN_POINT('',(1.93,-0.519999999999998,-12.7006170212766));
#5644=CARTESIAN_POINT('',(1.93,-0.879999999999998,-12.7006170212766));
#5645=CARTESIAN_POINT('',(0.,-0.879999999999998,-12.7006170212766));
#5646=CARTESIAN_POINT('',(1.57,-0.879999999999998,-12.7006170212766));
#5647=CARTESIAN_POINT('',(1.57,2.33517254147408E-15,-12.7006170212766));
#5648=CARTESIAN_POINT('',(1.57,-0.519999999999998,-12.7006170212766));
#5649=CARTESIAN_POINT('',(7.04731412115578E-17,-0.519999999999999,-12.7006170212766));
#5650=CARTESIAN_POINT('',(1.75,-0.7,-5.83597071611038));
#5651=CARTESIAN_POINT('',(1.75,-0.7,-5.81958259989986));
#5652=CARTESIAN_POINT('',(1.75,0.229938377961761,-5.81958259989986));
#5653=CARTESIAN_POINT('',(1.35,-1.1,-12.4806170212766));
#5654=CARTESIAN_POINT('',(1.61666666666667,-0.833333333333331,-12.7472836879433));
#5655=CARTESIAN_POINT('',(1.35,-1.1,-12.4806170212766));
#5656=CARTESIAN_POINT('',(2.15,-1.1,-12.4806170212766));
#5657=CARTESIAN_POINT('',(2.15,-1.1,-12.4806170212766));
#5658=CARTESIAN_POINT('',(1.35,-1.1,-12.4806170212766));
#5659=CARTESIAN_POINT('',(2.15,-1.1,-12.4806170212766));
#5660=CARTESIAN_POINT('',(1.88333333333333,-0.566666666666665,-12.7472836879433));
#5661=CARTESIAN_POINT('',(2.15,-0.299999999999998,-12.4806170212766));
#5662=CARTESIAN_POINT('',(2.15,-1.1,-12.4806170212766));
#5663=CARTESIAN_POINT('',(1.35,-0.299999999999998,-12.4806170212766));
#5664=CARTESIAN_POINT('',(1.61666666666667,-0.566666666666665,-12.7472836879433));
#5665=CARTESIAN_POINT('',(1.35,-0.299999999999998,-12.4806170212766));
#5666=CARTESIAN_POINT('',(1.35,-0.299999999999998,-12.4806170212766));
#5667=CARTESIAN_POINT('',(2.15,-0.299999999999998,-12.4806170212766));
#5668=CARTESIAN_POINT('',(2.15,-0.299999999999998,-12.4806170212766));
#5669=CARTESIAN_POINT('',(0.468700448148929,-1.4350190800988,-6.8));
#5670=CARTESIAN_POINT('',(0.468700448148929,-1.1650190800988,-6.8));
#5671=CARTESIAN_POINT('',(0.468700448148929,-1.1650190800988,-6.8));
#5672=CARTESIAN_POINT('',(0.468700448148929,-1.1650190800988,-7.25));
#5673=CARTESIAN_POINT('',(0.468700448148929,-1.4350190800988,-7.25));
#5674=CARTESIAN_POINT('',(0.738700448148929,-1.4350190800988,-7.25));
#5675=CARTESIAN_POINT('',(0.738700448148929,-1.4350190800988,-6.8));
#5676=CARTESIAN_POINT('',(0.738700448148929,-1.4350190800988,-6.8));
#5677=CARTESIAN_POINT('',(0.468700448148929,-1.4350190800988,-6.8));
#5678=CARTESIAN_POINT('',(1.75,-0.699999999999999,-6.8));
#5679=CARTESIAN_POINT('',(1.75,-0.699999999999999,-6.8));
#5680=CARTESIAN_POINT('',(1.75,0.297670638531628,-6.8));
#5681=CARTESIAN_POINT('',(3.03129955185107,-1.4350190800988,-6.8));
#5682=CARTESIAN_POINT('',(2.76129955185107,-1.4350190800988,-6.8));
#5683=CARTESIAN_POINT('',(2.76129955185107,-1.4350190800988,-6.8));
#5684=CARTESIAN_POINT('',(2.76129955185107,-1.4350190800988,-7.25));
#5685=CARTESIAN_POINT('',(3.03129955185107,-1.4350190800988,-7.25));
#5686=CARTESIAN_POINT('',(3.03129955185107,-1.1650190800988,-7.25));
#5687=CARTESIAN_POINT('',(3.03129955185107,-1.1650190800988,-6.8));
#5688=CARTESIAN_POINT('',(3.03129955185107,-1.1650190800988,-6.8));
#5689=CARTESIAN_POINT('',(3.03129955185107,-1.4350190800988,-6.8));
#5690=CARTESIAN_POINT('',(3.03129955185107,0.090336919122173,-6.8));
#5691=CARTESIAN_POINT('',(3.03129955185107,0.090336919122173,-8.));
#5692=CARTESIAN_POINT('',(3.03129955185107,-0.179663080877827,-8.));
#5693=CARTESIAN_POINT('',(2.76129955185107,0.090336919122173,-8.));
#5694=CARTESIAN_POINT('',(2.76129955185107,0.090336919122173,-6.8));
#5695=CARTESIAN_POINT('',(2.76129955185107,0.090336919122173,-6.8));
#5696=CARTESIAN_POINT('',(3.03129955185107,0.090336919122173,-6.8));
#5697=CARTESIAN_POINT('',(3.03129955185107,-0.179663080877827,-6.8));
#5698=CARTESIAN_POINT('',(3.03129955185107,-0.179663080877827,-6.8));
#5699=CARTESIAN_POINT('',(2.76129955185107,0.090336919122173,-6.8));
#5700=CARTESIAN_POINT('',(2.76129955185107,0.090336919122173,-8.));
#5701=CARTESIAN_POINT('',(2.76129955185107,1.00747461057308,-8.));
#5702=CARTESIAN_POINT('',(2.76129955185107,1.00747461057308,-6.8));
#5703=CARTESIAN_POINT('',(2.76129955185107,1.00747461057308,-6.8));
#5704=CARTESIAN_POINT('',(2.76129955185107,0.090336919122173,-6.8));
#5705=CARTESIAN_POINT('',(0.738700448148929,1.00747461057308,-6.8));
#5706=CARTESIAN_POINT('',(0.738700448148929,1.00747461057308,-8.));
#5707=CARTESIAN_POINT('',(0.738700448148929,1.00747461057308,-8.));
#5708=CARTESIAN_POINT('',(0.738700448148929,1.00747461057308,-6.8));
#5709=CARTESIAN_POINT('',(0.738700448148929,1.00747461057308,-6.8));
#5710=CARTESIAN_POINT('',(2.76129955185107,1.00747461057308,-6.8));
#5711=CARTESIAN_POINT('',(0.738700448148929,0.090336919122173,-6.8));
#5712=CARTESIAN_POINT('',(0.738700448148929,0.090336919122173,-8.));
#5713=CARTESIAN_POINT('',(0.738700448148929,0.090336919122173,-8.));
#5714=CARTESIAN_POINT('',(0.738700448148929,0.090336919122173,-6.8));
#5715=CARTESIAN_POINT('',(0.738700448148929,0.090336919122173,-6.8));
#5716=CARTESIAN_POINT('',(0.738700448148929,0.090336919122173,-6.8));
#5717=CARTESIAN_POINT('',(0.468700448148929,0.090336919122173,-6.8));
#5718=CARTESIAN_POINT('',(0.468700448148929,0.090336919122173,-8.));
#5719=CARTESIAN_POINT('',(0.468700448148929,-0.179663080877827,-8.));
#5720=CARTESIAN_POINT('',(0.468700448148929,-0.179663080877827,-6.8));
#5721=CARTESIAN_POINT('',(0.468700448148929,-0.179663080877827,-6.8));
#5722=CARTESIAN_POINT('',(0.468700448148929,0.090336919122173,-6.8));
#5723=CARTESIAN_POINT('',(1.35,-1.1,1.49423895872254));
#5724=CARTESIAN_POINT('',(1.35,-1.1,1.49423895872254));
#5725=CARTESIAN_POINT('',(1.35,-1.1,-7.59696488549223));
#5726=CARTESIAN_POINT('',(2.15,-1.1,1.49423895872254));
#5727=CARTESIAN_POINT('',(2.15,-1.1,-7.59696488549223));
#5728=CARTESIAN_POINT('',(2.175,-1.1,-7.59696488549223));
#5729=CARTESIAN_POINT('',(2.15,-1.1,1.49423895872254));
#5730=CARTESIAN_POINT('',(2.15,-0.3,1.49423895872254));
#5731=CARTESIAN_POINT('',(2.15,-0.300000000000005,-7.70797884434783));
#5732=CARTESIAN_POINT('',(2.15,0.,-8.81026812120826));
#5733=CARTESIAN_POINT('',(2.15,-0.330213654759984,-7.59696488549223));
#5734=CARTESIAN_POINT('',(2.15,-0.330213654759984,-7.59696488549223));
#5735=CARTESIAN_POINT('',(1.35,-0.3,1.49423895872254));
#5736=CARTESIAN_POINT('',(1.35,-0.3,1.49423895872254));
#5737=CARTESIAN_POINT('',(1.35,-0.300000000000005,-7.70797884434783));
#5738=CARTESIAN_POINT('',(1.35,-0.330213654759984,-7.59696488549223));
#5739=CARTESIAN_POINT('',(1.35,-0.330213654759984,-7.59696488549223));
#5740=CARTESIAN_POINT('',(1.35,-1.54213490646764E-17,-8.81026812120826));
#5741=CARTESIAN_POINT('',(2.15,-0.3,1.49423895872254));
#5742=CARTESIAN_POINT('',(2.175,-0.299999999999999,-7.70797884434788));
#5743=CARTESIAN_POINT('',(0.198549657596886,-0.179663080877827,-6.8));
#5744=CARTESIAN_POINT('',(0.198549657596886,-0.179663080877827,-8.));
#5745=CARTESIAN_POINT('',(0.198549657596885,-0.179663080877827,-8.));
#5746=CARTESIAN_POINT('',(0.198549657596886,-0.179663080877827,-6.8));
#5747=CARTESIAN_POINT('',(0.198549657596885,-0.179663080877827,-6.8));
#5748=CARTESIAN_POINT('',(0.198549657596886,-0.179663080877827,-6.8));
#5749=CARTESIAN_POINT('',(0.468700448148929,-1.1650190800988,-6.8));
#5750=CARTESIAN_POINT('',(0.198549657596886,-1.1650190800988,-6.8));
#5751=CARTESIAN_POINT('',(0.198549657596885,-1.1650190800988,-6.8));
#5752=CARTESIAN_POINT('',(0.198549657596885,-1.1650190800988,-7.25));
#5753=CARTESIAN_POINT('',(0.198549657596885,-1.1650190800988,-7.25));
#5754=CARTESIAN_POINT('',(0.468700448148929,-1.1650190800988,-6.8));
#5755=CARTESIAN_POINT('',(0.468700448148929,-1.4350190800988,-7.25));
#5756=CARTESIAN_POINT('',(0.198549657596885,-1.1650190800988,-7.25));
#5757=CARTESIAN_POINT('',(0.198549657596885,-2.88407497218925,-7.25));
#5758=CARTESIAN_POINT('',(0.198549657596885,-2.88407497218925,-7.25));
#5759=CARTESIAN_POINT('',(0.738700448148928,-2.88407497218925,-7.25));
#5760=CARTESIAN_POINT('',(0.738700448148929,-1.4350190800988,-7.25));
#5761=CARTESIAN_POINT('',(0.738700448148929,-2.88407497218925,-6.8));
#5762=CARTESIAN_POINT('',(0.738700448148928,-2.88407497218925,-8.));
#5763=CARTESIAN_POINT('',(0.738700448148928,-2.88407497218925,-6.8));
#5764=CARTESIAN_POINT('',(0.738700448148929,-2.88407497218925,-6.8));
#5765=CARTESIAN_POINT('',(2.76129955185107,-2.88407497218925,-6.8));
#5766=CARTESIAN_POINT('',(2.76129955185107,-2.88407497218925,-8.));
#5767=CARTESIAN_POINT('',(2.76129955185107,-2.88407497218925,-7.25));
#5768=CARTESIAN_POINT('',(2.76129955185107,-2.88407497218925,-6.8));
#5769=CARTESIAN_POINT('',(2.76129955185107,-2.88407497218925,-7.25));
#5770=CARTESIAN_POINT('',(2.76129955185107,-2.88407497218925,-6.8));
#5771=CARTESIAN_POINT('',(3.03129955185107,-1.4350190800988,-6.8));
#5772=CARTESIAN_POINT('',(3.03129955185107,-1.1650190800988,-6.8));
#5773=CARTESIAN_POINT('',(3.30145034240311,-1.1650190800988,-6.8));
#5774=CARTESIAN_POINT('',(3.30145034240311,-1.1650190800988,-6.8));
#5775=CARTESIAN_POINT('',(3.30145034240311,-0.179663080877827,-6.8));
#5776=CARTESIAN_POINT('',(3.30145034240311,-0.179663080877827,-6.8));
#5777=CARTESIAN_POINT('',(0.198549657596886,-0.179663080877827,-6.8));
#5778=CARTESIAN_POINT('',(0.738700448148929,-2.88407497218925,-6.8));
#5779=CARTESIAN_POINT('',(1.40929158322925,-2.7013098882923,-6.8));
#5780=CARTESIAN_POINT('',(1.40929158322925,-2.7013098882923,-6.8));
#5781=CARTESIAN_POINT('',(2.09070841677075,-2.7013098882923,-6.8));
#5782=CARTESIAN_POINT('',(2.09070841677075,-2.7013098882923,-6.8));
#5783=CARTESIAN_POINT('',(3.30145034240311,-0.179663080877827,-6.8));
#5784=CARTESIAN_POINT('',(3.30145034240311,-0.179663080877827,-8.));
#5785=CARTESIAN_POINT('',(3.30145034240311,-0.179663080877827,-8.));
#5786=CARTESIAN_POINT('',(3.30145034240311,-0.179663080877827,-6.8));
#5787=CARTESIAN_POINT('',(3.03129955185107,-1.4350190800988,-7.25));
#5788=CARTESIAN_POINT('',(2.76129955185107,-2.88407497218925,-7.25));
#5789=CARTESIAN_POINT('',(3.30145034240311,-2.88407497218925,-7.25));
#5790=CARTESIAN_POINT('',(3.30145034240311,-2.88407497218925,-7.25));
#5791=CARTESIAN_POINT('',(3.30145034240311,-1.1650190800988,-7.25));
#5792=CARTESIAN_POINT('',(3.03129955185107,-1.1650190800988,-7.25));
#5793=CARTESIAN_POINT('',(3.03129955185107,-1.1650190800988,-6.8));
#5794=CARTESIAN_POINT('',(3.30145034240311,-1.1650190800988,-6.8));
#5795=CARTESIAN_POINT('',(0.,3.01083463099016,0.));
#5796=CARTESIAN_POINT('',(3.27050237232027,3.01083463099016,-8.));
#5797=CARTESIAN_POINT('',(3.27050237232027,3.01083463099016,-0.200000000000001));
#5798=CARTESIAN_POINT('',(3.27050237232027,3.01083463099016,-8.));
#5799=CARTESIAN_POINT('',(0.,3.01083463099016,-0.200000000000002));
#5800=CARTESIAN_POINT('',(0.229497627679728,3.01083463099016,-0.200000000000001));
#5801=CARTESIAN_POINT('',(0.229497627679728,3.01083463099016,-8.));
#5802=CARTESIAN_POINT('',(0.229497627679728,3.01083463099016,-8.));
#5803=CARTESIAN_POINT('',(3.39137700917393,3.01083463099016,-8.));
#5804=CARTESIAN_POINT('',(0.,0.,-8.));
#5805=CARTESIAN_POINT('',(0.763555823513048,2.12717829127364,-8.));
#5806=CARTESIAN_POINT('',(0.763555823513048,2.12717829127364,-8.));
#5807=CARTESIAN_POINT('',(1.02525799551091,2.12717829127364,-8.));
#5808=CARTESIAN_POINT('',(1.02525799551091,2.12717829127364,-8.));
#5809=CARTESIAN_POINT('',(1.02525799551091,1.50588013508381,-8.));
#5810=CARTESIAN_POINT('',(1.02525799551091,1.50588013508381,-8.));
#5811=CARTESIAN_POINT('',(0.198549657596885,1.50588013508381,-8.));
#5812=CARTESIAN_POINT('',(0.198549657596885,1.50588013508381,-8.));
#5813=CARTESIAN_POINT('',(0.198549657596885,-2.88407497218925,-8.));
#5814=CARTESIAN_POINT('',(3.30145034240311,-2.88407497218925,-8.));
#5815=CARTESIAN_POINT('',(3.30145034240311,1.50588013508381,-8.));
#5816=CARTESIAN_POINT('',(3.30145034240311,1.50588013508381,-8.));
#5817=CARTESIAN_POINT('',(2.47474200448909,1.50588013508381,-8.));
#5818=CARTESIAN_POINT('',(2.47474200448909,1.50588013508381,-8.));
#5819=CARTESIAN_POINT('',(2.47474200448909,2.12717829127364,-8.));
#5820=CARTESIAN_POINT('',(2.47474200448909,2.12717829127364,-8.));
#5821=CARTESIAN_POINT('',(2.73644417648695,2.12717829127364,-8.));
#5822=CARTESIAN_POINT('',(2.73644417648695,2.12717829127364,-8.));
#5823=CARTESIAN_POINT('',(2.175,0.,0.));
#5824=CARTESIAN_POINT('',(2.175,0.,-8.81026812120826));
#5825=CARTESIAN_POINT('',(2.175,-0.0508940812340909,-8.62326812120826));
#5826=CARTESIAN_POINT('',(2.175,-0.330213654759984,-7.59696488549223));
#5827=CARTESIAN_POINT('',(2.175,-9.73064057196947E-16,-8.62326812120826));
#5828=CARTESIAN_POINT('',(2.175,-3.16863546352576,-8.62326812120826));
#5829=CARTESIAN_POINT('',(2.175,-3.16863546352576,-7.59696488549223));
#5830=CARTESIAN_POINT('',(2.175,-3.16863546352576,-7.59696488549223));
#5831=CARTESIAN_POINT('',(2.175,-0.330213654759984,-7.59696488549223));
#5832=CARTESIAN_POINT('',(2.175,-0.330213654759984,-7.59696488549223));
#5833=CARTESIAN_POINT('',(2.175,-0.330213654759984,-7.59696488549223));
#5834=CARTESIAN_POINT('',(1.325,-0.330213654759984,-7.59696488549223));
#5835=CARTESIAN_POINT('',(2.175,-0.330213654759984,-7.59696488549223));
#5836=CARTESIAN_POINT('',(2.175,-3.16863546352576,-7.59696488549223));
#5837=CARTESIAN_POINT('',(1.325,-3.16863546352576,-7.59696488549223));
#5838=CARTESIAN_POINT('',(1.325,-0.330213654759984,-7.59696488549223));
#5839=CARTESIAN_POINT('',(1.325,0.,0.));
#5840=CARTESIAN_POINT('',(1.325,-3.16863546352576,-7.59696488549223));
#5841=CARTESIAN_POINT('',(1.325,-3.16863546352576,-8.62326812120826));
#5842=CARTESIAN_POINT('',(1.325,2.11013940582811E-17,-8.62326812120826));
#5843=CARTESIAN_POINT('',(1.325,-0.0508940812340909,-8.62326812120826));
#5844=CARTESIAN_POINT('',(1.325,0.,-8.81026812120826));
#5845=CARTESIAN_POINT('',(2.362,0.481364536474238,-8.81026812120826));
#5846=CARTESIAN_POINT('',(2.362,-3.16863546352576,-8.81026812120826));
#5847=CARTESIAN_POINT('',(2.362,-3.16863546352576,-8.81026812120826));
#5848=CARTESIAN_POINT('',(2.42516493191313,0.01719102233119,-8.87343305312139));
#5849=CARTESIAN_POINT('',(2.362,0.,-8.81026812120826));
#5850=CARTESIAN_POINT('',(2.362,0.481364536474238,-8.81026812120826));
#5851=CARTESIAN_POINT('',(1.325,-9.73064057196947E-16,-8.62326812120826));
#5852=CARTESIAN_POINT('',(1.325,-3.16863546352576,-8.62326812120826));
#5853=CARTESIAN_POINT('',(1.138,-3.16863546352576,-8.81026812120826));
#5854=CARTESIAN_POINT('',(1.138,-3.16863546352576,-8.81026812120826));
#5855=CARTESIAN_POINT('',(1.138,0.,-8.81026812120826));
#5856=CARTESIAN_POINT('',(1.31832164932739,-0.0490764955568638,-8.62994647188087));
#5857=CARTESIAN_POINT('',(2.175,0.,-8.81026812120826));
#5858=CARTESIAN_POINT('',(2.175,0.,-8.81026812120826));
#5859=CARTESIAN_POINT('',(-4.2,2.09385199188472,-2.56843257372956));
#5860=CARTESIAN_POINT('',(-4.2,2.33114228280714,-2.33114228280714));
#5861=CARTESIAN_POINT('',(-4.2,2.44385199188472,-2.21843257372956));
#5862=CARTESIAN_POINT('',(-4.2,2.09385199188472,-2.56843257372956));
#5863=CARTESIAN_POINT('',(-4.2,2.44385199188472,-2.21843257372956));
#5864=CARTESIAN_POINT('',(-4.02084308000967,2.44385199188472,-2.21843257372956));
#5865=CARTESIAN_POINT('',(-4.02084308000967,11.2781196228429,6.61583505722865));
#5866=CARTESIAN_POINT('',(-4.02084308000967,2.09385199188472,-2.56843257372956));
#5867=CARTESIAN_POINT('',(-4.02084308000967,2.09385199188472,-2.56843257372956));
#5868=CARTESIAN_POINT('',(-4.2,14.3414237244943,-2.56843257372956));
#5869=CARTESIAN_POINT('',(-4.02084308000967,14.3414237244943,-2.56843257372956));
#5870=CARTESIAN_POINT('',(-4.02084308000967,-2.09385199188472,-2.56843257372956));
#5871=CARTESIAN_POINT('',(-4.2,-2.09385199188472,-2.56843257372956));
#5872=CARTESIAN_POINT('',(-4.2,-2.09385199188472,-2.56843257372956));
#5873=CARTESIAN_POINT('',(-4.2,14.3414237244943,-2.56843257372956));
#5874=CARTESIAN_POINT('',(-4.02084308000967,-2.44385199188472,-2.21843257372956));
#5875=CARTESIAN_POINT('',(-4.2,-2.33114228280714,-2.33114228280714));
#5876=CARTESIAN_POINT('',(-4.2,-2.44385199188472,-2.21843257372956));
#5877=CARTESIAN_POINT('',(-4.02084308000967,-7.77811962284292,3.11583505722865));
#5878=CARTESIAN_POINT('',(-4.02084308000967,-2.44385199188472,-2.21843257372956));
#5879=CARTESIAN_POINT('',(-4.02084308000967,-2.44385199188472,-2.21843257372956));
#5880=CARTESIAN_POINT('',(-4.02084308000967,-2.44385199188472,14.3939546800715));
#5881=CARTESIAN_POINT('',(-4.2,-2.44385199188472,14.3939546800715));
#5882=CARTESIAN_POINT('',(-4.2,-2.44385199188472,-1.73472347597681E-15));
#5883=CARTESIAN_POINT('',(-4.02084308000967,-2.44385199188472,14.3939546800715));
#5884=CARTESIAN_POINT('',(-4.02084308000967,-2.44385199188472,-1.73472347597681E-15));
#5885=CARTESIAN_POINT('',(4.2,-2.44385199188472,-1.73472347597681E-15));
#5886=CARTESIAN_POINT('',(-4.2,0.,0.));
#5887=CARTESIAN_POINT('',(-4.2,-3.5,-1.73472347597681E-15));
#5888=CARTESIAN_POINT('',(-4.2,2.44385199188472,-1.73472347597681E-15));
#5889=CARTESIAN_POINT('',(-4.2,2.44385199188472,14.3939546800715));
#5890=CARTESIAN_POINT('',(-4.02084308000967,2.44385199188472,14.3939546800715));
#5891=CARTESIAN_POINT('',(-4.02084308000967,2.44385199188472,14.3939546800715));
#5892=CARTESIAN_POINT('',(-4.02084308000967,2.44385199188472,-1.73472347597681E-15));
#5893=CARTESIAN_POINT('',(4.2,2.44385199188472,-1.73472347597681E-15));
#5894=CARTESIAN_POINT('',(4.2,0.,0.));
#5895=CARTESIAN_POINT('',(4.2,14.3414237244943,-2.56843257372956));
#5896=CARTESIAN_POINT('',(4.2,2.09385199188472,-2.56843257372956));
#5897=CARTESIAN_POINT('',(4.2,-2.09385199188472,-2.56843257372956));
#5898=CARTESIAN_POINT('',(4.2,2.09385199188472,-2.56843257372956));
#5899=CARTESIAN_POINT('',(4.2,2.44385199188472,-2.21843257372956));
#5900=CARTESIAN_POINT('',(4.2,2.44385199188472,14.3939546800715));
#5901=CARTESIAN_POINT('',(4.2,2.44385199188472,-1.73472347597681E-15));
#5902=CARTESIAN_POINT('',(4.2,-3.5,-1.73472347597681E-15));
#5903=CARTESIAN_POINT('',(4.2,-2.44385199188472,-1.73472347597681E-15));
#5904=CARTESIAN_POINT('',(4.2,-2.44385199188472,14.3939546800715));
#5905=CARTESIAN_POINT('',(4.2,-2.44385199188472,-2.21843257372956));
#5906=CARTESIAN_POINT('',(4.2,-2.44385199188472,-2.21843257372956));
#5907=CARTESIAN_POINT('',(1.02525799551091,2.12717829127364,-8.));
#5908=CARTESIAN_POINT('',(1.02525799551091,2.12717829127364,-1.73472347597681E-15));
#5909=CARTESIAN_POINT('',(0.763555823513048,2.12717829127364,-1.73472347597681E-15));
#5910=CARTESIAN_POINT('',(1.02525799551091,2.12717829127364,-1.73472347597681E-15));
#5911=CARTESIAN_POINT('',(1.02525799551091,2.12717829127364,-8.));
#5912=CARTESIAN_POINT('',(0.763555823513048,2.12717829127364,-8.));
#5913=CARTESIAN_POINT('',(1.02525799551091,1.50588013508381,-8.));
#5914=CARTESIAN_POINT('',(1.02525799551091,1.50588013508381,-1.73472347597681E-15));
#5915=CARTESIAN_POINT('',(1.02525799551091,1.50588013508381,-1.73472347597681E-15));
#5916=CARTESIAN_POINT('',(1.02525799551091,1.50588013508381,-8.));
#5917=CARTESIAN_POINT('',(0.198549657596885,1.50588013508381,-8.));
#5918=CARTESIAN_POINT('',(0.198549657596885,1.50588013508381,-1.73472347597681E-15));
#5919=CARTESIAN_POINT('',(0.198549657596885,1.50588013508381,-1.73472347597681E-15));
#5920=CARTESIAN_POINT('',(0.198549657596885,1.50588013508381,-8.));
#5921=CARTESIAN_POINT('',(0.198549657596885,-2.88407497218925,-8.));
#5922=CARTESIAN_POINT('',(0.198549657596885,-2.88407497218925,-8.));
#5923=CARTESIAN_POINT('',(0.198549657596885,-2.88407497218925,-1.73472347597681E-15));
#5924=CARTESIAN_POINT('',(0.198549657596885,-2.88407497218925,-1.73472347597681E-15));
#5925=CARTESIAN_POINT('',(0.738700448148928,-2.88407497218925,-8.));
#5926=CARTESIAN_POINT('',(0.738700448148928,-2.88407497218925,-1.73472347597681E-15));
#5927=CARTESIAN_POINT('',(0.738700448148928,-2.88407497218925,-1.73472347597681E-15));
#5928=CARTESIAN_POINT('',(0.738700448148928,-2.88407497218925,-8.));
#5929=CARTESIAN_POINT('',(1.40929158322925,-2.7013098882923,-8.));
#5930=CARTESIAN_POINT('',(1.40929158322925,-2.7013098882923,-1.73472347597681E-15));
#5931=CARTESIAN_POINT('',(1.40929158322925,-2.7013098882923,-1.73472347597681E-15));
#5932=CARTESIAN_POINT('',(1.40929158322925,-2.7013098882923,-8.));
#5933=CARTESIAN_POINT('',(1.75,-2.7013098882923,-8.));
#5934=CARTESIAN_POINT('',(1.75,-2.7013098882923,-1.73472347597681E-15));
#5935=CARTESIAN_POINT('',(2.09070841677075,-2.7013098882923,-1.73472347597681E-15));
#5936=CARTESIAN_POINT('',(2.09070841677075,-2.7013098882923,-8.));
#5937=CARTESIAN_POINT('',(2.09070841677075,-2.7013098882923,-8.));
#5938=CARTESIAN_POINT('',(2.09070841677075,-2.7013098882923,-1.73472347597681E-15));
#5939=CARTESIAN_POINT('',(2.76129955185107,-2.88407497218925,-1.73472347597681E-15));
#5940=CARTESIAN_POINT('',(2.76129955185107,-2.88407497218925,-8.));
#5941=CARTESIAN_POINT('',(2.76129955185107,-2.88407497218925,-8.));
#5942=CARTESIAN_POINT('',(3.30145034240311,-2.88407497218925,-8.));
#5943=CARTESIAN_POINT('',(3.30145034240311,-2.88407497218925,-1.73472347597681E-15));
#5944=CARTESIAN_POINT('',(2.76129955185107,-2.88407497218925,-1.73472347597681E-15));
#5945=CARTESIAN_POINT('',(3.30145034240311,-2.88407497218925,-8.));
#5946=CARTESIAN_POINT('',(3.30145034240311,-2.88407497218925,-1.73472347597681E-15));
#5947=CARTESIAN_POINT('',(3.30145034240311,1.50588013508381,-1.73472347597681E-15));
#5948=CARTESIAN_POINT('',(3.30145034240311,1.50588013508381,-8.));
#5949=CARTESIAN_POINT('',(3.30145034240311,1.50588013508381,-8.));
#5950=CARTESIAN_POINT('',(3.30145034240311,1.50588013508381,-1.73472347597681E-15));
#5951=CARTESIAN_POINT('',(2.47474200448909,1.50588013508381,-1.73472347597681E-15));
#5952=CARTESIAN_POINT('',(2.47474200448909,1.50588013508381,-8.));
#5953=CARTESIAN_POINT('',(2.47474200448909,1.50588013508381,-8.));
#5954=CARTESIAN_POINT('',(2.47474200448909,1.50588013508381,-1.73472347597681E-15));
#5955=CARTESIAN_POINT('',(2.47474200448909,2.12717829127364,-1.73472347597681E-15));
#5956=CARTESIAN_POINT('',(2.47474200448909,2.12717829127364,-8.));
#5957=CARTESIAN_POINT('',(2.47474200448909,2.12717829127364,-8.));
#5958=CARTESIAN_POINT('',(2.47474200448909,2.12717829127364,-1.73472347597681E-15));
#5959=CARTESIAN_POINT('',(2.73644417648695,2.12717829127364,-1.73472347597681E-15));
#5960=CARTESIAN_POINT('',(2.73644417648695,2.12717829127364,-8.));
#5961=CARTESIAN_POINT('',(2.73644417648695,2.12717829127364,-8.));
#5962=CARTESIAN_POINT('',(2.73644417648695,2.12717829127364,-1.73472347597681E-15));
#5963=CARTESIAN_POINT('',(3.39137700917393,3.21083463099016,-1.73472347597681E-15));
#5964=CARTESIAN_POINT('',(0.969179534848448,-0.796949859412205,-4.00778449040236));
#5965=CARTESIAN_POINT('',(0.,3.01083463099016,-0.200000000000002));
#5966=CARTESIAN_POINT('',(4.2,3.21083463099016,-1.73472347597681E-15));
#5967=CARTESIAN_POINT('',(0.108622990826073,3.21083463099016,-1.73472347597681E-15));
#5968=CARTESIAN_POINT('',(2.53082046515155,-0.796949859412204,-4.00778449040236));
#5969=CARTESIAN_POINT('',(0.763555823513048,2.12717829127364,-8.));
#5970=CARTESIAN_POINT('',(0.763555823513048,2.12717829127364,-1.73472347597681E-15));
#5971=CARTESIAN_POINT('',(4.02084308000967,-2.44385199188472,14.3939546800715));
#5972=CARTESIAN_POINT('',(4.02084308000967,-2.44385199188472,14.3939546800715));
#5973=CARTESIAN_POINT('',(4.02084308000967,-2.44385199188472,-1.73472347597681E-15));
#5974=CARTESIAN_POINT('',(4.02084308000967,-2.44385199188472,-2.21843257372956));
#5975=CARTESIAN_POINT('',(4.02084308000967,-2.44385199188472,-2.21843257372956));
#5976=CARTESIAN_POINT('',(4.2,-2.44385199188472,-1.73472347597681E-15));
#5977=CARTESIAN_POINT('',(4.02084308000967,-2.44385199188472,-2.21843257372956));
#5978=CARTESIAN_POINT('',(4.02084308000967,-11.2781196228429,6.61583505722865));
#5979=CARTESIAN_POINT('',(4.02084308000967,-2.09385199188472,-2.56843257372956));
#5980=CARTESIAN_POINT('',(4.2,-2.09385199188472,-2.56843257372956));
#5981=CARTESIAN_POINT('',(4.2,14.3414237244943,-2.56843257372956));
#5982=CARTESIAN_POINT('',(4.02084308000967,14.3414237244943,-2.56843257372956));
#5983=CARTESIAN_POINT('',(4.02084308000967,2.09385199188472,-2.56843257372956));
#5984=CARTESIAN_POINT('',(4.2,2.09385199188472,-2.56843257372956));
#5985=CARTESIAN_POINT('',(4.2,2.09385199188472,-2.56843257372956));
#5986=CARTESIAN_POINT('',(4.02084308000967,7.77811962284292,3.11583505722865));
#5987=CARTESIAN_POINT('',(4.02084308000967,2.44385199188472,-2.21843257372956));
#5988=CARTESIAN_POINT('',(4.02084308000967,2.44385199188472,-2.21843257372956));
#5989=CARTESIAN_POINT('',(4.02084308000967,2.44385199188472,14.3939546800715));
#5990=CARTESIAN_POINT('',(4.02084308000967,2.44385199188472,14.3939546800715));
#5991=CARTESIAN_POINT('',(4.02084308000967,2.44385199188472,-1.73472347597681E-15));
#5992=CARTESIAN_POINT('',(4.2,2.44385199188472,-1.73472347597681E-15));
#5993=CARTESIAN_POINT('',(4.2,3.5,-1.73472347597681E-15));
#5994=CARTESIAN_POINT('',(4.02084308000967,3.5,14.3939546800715));
#5995=CARTESIAN_POINT('',(4.02084308000967,3.5,-1.73472347597681E-15));
#5996=CARTESIAN_POINT('',(4.02084308000967,3.5,-3.19517841576057));
#5997=CARTESIAN_POINT('',(-4.26578806028854,3.5,-3.19517841576057));
#5998=CARTESIAN_POINT('',(-4.02084308000967,3.5,-3.19517841576057));
#5999=CARTESIAN_POINT('',(-4.02084308000967,3.5,14.3939546800715));
#6000=CARTESIAN_POINT('',(-4.02084308000967,3.5,-1.73472347597681E-15));
#6001=CARTESIAN_POINT('',(4.2,3.5,-1.73472347597681E-15));
#6002=CARTESIAN_POINT('',(-4.26578806028854,3.5,-3.39517841576057));
#6003=CARTESIAN_POINT('',(-4.02084308000967,3.5,-3.39517841576057));
#6004=CARTESIAN_POINT('',(-4.02084308000967,3.5,-3.59517841576057));
#6005=CARTESIAN_POINT('',(4.02084308000967,3.5,-3.39517841576057));
#6006=CARTESIAN_POINT('',(4.02084308000967,3.5,-3.59517841576057));
#6007=CARTESIAN_POINT('',(-4.26578806028854,3.5,-3.59517841576057));
#6008=CARTESIAN_POINT('',(2.75,-3.32146905020218,-0.517497964600004));
#6009=CARTESIAN_POINT('',(0.750000000000001,-3.32146905020218,-0.517497964600004));
#6010=CARTESIAN_POINT('',(0.750000000000001,-3.32146905020218,-0.517497964600004));
#6011=CARTESIAN_POINT('',(0.750000000000001,-3.32146905020218,-6.21796502920312));
#6012=CARTESIAN_POINT('',(2.75,-3.32146905020218,-6.21796502920312));
#6013=CARTESIAN_POINT('',(2.75,-3.32146905020218,-6.21796502920312));
#6014=CARTESIAN_POINT('',(2.75,-3.32146905020218,-0.517497964600004));
#6015=CARTESIAN_POINT('',(2.75,-3.32146905020218,-0.517497964600004));
#6016=CARTESIAN_POINT('',(2.75,-3.32146905020218,-0.517497964600004));
#6017=CARTESIAN_POINT('',(3.1,-3.16863546352576,-6.21796502920312));
#6018=CARTESIAN_POINT('',(3.1,-3.16863546352576,-8.81026812120826));
#6019=CARTESIAN_POINT('',(0.400000000000001,-3.16863546352576,-8.81026812120826));
#6020=CARTESIAN_POINT('',(3.1,-3.16863546352576,-8.81026812120826));
#6021=CARTESIAN_POINT('',(3.1,-3.16863546352576,-8.81026812120826));
#6022=CARTESIAN_POINT('',(3.1,-3.16863546352576,-6.21796502920312));
#6023=CARTESIAN_POINT('',(3.1,-3.16863546352576,-6.21796502920312));
#6024=CARTESIAN_POINT('',(3.1,-3.16863546352576,-6.21796502920312));
#6025=CARTESIAN_POINT('',(0.400000000000001,-3.16863546352576,-6.21796502920312));
#6026=CARTESIAN_POINT('',(0.400000000000001,-3.16863546352576,-6.21796502920312));
#6027=CARTESIAN_POINT('',(3.1,0.481364536474238,-8.81026812120826));
#6028=CARTESIAN_POINT('',(0.400000000000001,0.481364536474238,-8.81026812120826));
#6029=CARTESIAN_POINT('',(0.400000000000001,0.481364536474238,-8.81026812120826));
#6030=CARTESIAN_POINT('',(3.1,0.481364536474238,-8.81026812120826));
#6031=CARTESIAN_POINT('',(3.1,0.481364536474238,-8.81026812120826));
#6032=CARTESIAN_POINT('',(3.1,0.481364536474238,-8.81026812120826));
#6033=CARTESIAN_POINT('',(0.,0.481364536474238,-5.43179827263355E-17));
#6034=CARTESIAN_POINT('',(0.400000000000001,0.481364536474238,-8.81026812120826));
#6035=CARTESIAN_POINT('',(0.400000000000001,0.481364536474238,-9.2));
#6036=CARTESIAN_POINT('',(0.400000000000001,0.481364536474238,-9.2));
#6037=CARTESIAN_POINT('',(3.1,0.481364536474238,-9.2));
#6038=CARTESIAN_POINT('',(3.1,0.481364536474238,-8.81026812120826));
#6039=CARTESIAN_POINT('',(4.2,3.5,-1.73472347597681E-15));
#6040=CARTESIAN_POINT('',(-4.02084308000967,3.5,14.3939546800715));
#6041=CARTESIAN_POINT('',(-4.02084308000967,3.5,-9.2));
#6042=CARTESIAN_POINT('',(4.02084308000967,3.5,14.3939546800715));
#6043=CARTESIAN_POINT('',(4.02084308000967,3.5,-9.2));
#6044=CARTESIAN_POINT('',(4.2,3.5,-9.2));
#6045=CARTESIAN_POINT('',(-4.02084308000967,3.5,14.3939546800715));
#6046=CARTESIAN_POINT('',(-4.02084308000967,3.5,-9.2));
#6047=CARTESIAN_POINT('',(-4.02084308000967,-3.5,-9.2));
#6048=CARTESIAN_POINT('',(-4.02084308000967,-3.5,14.3939546800715));
#6049=CARTESIAN_POINT('',(-4.02084308000967,-3.5,-1.73472347597681E-15));
#6050=CARTESIAN_POINT('',(-4.02084308000967,-3.5,-1.73472347597681E-15));
#6051=CARTESIAN_POINT('',(-4.02084308000967,-3.5,-1.73472347597681E-15));
#6052=CARTESIAN_POINT('',(4.2,-3.5,-1.73472347597681E-15));
#6053=CARTESIAN_POINT('',(4.02084308000967,-3.5,-1.73472347597681E-15));
#6054=CARTESIAN_POINT('',(4.02084308000967,-3.5,-1.73472347597681E-15));
#6055=CARTESIAN_POINT('',(4.02084308000967,-3.5,-1.73472347597681E-15));
#6056=CARTESIAN_POINT('',(4.2,-3.5,-1.73472347597681E-15));
#6057=CARTESIAN_POINT('',(4.02084308000967,-3.5,14.3939546800715));
#6058=CARTESIAN_POINT('',(4.02084308000967,-3.5,14.3939546800715));
#6059=CARTESIAN_POINT('',(4.02084308000967,-3.5,-9.2));
#6060=CARTESIAN_POINT('',(4.02084308000967,3.5,-9.2));
#6061=CARTESIAN_POINT('',(3.1,0.,0.));
#6062=CARTESIAN_POINT('',(3.1,-3.5,-9.2));
#6063=CARTESIAN_POINT('',(3.1,-3.5,-6.21796502920312));
#6064=CARTESIAN_POINT('',(3.1,-3.5,-9.2));
#6065=CARTESIAN_POINT('',(3.1,-3.75530261347514,-6.21796502920312));
#6066=CARTESIAN_POINT('',(3.1,3.5,-9.2));
#6067=CARTESIAN_POINT('',(2.75,0.,0.));
#6068=CARTESIAN_POINT('',(2.75,0.,-6.21796502920312));
#6069=CARTESIAN_POINT('',(2.75,-3.5,-6.21796502920312));
#6070=CARTESIAN_POINT('',(2.75,-3.5,-9.2));
#6071=CARTESIAN_POINT('',(2.75,-3.5,-0.517497964600003));
#6072=CARTESIAN_POINT('',(2.75,-3.61869943319124,-0.517497964600003));
#6073=CARTESIAN_POINT('',(2.75,-3.61869943319124,-0.517497964600003));
#6074=CARTESIAN_POINT('',(4.2,-3.5,-0.517497964600003));
#6075=CARTESIAN_POINT('',(0.750000000000001,-3.5,-0.517497964600003));
#6076=CARTESIAN_POINT('',(0.750000000000001,-3.61869943319124,-0.517497964600003));
#6077=CARTESIAN_POINT('',(0.750000000000001,0.,0.));
#6078=CARTESIAN_POINT('',(0.750000000000001,-3.5,-9.2));
#6079=CARTESIAN_POINT('',(0.750000000000001,-3.5,-6.21796502920312));
#6080=CARTESIAN_POINT('',(0.750000000000001,0.,-6.21796502920312));
#6081=CARTESIAN_POINT('',(3.1,-3.75530261347514,-6.21796502920312));
#6082=CARTESIAN_POINT('',(4.2,-3.5,-6.21796502920312));
#6083=CARTESIAN_POINT('',(4.2,-3.5,-6.21796502920312));
#6084=CARTESIAN_POINT('',(0.400000000000001,-3.5,-6.21796502920312));
#6085=CARTESIAN_POINT('',(0.400000000000001,-3.75530261347514,-6.21796502920312));
#6086=CARTESIAN_POINT('',(0.400000000000001,0.,0.));
#6087=CARTESIAN_POINT('',(0.400000000000001,3.5,-9.2));
#6088=CARTESIAN_POINT('',(0.400000000000001,-3.5,-9.2));
#6089=CARTESIAN_POINT('',(0.400000000000001,-3.5,-9.2));
#6090=CARTESIAN_POINT('',(4.2,3.5,-9.2));
#6091=CARTESIAN_POINT('',(4.2,-3.5,-9.2));
#6092=CARTESIAN_POINT('',(4.2,-3.5,-9.2));
#6093=CARTESIAN_POINT('',(4.2,-3.5,-9.2));
#6094=CARTESIAN_POINT('',(4.2,-3.5,-9.2));
#6095=CARTESIAN_POINT('',(0.,1.90962318877352E-15,-12.7006170212766));
#6096=CARTESIAN_POINT('',(-1.93,1.90962318877352E-15,-12.7006170212766));
#6097=CARTESIAN_POINT('',(-1.93,-0.519999999999998,-12.7006170212766));
#6098=CARTESIAN_POINT('',(-1.93,-0.879999999999998,-12.7006170212766));
#6099=CARTESIAN_POINT('',(-7.04731412115578E-17,-0.519999999999999,-12.7006170212766));
#6100=CARTESIAN_POINT('',(-1.57,-0.519999999999998,-12.7006170212766));
#6101=CARTESIAN_POINT('',(-1.57,2.33517254147408E-15,-12.7006170212766));
#6102=CARTESIAN_POINT('',(-1.57,-0.879999999999998,-12.7006170212766));
#6103=CARTESIAN_POINT('',(0.,-0.879999999999998,-12.7006170212766));
#6104=CARTESIAN_POINT('',(-2.15,-0.3,1.49423895872254));
#6105=CARTESIAN_POINT('',(-2.15,-0.299999999999998,-12.4806170212766));
#6106=CARTESIAN_POINT('',(-2.15,-0.299999999999998,-12.4806170212766));
#6107=CARTESIAN_POINT('',(-1.35,-0.299999999999998,-12.4806170212766));
#6108=CARTESIAN_POINT('',(-2.15,-0.3,1.49423895872254));
#6109=CARTESIAN_POINT('',(-1.35,-0.3,1.49423895872254));
#6110=CARTESIAN_POINT('',(-1.35,-0.3,1.49423895872254));
#6111=CARTESIAN_POINT('',(-1.35,-0.299999999999998,-12.4806170212766));
#6112=CARTESIAN_POINT('',(-1.35,-1.1,-12.4806170212766));
#6113=CARTESIAN_POINT('',(-1.35,-1.1,1.49423895872254));
#6114=CARTESIAN_POINT('',(-1.35,-1.1,1.49423895872254));
#6115=CARTESIAN_POINT('',(-1.35,-1.1,-12.4806170212766));
#6116=CARTESIAN_POINT('',(-2.15,-1.1,-12.4806170212766));
#6117=CARTESIAN_POINT('',(-2.15,-1.1,1.49423895872254));
#6118=CARTESIAN_POINT('',(-2.15,-1.1,1.49423895872254));
#6119=CARTESIAN_POINT('',(-2.15,-1.1,-12.4806170212766));
#6120=CARTESIAN_POINT('',(-1.35,-1.1,-12.4806170212766));
#6121=CARTESIAN_POINT('',(-1.61666666666667,-0.833333333333331,-12.7472836879433));
#6122=CARTESIAN_POINT('',(-2.15,-1.1,-12.4806170212766));
#6123=CARTESIAN_POINT('',(-2.15,-1.1,-12.4806170212766));
#6124=CARTESIAN_POINT('',(-1.88333333333333,-0.566666666666665,-12.7472836879433));
#6125=CARTESIAN_POINT('',(-1.35,-0.299999999999998,-12.4806170212766));
#6126=CARTESIAN_POINT('',(-1.61666666666667,-0.566666666666665,-12.7472836879433));
#6127=CARTESIAN_POINT('',(-2.15,-0.299999999999998,-12.4806170212766));
#6128=MECHANICAL_DESIGN_GEOMETRIC_PRESENTATION_REPRESENTATION('',(#2968,
#2969,#2970,#2971,#2972,#2973,#2974,#2975,#2976,#2977,#2978,#2979,#2980,
#2981,#2982,#2983,#2984,#2985,#2986,#2987,#2988,#2989,#2990,#2991,#2992,
#2993,#2994,#2995,#2996,#2997,#2998,#2999,#3000,#3001,#3002,#3003,#3004,
#3005,#3006,#3007,#3008,#3009,#3010,#3011,#3012,#3013,#3014,#3015,#3016,
#3017,#3018,#3019,#3020,#3021,#3022,#3023,#3024,#3025,#3026,#3027,#3028,
#3029,#3030,#3031,#3032,#3033,#3034,#3035,#3036,#3037,#3038,#3039,#3040,
#3041,#3042,#3043,#3044,#3045,#3046,#3047,#3048,#3049,#3050,#3051,#3052,
#3053,#3054,#3055,#3056,#3057,#3058,#3059,#3060,#3061,#3062,#3063,#3064,
#3065,#3066,#3067,#3068,#3069,#3070,#3071,#3072,#3073,#3074,#3075,#3076,
#3077,#3078,#3079,#3080,#3081,#3082,#3083,#3084,#3085,#3086,#3087,#3088,
#3089,#3090,#3091,#3092,#3093,#3094,#3095,#3096,#3097,#3098,#3099,#3100,
#3101,#3102,#3103,#3104,#3105,#3106,#3107,#3108,#3109,#3110,#3111,#3112,
#3113,#3114,#3115,#3116,#3117,#3118,#3119,#3120,#3121,#3122,#3123,#3124,
#3125,#3126,#3127,#3128,#3129),#6129);
#6129=(
GEOMETRIC_REPRESENTATION_CONTEXT(3)
GLOBAL_UNCERTAINTY_ASSIGNED_CONTEXT((#6130))
GLOBAL_UNIT_ASSIGNED_CONTEXT((#6133,#6132,#6131))
REPRESENTATION_CONTEXT('OQ0212500000G','TOP_LEVEL_ASSEMBLY_PART')
);
#6130=UNCERTAINTY_MEASURE_WITH_UNIT(LENGTH_MEASURE(0.005),#6133,
'DISTANCE_ACCURACY_VALUE','Maximum Tolerance applied to model');
#6131=(
NAMED_UNIT(*)
SI_UNIT($,.STERADIAN.)
SOLID_ANGLE_UNIT()
);
#6132=(
NAMED_UNIT(*)
PLANE_ANGLE_UNIT()
SI_UNIT($,.RADIAN.)
);
#6133=(
LENGTH_UNIT()
NAMED_UNIT(*)
SI_UNIT(.MILLI.,.METRE.)
);
#6134=PRODUCT_DEFINITION_SHAPE('','',#6135);
#6135=PRODUCT_DEFINITION('','',#6137,#6136);
#6136=PRODUCT_DEFINITION_CONTEXT('',#6143,'design');
#6137=PRODUCT_DEFINITION_FORMATION_WITH_SPECIFIED_SOURCE('','',#6139,
 .NOT_KNOWN.);
#6138=PRODUCT_RELATED_PRODUCT_CATEGORY('','',(#6139));
#6139=PRODUCT('OQ0212500000G','OQ0212500000G','OQ0212500000G',(#6141));
#6140=PRODUCT_CATEGORY('','');
#6141=PRODUCT_CONTEXT('',#6143,'mechanical');
#6142=APPLICATION_PROTOCOL_DEFINITION('international standard',
'automotive_design',2010,#6143);
#6143=APPLICATION_CONTEXT(
'core data for automotive mechanical design processes');
ENDSEC;
END-ISO-10303-21;
