ISO-10303-21;
HEADER;
/* Generated by software containing ST-Developer
 * from STEP Tools, Inc. (www.steptools.com) 
 */

FILE_DESCRIPTION(
/* description */ (''),
/* implementation_level */ '2;1');

FILE_NAME(
/* name */ 'PG-TSDS0-14.stp',
/* time_stamp */ '2024-12-19T14:07:55+01:00',
/* author */ ('Alex'),
/* organization */ (''),
/* preprocessor_version */ 'ST-DEVELOPER v20',
/* originating_system */ 'Autodesk Inventor 2025',
/* authorisation */ '');

FILE_SCHEMA (('AUTOMOTIVE_DESIGN { 1 0 10303 214 3 1 1 }'));
ENDSEC;

DATA;
#10=MECHANICAL_DESIGN_GEOMETRIC_PRESENTATION_REPRESENTATION('',(#97,#98,
#99,#100,#101,#102,#103,#104,#105,#106,#107,#108,#109,#110,#111,#112),#3922);
#11=SHAPE_REPRESENTATION_RELATIONSHIP('SRR','None',#3929,#12);
#12=ADVANCED_BREP_SHAPE_REPRESENTATION('',(#113,#114,#115,#116,#117,#118,
#119,#120,#121,#122,#123,#124,#125,#126,#127,#128),#3921);
#13=B_SPLINE_SURFACE_WITH_KNOTS('',4,1,((#2681,#2682),(#2683,#2684),(#2685,
#2686),(#2687,#2688),(#2689,#2690),(#2691,#2692),(#2693,#2694),(#2695,#2696)),
 .UNSPECIFIED.,.F.,.F.,.F.,(5,1,1,1,5),(2,2),(1.,2.,3.,4.,5.),(-0.0125,
0.0125),.UNSPECIFIED.);
#14=B_SPLINE_SURFACE_WITH_KNOTS('',4,1,((#2711,#2712),(#2713,#2714),(#2715,
#2716),(#2717,#2718),(#2719,#2720),(#2721,#2722),(#2723,#2724)),
 .UNSPECIFIED.,.F.,.F.,.F.,(5,1,1,5),(2,2),(1.,2.,3.,4.),(-0.0125,0.0125),
 .UNSPECIFIED.);
#15=B_SPLINE_SURFACE_WITH_KNOTS('',4,1,((#2761,#2762),(#2763,#2764),(#2765,
#2766),(#2767,#2768),(#2769,#2770),(#2771,#2772),(#2773,#2774),(#2775,#2776)),
 .UNSPECIFIED.,.F.,.F.,.F.,(5,1,1,1,5),(2,2),(1.,2.,3.,4.,5.),(-0.0125,
0.0125),.UNSPECIFIED.);
#16=B_SPLINE_SURFACE_WITH_KNOTS('',4,1,((#2791,#2792),(#2793,#2794),(#2795,
#2796),(#2797,#2798),(#2799,#2800),(#2801,#2802),(#2803,#2804)),
 .UNSPECIFIED.,.F.,.F.,.F.,(5,1,1,5),(2,2),(1.,2.,3.,4.),(-0.0125,0.0125),
 .UNSPECIFIED.);
#17=B_SPLINE_SURFACE_WITH_KNOTS('',4,1,((#2841,#2842),(#2843,#2844),(#2845,
#2846),(#2847,#2848),(#2849,#2850),(#2851,#2852),(#2853,#2854),(#2855,#2856)),
 .UNSPECIFIED.,.F.,.F.,.F.,(5,1,1,1,5),(2,2),(1.,2.,3.,4.,5.),(-0.0125,
0.0125),.UNSPECIFIED.);
#18=B_SPLINE_SURFACE_WITH_KNOTS('',4,1,((#2871,#2872),(#2873,#2874),(#2875,
#2876),(#2877,#2878),(#2879,#2880),(#2881,#2882),(#2883,#2884)),
 .UNSPECIFIED.,.F.,.F.,.F.,(5,1,1,5),(2,2),(1.,2.,3.,4.),(-0.0125,0.0125),
 .UNSPECIFIED.);
#19=B_SPLINE_SURFACE_WITH_KNOTS('',4,1,((#2921,#2922),(#2923,#2924),(#2925,
#2926),(#2927,#2928),(#2929,#2930),(#2931,#2932),(#2933,#2934),(#2935,#2936)),
 .UNSPECIFIED.,.F.,.F.,.F.,(5,1,1,1,5),(2,2),(1.,2.,3.,4.,5.),(-0.0125,
0.0125),.UNSPECIFIED.);
#20=B_SPLINE_SURFACE_WITH_KNOTS('',4,1,((#2951,#2952),(#2953,#2954),(#2955,
#2956),(#2957,#2958),(#2959,#2960),(#2961,#2962),(#2963,#2964)),
 .UNSPECIFIED.,.F.,.F.,.F.,(5,1,1,5),(2,2),(1.,2.,3.,4.),(-0.0125,0.0125),
 .UNSPECIFIED.);
#21=B_SPLINE_SURFACE_WITH_KNOTS('',4,1,((#3001,#3002),(#3003,#3004),(#3005,
#3006),(#3007,#3008),(#3009,#3010),(#3011,#3012),(#3013,#3014),(#3015,#3016)),
 .UNSPECIFIED.,.F.,.F.,.F.,(5,1,1,1,5),(2,2),(1.,2.,3.,4.,5.),(-0.0125,
0.0125),.UNSPECIFIED.);
#22=B_SPLINE_SURFACE_WITH_KNOTS('',4,1,((#3031,#3032),(#3033,#3034),(#3035,
#3036),(#3037,#3038),(#3039,#3040),(#3041,#3042),(#3043,#3044)),
 .UNSPECIFIED.,.F.,.F.,.F.,(5,1,1,5),(2,2),(1.,2.,3.,4.),(-0.0125,0.0125),
 .UNSPECIFIED.);
#23=B_SPLINE_SURFACE_WITH_KNOTS('',4,1,((#3081,#3082),(#3083,#3084),(#3085,
#3086),(#3087,#3088),(#3089,#3090),(#3091,#3092),(#3093,#3094),(#3095,#3096)),
 .UNSPECIFIED.,.F.,.F.,.F.,(5,1,1,1,5),(2,2),(1.,2.,3.,4.,5.),(-0.0125,
0.0125),.UNSPECIFIED.);
#24=B_SPLINE_SURFACE_WITH_KNOTS('',4,1,((#3111,#3112),(#3113,#3114),(#3115,
#3116),(#3117,#3118),(#3119,#3120),(#3121,#3122),(#3123,#3124)),
 .UNSPECIFIED.,.F.,.F.,.F.,(5,1,1,5),(2,2),(1.,2.,3.,4.),(-0.0125,0.0125),
 .UNSPECIFIED.);
#25=B_SPLINE_SURFACE_WITH_KNOTS('',4,1,((#3161,#3162),(#3163,#3164),(#3165,
#3166),(#3167,#3168),(#3169,#3170),(#3171,#3172),(#3173,#3174),(#3175,#3176)),
 .UNSPECIFIED.,.F.,.F.,.F.,(5,1,1,1,5),(2,2),(1.,2.,3.,4.,5.),(-0.0125,
0.0125),.UNSPECIFIED.);
#26=B_SPLINE_SURFACE_WITH_KNOTS('',4,1,((#3191,#3192),(#3193,#3194),(#3195,
#3196),(#3197,#3198),(#3199,#3200),(#3201,#3202),(#3203,#3204)),
 .UNSPECIFIED.,.F.,.F.,.F.,(5,1,1,5),(2,2),(1.,2.,3.,4.),(-0.0125,0.0125),
 .UNSPECIFIED.);
#27=B_SPLINE_SURFACE_WITH_KNOTS('',4,1,((#3241,#3242),(#3243,#3244),(#3245,
#3246),(#3247,#3248),(#3249,#3250),(#3251,#3252),(#3253,#3254),(#3255,#3256)),
 .UNSPECIFIED.,.F.,.F.,.F.,(5,1,1,1,5),(2,2),(1.,2.,3.,4.,5.),(-0.0125,
0.0125),.UNSPECIFIED.);
#28=B_SPLINE_SURFACE_WITH_KNOTS('',4,1,((#3271,#3272),(#3273,#3274),(#3275,
#3276),(#3277,#3278),(#3279,#3280),(#3281,#3282),(#3283,#3284)),
 .UNSPECIFIED.,.F.,.F.,.F.,(5,1,1,5),(2,2),(1.,2.,3.,4.),(-0.0125,0.0125),
 .UNSPECIFIED.);
#29=B_SPLINE_SURFACE_WITH_KNOTS('',4,1,((#3321,#3322),(#3323,#3324),(#3325,
#3326),(#3327,#3328),(#3329,#3330),(#3331,#3332),(#3333,#3334),(#3335,#3336)),
 .UNSPECIFIED.,.F.,.F.,.F.,(5,1,1,1,5),(2,2),(1.,2.,3.,4.,5.),(-0.0125,
0.0125),.UNSPECIFIED.);
#30=B_SPLINE_SURFACE_WITH_KNOTS('',4,1,((#3351,#3352),(#3353,#3354),(#3355,
#3356),(#3357,#3358),(#3359,#3360),(#3361,#3362),(#3363,#3364)),
 .UNSPECIFIED.,.F.,.F.,.F.,(5,1,1,5),(2,2),(1.,2.,3.,4.),(-0.0125,0.0125),
 .UNSPECIFIED.);
#31=B_SPLINE_SURFACE_WITH_KNOTS('',4,1,((#3401,#3402),(#3403,#3404),(#3405,
#3406),(#3407,#3408),(#3409,#3410),(#3411,#3412),(#3413,#3414),(#3415,#3416)),
 .UNSPECIFIED.,.F.,.F.,.F.,(5,1,1,1,5),(2,2),(1.,2.,3.,4.,5.),(-0.0125,
0.0125),.UNSPECIFIED.);
#32=B_SPLINE_SURFACE_WITH_KNOTS('',4,1,((#3431,#3432),(#3433,#3434),(#3435,
#3436),(#3437,#3438),(#3439,#3440),(#3441,#3442),(#3443,#3444)),
 .UNSPECIFIED.,.F.,.F.,.F.,(5,1,1,5),(2,2),(1.,2.,3.,4.),(-0.0125,0.0125),
 .UNSPECIFIED.);
#33=B_SPLINE_SURFACE_WITH_KNOTS('',4,1,((#3481,#3482),(#3483,#3484),(#3485,
#3486),(#3487,#3488),(#3489,#3490),(#3491,#3492),(#3493,#3494),(#3495,#3496)),
 .UNSPECIFIED.,.F.,.F.,.F.,(5,1,1,1,5),(2,2),(1.,2.,3.,4.,5.),(-0.0125,
0.0125),.UNSPECIFIED.);
#34=B_SPLINE_SURFACE_WITH_KNOTS('',4,1,((#3511,#3512),(#3513,#3514),(#3515,
#3516),(#3517,#3518),(#3519,#3520),(#3521,#3522),(#3523,#3524)),
 .UNSPECIFIED.,.F.,.F.,.F.,(5,1,1,5),(2,2),(1.,2.,3.,4.),(-0.0125,0.0125),
 .UNSPECIFIED.);
#35=B_SPLINE_SURFACE_WITH_KNOTS('',4,1,((#3561,#3562),(#3563,#3564),(#3565,
#3566),(#3567,#3568),(#3569,#3570),(#3571,#3572),(#3573,#3574),(#3575,#3576)),
 .UNSPECIFIED.,.F.,.F.,.F.,(5,1,1,1,5),(2,2),(1.,2.,3.,4.,5.),(-0.0125,
0.0125),.UNSPECIFIED.);
#36=B_SPLINE_SURFACE_WITH_KNOTS('',4,1,((#3591,#3592),(#3593,#3594),(#3595,
#3596),(#3597,#3598),(#3599,#3600),(#3601,#3602),(#3603,#3604)),
 .UNSPECIFIED.,.F.,.F.,.F.,(5,1,1,5),(2,2),(1.,2.,3.,4.),(-0.0125,0.0125),
 .UNSPECIFIED.);
#37=B_SPLINE_SURFACE_WITH_KNOTS('',4,1,((#3641,#3642),(#3643,#3644),(#3645,
#3646),(#3647,#3648),(#3649,#3650),(#3651,#3652),(#3653,#3654),(#3655,#3656)),
 .UNSPECIFIED.,.F.,.F.,.F.,(5,1,1,1,5),(2,2),(1.,2.,3.,4.,5.),(-0.0125,
0.0125),.UNSPECIFIED.);
#38=B_SPLINE_SURFACE_WITH_KNOTS('',4,1,((#3671,#3672),(#3673,#3674),(#3675,
#3676),(#3677,#3678),(#3679,#3680),(#3681,#3682),(#3683,#3684)),
 .UNSPECIFIED.,.F.,.F.,.F.,(5,1,1,5),(2,2),(1.,2.,3.,4.),(-0.0125,0.0125),
 .UNSPECIFIED.);
#39=B_SPLINE_SURFACE_WITH_KNOTS('',4,1,((#3721,#3722),(#3723,#3724),(#3725,
#3726),(#3727,#3728),(#3729,#3730),(#3731,#3732),(#3733,#3734),(#3735,#3736)),
 .UNSPECIFIED.,.F.,.F.,.F.,(5,1,1,1,5),(2,2),(1.,2.,3.,4.,5.),(-0.0125,
0.0125),.UNSPECIFIED.);
#40=B_SPLINE_SURFACE_WITH_KNOTS('',4,1,((#3751,#3752),(#3753,#3754),(#3755,
#3756),(#3757,#3758),(#3759,#3760),(#3761,#3762),(#3763,#3764)),
 .UNSPECIFIED.,.F.,.F.,.F.,(5,1,1,5),(2,2),(1.,2.,3.,4.),(-0.0125,0.0125),
 .UNSPECIFIED.);
#41=B_SPLINE_CURVE_WITH_KNOTS('',4,(#2656,#2657,#2658,#2659,#2660,#2661,
#2662),.UNSPECIFIED.,.F.,.F.,(5,1,1,5),(-4.,-3.,-2.,-1.),.UNSPECIFIED.);
#42=B_SPLINE_CURVE_WITH_KNOTS('',4,(#2666,#2667,#2668,#2669,#2670,#2671,
#2672,#2673),.UNSPECIFIED.,.F.,.F.,(5,1,1,1,5),(-5.,-4.,-3.,-2.,-1.),
 .UNSPECIFIED.);
#43=B_SPLINE_CURVE_WITH_KNOTS('',4,(#2699,#2700,#2701,#2702,#2703,#2704,
#2705,#2706),.UNSPECIFIED.,.F.,.F.,(5,1,1,1,5),(1.,2.,3.,4.,5.),
 .UNSPECIFIED.);
#44=B_SPLINE_CURVE_WITH_KNOTS('',4,(#2725,#2726,#2727,#2728,#2729,#2730,
#2731),.UNSPECIFIED.,.F.,.F.,(5,1,1,5),(1.,2.,3.,4.),.UNSPECIFIED.);
#45=B_SPLINE_CURVE_WITH_KNOTS('',4,(#2736,#2737,#2738,#2739,#2740,#2741,
#2742),.UNSPECIFIED.,.F.,.F.,(5,1,1,5),(-4.,-3.,-2.,-1.),.UNSPECIFIED.);
#46=B_SPLINE_CURVE_WITH_KNOTS('',4,(#2746,#2747,#2748,#2749,#2750,#2751,
#2752,#2753),.UNSPECIFIED.,.F.,.F.,(5,1,1,1,5),(-5.,-4.,-3.,-2.,-1.),
 .UNSPECIFIED.);
#47=B_SPLINE_CURVE_WITH_KNOTS('',4,(#2779,#2780,#2781,#2782,#2783,#2784,
#2785,#2786),.UNSPECIFIED.,.F.,.F.,(5,1,1,1,5),(1.,2.,3.,4.,5.),
 .UNSPECIFIED.);
#48=B_SPLINE_CURVE_WITH_KNOTS('',4,(#2805,#2806,#2807,#2808,#2809,#2810,
#2811),.UNSPECIFIED.,.F.,.F.,(5,1,1,5),(1.,2.,3.,4.),.UNSPECIFIED.);
#49=B_SPLINE_CURVE_WITH_KNOTS('',4,(#2816,#2817,#2818,#2819,#2820,#2821,
#2822),.UNSPECIFIED.,.F.,.F.,(5,1,1,5),(-4.,-3.,-2.,-1.),.UNSPECIFIED.);
#50=B_SPLINE_CURVE_WITH_KNOTS('',4,(#2826,#2827,#2828,#2829,#2830,#2831,
#2832,#2833),.UNSPECIFIED.,.F.,.F.,(5,1,1,1,5),(-5.,-4.,-3.,-2.,-1.),
 .UNSPECIFIED.);
#51=B_SPLINE_CURVE_WITH_KNOTS('',4,(#2858,#2859,#2860,#2861,#2862,#2863,
#2864,#2865),.UNSPECIFIED.,.F.,.F.,(5,1,1,1,5),(1.,2.,3.,4.,5.),
 .UNSPECIFIED.);
#52=B_SPLINE_CURVE_WITH_KNOTS('',4,(#2885,#2886,#2887,#2888,#2889,#2890,
#2891),.UNSPECIFIED.,.F.,.F.,(5,1,1,5),(1.,2.,3.,4.),.UNSPECIFIED.);
#53=B_SPLINE_CURVE_WITH_KNOTS('',4,(#2896,#2897,#2898,#2899,#2900,#2901,
#2902),.UNSPECIFIED.,.F.,.F.,(5,1,1,5),(-4.,-3.,-2.,-1.),.UNSPECIFIED.);
#54=B_SPLINE_CURVE_WITH_KNOTS('',4,(#2906,#2907,#2908,#2909,#2910,#2911,
#2912,#2913),.UNSPECIFIED.,.F.,.F.,(5,1,1,1,5),(-5.,-4.,-3.,-2.,-1.),
 .UNSPECIFIED.);
#55=B_SPLINE_CURVE_WITH_KNOTS('',4,(#2938,#2939,#2940,#2941,#2942,#2943,
#2944,#2945),.UNSPECIFIED.,.F.,.F.,(5,1,1,1,5),(1.,2.,3.,4.,5.),
 .UNSPECIFIED.);
#56=B_SPLINE_CURVE_WITH_KNOTS('',4,(#2965,#2966,#2967,#2968,#2969,#2970,
#2971),.UNSPECIFIED.,.F.,.F.,(5,1,1,5),(1.,2.,3.,4.),.UNSPECIFIED.);
#57=B_SPLINE_CURVE_WITH_KNOTS('',4,(#2976,#2977,#2978,#2979,#2980,#2981,
#2982),.UNSPECIFIED.,.F.,.F.,(5,1,1,5),(-4.,-3.,-2.,-1.),.UNSPECIFIED.);
#58=B_SPLINE_CURVE_WITH_KNOTS('',4,(#2986,#2987,#2988,#2989,#2990,#2991,
#2992,#2993),.UNSPECIFIED.,.F.,.F.,(5,1,1,1,5),(-5.,-4.,-3.,-2.,-1.),
 .UNSPECIFIED.);
#59=B_SPLINE_CURVE_WITH_KNOTS('',4,(#3018,#3019,#3020,#3021,#3022,#3023,
#3024,#3025),.UNSPECIFIED.,.F.,.F.,(5,1,1,1,5),(1.,2.,3.,4.,5.),
 .UNSPECIFIED.);
#60=B_SPLINE_CURVE_WITH_KNOTS('',4,(#3045,#3046,#3047,#3048,#3049,#3050,
#3051),.UNSPECIFIED.,.F.,.F.,(5,1,1,5),(1.,2.,3.,4.),.UNSPECIFIED.);
#61=B_SPLINE_CURVE_WITH_KNOTS('',4,(#3056,#3057,#3058,#3059,#3060,#3061,
#3062),.UNSPECIFIED.,.F.,.F.,(5,1,1,5),(-4.,-3.,-2.,-1.),.UNSPECIFIED.);
#62=B_SPLINE_CURVE_WITH_KNOTS('',4,(#3066,#3067,#3068,#3069,#3070,#3071,
#3072,#3073),.UNSPECIFIED.,.F.,.F.,(5,1,1,1,5),(-5.,-4.,-3.,-2.,-1.),
 .UNSPECIFIED.);
#63=B_SPLINE_CURVE_WITH_KNOTS('',4,(#3098,#3099,#3100,#3101,#3102,#3103,
#3104,#3105),.UNSPECIFIED.,.F.,.F.,(5,1,1,1,5),(1.,2.,3.,4.,5.),
 .UNSPECIFIED.);
#64=B_SPLINE_CURVE_WITH_KNOTS('',4,(#3125,#3126,#3127,#3128,#3129,#3130,
#3131),.UNSPECIFIED.,.F.,.F.,(5,1,1,5),(1.,2.,3.,4.),.UNSPECIFIED.);
#65=B_SPLINE_CURVE_WITH_KNOTS('',4,(#3136,#3137,#3138,#3139,#3140,#3141,
#3142),.UNSPECIFIED.,.F.,.F.,(5,1,1,5),(-4.,-3.,-2.,-1.),.UNSPECIFIED.);
#66=B_SPLINE_CURVE_WITH_KNOTS('',4,(#3146,#3147,#3148,#3149,#3150,#3151,
#3152,#3153),.UNSPECIFIED.,.F.,.F.,(5,1,1,1,5),(-5.,-4.,-3.,-2.,-1.),
 .UNSPECIFIED.);
#67=B_SPLINE_CURVE_WITH_KNOTS('',4,(#3178,#3179,#3180,#3181,#3182,#3183,
#3184,#3185),.UNSPECIFIED.,.F.,.F.,(5,1,1,1,5),(1.,2.,3.,4.,5.),
 .UNSPECIFIED.);
#68=B_SPLINE_CURVE_WITH_KNOTS('',4,(#3205,#3206,#3207,#3208,#3209,#3210,
#3211),.UNSPECIFIED.,.F.,.F.,(5,1,1,5),(1.,2.,3.,4.),.UNSPECIFIED.);
#69=B_SPLINE_CURVE_WITH_KNOTS('',4,(#3216,#3217,#3218,#3219,#3220,#3221,
#3222),.UNSPECIFIED.,.F.,.F.,(5,1,1,5),(-4.,-3.,-2.,-1.),.UNSPECIFIED.);
#70=B_SPLINE_CURVE_WITH_KNOTS('',4,(#3226,#3227,#3228,#3229,#3230,#3231,
#3232,#3233),.UNSPECIFIED.,.F.,.F.,(5,1,1,1,5),(-5.,-4.,-3.,-2.,-1.),
 .UNSPECIFIED.);
#71=B_SPLINE_CURVE_WITH_KNOTS('',4,(#3258,#3259,#3260,#3261,#3262,#3263,
#3264,#3265),.UNSPECIFIED.,.F.,.F.,(5,1,1,1,5),(1.,2.,3.,4.,5.),
 .UNSPECIFIED.);
#72=B_SPLINE_CURVE_WITH_KNOTS('',4,(#3285,#3286,#3287,#3288,#3289,#3290,
#3291),.UNSPECIFIED.,.F.,.F.,(5,1,1,5),(1.,2.,3.,4.),.UNSPECIFIED.);
#73=B_SPLINE_CURVE_WITH_KNOTS('',4,(#3296,#3297,#3298,#3299,#3300,#3301,
#3302),.UNSPECIFIED.,.F.,.F.,(5,1,1,5),(-4.,-3.,-2.,-1.),.UNSPECIFIED.);
#74=B_SPLINE_CURVE_WITH_KNOTS('',4,(#3306,#3307,#3308,#3309,#3310,#3311,
#3312,#3313),.UNSPECIFIED.,.F.,.F.,(5,1,1,1,5),(-5.,-4.,-3.,-2.,-1.),
 .UNSPECIFIED.);
#75=B_SPLINE_CURVE_WITH_KNOTS('',4,(#3338,#3339,#3340,#3341,#3342,#3343,
#3344,#3345),.UNSPECIFIED.,.F.,.F.,(5,1,1,1,5),(1.,2.,3.,4.,5.),
 .UNSPECIFIED.);
#76=B_SPLINE_CURVE_WITH_KNOTS('',4,(#3365,#3366,#3367,#3368,#3369,#3370,
#3371),.UNSPECIFIED.,.F.,.F.,(5,1,1,5),(1.,2.,3.,4.),.UNSPECIFIED.);
#77=B_SPLINE_CURVE_WITH_KNOTS('',4,(#3376,#3377,#3378,#3379,#3380,#3381,
#3382),.UNSPECIFIED.,.F.,.F.,(5,1,1,5),(-4.,-3.,-2.,-1.),.UNSPECIFIED.);
#78=B_SPLINE_CURVE_WITH_KNOTS('',4,(#3386,#3387,#3388,#3389,#3390,#3391,
#3392,#3393),.UNSPECIFIED.,.F.,.F.,(5,1,1,1,5),(-5.,-4.,-3.,-2.,-1.),
 .UNSPECIFIED.);
#79=B_SPLINE_CURVE_WITH_KNOTS('',4,(#3419,#3420,#3421,#3422,#3423,#3424,
#3425,#3426),.UNSPECIFIED.,.F.,.F.,(5,1,1,1,5),(1.,2.,3.,4.,5.),
 .UNSPECIFIED.);
#80=B_SPLINE_CURVE_WITH_KNOTS('',4,(#3445,#3446,#3447,#3448,#3449,#3450,
#3451),.UNSPECIFIED.,.F.,.F.,(5,1,1,5),(1.,2.,3.,4.),.UNSPECIFIED.);
#81=B_SPLINE_CURVE_WITH_KNOTS('',4,(#3456,#3457,#3458,#3459,#3460,#3461,
#3462),.UNSPECIFIED.,.F.,.F.,(5,1,1,5),(-4.,-3.,-2.,-1.),.UNSPECIFIED.);
#82=B_SPLINE_CURVE_WITH_KNOTS('',4,(#3466,#3467,#3468,#3469,#3470,#3471,
#3472,#3473),.UNSPECIFIED.,.F.,.F.,(5,1,1,1,5),(-5.,-4.,-3.,-2.,-1.),
 .UNSPECIFIED.);
#83=B_SPLINE_CURVE_WITH_KNOTS('',4,(#3499,#3500,#3501,#3502,#3503,#3504,
#3505,#3506),.UNSPECIFIED.,.F.,.F.,(5,1,1,1,5),(1.,2.,3.,4.,5.),
 .UNSPECIFIED.);
#84=B_SPLINE_CURVE_WITH_KNOTS('',4,(#3525,#3526,#3527,#3528,#3529,#3530,
#3531),.UNSPECIFIED.,.F.,.F.,(5,1,1,5),(1.,2.,3.,4.),.UNSPECIFIED.);
#85=B_SPLINE_CURVE_WITH_KNOTS('',4,(#3536,#3537,#3538,#3539,#3540,#3541,
#3542),.UNSPECIFIED.,.F.,.F.,(5,1,1,5),(-4.,-3.,-2.,-1.),.UNSPECIFIED.);
#86=B_SPLINE_CURVE_WITH_KNOTS('',4,(#3546,#3547,#3548,#3549,#3550,#3551,
#3552,#3553),.UNSPECIFIED.,.F.,.F.,(5,1,1,1,5),(-5.,-4.,-3.,-2.,-1.),
 .UNSPECIFIED.);
#87=B_SPLINE_CURVE_WITH_KNOTS('',4,(#3579,#3580,#3581,#3582,#3583,#3584,
#3585,#3586),.UNSPECIFIED.,.F.,.F.,(5,1,1,1,5),(1.,2.,3.,4.,5.),
 .UNSPECIFIED.);
#88=B_SPLINE_CURVE_WITH_KNOTS('',4,(#3605,#3606,#3607,#3608,#3609,#3610,
#3611),.UNSPECIFIED.,.F.,.F.,(5,1,1,5),(1.,2.,3.,4.),.UNSPECIFIED.);
#89=B_SPLINE_CURVE_WITH_KNOTS('',4,(#3616,#3617,#3618,#3619,#3620,#3621,
#3622),.UNSPECIFIED.,.F.,.F.,(5,1,1,5),(-4.,-3.,-2.,-1.),.UNSPECIFIED.);
#90=B_SPLINE_CURVE_WITH_KNOTS('',4,(#3626,#3627,#3628,#3629,#3630,#3631,
#3632,#3633),.UNSPECIFIED.,.F.,.F.,(5,1,1,1,5),(-5.,-4.,-3.,-2.,-1.),
 .UNSPECIFIED.);
#91=B_SPLINE_CURVE_WITH_KNOTS('',4,(#3659,#3660,#3661,#3662,#3663,#3664,
#3665,#3666),.UNSPECIFIED.,.F.,.F.,(5,1,1,1,5),(1.,2.,3.,4.,5.),
 .UNSPECIFIED.);
#92=B_SPLINE_CURVE_WITH_KNOTS('',4,(#3685,#3686,#3687,#3688,#3689,#3690,
#3691),.UNSPECIFIED.,.F.,.F.,(5,1,1,5),(1.,2.,3.,4.),.UNSPECIFIED.);
#93=B_SPLINE_CURVE_WITH_KNOTS('',4,(#3696,#3697,#3698,#3699,#3700,#3701,
#3702),.UNSPECIFIED.,.F.,.F.,(5,1,1,5),(-4.,-3.,-2.,-1.),.UNSPECIFIED.);
#94=B_SPLINE_CURVE_WITH_KNOTS('',4,(#3706,#3707,#3708,#3709,#3710,#3711,
#3712,#3713),.UNSPECIFIED.,.F.,.F.,(5,1,1,1,5),(-5.,-4.,-3.,-2.,-1.),
 .UNSPECIFIED.);
#95=B_SPLINE_CURVE_WITH_KNOTS('',4,(#3739,#3740,#3741,#3742,#3743,#3744,
#3745,#3746),.UNSPECIFIED.,.F.,.F.,(5,1,1,1,5),(1.,2.,3.,4.,5.),
 .UNSPECIFIED.);
#96=B_SPLINE_CURVE_WITH_KNOTS('',4,(#3765,#3766,#3767,#3768,#3769,#3770,
#3771),.UNSPECIFIED.,.F.,.F.,(5,1,1,5),(1.,2.,3.,4.),.UNSPECIFIED.);
#97=STYLED_ITEM('',(#3939),#113);
#98=STYLED_ITEM('',(#3940),#114);
#99=STYLED_ITEM('',(#3940),#115);
#100=STYLED_ITEM('',(#3940),#116);
#101=STYLED_ITEM('',(#3940),#117);
#102=STYLED_ITEM('',(#3940),#118);
#103=STYLED_ITEM('',(#3940),#119);
#104=STYLED_ITEM('',(#3940),#120);
#105=STYLED_ITEM('',(#3940),#121);
#106=STYLED_ITEM('',(#3940),#122);
#107=STYLED_ITEM('',(#3940),#123);
#108=STYLED_ITEM('',(#3940),#124);
#109=STYLED_ITEM('',(#3940),#125);
#110=STYLED_ITEM('',(#3940),#126);
#111=STYLED_ITEM('',(#3940),#127);
#112=STYLED_ITEM('',(#3938),#128);
#113=MANIFOLD_SOLID_BREP('Solid1',#2018);
#114=MANIFOLD_SOLID_BREP('Solid2',#2019);
#115=MANIFOLD_SOLID_BREP('Solid2',#2020);
#116=MANIFOLD_SOLID_BREP('Solid2',#2021);
#117=MANIFOLD_SOLID_BREP('Solid2',#2022);
#118=MANIFOLD_SOLID_BREP('Solid2',#2023);
#119=MANIFOLD_SOLID_BREP('Solid2',#2024);
#120=MANIFOLD_SOLID_BREP('Solid2',#2025);
#121=MANIFOLD_SOLID_BREP('Solid2',#2026);
#122=MANIFOLD_SOLID_BREP('Solid2',#2027);
#123=MANIFOLD_SOLID_BREP('Solid2',#2028);
#124=MANIFOLD_SOLID_BREP('Solid2',#2029);
#125=MANIFOLD_SOLID_BREP('Solid2',#2030);
#126=MANIFOLD_SOLID_BREP('Solid2',#2031);
#127=MANIFOLD_SOLID_BREP('Solid2',#2032);
#128=MANIFOLD_SOLID_BREP('Solid3',#2033);
#129=FACE_BOUND('',#365,.T.);
#130=PLANE('',#2059);
#131=PLANE('',#2060);
#132=PLANE('',#2061);
#133=PLANE('',#2062);
#134=PLANE('',#2063);
#135=PLANE('',#2064);
#136=PLANE('',#2065);
#137=PLANE('',#2066);
#138=PLANE('',#2067);
#139=PLANE('',#2068);
#140=PLANE('',#2069);
#141=PLANE('',#2070);
#142=PLANE('',#2071);
#143=PLANE('',#2072);
#144=PLANE('',#2073);
#145=PLANE('',#2074);
#146=PLANE('',#2075);
#147=PLANE('',#2076);
#148=PLANE('',#2077);
#149=PLANE('',#2078);
#150=PLANE('',#2079);
#151=PLANE('',#2080);
#152=PLANE('',#2081);
#153=PLANE('',#2082);
#154=PLANE('',#2083);
#155=PLANE('',#2084);
#156=PLANE('',#2085);
#157=PLANE('',#2086);
#158=PLANE('',#2087);
#159=PLANE('',#2088);
#160=PLANE('',#2089);
#161=PLANE('',#2090);
#162=PLANE('',#2091);
#163=PLANE('',#2092);
#164=PLANE('',#2093);
#165=PLANE('',#2094);
#166=PLANE('',#2095);
#167=PLANE('',#2096);
#168=PLANE('',#2097);
#169=PLANE('',#2098);
#170=PLANE('',#2099);
#171=PLANE('',#2100);
#172=PLANE('',#2101);
#173=PLANE('',#2102);
#174=PLANE('',#2103);
#175=PLANE('',#2104);
#176=PLANE('',#2105);
#177=PLANE('',#2106);
#178=PLANE('',#2107);
#179=PLANE('',#2108);
#180=PLANE('',#2109);
#181=PLANE('',#2110);
#182=PLANE('',#2111);
#183=PLANE('',#2112);
#184=PLANE('',#2113);
#185=PLANE('',#2114);
#186=PLANE('',#2115);
#187=PLANE('',#2116);
#188=PLANE('',#2117);
#189=PLANE('',#2118);
#190=PLANE('',#2119);
#191=PLANE('',#2120);
#192=PLANE('',#2121);
#193=PLANE('',#2122);
#194=PLANE('',#2123);
#195=PLANE('',#2124);
#196=PLANE('',#2125);
#197=PLANE('',#2126);
#198=PLANE('',#2127);
#199=PLANE('',#2128);
#200=PLANE('',#2129);
#201=PLANE('',#2130);
#202=PLANE('',#2137);
#203=PLANE('',#2138);
#204=PLANE('',#2139);
#205=PLANE('',#2140);
#206=PLANE('',#2141);
#207=PLANE('',#2142);
#208=PLANE('',#2143);
#209=PLANE('',#2144);
#210=PLANE('',#2145);
#211=PLANE('',#2148);
#212=PLANE('',#2151);
#213=PLANE('',#2152);
#214=PLANE('',#2153);
#215=PLANE('',#2154);
#216=PLANE('',#2155);
#217=PLANE('',#2156);
#218=PLANE('',#2157);
#219=PLANE('',#2158);
#220=PLANE('',#2159);
#221=PLANE('',#2162);
#222=PLANE('',#2163);
#223=FACE_OUTER_BOUND('',#349,.T.);
#224=FACE_OUTER_BOUND('',#350,.T.);
#225=FACE_OUTER_BOUND('',#351,.T.);
#226=FACE_OUTER_BOUND('',#352,.T.);
#227=FACE_OUTER_BOUND('',#353,.T.);
#228=FACE_OUTER_BOUND('',#354,.T.);
#229=FACE_OUTER_BOUND('',#355,.T.);
#230=FACE_OUTER_BOUND('',#356,.T.);
#231=FACE_OUTER_BOUND('',#357,.T.);
#232=FACE_OUTER_BOUND('',#358,.T.);
#233=FACE_OUTER_BOUND('',#359,.T.);
#234=FACE_OUTER_BOUND('',#360,.T.);
#235=FACE_OUTER_BOUND('',#361,.T.);
#236=FACE_OUTER_BOUND('',#362,.T.);
#237=FACE_OUTER_BOUND('',#363,.T.);
#238=FACE_OUTER_BOUND('',#364,.T.);
#239=FACE_OUTER_BOUND('',#366,.T.);
#240=FACE_OUTER_BOUND('',#367,.T.);
#241=FACE_OUTER_BOUND('',#368,.T.);
#242=FACE_OUTER_BOUND('',#369,.T.);
#243=FACE_OUTER_BOUND('',#370,.T.);
#244=FACE_OUTER_BOUND('',#371,.T.);
#245=FACE_OUTER_BOUND('',#372,.T.);
#246=FACE_OUTER_BOUND('',#373,.T.);
#247=FACE_OUTER_BOUND('',#374,.T.);
#248=FACE_OUTER_BOUND('',#375,.T.);
#249=FACE_OUTER_BOUND('',#376,.T.);
#250=FACE_OUTER_BOUND('',#377,.T.);
#251=FACE_OUTER_BOUND('',#378,.T.);
#252=FACE_OUTER_BOUND('',#379,.T.);
#253=FACE_OUTER_BOUND('',#380,.T.);
#254=FACE_OUTER_BOUND('',#381,.T.);
#255=FACE_OUTER_BOUND('',#382,.T.);
#256=FACE_OUTER_BOUND('',#383,.T.);
#257=FACE_OUTER_BOUND('',#384,.T.);
#258=FACE_OUTER_BOUND('',#385,.T.);
#259=FACE_OUTER_BOUND('',#386,.T.);
#260=FACE_OUTER_BOUND('',#387,.T.);
#261=FACE_OUTER_BOUND('',#388,.T.);
#262=FACE_OUTER_BOUND('',#389,.T.);
#263=FACE_OUTER_BOUND('',#390,.T.);
#264=FACE_OUTER_BOUND('',#391,.T.);
#265=FACE_OUTER_BOUND('',#392,.T.);
#266=FACE_OUTER_BOUND('',#393,.T.);
#267=FACE_OUTER_BOUND('',#394,.T.);
#268=FACE_OUTER_BOUND('',#395,.T.);
#269=FACE_OUTER_BOUND('',#396,.T.);
#270=FACE_OUTER_BOUND('',#397,.T.);
#271=FACE_OUTER_BOUND('',#398,.T.);
#272=FACE_OUTER_BOUND('',#399,.T.);
#273=FACE_OUTER_BOUND('',#400,.T.);
#274=FACE_OUTER_BOUND('',#401,.T.);
#275=FACE_OUTER_BOUND('',#402,.T.);
#276=FACE_OUTER_BOUND('',#403,.T.);
#277=FACE_OUTER_BOUND('',#404,.T.);
#278=FACE_OUTER_BOUND('',#405,.T.);
#279=FACE_OUTER_BOUND('',#406,.T.);
#280=FACE_OUTER_BOUND('',#407,.T.);
#281=FACE_OUTER_BOUND('',#408,.T.);
#282=FACE_OUTER_BOUND('',#409,.T.);
#283=FACE_OUTER_BOUND('',#410,.T.);
#284=FACE_OUTER_BOUND('',#411,.T.);
#285=FACE_OUTER_BOUND('',#412,.T.);
#286=FACE_OUTER_BOUND('',#413,.T.);
#287=FACE_OUTER_BOUND('',#414,.T.);
#288=FACE_OUTER_BOUND('',#415,.T.);
#289=FACE_OUTER_BOUND('',#416,.T.);
#290=FACE_OUTER_BOUND('',#417,.T.);
#291=FACE_OUTER_BOUND('',#418,.T.);
#292=FACE_OUTER_BOUND('',#419,.T.);
#293=FACE_OUTER_BOUND('',#420,.T.);
#294=FACE_OUTER_BOUND('',#421,.T.);
#295=FACE_OUTER_BOUND('',#422,.T.);
#296=FACE_OUTER_BOUND('',#423,.T.);
#297=FACE_OUTER_BOUND('',#424,.T.);
#298=FACE_OUTER_BOUND('',#425,.T.);
#299=FACE_OUTER_BOUND('',#426,.T.);
#300=FACE_OUTER_BOUND('',#427,.T.);
#301=FACE_OUTER_BOUND('',#428,.T.);
#302=FACE_OUTER_BOUND('',#429,.T.);
#303=FACE_OUTER_BOUND('',#430,.T.);
#304=FACE_OUTER_BOUND('',#431,.T.);
#305=FACE_OUTER_BOUND('',#432,.T.);
#306=FACE_OUTER_BOUND('',#433,.T.);
#307=FACE_OUTER_BOUND('',#434,.T.);
#308=FACE_OUTER_BOUND('',#435,.T.);
#309=FACE_OUTER_BOUND('',#436,.T.);
#310=FACE_OUTER_BOUND('',#437,.T.);
#311=FACE_OUTER_BOUND('',#438,.T.);
#312=FACE_OUTER_BOUND('',#439,.T.);
#313=FACE_OUTER_BOUND('',#440,.T.);
#314=FACE_OUTER_BOUND('',#441,.T.);
#315=FACE_OUTER_BOUND('',#442,.T.);
#316=FACE_OUTER_BOUND('',#443,.T.);
#317=FACE_OUTER_BOUND('',#444,.T.);
#318=FACE_OUTER_BOUND('',#445,.T.);
#319=FACE_OUTER_BOUND('',#446,.T.);
#320=FACE_OUTER_BOUND('',#447,.T.);
#321=FACE_OUTER_BOUND('',#448,.T.);
#322=FACE_OUTER_BOUND('',#449,.T.);
#323=FACE_OUTER_BOUND('',#450,.T.);
#324=FACE_OUTER_BOUND('',#451,.T.);
#325=FACE_OUTER_BOUND('',#452,.T.);
#326=FACE_OUTER_BOUND('',#453,.T.);
#327=FACE_OUTER_BOUND('',#454,.T.);
#328=FACE_OUTER_BOUND('',#455,.T.);
#329=FACE_OUTER_BOUND('',#456,.T.);
#330=FACE_OUTER_BOUND('',#457,.T.);
#331=FACE_OUTER_BOUND('',#458,.T.);
#332=FACE_OUTER_BOUND('',#459,.T.);
#333=FACE_OUTER_BOUND('',#460,.T.);
#334=FACE_OUTER_BOUND('',#461,.T.);
#335=FACE_OUTER_BOUND('',#462,.T.);
#336=FACE_OUTER_BOUND('',#463,.T.);
#337=FACE_OUTER_BOUND('',#464,.T.);
#338=FACE_OUTER_BOUND('',#465,.T.);
#339=FACE_OUTER_BOUND('',#466,.T.);
#340=FACE_OUTER_BOUND('',#467,.T.);
#341=FACE_OUTER_BOUND('',#468,.T.);
#342=FACE_OUTER_BOUND('',#469,.T.);
#343=FACE_OUTER_BOUND('',#470,.T.);
#344=FACE_OUTER_BOUND('',#471,.T.);
#345=FACE_OUTER_BOUND('',#472,.T.);
#346=FACE_OUTER_BOUND('',#473,.T.);
#347=FACE_OUTER_BOUND('',#474,.T.);
#348=FACE_OUTER_BOUND('',#475,.T.);
#349=EDGE_LOOP('',(#1345,#1346,#1347,#1348));
#350=EDGE_LOOP('',(#1349));
#351=EDGE_LOOP('',(#1350,#1351,#1352,#1353));
#352=EDGE_LOOP('',(#1354,#1355,#1356,#1357));
#353=EDGE_LOOP('',(#1358,#1359,#1360,#1361));
#354=EDGE_LOOP('',(#1362,#1363,#1364,#1365));
#355=EDGE_LOOP('',(#1366,#1367,#1368,#1369));
#356=EDGE_LOOP('',(#1370,#1371,#1372,#1373));
#357=EDGE_LOOP('',(#1374,#1375,#1376,#1377));
#358=EDGE_LOOP('',(#1378,#1379,#1380,#1381));
#359=EDGE_LOOP('',(#1382,#1383,#1384,#1385));
#360=EDGE_LOOP('',(#1386,#1387,#1388,#1389));
#361=EDGE_LOOP('',(#1390,#1391,#1392,#1393));
#362=EDGE_LOOP('',(#1394,#1395,#1396,#1397));
#363=EDGE_LOOP('',(#1398,#1399,#1400,#1401));
#364=EDGE_LOOP('',(#1402,#1403,#1404,#1405));
#365=EDGE_LOOP('',(#1406));
#366=EDGE_LOOP('',(#1407,#1408,#1409,#1410));
#367=EDGE_LOOP('',(#1411,#1412,#1413,#1414));
#368=EDGE_LOOP('',(#1415,#1416,#1417,#1418));
#369=EDGE_LOOP('',(#1419,#1420,#1421,#1422));
#370=EDGE_LOOP('',(#1423,#1424,#1425,#1426));
#371=EDGE_LOOP('',(#1427,#1428,#1429,#1430));
#372=EDGE_LOOP('',(#1431,#1432,#1433,#1434));
#373=EDGE_LOOP('',(#1435,#1436,#1437,#1438));
#374=EDGE_LOOP('',(#1439,#1440,#1441,#1442));
#375=EDGE_LOOP('',(#1443,#1444,#1445,#1446));
#376=EDGE_LOOP('',(#1447,#1448,#1449,#1450));
#377=EDGE_LOOP('',(#1451,#1452,#1453,#1454));
#378=EDGE_LOOP('',(#1455,#1456,#1457,#1458));
#379=EDGE_LOOP('',(#1459,#1460,#1461,#1462));
#380=EDGE_LOOP('',(#1463,#1464,#1465,#1466));
#381=EDGE_LOOP('',(#1467,#1468,#1469,#1470));
#382=EDGE_LOOP('',(#1471,#1472,#1473,#1474));
#383=EDGE_LOOP('',(#1475,#1476,#1477,#1478));
#384=EDGE_LOOP('',(#1479,#1480,#1481,#1482));
#385=EDGE_LOOP('',(#1483,#1484,#1485,#1486));
#386=EDGE_LOOP('',(#1487,#1488,#1489,#1490));
#387=EDGE_LOOP('',(#1491,#1492,#1493,#1494));
#388=EDGE_LOOP('',(#1495,#1496,#1497,#1498));
#389=EDGE_LOOP('',(#1499,#1500,#1501,#1502));
#390=EDGE_LOOP('',(#1503,#1504,#1505,#1506));
#391=EDGE_LOOP('',(#1507,#1508,#1509,#1510));
#392=EDGE_LOOP('',(#1511,#1512,#1513,#1514));
#393=EDGE_LOOP('',(#1515,#1516,#1517,#1518));
#394=EDGE_LOOP('',(#1519,#1520,#1521,#1522));
#395=EDGE_LOOP('',(#1523,#1524,#1525,#1526));
#396=EDGE_LOOP('',(#1527,#1528,#1529,#1530));
#397=EDGE_LOOP('',(#1531,#1532,#1533,#1534));
#398=EDGE_LOOP('',(#1535,#1536,#1537,#1538));
#399=EDGE_LOOP('',(#1539,#1540,#1541,#1542));
#400=EDGE_LOOP('',(#1543,#1544,#1545,#1546));
#401=EDGE_LOOP('',(#1547,#1548,#1549,#1550));
#402=EDGE_LOOP('',(#1551,#1552,#1553,#1554));
#403=EDGE_LOOP('',(#1555,#1556,#1557,#1558));
#404=EDGE_LOOP('',(#1559,#1560,#1561,#1562));
#405=EDGE_LOOP('',(#1563,#1564,#1565,#1566));
#406=EDGE_LOOP('',(#1567,#1568,#1569,#1570));
#407=EDGE_LOOP('',(#1571,#1572,#1573,#1574));
#408=EDGE_LOOP('',(#1575,#1576,#1577,#1578));
#409=EDGE_LOOP('',(#1579,#1580,#1581,#1582));
#410=EDGE_LOOP('',(#1583,#1584,#1585,#1586));
#411=EDGE_LOOP('',(#1587,#1588,#1589,#1590));
#412=EDGE_LOOP('',(#1591,#1592,#1593,#1594));
#413=EDGE_LOOP('',(#1595,#1596,#1597,#1598));
#414=EDGE_LOOP('',(#1599,#1600,#1601,#1602));
#415=EDGE_LOOP('',(#1603,#1604,#1605,#1606));
#416=EDGE_LOOP('',(#1607,#1608,#1609,#1610));
#417=EDGE_LOOP('',(#1611,#1612,#1613,#1614));
#418=EDGE_LOOP('',(#1615,#1616,#1617,#1618));
#419=EDGE_LOOP('',(#1619,#1620,#1621,#1622));
#420=EDGE_LOOP('',(#1623,#1624,#1625,#1626));
#421=EDGE_LOOP('',(#1627,#1628,#1629,#1630));
#422=EDGE_LOOP('',(#1631,#1632,#1633,#1634));
#423=EDGE_LOOP('',(#1635,#1636,#1637,#1638));
#424=EDGE_LOOP('',(#1639,#1640,#1641,#1642));
#425=EDGE_LOOP('',(#1643,#1644,#1645,#1646));
#426=EDGE_LOOP('',(#1647,#1648,#1649,#1650));
#427=EDGE_LOOP('',(#1651,#1652,#1653,#1654));
#428=EDGE_LOOP('',(#1655,#1656,#1657,#1658));
#429=EDGE_LOOP('',(#1659,#1660,#1661,#1662));
#430=EDGE_LOOP('',(#1663,#1664,#1665,#1666));
#431=EDGE_LOOP('',(#1667,#1668,#1669,#1670));
#432=EDGE_LOOP('',(#1671,#1672,#1673,#1674));
#433=EDGE_LOOP('',(#1675,#1676,#1677,#1678));
#434=EDGE_LOOP('',(#1679,#1680,#1681,#1682));
#435=EDGE_LOOP('',(#1683,#1684,#1685,#1686));
#436=EDGE_LOOP('',(#1687,#1688,#1689,#1690));
#437=EDGE_LOOP('',(#1691,#1692,#1693,#1694));
#438=EDGE_LOOP('',(#1695,#1696,#1697,#1698));
#439=EDGE_LOOP('',(#1699,#1700,#1701,#1702));
#440=EDGE_LOOP('',(#1703,#1704,#1705,#1706));
#441=EDGE_LOOP('',(#1707,#1708,#1709,#1710));
#442=EDGE_LOOP('',(#1711,#1712,#1713,#1714));
#443=EDGE_LOOP('',(#1715,#1716,#1717,#1718));
#444=EDGE_LOOP('',(#1719,#1720,#1721,#1722));
#445=EDGE_LOOP('',(#1723,#1724,#1725,#1726));
#446=EDGE_LOOP('',(#1727,#1728,#1729,#1730));
#447=EDGE_LOOP('',(#1731,#1732,#1733,#1734));
#448=EDGE_LOOP('',(#1735,#1736,#1737,#1738));
#449=EDGE_LOOP('',(#1739,#1740,#1741,#1742));
#450=EDGE_LOOP('',(#1743,#1744,#1745,#1746,#1747,#1748,#1749,#1750,#1751,
#1752,#1753,#1754,#1755,#1756,#1757,#1758,#1759,#1760,#1761,#1762,#1763,
#1764,#1765,#1766));
#451=EDGE_LOOP('',(#1767,#1768,#1769,#1770));
#452=EDGE_LOOP('',(#1771,#1772,#1773,#1774));
#453=EDGE_LOOP('',(#1775,#1776,#1777,#1778));
#454=EDGE_LOOP('',(#1779,#1780,#1781,#1782));
#455=EDGE_LOOP('',(#1783,#1784,#1785,#1786));
#456=EDGE_LOOP('',(#1787,#1788,#1789,#1790));
#457=EDGE_LOOP('',(#1791,#1792,#1793,#1794));
#458=EDGE_LOOP('',(#1795,#1796,#1797,#1798));
#459=EDGE_LOOP('',(#1799,#1800,#1801,#1802));
#460=EDGE_LOOP('',(#1803,#1804,#1805,#1806));
#461=EDGE_LOOP('',(#1807,#1808,#1809,#1810));
#462=EDGE_LOOP('',(#1811,#1812,#1813,#1814));
#463=EDGE_LOOP('',(#1815,#1816,#1817,#1818));
#464=EDGE_LOOP('',(#1819,#1820,#1821,#1822));
#465=EDGE_LOOP('',(#1823,#1824,#1825,#1826));
#466=EDGE_LOOP('',(#1827,#1828,#1829,#1830));
#467=EDGE_LOOP('',(#1831,#1832,#1833,#1834));
#468=EDGE_LOOP('',(#1835,#1836,#1837,#1838));
#469=EDGE_LOOP('',(#1839,#1840,#1841,#1842));
#470=EDGE_LOOP('',(#1843,#1844,#1845,#1846));
#471=EDGE_LOOP('',(#1847,#1848,#1849,#1850));
#472=EDGE_LOOP('',(#1851,#1852,#1853,#1854));
#473=EDGE_LOOP('',(#1855,#1856,#1857,#1858));
#474=EDGE_LOOP('',(#1859,#1860,#1861,#1862));
#475=EDGE_LOOP('',(#1863,#1864,#1865,#1866,#1867,#1868,#1869,#1870,#1871,
#1872,#1873,#1874,#1875,#1876,#1877,#1878,#1879,#1880,#1881,#1882,#1883,
#1884,#1885,#1886));
#476=LINE('',#2592,#681);
#477=LINE('',#2598,#682);
#478=LINE('',#2600,#683);
#479=LINE('',#2602,#684);
#480=LINE('',#2603,#685);
#481=LINE('',#2606,#686);
#482=LINE('',#2608,#687);
#483=LINE('',#2609,#688);
#484=LINE('',#2612,#689);
#485=LINE('',#2614,#690);
#486=LINE('',#2615,#691);
#487=LINE('',#2617,#692);
#488=LINE('',#2618,#693);
#489=LINE('',#2623,#694);
#490=LINE('',#2624,#695);
#491=LINE('',#2625,#696);
#492=LINE('',#2628,#697);
#493=LINE('',#2629,#698);
#494=LINE('',#2632,#699);
#495=LINE('',#2633,#700);
#496=LINE('',#2635,#701);
#497=LINE('',#2639,#702);
#498=LINE('',#2640,#703);
#499=LINE('',#2641,#704);
#500=LINE('',#2644,#705);
#501=LINE('',#2645,#706);
#502=LINE('',#2648,#707);
#503=LINE('',#2649,#708);
#504=LINE('',#2651,#709);
#505=LINE('',#2664,#710);
#506=LINE('',#2674,#711);
#507=LINE('',#2677,#712);
#508=LINE('',#2679,#713);
#509=LINE('',#2680,#714);
#510=LINE('',#2698,#715);
#511=LINE('',#2709,#716);
#512=LINE('',#2710,#717);
#513=LINE('',#2744,#718);
#514=LINE('',#2754,#719);
#515=LINE('',#2757,#720);
#516=LINE('',#2759,#721);
#517=LINE('',#2760,#722);
#518=LINE('',#2778,#723);
#519=LINE('',#2789,#724);
#520=LINE('',#2790,#725);
#521=LINE('',#2824,#726);
#522=LINE('',#2834,#727);
#523=LINE('',#2837,#728);
#524=LINE('',#2839,#729);
#525=LINE('',#2840,#730);
#526=LINE('',#2866,#731);
#527=LINE('',#2869,#732);
#528=LINE('',#2870,#733);
#529=LINE('',#2904,#734);
#530=LINE('',#2914,#735);
#531=LINE('',#2917,#736);
#532=LINE('',#2919,#737);
#533=LINE('',#2920,#738);
#534=LINE('',#2946,#739);
#535=LINE('',#2949,#740);
#536=LINE('',#2950,#741);
#537=LINE('',#2984,#742);
#538=LINE('',#2994,#743);
#539=LINE('',#2997,#744);
#540=LINE('',#2999,#745);
#541=LINE('',#3000,#746);
#542=LINE('',#3026,#747);
#543=LINE('',#3029,#748);
#544=LINE('',#3030,#749);
#545=LINE('',#3064,#750);
#546=LINE('',#3074,#751);
#547=LINE('',#3077,#752);
#548=LINE('',#3079,#753);
#549=LINE('',#3080,#754);
#550=LINE('',#3106,#755);
#551=LINE('',#3109,#756);
#552=LINE('',#3110,#757);
#553=LINE('',#3144,#758);
#554=LINE('',#3154,#759);
#555=LINE('',#3157,#760);
#556=LINE('',#3159,#761);
#557=LINE('',#3160,#762);
#558=LINE('',#3186,#763);
#559=LINE('',#3189,#764);
#560=LINE('',#3190,#765);
#561=LINE('',#3224,#766);
#562=LINE('',#3234,#767);
#563=LINE('',#3237,#768);
#564=LINE('',#3239,#769);
#565=LINE('',#3240,#770);
#566=LINE('',#3266,#771);
#567=LINE('',#3269,#772);
#568=LINE('',#3270,#773);
#569=LINE('',#3304,#774);
#570=LINE('',#3314,#775);
#571=LINE('',#3317,#776);
#572=LINE('',#3319,#777);
#573=LINE('',#3320,#778);
#574=LINE('',#3346,#779);
#575=LINE('',#3349,#780);
#576=LINE('',#3350,#781);
#577=LINE('',#3384,#782);
#578=LINE('',#3394,#783);
#579=LINE('',#3397,#784);
#580=LINE('',#3399,#785);
#581=LINE('',#3400,#786);
#582=LINE('',#3418,#787);
#583=LINE('',#3429,#788);
#584=LINE('',#3430,#789);
#585=LINE('',#3464,#790);
#586=LINE('',#3474,#791);
#587=LINE('',#3477,#792);
#588=LINE('',#3479,#793);
#589=LINE('',#3480,#794);
#590=LINE('',#3498,#795);
#591=LINE('',#3509,#796);
#592=LINE('',#3510,#797);
#593=LINE('',#3544,#798);
#594=LINE('',#3554,#799);
#595=LINE('',#3557,#800);
#596=LINE('',#3559,#801);
#597=LINE('',#3560,#802);
#598=LINE('',#3578,#803);
#599=LINE('',#3589,#804);
#600=LINE('',#3590,#805);
#601=LINE('',#3624,#806);
#602=LINE('',#3634,#807);
#603=LINE('',#3637,#808);
#604=LINE('',#3639,#809);
#605=LINE('',#3640,#810);
#606=LINE('',#3658,#811);
#607=LINE('',#3669,#812);
#608=LINE('',#3670,#813);
#609=LINE('',#3704,#814);
#610=LINE('',#3714,#815);
#611=LINE('',#3717,#816);
#612=LINE('',#3719,#817);
#613=LINE('',#3720,#818);
#614=LINE('',#3738,#819);
#615=LINE('',#3749,#820);
#616=LINE('',#3750,#821);
#617=LINE('',#3776,#822);
#618=LINE('',#3780,#823);
#619=LINE('',#3782,#824);
#620=LINE('',#3784,#825);
#621=LINE('',#3786,#826);
#622=LINE('',#3788,#827);
#623=LINE('',#3790,#828);
#624=LINE('',#3792,#829);
#625=LINE('',#3794,#830);
#626=LINE('',#3796,#831);
#627=LINE('',#3800,#832);
#628=LINE('',#3804,#833);
#629=LINE('',#3806,#834);
#630=LINE('',#3808,#835);
#631=LINE('',#3810,#836);
#632=LINE('',#3812,#837);
#633=LINE('',#3814,#838);
#634=LINE('',#3816,#839);
#635=LINE('',#3818,#840);
#636=LINE('',#3820,#841);
#637=LINE('',#3824,#842);
#638=LINE('',#3827,#843);
#639=LINE('',#3830,#844);
#640=LINE('',#3831,#845);
#641=LINE('',#3834,#846);
#642=LINE('',#3835,#847);
#643=LINE('',#3838,#848);
#644=LINE('',#3839,#849);
#645=LINE('',#3842,#850);
#646=LINE('',#3843,#851);
#647=LINE('',#3846,#852);
#648=LINE('',#3847,#853);
#649=LINE('',#3850,#854);
#650=LINE('',#3851,#855);
#651=LINE('',#3854,#856);
#652=LINE('',#3855,#857);
#653=LINE('',#3858,#858);
#654=LINE('',#3859,#859);
#655=LINE('',#3862,#860);
#656=LINE('',#3863,#861);
#657=LINE('',#3867,#862);
#658=LINE('',#3870,#863);
#659=LINE('',#3871,#864);
#660=LINE('',#3875,#865);
#661=LINE('',#3878,#866);
#662=LINE('',#3879,#867);
#663=LINE('',#3882,#868);
#664=LINE('',#3883,#869);
#665=LINE('',#3886,#870);
#666=LINE('',#3887,#871);
#667=LINE('',#3890,#872);
#668=LINE('',#3891,#873);
#669=LINE('',#3894,#874);
#670=LINE('',#3895,#875);
#671=LINE('',#3898,#876);
#672=LINE('',#3899,#877);
#673=LINE('',#3902,#878);
#674=LINE('',#3903,#879);
#675=LINE('',#3906,#880);
#676=LINE('',#3907,#881);
#677=LINE('',#3910,#882);
#678=LINE('',#3911,#883);
#679=LINE('',#3915,#884);
#680=LINE('',#3917,#885);
#681=VECTOR('',#2170,0.3925);
#682=VECTOR('',#2177,10.);
#683=VECTOR('',#2178,10.);
#684=VECTOR('',#2179,10.);
#685=VECTOR('',#2180,10.);
#686=VECTOR('',#2183,10.);
#687=VECTOR('',#2184,10.);
#688=VECTOR('',#2185,10.);
#689=VECTOR('',#2188,10.);
#690=VECTOR('',#2189,10.);
#691=VECTOR('',#2190,10.);
#692=VECTOR('',#2193,10.);
#693=VECTOR('',#2194,10.);
#694=VECTOR('',#2199,10.);
#695=VECTOR('',#2200,10.);
#696=VECTOR('',#2201,10.);
#697=VECTOR('',#2204,10.);
#698=VECTOR('',#2205,10.);
#699=VECTOR('',#2208,10.);
#700=VECTOR('',#2209,10.);
#701=VECTOR('',#2212,10.);
#702=VECTOR('',#2215,10.);
#703=VECTOR('',#2216,10.);
#704=VECTOR('',#2217,10.);
#705=VECTOR('',#2220,10.);
#706=VECTOR('',#2221,10.);
#707=VECTOR('',#2224,10.);
#708=VECTOR('',#2225,10.);
#709=VECTOR('',#2228,10.);
#710=VECTOR('',#2233,10.);
#711=VECTOR('',#2234,10.);
#712=VECTOR('',#2237,10.);
#713=VECTOR('',#2238,10.);
#714=VECTOR('',#2239,10.);
#715=VECTOR('',#2240,10.);
#716=VECTOR('',#2243,10.);
#717=VECTOR('',#2244,10.);
#718=VECTOR('',#2249,10.);
#719=VECTOR('',#2250,10.);
#720=VECTOR('',#2253,10.);
#721=VECTOR('',#2254,10.);
#722=VECTOR('',#2255,10.);
#723=VECTOR('',#2256,10.);
#724=VECTOR('',#2259,10.);
#725=VECTOR('',#2260,10.);
#726=VECTOR('',#2265,10.);
#727=VECTOR('',#2266,10.);
#728=VECTOR('',#2269,10.);
#729=VECTOR('',#2270,10.);
#730=VECTOR('',#2271,10.);
#731=VECTOR('',#2272,10.);
#732=VECTOR('',#2275,10.);
#733=VECTOR('',#2276,10.);
#734=VECTOR('',#2281,10.);
#735=VECTOR('',#2282,10.);
#736=VECTOR('',#2285,10.);
#737=VECTOR('',#2286,10.);
#738=VECTOR('',#2287,10.);
#739=VECTOR('',#2288,10.);
#740=VECTOR('',#2291,10.);
#741=VECTOR('',#2292,10.);
#742=VECTOR('',#2297,10.);
#743=VECTOR('',#2298,10.);
#744=VECTOR('',#2301,10.);
#745=VECTOR('',#2302,10.);
#746=VECTOR('',#2303,10.);
#747=VECTOR('',#2304,10.);
#748=VECTOR('',#2307,10.);
#749=VECTOR('',#2308,10.);
#750=VECTOR('',#2313,10.);
#751=VECTOR('',#2314,10.);
#752=VECTOR('',#2317,10.);
#753=VECTOR('',#2318,10.);
#754=VECTOR('',#2319,10.);
#755=VECTOR('',#2320,10.);
#756=VECTOR('',#2323,10.);
#757=VECTOR('',#2324,10.);
#758=VECTOR('',#2329,10.);
#759=VECTOR('',#2330,10.);
#760=VECTOR('',#2333,10.);
#761=VECTOR('',#2334,10.);
#762=VECTOR('',#2335,10.);
#763=VECTOR('',#2336,10.);
#764=VECTOR('',#2339,10.);
#765=VECTOR('',#2340,10.);
#766=VECTOR('',#2345,10.);
#767=VECTOR('',#2346,10.);
#768=VECTOR('',#2349,10.);
#769=VECTOR('',#2350,10.);
#770=VECTOR('',#2351,10.);
#771=VECTOR('',#2352,10.);
#772=VECTOR('',#2355,10.);
#773=VECTOR('',#2356,10.);
#774=VECTOR('',#2361,10.);
#775=VECTOR('',#2362,10.);
#776=VECTOR('',#2365,10.);
#777=VECTOR('',#2366,10.);
#778=VECTOR('',#2367,10.);
#779=VECTOR('',#2368,10.);
#780=VECTOR('',#2371,10.);
#781=VECTOR('',#2372,10.);
#782=VECTOR('',#2377,10.);
#783=VECTOR('',#2378,10.);
#784=VECTOR('',#2381,10.);
#785=VECTOR('',#2382,10.);
#786=VECTOR('',#2383,10.);
#787=VECTOR('',#2384,10.);
#788=VECTOR('',#2387,10.);
#789=VECTOR('',#2388,10.);
#790=VECTOR('',#2393,10.);
#791=VECTOR('',#2394,10.);
#792=VECTOR('',#2397,10.);
#793=VECTOR('',#2398,10.);
#794=VECTOR('',#2399,10.);
#795=VECTOR('',#2400,10.);
#796=VECTOR('',#2403,10.);
#797=VECTOR('',#2404,10.);
#798=VECTOR('',#2409,10.);
#799=VECTOR('',#2410,10.);
#800=VECTOR('',#2413,10.);
#801=VECTOR('',#2414,10.);
#802=VECTOR('',#2415,10.);
#803=VECTOR('',#2416,10.);
#804=VECTOR('',#2419,10.);
#805=VECTOR('',#2420,10.);
#806=VECTOR('',#2425,10.);
#807=VECTOR('',#2426,10.);
#808=VECTOR('',#2429,10.);
#809=VECTOR('',#2430,10.);
#810=VECTOR('',#2431,10.);
#811=VECTOR('',#2432,10.);
#812=VECTOR('',#2435,10.);
#813=VECTOR('',#2436,10.);
#814=VECTOR('',#2441,10.);
#815=VECTOR('',#2442,10.);
#816=VECTOR('',#2445,10.);
#817=VECTOR('',#2446,10.);
#818=VECTOR('',#2447,10.);
#819=VECTOR('',#2448,10.);
#820=VECTOR('',#2451,10.);
#821=VECTOR('',#2452,10.);
#822=VECTOR('',#2457,10.);
#823=VECTOR('',#2460,10.);
#824=VECTOR('',#2461,10.);
#825=VECTOR('',#2462,10.);
#826=VECTOR('',#2463,10.);
#827=VECTOR('',#2464,10.);
#828=VECTOR('',#2465,10.);
#829=VECTOR('',#2466,10.);
#830=VECTOR('',#2467,10.);
#831=VECTOR('',#2468,10.);
#832=VECTOR('',#2471,10.);
#833=VECTOR('',#2474,10.);
#834=VECTOR('',#2475,10.);
#835=VECTOR('',#2476,10.);
#836=VECTOR('',#2477,10.);
#837=VECTOR('',#2478,10.);
#838=VECTOR('',#2479,10.);
#839=VECTOR('',#2480,10.);
#840=VECTOR('',#2481,10.);
#841=VECTOR('',#2482,10.);
#842=VECTOR('',#2487,10.);
#843=VECTOR('',#2490,10.);
#844=VECTOR('',#2493,10.);
#845=VECTOR('',#2494,10.);
#846=VECTOR('',#2497,10.);
#847=VECTOR('',#2498,10.);
#848=VECTOR('',#2501,10.);
#849=VECTOR('',#2502,10.);
#850=VECTOR('',#2505,10.);
#851=VECTOR('',#2506,10.);
#852=VECTOR('',#2509,10.);
#853=VECTOR('',#2510,10.);
#854=VECTOR('',#2513,10.);
#855=VECTOR('',#2514,10.);
#856=VECTOR('',#2517,10.);
#857=VECTOR('',#2518,10.);
#858=VECTOR('',#2521,10.);
#859=VECTOR('',#2522,10.);
#860=VECTOR('',#2525,10.);
#861=VECTOR('',#2526,10.);
#862=VECTOR('',#2531,10.);
#863=VECTOR('',#2534,10.);
#864=VECTOR('',#2535,10.);
#865=VECTOR('',#2540,10.);
#866=VECTOR('',#2543,10.);
#867=VECTOR('',#2544,10.);
#868=VECTOR('',#2547,10.);
#869=VECTOR('',#2548,10.);
#870=VECTOR('',#2551,10.);
#871=VECTOR('',#2552,10.);
#872=VECTOR('',#2555,10.);
#873=VECTOR('',#2556,10.);
#874=VECTOR('',#2559,10.);
#875=VECTOR('',#2560,10.);
#876=VECTOR('',#2563,10.);
#877=VECTOR('',#2564,10.);
#878=VECTOR('',#2567,10.);
#879=VECTOR('',#2568,10.);
#880=VECTOR('',#2571,10.);
#881=VECTOR('',#2572,10.);
#882=VECTOR('',#2575,10.);
#883=VECTOR('',#2576,10.);
#884=VECTOR('',#2581,10.);
#885=VECTOR('',#2584,10.);
#886=CIRCLE('',#2057,0.3925);
#887=CIRCLE('',#2058,0.3925);
#888=CIRCLE('',#2131,0.2);
#889=CIRCLE('',#2132,0.200000000000001);
#890=CIRCLE('',#2133,0.2);
#891=CIRCLE('',#2134,0.2);
#892=CIRCLE('',#2136,0.2);
#893=CIRCLE('',#2147,0.200000000000001);
#894=CIRCLE('',#2150,0.2);
#895=CIRCLE('',#2161,0.2);
#896=VERTEX_POINT('',#2589);
#897=VERTEX_POINT('',#2591);
#898=VERTEX_POINT('',#2596);
#899=VERTEX_POINT('',#2597);
#900=VERTEX_POINT('',#2599);
#901=VERTEX_POINT('',#2601);
#902=VERTEX_POINT('',#2605);
#903=VERTEX_POINT('',#2607);
#904=VERTEX_POINT('',#2611);
#905=VERTEX_POINT('',#2613);
#906=VERTEX_POINT('',#2621);
#907=VERTEX_POINT('',#2622);
#908=VERTEX_POINT('',#2627);
#909=VERTEX_POINT('',#2631);
#910=VERTEX_POINT('',#2637);
#911=VERTEX_POINT('',#2638);
#912=VERTEX_POINT('',#2643);
#913=VERTEX_POINT('',#2647);
#914=VERTEX_POINT('',#2654);
#915=VERTEX_POINT('',#2655);
#916=VERTEX_POINT('',#2663);
#917=VERTEX_POINT('',#2665);
#918=VERTEX_POINT('',#2676);
#919=VERTEX_POINT('',#2678);
#920=VERTEX_POINT('',#2697);
#921=VERTEX_POINT('',#2708);
#922=VERTEX_POINT('',#2734);
#923=VERTEX_POINT('',#2735);
#924=VERTEX_POINT('',#2743);
#925=VERTEX_POINT('',#2745);
#926=VERTEX_POINT('',#2756);
#927=VERTEX_POINT('',#2758);
#928=VERTEX_POINT('',#2777);
#929=VERTEX_POINT('',#2788);
#930=VERTEX_POINT('',#2814);
#931=VERTEX_POINT('',#2815);
#932=VERTEX_POINT('',#2823);
#933=VERTEX_POINT('',#2825);
#934=VERTEX_POINT('',#2836);
#935=VERTEX_POINT('',#2838);
#936=VERTEX_POINT('',#2857);
#937=VERTEX_POINT('',#2868);
#938=VERTEX_POINT('',#2894);
#939=VERTEX_POINT('',#2895);
#940=VERTEX_POINT('',#2903);
#941=VERTEX_POINT('',#2905);
#942=VERTEX_POINT('',#2916);
#943=VERTEX_POINT('',#2918);
#944=VERTEX_POINT('',#2937);
#945=VERTEX_POINT('',#2948);
#946=VERTEX_POINT('',#2974);
#947=VERTEX_POINT('',#2975);
#948=VERTEX_POINT('',#2983);
#949=VERTEX_POINT('',#2985);
#950=VERTEX_POINT('',#2996);
#951=VERTEX_POINT('',#2998);
#952=VERTEX_POINT('',#3017);
#953=VERTEX_POINT('',#3028);
#954=VERTEX_POINT('',#3054);
#955=VERTEX_POINT('',#3055);
#956=VERTEX_POINT('',#3063);
#957=VERTEX_POINT('',#3065);
#958=VERTEX_POINT('',#3076);
#959=VERTEX_POINT('',#3078);
#960=VERTEX_POINT('',#3097);
#961=VERTEX_POINT('',#3108);
#962=VERTEX_POINT('',#3134);
#963=VERTEX_POINT('',#3135);
#964=VERTEX_POINT('',#3143);
#965=VERTEX_POINT('',#3145);
#966=VERTEX_POINT('',#3156);
#967=VERTEX_POINT('',#3158);
#968=VERTEX_POINT('',#3177);
#969=VERTEX_POINT('',#3188);
#970=VERTEX_POINT('',#3214);
#971=VERTEX_POINT('',#3215);
#972=VERTEX_POINT('',#3223);
#973=VERTEX_POINT('',#3225);
#974=VERTEX_POINT('',#3236);
#975=VERTEX_POINT('',#3238);
#976=VERTEX_POINT('',#3257);
#977=VERTEX_POINT('',#3268);
#978=VERTEX_POINT('',#3294);
#979=VERTEX_POINT('',#3295);
#980=VERTEX_POINT('',#3303);
#981=VERTEX_POINT('',#3305);
#982=VERTEX_POINT('',#3316);
#983=VERTEX_POINT('',#3318);
#984=VERTEX_POINT('',#3337);
#985=VERTEX_POINT('',#3348);
#986=VERTEX_POINT('',#3374);
#987=VERTEX_POINT('',#3375);
#988=VERTEX_POINT('',#3383);
#989=VERTEX_POINT('',#3385);
#990=VERTEX_POINT('',#3396);
#991=VERTEX_POINT('',#3398);
#992=VERTEX_POINT('',#3417);
#993=VERTEX_POINT('',#3428);
#994=VERTEX_POINT('',#3454);
#995=VERTEX_POINT('',#3455);
#996=VERTEX_POINT('',#3463);
#997=VERTEX_POINT('',#3465);
#998=VERTEX_POINT('',#3476);
#999=VERTEX_POINT('',#3478);
#1000=VERTEX_POINT('',#3497);
#1001=VERTEX_POINT('',#3508);
#1002=VERTEX_POINT('',#3534);
#1003=VERTEX_POINT('',#3535);
#1004=VERTEX_POINT('',#3543);
#1005=VERTEX_POINT('',#3545);
#1006=VERTEX_POINT('',#3556);
#1007=VERTEX_POINT('',#3558);
#1008=VERTEX_POINT('',#3577);
#1009=VERTEX_POINT('',#3588);
#1010=VERTEX_POINT('',#3614);
#1011=VERTEX_POINT('',#3615);
#1012=VERTEX_POINT('',#3623);
#1013=VERTEX_POINT('',#3625);
#1014=VERTEX_POINT('',#3636);
#1015=VERTEX_POINT('',#3638);
#1016=VERTEX_POINT('',#3657);
#1017=VERTEX_POINT('',#3668);
#1018=VERTEX_POINT('',#3694);
#1019=VERTEX_POINT('',#3695);
#1020=VERTEX_POINT('',#3703);
#1021=VERTEX_POINT('',#3705);
#1022=VERTEX_POINT('',#3716);
#1023=VERTEX_POINT('',#3718);
#1024=VERTEX_POINT('',#3737);
#1025=VERTEX_POINT('',#3748);
#1026=VERTEX_POINT('',#3774);
#1027=VERTEX_POINT('',#3775);
#1028=VERTEX_POINT('',#3777);
#1029=VERTEX_POINT('',#3779);
#1030=VERTEX_POINT('',#3781);
#1031=VERTEX_POINT('',#3783);
#1032=VERTEX_POINT('',#3785);
#1033=VERTEX_POINT('',#3787);
#1034=VERTEX_POINT('',#3789);
#1035=VERTEX_POINT('',#3791);
#1036=VERTEX_POINT('',#3793);
#1037=VERTEX_POINT('',#3795);
#1038=VERTEX_POINT('',#3797);
#1039=VERTEX_POINT('',#3799);
#1040=VERTEX_POINT('',#3801);
#1041=VERTEX_POINT('',#3803);
#1042=VERTEX_POINT('',#3805);
#1043=VERTEX_POINT('',#3807);
#1044=VERTEX_POINT('',#3809);
#1045=VERTEX_POINT('',#3811);
#1046=VERTEX_POINT('',#3813);
#1047=VERTEX_POINT('',#3815);
#1048=VERTEX_POINT('',#3817);
#1049=VERTEX_POINT('',#3819);
#1050=VERTEX_POINT('',#3823);
#1051=VERTEX_POINT('',#3825);
#1052=VERTEX_POINT('',#3829);
#1053=VERTEX_POINT('',#3833);
#1054=VERTEX_POINT('',#3837);
#1055=VERTEX_POINT('',#3841);
#1056=VERTEX_POINT('',#3845);
#1057=VERTEX_POINT('',#3849);
#1058=VERTEX_POINT('',#3853);
#1059=VERTEX_POINT('',#3857);
#1060=VERTEX_POINT('',#3861);
#1061=VERTEX_POINT('',#3865);
#1062=VERTEX_POINT('',#3869);
#1063=VERTEX_POINT('',#3873);
#1064=VERTEX_POINT('',#3877);
#1065=VERTEX_POINT('',#3881);
#1066=VERTEX_POINT('',#3885);
#1067=VERTEX_POINT('',#3889);
#1068=VERTEX_POINT('',#3893);
#1069=VERTEX_POINT('',#3897);
#1070=VERTEX_POINT('',#3901);
#1071=VERTEX_POINT('',#3905);
#1072=VERTEX_POINT('',#3909);
#1073=VERTEX_POINT('',#3913);
#1074=EDGE_CURVE('',#896,#896,#886,.T.);
#1075=EDGE_CURVE('',#896,#897,#476,.T.);
#1076=EDGE_CURVE('',#897,#897,#887,.T.);
#1077=EDGE_CURVE('',#898,#899,#477,.T.);
#1078=EDGE_CURVE('',#900,#899,#478,.T.);
#1079=EDGE_CURVE('',#900,#901,#479,.T.);
#1080=EDGE_CURVE('',#901,#898,#480,.T.);
#1081=EDGE_CURVE('',#899,#902,#481,.T.);
#1082=EDGE_CURVE('',#903,#902,#482,.T.);
#1083=EDGE_CURVE('',#903,#900,#483,.T.);
#1084=EDGE_CURVE('',#902,#904,#484,.T.);
#1085=EDGE_CURVE('',#905,#904,#485,.T.);
#1086=EDGE_CURVE('',#905,#903,#486,.T.);
#1087=EDGE_CURVE('',#904,#898,#487,.T.);
#1088=EDGE_CURVE('',#901,#905,#488,.T.);
#1089=EDGE_CURVE('',#906,#907,#489,.T.);
#1090=EDGE_CURVE('',#906,#900,#490,.T.);
#1091=EDGE_CURVE('',#907,#903,#491,.T.);
#1092=EDGE_CURVE('',#907,#908,#492,.T.);
#1093=EDGE_CURVE('',#908,#905,#493,.T.);
#1094=EDGE_CURVE('',#908,#909,#494,.T.);
#1095=EDGE_CURVE('',#909,#901,#495,.T.);
#1096=EDGE_CURVE('',#909,#906,#496,.T.);
#1097=EDGE_CURVE('',#910,#911,#497,.T.);
#1098=EDGE_CURVE('',#908,#911,#498,.T.);
#1099=EDGE_CURVE('',#909,#910,#499,.T.);
#1100=EDGE_CURVE('',#911,#912,#500,.T.);
#1101=EDGE_CURVE('',#907,#912,#501,.T.);
#1102=EDGE_CURVE('',#912,#913,#502,.T.);
#1103=EDGE_CURVE('',#906,#913,#503,.T.);
#1104=EDGE_CURVE('',#913,#910,#504,.T.);
#1105=EDGE_CURVE('',#914,#915,#41,.T.);
#1106=EDGE_CURVE('',#916,#914,#505,.T.);
#1107=EDGE_CURVE('',#917,#916,#42,.T.);
#1108=EDGE_CURVE('',#915,#917,#506,.T.);
#1109=EDGE_CURVE('',#918,#915,#507,.T.);
#1110=EDGE_CURVE('',#917,#919,#508,.T.);
#1111=EDGE_CURVE('',#919,#918,#509,.T.);
#1112=EDGE_CURVE('',#916,#920,#510,.T.);
#1113=EDGE_CURVE('',#920,#919,#43,.T.);
#1114=EDGE_CURVE('',#914,#921,#511,.T.);
#1115=EDGE_CURVE('',#921,#920,#512,.T.);
#1116=EDGE_CURVE('',#918,#921,#44,.T.);
#1117=EDGE_CURVE('',#922,#923,#45,.T.);
#1118=EDGE_CURVE('',#924,#922,#513,.T.);
#1119=EDGE_CURVE('',#925,#924,#46,.T.);
#1120=EDGE_CURVE('',#923,#925,#514,.T.);
#1121=EDGE_CURVE('',#926,#923,#515,.T.);
#1122=EDGE_CURVE('',#925,#927,#516,.T.);
#1123=EDGE_CURVE('',#927,#926,#517,.T.);
#1124=EDGE_CURVE('',#924,#928,#518,.T.);
#1125=EDGE_CURVE('',#928,#927,#47,.T.);
#1126=EDGE_CURVE('',#922,#929,#519,.T.);
#1127=EDGE_CURVE('',#929,#928,#520,.T.);
#1128=EDGE_CURVE('',#926,#929,#48,.T.);
#1129=EDGE_CURVE('',#930,#931,#49,.T.);
#1130=EDGE_CURVE('',#931,#932,#521,.T.);
#1131=EDGE_CURVE('',#932,#933,#50,.T.);
#1132=EDGE_CURVE('',#933,#930,#522,.T.);
#1133=EDGE_CURVE('',#934,#931,#523,.T.);
#1134=EDGE_CURVE('',#935,#934,#524,.T.);
#1135=EDGE_CURVE('',#932,#935,#525,.T.);
#1136=EDGE_CURVE('',#936,#935,#51,.T.);
#1137=EDGE_CURVE('',#933,#936,#526,.T.);
#1138=EDGE_CURVE('',#937,#936,#527,.T.);
#1139=EDGE_CURVE('',#930,#937,#528,.T.);
#1140=EDGE_CURVE('',#934,#937,#52,.T.);
#1141=EDGE_CURVE('',#938,#939,#53,.T.);
#1142=EDGE_CURVE('',#939,#940,#529,.T.);
#1143=EDGE_CURVE('',#940,#941,#54,.T.);
#1144=EDGE_CURVE('',#941,#938,#530,.T.);
#1145=EDGE_CURVE('',#942,#939,#531,.T.);
#1146=EDGE_CURVE('',#943,#942,#532,.T.);
#1147=EDGE_CURVE('',#940,#943,#533,.T.);
#1148=EDGE_CURVE('',#944,#943,#55,.T.);
#1149=EDGE_CURVE('',#941,#944,#534,.T.);
#1150=EDGE_CURVE('',#945,#944,#535,.T.);
#1151=EDGE_CURVE('',#938,#945,#536,.T.);
#1152=EDGE_CURVE('',#942,#945,#56,.T.);
#1153=EDGE_CURVE('',#946,#947,#57,.T.);
#1154=EDGE_CURVE('',#947,#948,#537,.T.);
#1155=EDGE_CURVE('',#948,#949,#58,.T.);
#1156=EDGE_CURVE('',#949,#946,#538,.T.);
#1157=EDGE_CURVE('',#950,#947,#539,.T.);
#1158=EDGE_CURVE('',#951,#950,#540,.T.);
#1159=EDGE_CURVE('',#948,#951,#541,.T.);
#1160=EDGE_CURVE('',#952,#951,#59,.T.);
#1161=EDGE_CURVE('',#949,#952,#542,.T.);
#1162=EDGE_CURVE('',#953,#952,#543,.T.);
#1163=EDGE_CURVE('',#946,#953,#544,.T.);
#1164=EDGE_CURVE('',#950,#953,#60,.T.);
#1165=EDGE_CURVE('',#954,#955,#61,.T.);
#1166=EDGE_CURVE('',#955,#956,#545,.T.);
#1167=EDGE_CURVE('',#956,#957,#62,.T.);
#1168=EDGE_CURVE('',#957,#954,#546,.T.);
#1169=EDGE_CURVE('',#958,#955,#547,.T.);
#1170=EDGE_CURVE('',#959,#958,#548,.T.);
#1171=EDGE_CURVE('',#956,#959,#549,.T.);
#1172=EDGE_CURVE('',#960,#959,#63,.T.);
#1173=EDGE_CURVE('',#957,#960,#550,.T.);
#1174=EDGE_CURVE('',#961,#960,#551,.T.);
#1175=EDGE_CURVE('',#954,#961,#552,.T.);
#1176=EDGE_CURVE('',#958,#961,#64,.T.);
#1177=EDGE_CURVE('',#962,#963,#65,.T.);
#1178=EDGE_CURVE('',#963,#964,#553,.T.);
#1179=EDGE_CURVE('',#964,#965,#66,.T.);
#1180=EDGE_CURVE('',#965,#962,#554,.T.);
#1181=EDGE_CURVE('',#966,#963,#555,.T.);
#1182=EDGE_CURVE('',#967,#966,#556,.T.);
#1183=EDGE_CURVE('',#964,#967,#557,.T.);
#1184=EDGE_CURVE('',#968,#967,#67,.T.);
#1185=EDGE_CURVE('',#965,#968,#558,.T.);
#1186=EDGE_CURVE('',#969,#968,#559,.T.);
#1187=EDGE_CURVE('',#962,#969,#560,.T.);
#1188=EDGE_CURVE('',#966,#969,#68,.T.);
#1189=EDGE_CURVE('',#970,#971,#69,.T.);
#1190=EDGE_CURVE('',#971,#972,#561,.T.);
#1191=EDGE_CURVE('',#972,#973,#70,.T.);
#1192=EDGE_CURVE('',#973,#970,#562,.T.);
#1193=EDGE_CURVE('',#974,#971,#563,.T.);
#1194=EDGE_CURVE('',#975,#974,#564,.T.);
#1195=EDGE_CURVE('',#972,#975,#565,.T.);
#1196=EDGE_CURVE('',#976,#975,#71,.T.);
#1197=EDGE_CURVE('',#973,#976,#566,.T.);
#1198=EDGE_CURVE('',#977,#976,#567,.T.);
#1199=EDGE_CURVE('',#970,#977,#568,.T.);
#1200=EDGE_CURVE('',#974,#977,#72,.T.);
#1201=EDGE_CURVE('',#978,#979,#73,.T.);
#1202=EDGE_CURVE('',#979,#980,#569,.T.);
#1203=EDGE_CURVE('',#980,#981,#74,.T.);
#1204=EDGE_CURVE('',#981,#978,#570,.T.);
#1205=EDGE_CURVE('',#982,#979,#571,.T.);
#1206=EDGE_CURVE('',#983,#982,#572,.T.);
#1207=EDGE_CURVE('',#980,#983,#573,.T.);
#1208=EDGE_CURVE('',#984,#983,#75,.T.);
#1209=EDGE_CURVE('',#981,#984,#574,.T.);
#1210=EDGE_CURVE('',#985,#984,#575,.T.);
#1211=EDGE_CURVE('',#978,#985,#576,.T.);
#1212=EDGE_CURVE('',#982,#985,#76,.T.);
#1213=EDGE_CURVE('',#986,#987,#77,.T.);
#1214=EDGE_CURVE('',#988,#986,#577,.T.);
#1215=EDGE_CURVE('',#989,#988,#78,.T.);
#1216=EDGE_CURVE('',#987,#989,#578,.T.);
#1217=EDGE_CURVE('',#990,#987,#579,.T.);
#1218=EDGE_CURVE('',#989,#991,#580,.T.);
#1219=EDGE_CURVE('',#991,#990,#581,.T.);
#1220=EDGE_CURVE('',#988,#992,#582,.T.);
#1221=EDGE_CURVE('',#992,#991,#79,.T.);
#1222=EDGE_CURVE('',#986,#993,#583,.T.);
#1223=EDGE_CURVE('',#993,#992,#584,.T.);
#1224=EDGE_CURVE('',#990,#993,#80,.T.);
#1225=EDGE_CURVE('',#994,#995,#81,.T.);
#1226=EDGE_CURVE('',#996,#994,#585,.T.);
#1227=EDGE_CURVE('',#997,#996,#82,.T.);
#1228=EDGE_CURVE('',#995,#997,#586,.T.);
#1229=EDGE_CURVE('',#998,#995,#587,.T.);
#1230=EDGE_CURVE('',#997,#999,#588,.T.);
#1231=EDGE_CURVE('',#999,#998,#589,.T.);
#1232=EDGE_CURVE('',#996,#1000,#590,.T.);
#1233=EDGE_CURVE('',#1000,#999,#83,.T.);
#1234=EDGE_CURVE('',#994,#1001,#591,.T.);
#1235=EDGE_CURVE('',#1001,#1000,#592,.T.);
#1236=EDGE_CURVE('',#998,#1001,#84,.T.);
#1237=EDGE_CURVE('',#1002,#1003,#85,.T.);
#1238=EDGE_CURVE('',#1004,#1002,#593,.T.);
#1239=EDGE_CURVE('',#1005,#1004,#86,.T.);
#1240=EDGE_CURVE('',#1003,#1005,#594,.T.);
#1241=EDGE_CURVE('',#1006,#1003,#595,.T.);
#1242=EDGE_CURVE('',#1005,#1007,#596,.T.);
#1243=EDGE_CURVE('',#1007,#1006,#597,.T.);
#1244=EDGE_CURVE('',#1004,#1008,#598,.T.);
#1245=EDGE_CURVE('',#1008,#1007,#87,.T.);
#1246=EDGE_CURVE('',#1002,#1009,#599,.T.);
#1247=EDGE_CURVE('',#1009,#1008,#600,.T.);
#1248=EDGE_CURVE('',#1006,#1009,#88,.T.);
#1249=EDGE_CURVE('',#1010,#1011,#89,.T.);
#1250=EDGE_CURVE('',#1012,#1010,#601,.T.);
#1251=EDGE_CURVE('',#1013,#1012,#90,.T.);
#1252=EDGE_CURVE('',#1011,#1013,#602,.T.);
#1253=EDGE_CURVE('',#1014,#1011,#603,.T.);
#1254=EDGE_CURVE('',#1013,#1015,#604,.T.);
#1255=EDGE_CURVE('',#1015,#1014,#605,.T.);
#1256=EDGE_CURVE('',#1012,#1016,#606,.T.);
#1257=EDGE_CURVE('',#1016,#1015,#91,.T.);
#1258=EDGE_CURVE('',#1010,#1017,#607,.T.);
#1259=EDGE_CURVE('',#1017,#1016,#608,.T.);
#1260=EDGE_CURVE('',#1014,#1017,#92,.T.);
#1261=EDGE_CURVE('',#1018,#1019,#93,.T.);
#1262=EDGE_CURVE('',#1020,#1018,#609,.T.);
#1263=EDGE_CURVE('',#1021,#1020,#94,.T.);
#1264=EDGE_CURVE('',#1019,#1021,#610,.T.);
#1265=EDGE_CURVE('',#1022,#1019,#611,.T.);
#1266=EDGE_CURVE('',#1021,#1023,#612,.T.);
#1267=EDGE_CURVE('',#1023,#1022,#613,.T.);
#1268=EDGE_CURVE('',#1020,#1024,#614,.T.);
#1269=EDGE_CURVE('',#1024,#1023,#95,.T.);
#1270=EDGE_CURVE('',#1018,#1025,#615,.T.);
#1271=EDGE_CURVE('',#1025,#1024,#616,.T.);
#1272=EDGE_CURVE('',#1022,#1025,#96,.T.);
#1273=EDGE_CURVE('',#1026,#1027,#617,.T.);
#1274=EDGE_CURVE('',#1027,#1028,#888,.T.);
#1275=EDGE_CURVE('',#1028,#1029,#618,.T.);
#1276=EDGE_CURVE('',#1029,#1030,#619,.T.);
#1277=EDGE_CURVE('',#1030,#1031,#620,.T.);
#1278=EDGE_CURVE('',#1031,#1032,#621,.T.);
#1279=EDGE_CURVE('',#1032,#1033,#622,.T.);
#1280=EDGE_CURVE('',#1033,#1034,#623,.T.);
#1281=EDGE_CURVE('',#1034,#1035,#624,.T.);
#1282=EDGE_CURVE('',#1035,#1036,#625,.T.);
#1283=EDGE_CURVE('',#1036,#1037,#626,.T.);
#1284=EDGE_CURVE('',#1037,#1038,#889,.T.);
#1285=EDGE_CURVE('',#1038,#1039,#627,.T.);
#1286=EDGE_CURVE('',#1039,#1040,#890,.T.);
#1287=EDGE_CURVE('',#1040,#1041,#628,.T.);
#1288=EDGE_CURVE('',#1041,#1042,#629,.T.);
#1289=EDGE_CURVE('',#1042,#1043,#630,.T.);
#1290=EDGE_CURVE('',#1043,#1044,#631,.T.);
#1291=EDGE_CURVE('',#1044,#1045,#632,.T.);
#1292=EDGE_CURVE('',#1045,#1046,#633,.T.);
#1293=EDGE_CURVE('',#1046,#1047,#634,.T.);
#1294=EDGE_CURVE('',#1047,#1048,#635,.T.);
#1295=EDGE_CURVE('',#1048,#1049,#636,.T.);
#1296=EDGE_CURVE('',#1049,#1026,#891,.T.);
#1297=EDGE_CURVE('',#1050,#1027,#637,.T.);
#1298=EDGE_CURVE('',#1051,#1050,#892,.T.);
#1299=EDGE_CURVE('',#1028,#1051,#638,.T.);
#1300=EDGE_CURVE('',#1052,#1051,#639,.T.);
#1301=EDGE_CURVE('',#1029,#1052,#640,.T.);
#1302=EDGE_CURVE('',#1053,#1052,#641,.T.);
#1303=EDGE_CURVE('',#1030,#1053,#642,.T.);
#1304=EDGE_CURVE('',#1054,#1053,#643,.T.);
#1305=EDGE_CURVE('',#1031,#1054,#644,.T.);
#1306=EDGE_CURVE('',#1055,#1054,#645,.T.);
#1307=EDGE_CURVE('',#1032,#1055,#646,.T.);
#1308=EDGE_CURVE('',#1056,#1055,#647,.T.);
#1309=EDGE_CURVE('',#1033,#1056,#648,.T.);
#1310=EDGE_CURVE('',#1057,#1056,#649,.T.);
#1311=EDGE_CURVE('',#1034,#1057,#650,.T.);
#1312=EDGE_CURVE('',#1058,#1057,#651,.T.);
#1313=EDGE_CURVE('',#1035,#1058,#652,.T.);
#1314=EDGE_CURVE('',#1059,#1058,#653,.T.);
#1315=EDGE_CURVE('',#1036,#1059,#654,.T.);
#1316=EDGE_CURVE('',#1060,#1059,#655,.T.);
#1317=EDGE_CURVE('',#1037,#1060,#656,.T.);
#1318=EDGE_CURVE('',#1061,#1060,#893,.T.);
#1319=EDGE_CURVE('',#1038,#1061,#657,.T.);
#1320=EDGE_CURVE('',#1062,#1061,#658,.T.);
#1321=EDGE_CURVE('',#1039,#1062,#659,.T.);
#1322=EDGE_CURVE('',#1063,#1062,#894,.T.);
#1323=EDGE_CURVE('',#1040,#1063,#660,.T.);
#1324=EDGE_CURVE('',#1064,#1063,#661,.T.);
#1325=EDGE_CURVE('',#1041,#1064,#662,.T.);
#1326=EDGE_CURVE('',#1065,#1064,#663,.T.);
#1327=EDGE_CURVE('',#1042,#1065,#664,.T.);
#1328=EDGE_CURVE('',#1066,#1065,#665,.T.);
#1329=EDGE_CURVE('',#1043,#1066,#666,.T.);
#1330=EDGE_CURVE('',#1067,#1066,#667,.T.);
#1331=EDGE_CURVE('',#1044,#1067,#668,.T.);
#1332=EDGE_CURVE('',#1068,#1067,#669,.T.);
#1333=EDGE_CURVE('',#1045,#1068,#670,.T.);
#1334=EDGE_CURVE('',#1069,#1068,#671,.T.);
#1335=EDGE_CURVE('',#1046,#1069,#672,.T.);
#1336=EDGE_CURVE('',#1070,#1069,#673,.T.);
#1337=EDGE_CURVE('',#1047,#1070,#674,.T.);
#1338=EDGE_CURVE('',#1071,#1070,#675,.T.);
#1339=EDGE_CURVE('',#1048,#1071,#676,.T.);
#1340=EDGE_CURVE('',#1072,#1071,#677,.T.);
#1341=EDGE_CURVE('',#1049,#1072,#678,.T.);
#1342=EDGE_CURVE('',#1073,#1072,#895,.T.);
#1343=EDGE_CURVE('',#1026,#1073,#679,.T.);
#1344=EDGE_CURVE('',#1050,#1073,#680,.T.);
#1345=ORIENTED_EDGE('',*,*,#1074,.F.);
#1346=ORIENTED_EDGE('',*,*,#1075,.T.);
#1347=ORIENTED_EDGE('',*,*,#1076,.T.);
#1348=ORIENTED_EDGE('',*,*,#1075,.F.);
#1349=ORIENTED_EDGE('',*,*,#1076,.F.);
#1350=ORIENTED_EDGE('',*,*,#1077,.T.);
#1351=ORIENTED_EDGE('',*,*,#1078,.F.);
#1352=ORIENTED_EDGE('',*,*,#1079,.T.);
#1353=ORIENTED_EDGE('',*,*,#1080,.T.);
#1354=ORIENTED_EDGE('',*,*,#1081,.T.);
#1355=ORIENTED_EDGE('',*,*,#1082,.F.);
#1356=ORIENTED_EDGE('',*,*,#1083,.T.);
#1357=ORIENTED_EDGE('',*,*,#1078,.T.);
#1358=ORIENTED_EDGE('',*,*,#1084,.T.);
#1359=ORIENTED_EDGE('',*,*,#1085,.F.);
#1360=ORIENTED_EDGE('',*,*,#1086,.T.);
#1361=ORIENTED_EDGE('',*,*,#1082,.T.);
#1362=ORIENTED_EDGE('',*,*,#1087,.T.);
#1363=ORIENTED_EDGE('',*,*,#1080,.F.);
#1364=ORIENTED_EDGE('',*,*,#1088,.T.);
#1365=ORIENTED_EDGE('',*,*,#1085,.T.);
#1366=ORIENTED_EDGE('',*,*,#1077,.F.);
#1367=ORIENTED_EDGE('',*,*,#1087,.F.);
#1368=ORIENTED_EDGE('',*,*,#1084,.F.);
#1369=ORIENTED_EDGE('',*,*,#1081,.F.);
#1370=ORIENTED_EDGE('',*,*,#1089,.F.);
#1371=ORIENTED_EDGE('',*,*,#1090,.T.);
#1372=ORIENTED_EDGE('',*,*,#1083,.F.);
#1373=ORIENTED_EDGE('',*,*,#1091,.F.);
#1374=ORIENTED_EDGE('',*,*,#1092,.F.);
#1375=ORIENTED_EDGE('',*,*,#1091,.T.);
#1376=ORIENTED_EDGE('',*,*,#1086,.F.);
#1377=ORIENTED_EDGE('',*,*,#1093,.F.);
#1378=ORIENTED_EDGE('',*,*,#1094,.F.);
#1379=ORIENTED_EDGE('',*,*,#1093,.T.);
#1380=ORIENTED_EDGE('',*,*,#1088,.F.);
#1381=ORIENTED_EDGE('',*,*,#1095,.F.);
#1382=ORIENTED_EDGE('',*,*,#1096,.F.);
#1383=ORIENTED_EDGE('',*,*,#1095,.T.);
#1384=ORIENTED_EDGE('',*,*,#1079,.F.);
#1385=ORIENTED_EDGE('',*,*,#1090,.F.);
#1386=ORIENTED_EDGE('',*,*,#1097,.T.);
#1387=ORIENTED_EDGE('',*,*,#1098,.F.);
#1388=ORIENTED_EDGE('',*,*,#1094,.T.);
#1389=ORIENTED_EDGE('',*,*,#1099,.T.);
#1390=ORIENTED_EDGE('',*,*,#1100,.T.);
#1391=ORIENTED_EDGE('',*,*,#1101,.F.);
#1392=ORIENTED_EDGE('',*,*,#1092,.T.);
#1393=ORIENTED_EDGE('',*,*,#1098,.T.);
#1394=ORIENTED_EDGE('',*,*,#1102,.T.);
#1395=ORIENTED_EDGE('',*,*,#1103,.F.);
#1396=ORIENTED_EDGE('',*,*,#1089,.T.);
#1397=ORIENTED_EDGE('',*,*,#1101,.T.);
#1398=ORIENTED_EDGE('',*,*,#1104,.T.);
#1399=ORIENTED_EDGE('',*,*,#1099,.F.);
#1400=ORIENTED_EDGE('',*,*,#1096,.T.);
#1401=ORIENTED_EDGE('',*,*,#1103,.T.);
#1402=ORIENTED_EDGE('',*,*,#1097,.F.);
#1403=ORIENTED_EDGE('',*,*,#1104,.F.);
#1404=ORIENTED_EDGE('',*,*,#1102,.F.);
#1405=ORIENTED_EDGE('',*,*,#1100,.F.);
#1406=ORIENTED_EDGE('',*,*,#1074,.T.);
#1407=ORIENTED_EDGE('',*,*,#1105,.F.);
#1408=ORIENTED_EDGE('',*,*,#1106,.F.);
#1409=ORIENTED_EDGE('',*,*,#1107,.F.);
#1410=ORIENTED_EDGE('',*,*,#1108,.F.);
#1411=ORIENTED_EDGE('',*,*,#1109,.T.);
#1412=ORIENTED_EDGE('',*,*,#1108,.T.);
#1413=ORIENTED_EDGE('',*,*,#1110,.T.);
#1414=ORIENTED_EDGE('',*,*,#1111,.T.);
#1415=ORIENTED_EDGE('',*,*,#1110,.F.);
#1416=ORIENTED_EDGE('',*,*,#1107,.T.);
#1417=ORIENTED_EDGE('',*,*,#1112,.T.);
#1418=ORIENTED_EDGE('',*,*,#1113,.T.);
#1419=ORIENTED_EDGE('',*,*,#1112,.F.);
#1420=ORIENTED_EDGE('',*,*,#1106,.T.);
#1421=ORIENTED_EDGE('',*,*,#1114,.T.);
#1422=ORIENTED_EDGE('',*,*,#1115,.T.);
#1423=ORIENTED_EDGE('',*,*,#1114,.F.);
#1424=ORIENTED_EDGE('',*,*,#1105,.T.);
#1425=ORIENTED_EDGE('',*,*,#1109,.F.);
#1426=ORIENTED_EDGE('',*,*,#1116,.T.);
#1427=ORIENTED_EDGE('',*,*,#1116,.F.);
#1428=ORIENTED_EDGE('',*,*,#1111,.F.);
#1429=ORIENTED_EDGE('',*,*,#1113,.F.);
#1430=ORIENTED_EDGE('',*,*,#1115,.F.);
#1431=ORIENTED_EDGE('',*,*,#1117,.F.);
#1432=ORIENTED_EDGE('',*,*,#1118,.F.);
#1433=ORIENTED_EDGE('',*,*,#1119,.F.);
#1434=ORIENTED_EDGE('',*,*,#1120,.F.);
#1435=ORIENTED_EDGE('',*,*,#1121,.T.);
#1436=ORIENTED_EDGE('',*,*,#1120,.T.);
#1437=ORIENTED_EDGE('',*,*,#1122,.T.);
#1438=ORIENTED_EDGE('',*,*,#1123,.T.);
#1439=ORIENTED_EDGE('',*,*,#1122,.F.);
#1440=ORIENTED_EDGE('',*,*,#1119,.T.);
#1441=ORIENTED_EDGE('',*,*,#1124,.T.);
#1442=ORIENTED_EDGE('',*,*,#1125,.T.);
#1443=ORIENTED_EDGE('',*,*,#1124,.F.);
#1444=ORIENTED_EDGE('',*,*,#1118,.T.);
#1445=ORIENTED_EDGE('',*,*,#1126,.T.);
#1446=ORIENTED_EDGE('',*,*,#1127,.T.);
#1447=ORIENTED_EDGE('',*,*,#1126,.F.);
#1448=ORIENTED_EDGE('',*,*,#1117,.T.);
#1449=ORIENTED_EDGE('',*,*,#1121,.F.);
#1450=ORIENTED_EDGE('',*,*,#1128,.T.);
#1451=ORIENTED_EDGE('',*,*,#1128,.F.);
#1452=ORIENTED_EDGE('',*,*,#1123,.F.);
#1453=ORIENTED_EDGE('',*,*,#1125,.F.);
#1454=ORIENTED_EDGE('',*,*,#1127,.F.);
#1455=ORIENTED_EDGE('',*,*,#1129,.T.);
#1456=ORIENTED_EDGE('',*,*,#1130,.T.);
#1457=ORIENTED_EDGE('',*,*,#1131,.T.);
#1458=ORIENTED_EDGE('',*,*,#1132,.T.);
#1459=ORIENTED_EDGE('',*,*,#1133,.F.);
#1460=ORIENTED_EDGE('',*,*,#1134,.F.);
#1461=ORIENTED_EDGE('',*,*,#1135,.F.);
#1462=ORIENTED_EDGE('',*,*,#1130,.F.);
#1463=ORIENTED_EDGE('',*,*,#1135,.T.);
#1464=ORIENTED_EDGE('',*,*,#1136,.F.);
#1465=ORIENTED_EDGE('',*,*,#1137,.F.);
#1466=ORIENTED_EDGE('',*,*,#1131,.F.);
#1467=ORIENTED_EDGE('',*,*,#1137,.T.);
#1468=ORIENTED_EDGE('',*,*,#1138,.F.);
#1469=ORIENTED_EDGE('',*,*,#1139,.F.);
#1470=ORIENTED_EDGE('',*,*,#1132,.F.);
#1471=ORIENTED_EDGE('',*,*,#1139,.T.);
#1472=ORIENTED_EDGE('',*,*,#1140,.F.);
#1473=ORIENTED_EDGE('',*,*,#1133,.T.);
#1474=ORIENTED_EDGE('',*,*,#1129,.F.);
#1475=ORIENTED_EDGE('',*,*,#1140,.T.);
#1476=ORIENTED_EDGE('',*,*,#1138,.T.);
#1477=ORIENTED_EDGE('',*,*,#1136,.T.);
#1478=ORIENTED_EDGE('',*,*,#1134,.T.);
#1479=ORIENTED_EDGE('',*,*,#1141,.T.);
#1480=ORIENTED_EDGE('',*,*,#1142,.T.);
#1481=ORIENTED_EDGE('',*,*,#1143,.T.);
#1482=ORIENTED_EDGE('',*,*,#1144,.T.);
#1483=ORIENTED_EDGE('',*,*,#1145,.F.);
#1484=ORIENTED_EDGE('',*,*,#1146,.F.);
#1485=ORIENTED_EDGE('',*,*,#1147,.F.);
#1486=ORIENTED_EDGE('',*,*,#1142,.F.);
#1487=ORIENTED_EDGE('',*,*,#1147,.T.);
#1488=ORIENTED_EDGE('',*,*,#1148,.F.);
#1489=ORIENTED_EDGE('',*,*,#1149,.F.);
#1490=ORIENTED_EDGE('',*,*,#1143,.F.);
#1491=ORIENTED_EDGE('',*,*,#1149,.T.);
#1492=ORIENTED_EDGE('',*,*,#1150,.F.);
#1493=ORIENTED_EDGE('',*,*,#1151,.F.);
#1494=ORIENTED_EDGE('',*,*,#1144,.F.);
#1495=ORIENTED_EDGE('',*,*,#1151,.T.);
#1496=ORIENTED_EDGE('',*,*,#1152,.F.);
#1497=ORIENTED_EDGE('',*,*,#1145,.T.);
#1498=ORIENTED_EDGE('',*,*,#1141,.F.);
#1499=ORIENTED_EDGE('',*,*,#1152,.T.);
#1500=ORIENTED_EDGE('',*,*,#1150,.T.);
#1501=ORIENTED_EDGE('',*,*,#1148,.T.);
#1502=ORIENTED_EDGE('',*,*,#1146,.T.);
#1503=ORIENTED_EDGE('',*,*,#1153,.T.);
#1504=ORIENTED_EDGE('',*,*,#1154,.T.);
#1505=ORIENTED_EDGE('',*,*,#1155,.T.);
#1506=ORIENTED_EDGE('',*,*,#1156,.T.);
#1507=ORIENTED_EDGE('',*,*,#1157,.F.);
#1508=ORIENTED_EDGE('',*,*,#1158,.F.);
#1509=ORIENTED_EDGE('',*,*,#1159,.F.);
#1510=ORIENTED_EDGE('',*,*,#1154,.F.);
#1511=ORIENTED_EDGE('',*,*,#1159,.T.);
#1512=ORIENTED_EDGE('',*,*,#1160,.F.);
#1513=ORIENTED_EDGE('',*,*,#1161,.F.);
#1514=ORIENTED_EDGE('',*,*,#1155,.F.);
#1515=ORIENTED_EDGE('',*,*,#1161,.T.);
#1516=ORIENTED_EDGE('',*,*,#1162,.F.);
#1517=ORIENTED_EDGE('',*,*,#1163,.F.);
#1518=ORIENTED_EDGE('',*,*,#1156,.F.);
#1519=ORIENTED_EDGE('',*,*,#1163,.T.);
#1520=ORIENTED_EDGE('',*,*,#1164,.F.);
#1521=ORIENTED_EDGE('',*,*,#1157,.T.);
#1522=ORIENTED_EDGE('',*,*,#1153,.F.);
#1523=ORIENTED_EDGE('',*,*,#1164,.T.);
#1524=ORIENTED_EDGE('',*,*,#1162,.T.);
#1525=ORIENTED_EDGE('',*,*,#1160,.T.);
#1526=ORIENTED_EDGE('',*,*,#1158,.T.);
#1527=ORIENTED_EDGE('',*,*,#1165,.T.);
#1528=ORIENTED_EDGE('',*,*,#1166,.T.);
#1529=ORIENTED_EDGE('',*,*,#1167,.T.);
#1530=ORIENTED_EDGE('',*,*,#1168,.T.);
#1531=ORIENTED_EDGE('',*,*,#1169,.F.);
#1532=ORIENTED_EDGE('',*,*,#1170,.F.);
#1533=ORIENTED_EDGE('',*,*,#1171,.F.);
#1534=ORIENTED_EDGE('',*,*,#1166,.F.);
#1535=ORIENTED_EDGE('',*,*,#1171,.T.);
#1536=ORIENTED_EDGE('',*,*,#1172,.F.);
#1537=ORIENTED_EDGE('',*,*,#1173,.F.);
#1538=ORIENTED_EDGE('',*,*,#1167,.F.);
#1539=ORIENTED_EDGE('',*,*,#1173,.T.);
#1540=ORIENTED_EDGE('',*,*,#1174,.F.);
#1541=ORIENTED_EDGE('',*,*,#1175,.F.);
#1542=ORIENTED_EDGE('',*,*,#1168,.F.);
#1543=ORIENTED_EDGE('',*,*,#1175,.T.);
#1544=ORIENTED_EDGE('',*,*,#1176,.F.);
#1545=ORIENTED_EDGE('',*,*,#1169,.T.);
#1546=ORIENTED_EDGE('',*,*,#1165,.F.);
#1547=ORIENTED_EDGE('',*,*,#1176,.T.);
#1548=ORIENTED_EDGE('',*,*,#1174,.T.);
#1549=ORIENTED_EDGE('',*,*,#1172,.T.);
#1550=ORIENTED_EDGE('',*,*,#1170,.T.);
#1551=ORIENTED_EDGE('',*,*,#1177,.T.);
#1552=ORIENTED_EDGE('',*,*,#1178,.T.);
#1553=ORIENTED_EDGE('',*,*,#1179,.T.);
#1554=ORIENTED_EDGE('',*,*,#1180,.T.);
#1555=ORIENTED_EDGE('',*,*,#1181,.F.);
#1556=ORIENTED_EDGE('',*,*,#1182,.F.);
#1557=ORIENTED_EDGE('',*,*,#1183,.F.);
#1558=ORIENTED_EDGE('',*,*,#1178,.F.);
#1559=ORIENTED_EDGE('',*,*,#1183,.T.);
#1560=ORIENTED_EDGE('',*,*,#1184,.F.);
#1561=ORIENTED_EDGE('',*,*,#1185,.F.);
#1562=ORIENTED_EDGE('',*,*,#1179,.F.);
#1563=ORIENTED_EDGE('',*,*,#1185,.T.);
#1564=ORIENTED_EDGE('',*,*,#1186,.F.);
#1565=ORIENTED_EDGE('',*,*,#1187,.F.);
#1566=ORIENTED_EDGE('',*,*,#1180,.F.);
#1567=ORIENTED_EDGE('',*,*,#1187,.T.);
#1568=ORIENTED_EDGE('',*,*,#1188,.F.);
#1569=ORIENTED_EDGE('',*,*,#1181,.T.);
#1570=ORIENTED_EDGE('',*,*,#1177,.F.);
#1571=ORIENTED_EDGE('',*,*,#1188,.T.);
#1572=ORIENTED_EDGE('',*,*,#1186,.T.);
#1573=ORIENTED_EDGE('',*,*,#1184,.T.);
#1574=ORIENTED_EDGE('',*,*,#1182,.T.);
#1575=ORIENTED_EDGE('',*,*,#1189,.T.);
#1576=ORIENTED_EDGE('',*,*,#1190,.T.);
#1577=ORIENTED_EDGE('',*,*,#1191,.T.);
#1578=ORIENTED_EDGE('',*,*,#1192,.T.);
#1579=ORIENTED_EDGE('',*,*,#1193,.F.);
#1580=ORIENTED_EDGE('',*,*,#1194,.F.);
#1581=ORIENTED_EDGE('',*,*,#1195,.F.);
#1582=ORIENTED_EDGE('',*,*,#1190,.F.);
#1583=ORIENTED_EDGE('',*,*,#1195,.T.);
#1584=ORIENTED_EDGE('',*,*,#1196,.F.);
#1585=ORIENTED_EDGE('',*,*,#1197,.F.);
#1586=ORIENTED_EDGE('',*,*,#1191,.F.);
#1587=ORIENTED_EDGE('',*,*,#1197,.T.);
#1588=ORIENTED_EDGE('',*,*,#1198,.F.);
#1589=ORIENTED_EDGE('',*,*,#1199,.F.);
#1590=ORIENTED_EDGE('',*,*,#1192,.F.);
#1591=ORIENTED_EDGE('',*,*,#1199,.T.);
#1592=ORIENTED_EDGE('',*,*,#1200,.F.);
#1593=ORIENTED_EDGE('',*,*,#1193,.T.);
#1594=ORIENTED_EDGE('',*,*,#1189,.F.);
#1595=ORIENTED_EDGE('',*,*,#1200,.T.);
#1596=ORIENTED_EDGE('',*,*,#1198,.T.);
#1597=ORIENTED_EDGE('',*,*,#1196,.T.);
#1598=ORIENTED_EDGE('',*,*,#1194,.T.);
#1599=ORIENTED_EDGE('',*,*,#1201,.T.);
#1600=ORIENTED_EDGE('',*,*,#1202,.T.);
#1601=ORIENTED_EDGE('',*,*,#1203,.T.);
#1602=ORIENTED_EDGE('',*,*,#1204,.T.);
#1603=ORIENTED_EDGE('',*,*,#1205,.F.);
#1604=ORIENTED_EDGE('',*,*,#1206,.F.);
#1605=ORIENTED_EDGE('',*,*,#1207,.F.);
#1606=ORIENTED_EDGE('',*,*,#1202,.F.);
#1607=ORIENTED_EDGE('',*,*,#1207,.T.);
#1608=ORIENTED_EDGE('',*,*,#1208,.F.);
#1609=ORIENTED_EDGE('',*,*,#1209,.F.);
#1610=ORIENTED_EDGE('',*,*,#1203,.F.);
#1611=ORIENTED_EDGE('',*,*,#1209,.T.);
#1612=ORIENTED_EDGE('',*,*,#1210,.F.);
#1613=ORIENTED_EDGE('',*,*,#1211,.F.);
#1614=ORIENTED_EDGE('',*,*,#1204,.F.);
#1615=ORIENTED_EDGE('',*,*,#1211,.T.);
#1616=ORIENTED_EDGE('',*,*,#1212,.F.);
#1617=ORIENTED_EDGE('',*,*,#1205,.T.);
#1618=ORIENTED_EDGE('',*,*,#1201,.F.);
#1619=ORIENTED_EDGE('',*,*,#1212,.T.);
#1620=ORIENTED_EDGE('',*,*,#1210,.T.);
#1621=ORIENTED_EDGE('',*,*,#1208,.T.);
#1622=ORIENTED_EDGE('',*,*,#1206,.T.);
#1623=ORIENTED_EDGE('',*,*,#1213,.F.);
#1624=ORIENTED_EDGE('',*,*,#1214,.F.);
#1625=ORIENTED_EDGE('',*,*,#1215,.F.);
#1626=ORIENTED_EDGE('',*,*,#1216,.F.);
#1627=ORIENTED_EDGE('',*,*,#1217,.T.);
#1628=ORIENTED_EDGE('',*,*,#1216,.T.);
#1629=ORIENTED_EDGE('',*,*,#1218,.T.);
#1630=ORIENTED_EDGE('',*,*,#1219,.T.);
#1631=ORIENTED_EDGE('',*,*,#1218,.F.);
#1632=ORIENTED_EDGE('',*,*,#1215,.T.);
#1633=ORIENTED_EDGE('',*,*,#1220,.T.);
#1634=ORIENTED_EDGE('',*,*,#1221,.T.);
#1635=ORIENTED_EDGE('',*,*,#1220,.F.);
#1636=ORIENTED_EDGE('',*,*,#1214,.T.);
#1637=ORIENTED_EDGE('',*,*,#1222,.T.);
#1638=ORIENTED_EDGE('',*,*,#1223,.T.);
#1639=ORIENTED_EDGE('',*,*,#1222,.F.);
#1640=ORIENTED_EDGE('',*,*,#1213,.T.);
#1641=ORIENTED_EDGE('',*,*,#1217,.F.);
#1642=ORIENTED_EDGE('',*,*,#1224,.T.);
#1643=ORIENTED_EDGE('',*,*,#1224,.F.);
#1644=ORIENTED_EDGE('',*,*,#1219,.F.);
#1645=ORIENTED_EDGE('',*,*,#1221,.F.);
#1646=ORIENTED_EDGE('',*,*,#1223,.F.);
#1647=ORIENTED_EDGE('',*,*,#1225,.F.);
#1648=ORIENTED_EDGE('',*,*,#1226,.F.);
#1649=ORIENTED_EDGE('',*,*,#1227,.F.);
#1650=ORIENTED_EDGE('',*,*,#1228,.F.);
#1651=ORIENTED_EDGE('',*,*,#1229,.T.);
#1652=ORIENTED_EDGE('',*,*,#1228,.T.);
#1653=ORIENTED_EDGE('',*,*,#1230,.T.);
#1654=ORIENTED_EDGE('',*,*,#1231,.T.);
#1655=ORIENTED_EDGE('',*,*,#1230,.F.);
#1656=ORIENTED_EDGE('',*,*,#1227,.T.);
#1657=ORIENTED_EDGE('',*,*,#1232,.T.);
#1658=ORIENTED_EDGE('',*,*,#1233,.T.);
#1659=ORIENTED_EDGE('',*,*,#1232,.F.);
#1660=ORIENTED_EDGE('',*,*,#1226,.T.);
#1661=ORIENTED_EDGE('',*,*,#1234,.T.);
#1662=ORIENTED_EDGE('',*,*,#1235,.T.);
#1663=ORIENTED_EDGE('',*,*,#1234,.F.);
#1664=ORIENTED_EDGE('',*,*,#1225,.T.);
#1665=ORIENTED_EDGE('',*,*,#1229,.F.);
#1666=ORIENTED_EDGE('',*,*,#1236,.T.);
#1667=ORIENTED_EDGE('',*,*,#1236,.F.);
#1668=ORIENTED_EDGE('',*,*,#1231,.F.);
#1669=ORIENTED_EDGE('',*,*,#1233,.F.);
#1670=ORIENTED_EDGE('',*,*,#1235,.F.);
#1671=ORIENTED_EDGE('',*,*,#1237,.F.);
#1672=ORIENTED_EDGE('',*,*,#1238,.F.);
#1673=ORIENTED_EDGE('',*,*,#1239,.F.);
#1674=ORIENTED_EDGE('',*,*,#1240,.F.);
#1675=ORIENTED_EDGE('',*,*,#1241,.T.);
#1676=ORIENTED_EDGE('',*,*,#1240,.T.);
#1677=ORIENTED_EDGE('',*,*,#1242,.T.);
#1678=ORIENTED_EDGE('',*,*,#1243,.T.);
#1679=ORIENTED_EDGE('',*,*,#1242,.F.);
#1680=ORIENTED_EDGE('',*,*,#1239,.T.);
#1681=ORIENTED_EDGE('',*,*,#1244,.T.);
#1682=ORIENTED_EDGE('',*,*,#1245,.T.);
#1683=ORIENTED_EDGE('',*,*,#1244,.F.);
#1684=ORIENTED_EDGE('',*,*,#1238,.T.);
#1685=ORIENTED_EDGE('',*,*,#1246,.T.);
#1686=ORIENTED_EDGE('',*,*,#1247,.T.);
#1687=ORIENTED_EDGE('',*,*,#1246,.F.);
#1688=ORIENTED_EDGE('',*,*,#1237,.T.);
#1689=ORIENTED_EDGE('',*,*,#1241,.F.);
#1690=ORIENTED_EDGE('',*,*,#1248,.T.);
#1691=ORIENTED_EDGE('',*,*,#1248,.F.);
#1692=ORIENTED_EDGE('',*,*,#1243,.F.);
#1693=ORIENTED_EDGE('',*,*,#1245,.F.);
#1694=ORIENTED_EDGE('',*,*,#1247,.F.);
#1695=ORIENTED_EDGE('',*,*,#1249,.F.);
#1696=ORIENTED_EDGE('',*,*,#1250,.F.);
#1697=ORIENTED_EDGE('',*,*,#1251,.F.);
#1698=ORIENTED_EDGE('',*,*,#1252,.F.);
#1699=ORIENTED_EDGE('',*,*,#1253,.T.);
#1700=ORIENTED_EDGE('',*,*,#1252,.T.);
#1701=ORIENTED_EDGE('',*,*,#1254,.T.);
#1702=ORIENTED_EDGE('',*,*,#1255,.T.);
#1703=ORIENTED_EDGE('',*,*,#1254,.F.);
#1704=ORIENTED_EDGE('',*,*,#1251,.T.);
#1705=ORIENTED_EDGE('',*,*,#1256,.T.);
#1706=ORIENTED_EDGE('',*,*,#1257,.T.);
#1707=ORIENTED_EDGE('',*,*,#1256,.F.);
#1708=ORIENTED_EDGE('',*,*,#1250,.T.);
#1709=ORIENTED_EDGE('',*,*,#1258,.T.);
#1710=ORIENTED_EDGE('',*,*,#1259,.T.);
#1711=ORIENTED_EDGE('',*,*,#1258,.F.);
#1712=ORIENTED_EDGE('',*,*,#1249,.T.);
#1713=ORIENTED_EDGE('',*,*,#1253,.F.);
#1714=ORIENTED_EDGE('',*,*,#1260,.T.);
#1715=ORIENTED_EDGE('',*,*,#1260,.F.);
#1716=ORIENTED_EDGE('',*,*,#1255,.F.);
#1717=ORIENTED_EDGE('',*,*,#1257,.F.);
#1718=ORIENTED_EDGE('',*,*,#1259,.F.);
#1719=ORIENTED_EDGE('',*,*,#1261,.F.);
#1720=ORIENTED_EDGE('',*,*,#1262,.F.);
#1721=ORIENTED_EDGE('',*,*,#1263,.F.);
#1722=ORIENTED_EDGE('',*,*,#1264,.F.);
#1723=ORIENTED_EDGE('',*,*,#1265,.T.);
#1724=ORIENTED_EDGE('',*,*,#1264,.T.);
#1725=ORIENTED_EDGE('',*,*,#1266,.T.);
#1726=ORIENTED_EDGE('',*,*,#1267,.T.);
#1727=ORIENTED_EDGE('',*,*,#1266,.F.);
#1728=ORIENTED_EDGE('',*,*,#1263,.T.);
#1729=ORIENTED_EDGE('',*,*,#1268,.T.);
#1730=ORIENTED_EDGE('',*,*,#1269,.T.);
#1731=ORIENTED_EDGE('',*,*,#1268,.F.);
#1732=ORIENTED_EDGE('',*,*,#1262,.T.);
#1733=ORIENTED_EDGE('',*,*,#1270,.T.);
#1734=ORIENTED_EDGE('',*,*,#1271,.T.);
#1735=ORIENTED_EDGE('',*,*,#1270,.F.);
#1736=ORIENTED_EDGE('',*,*,#1261,.T.);
#1737=ORIENTED_EDGE('',*,*,#1265,.F.);
#1738=ORIENTED_EDGE('',*,*,#1272,.T.);
#1739=ORIENTED_EDGE('',*,*,#1272,.F.);
#1740=ORIENTED_EDGE('',*,*,#1267,.F.);
#1741=ORIENTED_EDGE('',*,*,#1269,.F.);
#1742=ORIENTED_EDGE('',*,*,#1271,.F.);
#1743=ORIENTED_EDGE('',*,*,#1273,.T.);
#1744=ORIENTED_EDGE('',*,*,#1274,.T.);
#1745=ORIENTED_EDGE('',*,*,#1275,.T.);
#1746=ORIENTED_EDGE('',*,*,#1276,.T.);
#1747=ORIENTED_EDGE('',*,*,#1277,.T.);
#1748=ORIENTED_EDGE('',*,*,#1278,.T.);
#1749=ORIENTED_EDGE('',*,*,#1279,.T.);
#1750=ORIENTED_EDGE('',*,*,#1280,.T.);
#1751=ORIENTED_EDGE('',*,*,#1281,.T.);
#1752=ORIENTED_EDGE('',*,*,#1282,.T.);
#1753=ORIENTED_EDGE('',*,*,#1283,.T.);
#1754=ORIENTED_EDGE('',*,*,#1284,.T.);
#1755=ORIENTED_EDGE('',*,*,#1285,.T.);
#1756=ORIENTED_EDGE('',*,*,#1286,.T.);
#1757=ORIENTED_EDGE('',*,*,#1287,.T.);
#1758=ORIENTED_EDGE('',*,*,#1288,.T.);
#1759=ORIENTED_EDGE('',*,*,#1289,.T.);
#1760=ORIENTED_EDGE('',*,*,#1290,.T.);
#1761=ORIENTED_EDGE('',*,*,#1291,.T.);
#1762=ORIENTED_EDGE('',*,*,#1292,.T.);
#1763=ORIENTED_EDGE('',*,*,#1293,.T.);
#1764=ORIENTED_EDGE('',*,*,#1294,.T.);
#1765=ORIENTED_EDGE('',*,*,#1295,.T.);
#1766=ORIENTED_EDGE('',*,*,#1296,.T.);
#1767=ORIENTED_EDGE('',*,*,#1297,.F.);
#1768=ORIENTED_EDGE('',*,*,#1298,.F.);
#1769=ORIENTED_EDGE('',*,*,#1299,.F.);
#1770=ORIENTED_EDGE('',*,*,#1274,.F.);
#1771=ORIENTED_EDGE('',*,*,#1299,.T.);
#1772=ORIENTED_EDGE('',*,*,#1300,.F.);
#1773=ORIENTED_EDGE('',*,*,#1301,.F.);
#1774=ORIENTED_EDGE('',*,*,#1275,.F.);
#1775=ORIENTED_EDGE('',*,*,#1301,.T.);
#1776=ORIENTED_EDGE('',*,*,#1302,.F.);
#1777=ORIENTED_EDGE('',*,*,#1303,.F.);
#1778=ORIENTED_EDGE('',*,*,#1276,.F.);
#1779=ORIENTED_EDGE('',*,*,#1303,.T.);
#1780=ORIENTED_EDGE('',*,*,#1304,.F.);
#1781=ORIENTED_EDGE('',*,*,#1305,.F.);
#1782=ORIENTED_EDGE('',*,*,#1277,.F.);
#1783=ORIENTED_EDGE('',*,*,#1305,.T.);
#1784=ORIENTED_EDGE('',*,*,#1306,.F.);
#1785=ORIENTED_EDGE('',*,*,#1307,.F.);
#1786=ORIENTED_EDGE('',*,*,#1278,.F.);
#1787=ORIENTED_EDGE('',*,*,#1307,.T.);
#1788=ORIENTED_EDGE('',*,*,#1308,.F.);
#1789=ORIENTED_EDGE('',*,*,#1309,.F.);
#1790=ORIENTED_EDGE('',*,*,#1279,.F.);
#1791=ORIENTED_EDGE('',*,*,#1309,.T.);
#1792=ORIENTED_EDGE('',*,*,#1310,.F.);
#1793=ORIENTED_EDGE('',*,*,#1311,.F.);
#1794=ORIENTED_EDGE('',*,*,#1280,.F.);
#1795=ORIENTED_EDGE('',*,*,#1311,.T.);
#1796=ORIENTED_EDGE('',*,*,#1312,.F.);
#1797=ORIENTED_EDGE('',*,*,#1313,.F.);
#1798=ORIENTED_EDGE('',*,*,#1281,.F.);
#1799=ORIENTED_EDGE('',*,*,#1313,.T.);
#1800=ORIENTED_EDGE('',*,*,#1314,.F.);
#1801=ORIENTED_EDGE('',*,*,#1315,.F.);
#1802=ORIENTED_EDGE('',*,*,#1282,.F.);
#1803=ORIENTED_EDGE('',*,*,#1315,.T.);
#1804=ORIENTED_EDGE('',*,*,#1316,.F.);
#1805=ORIENTED_EDGE('',*,*,#1317,.F.);
#1806=ORIENTED_EDGE('',*,*,#1283,.F.);
#1807=ORIENTED_EDGE('',*,*,#1317,.T.);
#1808=ORIENTED_EDGE('',*,*,#1318,.F.);
#1809=ORIENTED_EDGE('',*,*,#1319,.F.);
#1810=ORIENTED_EDGE('',*,*,#1284,.F.);
#1811=ORIENTED_EDGE('',*,*,#1319,.T.);
#1812=ORIENTED_EDGE('',*,*,#1320,.F.);
#1813=ORIENTED_EDGE('',*,*,#1321,.F.);
#1814=ORIENTED_EDGE('',*,*,#1285,.F.);
#1815=ORIENTED_EDGE('',*,*,#1321,.T.);
#1816=ORIENTED_EDGE('',*,*,#1322,.F.);
#1817=ORIENTED_EDGE('',*,*,#1323,.F.);
#1818=ORIENTED_EDGE('',*,*,#1286,.F.);
#1819=ORIENTED_EDGE('',*,*,#1323,.T.);
#1820=ORIENTED_EDGE('',*,*,#1324,.F.);
#1821=ORIENTED_EDGE('',*,*,#1325,.F.);
#1822=ORIENTED_EDGE('',*,*,#1287,.F.);
#1823=ORIENTED_EDGE('',*,*,#1325,.T.);
#1824=ORIENTED_EDGE('',*,*,#1326,.F.);
#1825=ORIENTED_EDGE('',*,*,#1327,.F.);
#1826=ORIENTED_EDGE('',*,*,#1288,.F.);
#1827=ORIENTED_EDGE('',*,*,#1327,.T.);
#1828=ORIENTED_EDGE('',*,*,#1328,.F.);
#1829=ORIENTED_EDGE('',*,*,#1329,.F.);
#1830=ORIENTED_EDGE('',*,*,#1289,.F.);
#1831=ORIENTED_EDGE('',*,*,#1329,.T.);
#1832=ORIENTED_EDGE('',*,*,#1330,.F.);
#1833=ORIENTED_EDGE('',*,*,#1331,.F.);
#1834=ORIENTED_EDGE('',*,*,#1290,.F.);
#1835=ORIENTED_EDGE('',*,*,#1331,.T.);
#1836=ORIENTED_EDGE('',*,*,#1332,.F.);
#1837=ORIENTED_EDGE('',*,*,#1333,.F.);
#1838=ORIENTED_EDGE('',*,*,#1291,.F.);
#1839=ORIENTED_EDGE('',*,*,#1333,.T.);
#1840=ORIENTED_EDGE('',*,*,#1334,.F.);
#1841=ORIENTED_EDGE('',*,*,#1335,.F.);
#1842=ORIENTED_EDGE('',*,*,#1292,.F.);
#1843=ORIENTED_EDGE('',*,*,#1335,.T.);
#1844=ORIENTED_EDGE('',*,*,#1336,.F.);
#1845=ORIENTED_EDGE('',*,*,#1337,.F.);
#1846=ORIENTED_EDGE('',*,*,#1293,.F.);
#1847=ORIENTED_EDGE('',*,*,#1337,.T.);
#1848=ORIENTED_EDGE('',*,*,#1338,.F.);
#1849=ORIENTED_EDGE('',*,*,#1339,.F.);
#1850=ORIENTED_EDGE('',*,*,#1294,.F.);
#1851=ORIENTED_EDGE('',*,*,#1339,.T.);
#1852=ORIENTED_EDGE('',*,*,#1340,.F.);
#1853=ORIENTED_EDGE('',*,*,#1341,.F.);
#1854=ORIENTED_EDGE('',*,*,#1295,.F.);
#1855=ORIENTED_EDGE('',*,*,#1341,.T.);
#1856=ORIENTED_EDGE('',*,*,#1342,.F.);
#1857=ORIENTED_EDGE('',*,*,#1343,.F.);
#1858=ORIENTED_EDGE('',*,*,#1296,.F.);
#1859=ORIENTED_EDGE('',*,*,#1343,.T.);
#1860=ORIENTED_EDGE('',*,*,#1344,.F.);
#1861=ORIENTED_EDGE('',*,*,#1297,.T.);
#1862=ORIENTED_EDGE('',*,*,#1273,.F.);
#1863=ORIENTED_EDGE('',*,*,#1344,.T.);
#1864=ORIENTED_EDGE('',*,*,#1342,.T.);
#1865=ORIENTED_EDGE('',*,*,#1340,.T.);
#1866=ORIENTED_EDGE('',*,*,#1338,.T.);
#1867=ORIENTED_EDGE('',*,*,#1336,.T.);
#1868=ORIENTED_EDGE('',*,*,#1334,.T.);
#1869=ORIENTED_EDGE('',*,*,#1332,.T.);
#1870=ORIENTED_EDGE('',*,*,#1330,.T.);
#1871=ORIENTED_EDGE('',*,*,#1328,.T.);
#1872=ORIENTED_EDGE('',*,*,#1326,.T.);
#1873=ORIENTED_EDGE('',*,*,#1324,.T.);
#1874=ORIENTED_EDGE('',*,*,#1322,.T.);
#1875=ORIENTED_EDGE('',*,*,#1320,.T.);
#1876=ORIENTED_EDGE('',*,*,#1318,.T.);
#1877=ORIENTED_EDGE('',*,*,#1316,.T.);
#1878=ORIENTED_EDGE('',*,*,#1314,.T.);
#1879=ORIENTED_EDGE('',*,*,#1312,.T.);
#1880=ORIENTED_EDGE('',*,*,#1310,.T.);
#1881=ORIENTED_EDGE('',*,*,#1308,.T.);
#1882=ORIENTED_EDGE('',*,*,#1306,.T.);
#1883=ORIENTED_EDGE('',*,*,#1304,.T.);
#1884=ORIENTED_EDGE('',*,*,#1302,.T.);
#1885=ORIENTED_EDGE('',*,*,#1300,.T.);
#1886=ORIENTED_EDGE('',*,*,#1298,.T.);
#1887=CYLINDRICAL_SURFACE('',#2056,0.3925);
#1888=CYLINDRICAL_SURFACE('',#2135,0.2);
#1889=CYLINDRICAL_SURFACE('',#2146,0.200000000000001);
#1890=CYLINDRICAL_SURFACE('',#2149,0.2);
#1891=CYLINDRICAL_SURFACE('',#2160,0.2);
#1892=ADVANCED_FACE('',(#223),#1887,.F.);
#1893=ADVANCED_FACE('',(#224),#130,.T.);
#1894=ADVANCED_FACE('',(#225),#131,.T.);
#1895=ADVANCED_FACE('',(#226),#132,.T.);
#1896=ADVANCED_FACE('',(#227),#133,.T.);
#1897=ADVANCED_FACE('',(#228),#134,.T.);
#1898=ADVANCED_FACE('',(#229),#135,.T.);
#1899=ADVANCED_FACE('',(#230),#136,.T.);
#1900=ADVANCED_FACE('',(#231),#137,.T.);
#1901=ADVANCED_FACE('',(#232),#138,.T.);
#1902=ADVANCED_FACE('',(#233),#139,.T.);
#1903=ADVANCED_FACE('',(#234),#140,.T.);
#1904=ADVANCED_FACE('',(#235),#141,.T.);
#1905=ADVANCED_FACE('',(#236),#142,.T.);
#1906=ADVANCED_FACE('',(#237),#143,.T.);
#1907=ADVANCED_FACE('',(#238,#129),#144,.T.);
#1908=ADVANCED_FACE('',(#239),#145,.T.);
#1909=ADVANCED_FACE('',(#240),#146,.F.);
#1910=ADVANCED_FACE('',(#241),#13,.F.);
#1911=ADVANCED_FACE('',(#242),#147,.F.);
#1912=ADVANCED_FACE('',(#243),#14,.F.);
#1913=ADVANCED_FACE('',(#244),#148,.F.);
#1914=ADVANCED_FACE('',(#245),#149,.T.);
#1915=ADVANCED_FACE('',(#246),#150,.F.);
#1916=ADVANCED_FACE('',(#247),#15,.F.);
#1917=ADVANCED_FACE('',(#248),#151,.F.);
#1918=ADVANCED_FACE('',(#249),#16,.F.);
#1919=ADVANCED_FACE('',(#250),#152,.F.);
#1920=ADVANCED_FACE('',(#251),#153,.F.);
#1921=ADVANCED_FACE('',(#252),#154,.T.);
#1922=ADVANCED_FACE('',(#253),#17,.T.);
#1923=ADVANCED_FACE('',(#254),#155,.T.);
#1924=ADVANCED_FACE('',(#255),#18,.T.);
#1925=ADVANCED_FACE('',(#256),#156,.T.);
#1926=ADVANCED_FACE('',(#257),#157,.F.);
#1927=ADVANCED_FACE('',(#258),#158,.T.);
#1928=ADVANCED_FACE('',(#259),#19,.T.);
#1929=ADVANCED_FACE('',(#260),#159,.T.);
#1930=ADVANCED_FACE('',(#261),#20,.T.);
#1931=ADVANCED_FACE('',(#262),#160,.T.);
#1932=ADVANCED_FACE('',(#263),#161,.F.);
#1933=ADVANCED_FACE('',(#264),#162,.T.);
#1934=ADVANCED_FACE('',(#265),#21,.T.);
#1935=ADVANCED_FACE('',(#266),#163,.T.);
#1936=ADVANCED_FACE('',(#267),#22,.T.);
#1937=ADVANCED_FACE('',(#268),#164,.T.);
#1938=ADVANCED_FACE('',(#269),#165,.F.);
#1939=ADVANCED_FACE('',(#270),#166,.T.);
#1940=ADVANCED_FACE('',(#271),#23,.T.);
#1941=ADVANCED_FACE('',(#272),#167,.T.);
#1942=ADVANCED_FACE('',(#273),#24,.T.);
#1943=ADVANCED_FACE('',(#274),#168,.T.);
#1944=ADVANCED_FACE('',(#275),#169,.F.);
#1945=ADVANCED_FACE('',(#276),#170,.T.);
#1946=ADVANCED_FACE('',(#277),#25,.T.);
#1947=ADVANCED_FACE('',(#278),#171,.T.);
#1948=ADVANCED_FACE('',(#279),#26,.T.);
#1949=ADVANCED_FACE('',(#280),#172,.T.);
#1950=ADVANCED_FACE('',(#281),#173,.F.);
#1951=ADVANCED_FACE('',(#282),#174,.T.);
#1952=ADVANCED_FACE('',(#283),#27,.T.);
#1953=ADVANCED_FACE('',(#284),#175,.T.);
#1954=ADVANCED_FACE('',(#285),#28,.T.);
#1955=ADVANCED_FACE('',(#286),#176,.T.);
#1956=ADVANCED_FACE('',(#287),#177,.F.);
#1957=ADVANCED_FACE('',(#288),#178,.T.);
#1958=ADVANCED_FACE('',(#289),#29,.T.);
#1959=ADVANCED_FACE('',(#290),#179,.T.);
#1960=ADVANCED_FACE('',(#291),#30,.T.);
#1961=ADVANCED_FACE('',(#292),#180,.T.);
#1962=ADVANCED_FACE('',(#293),#181,.T.);
#1963=ADVANCED_FACE('',(#294),#182,.F.);
#1964=ADVANCED_FACE('',(#295),#31,.F.);
#1965=ADVANCED_FACE('',(#296),#183,.F.);
#1966=ADVANCED_FACE('',(#297),#32,.F.);
#1967=ADVANCED_FACE('',(#298),#184,.F.);
#1968=ADVANCED_FACE('',(#299),#185,.T.);
#1969=ADVANCED_FACE('',(#300),#186,.F.);
#1970=ADVANCED_FACE('',(#301),#33,.F.);
#1971=ADVANCED_FACE('',(#302),#187,.F.);
#1972=ADVANCED_FACE('',(#303),#34,.F.);
#1973=ADVANCED_FACE('',(#304),#188,.F.);
#1974=ADVANCED_FACE('',(#305),#189,.T.);
#1975=ADVANCED_FACE('',(#306),#190,.F.);
#1976=ADVANCED_FACE('',(#307),#35,.F.);
#1977=ADVANCED_FACE('',(#308),#191,.F.);
#1978=ADVANCED_FACE('',(#309),#36,.F.);
#1979=ADVANCED_FACE('',(#310),#192,.F.);
#1980=ADVANCED_FACE('',(#311),#193,.T.);
#1981=ADVANCED_FACE('',(#312),#194,.F.);
#1982=ADVANCED_FACE('',(#313),#37,.F.);
#1983=ADVANCED_FACE('',(#314),#195,.F.);
#1984=ADVANCED_FACE('',(#315),#38,.F.);
#1985=ADVANCED_FACE('',(#316),#196,.F.);
#1986=ADVANCED_FACE('',(#317),#197,.T.);
#1987=ADVANCED_FACE('',(#318),#198,.F.);
#1988=ADVANCED_FACE('',(#319),#39,.F.);
#1989=ADVANCED_FACE('',(#320),#199,.F.);
#1990=ADVANCED_FACE('',(#321),#40,.F.);
#1991=ADVANCED_FACE('',(#322),#200,.F.);
#1992=ADVANCED_FACE('',(#323),#201,.F.);
#1993=ADVANCED_FACE('',(#324),#1888,.T.);
#1994=ADVANCED_FACE('',(#325),#202,.T.);
#1995=ADVANCED_FACE('',(#326),#203,.T.);
#1996=ADVANCED_FACE('',(#327),#204,.T.);
#1997=ADVANCED_FACE('',(#328),#205,.T.);
#1998=ADVANCED_FACE('',(#329),#206,.T.);
#1999=ADVANCED_FACE('',(#330),#207,.T.);
#2000=ADVANCED_FACE('',(#331),#208,.T.);
#2001=ADVANCED_FACE('',(#332),#209,.T.);
#2002=ADVANCED_FACE('',(#333),#210,.T.);
#2003=ADVANCED_FACE('',(#334),#1889,.T.);
#2004=ADVANCED_FACE('',(#335),#211,.T.);
#2005=ADVANCED_FACE('',(#336),#1890,.T.);
#2006=ADVANCED_FACE('',(#337),#212,.T.);
#2007=ADVANCED_FACE('',(#338),#213,.T.);
#2008=ADVANCED_FACE('',(#339),#214,.T.);
#2009=ADVANCED_FACE('',(#340),#215,.T.);
#2010=ADVANCED_FACE('',(#341),#216,.T.);
#2011=ADVANCED_FACE('',(#342),#217,.T.);
#2012=ADVANCED_FACE('',(#343),#218,.T.);
#2013=ADVANCED_FACE('',(#344),#219,.T.);
#2014=ADVANCED_FACE('',(#345),#220,.T.);
#2015=ADVANCED_FACE('',(#346),#1891,.T.);
#2016=ADVANCED_FACE('',(#347),#221,.T.);
#2017=ADVANCED_FACE('',(#348),#222,.T.);
#2018=CLOSED_SHELL('',(#1892,#1893,#1894,#1895,#1896,#1897,#1898,#1899,
#1900,#1901,#1902,#1903,#1904,#1905,#1906,#1907));
#2019=CLOSED_SHELL('',(#1908,#1909,#1910,#1911,#1912,#1913));
#2020=CLOSED_SHELL('',(#1914,#1915,#1916,#1917,#1918,#1919));
#2021=CLOSED_SHELL('',(#1920,#1921,#1922,#1923,#1924,#1925));
#2022=CLOSED_SHELL('',(#1926,#1927,#1928,#1929,#1930,#1931));
#2023=CLOSED_SHELL('',(#1932,#1933,#1934,#1935,#1936,#1937));
#2024=CLOSED_SHELL('',(#1938,#1939,#1940,#1941,#1942,#1943));
#2025=CLOSED_SHELL('',(#1944,#1945,#1946,#1947,#1948,#1949));
#2026=CLOSED_SHELL('',(#1950,#1951,#1952,#1953,#1954,#1955));
#2027=CLOSED_SHELL('',(#1956,#1957,#1958,#1959,#1960,#1961));
#2028=CLOSED_SHELL('',(#1962,#1963,#1964,#1965,#1966,#1967));
#2029=CLOSED_SHELL('',(#1968,#1969,#1970,#1971,#1972,#1973));
#2030=CLOSED_SHELL('',(#1974,#1975,#1976,#1977,#1978,#1979));
#2031=CLOSED_SHELL('',(#1980,#1981,#1982,#1983,#1984,#1985));
#2032=CLOSED_SHELL('',(#1986,#1987,#1988,#1989,#1990,#1991));
#2033=CLOSED_SHELL('',(#1992,#1993,#1994,#1995,#1996,#1997,#1998,#1999,
#2000,#2001,#2002,#2003,#2004,#2005,#2006,#2007,#2008,#2009,#2010,#2011,
#2012,#2013,#2014,#2015,#2016,#2017));
#2034=DERIVED_UNIT_ELEMENT(#2037,1.);
#2035=DERIVED_UNIT_ELEMENT(#3924,-3.);
#2036=DIMENSIONAL_EXPONENTS(0.,1.,0.,0.,0.,0.,0.);
#2037=(
CONVERSION_BASED_UNIT('gram',#2039)
MASS_UNIT()
NAMED_UNIT(#2036)
);
#2038=(
MASS_UNIT()
NAMED_UNIT(*)
SI_UNIT(.KILO.,.GRAM.)
);
#2039=MASS_MEASURE_WITH_UNIT(MASS_MEASURE(0.001),#2038);
#2040=DERIVED_UNIT((#2034,#2035));
#2041=MEASURE_REPRESENTATION_ITEM('density measure',
POSITIVE_RATIO_MEASURE(1.),#2040);
#2042=PROPERTY_DEFINITION_REPRESENTATION(#2047,#2044);
#2043=PROPERTY_DEFINITION_REPRESENTATION(#2048,#2045);
#2044=REPRESENTATION('material name',(#2046),#3921);
#2045=REPRESENTATION('density',(#2041),#3921);
#2046=DESCRIPTIVE_REPRESENTATION_ITEM('Generic','Generic');
#2047=PROPERTY_DEFINITION('material property','material name',#3931);
#2048=PROPERTY_DEFINITION('material property','density of part',#3931);
#2049=DATE_TIME_ROLE('creation_date');
#2050=APPLIED_DATE_AND_TIME_ASSIGNMENT(#2051,#2049,(#3931));
#2051=DATE_AND_TIME(#2052,#2053);
#2052=CALENDAR_DATE(2024,19,12);
#2053=LOCAL_TIME(0,0,0.,#2054);
#2054=COORDINATED_UNIVERSAL_TIME_OFFSET(0,0,.BEHIND.);
#2055=AXIS2_PLACEMENT_3D('',#2587,#2164,#2165);
#2056=AXIS2_PLACEMENT_3D('',#2588,#2166,#2167);
#2057=AXIS2_PLACEMENT_3D('',#2590,#2168,#2169);
#2058=AXIS2_PLACEMENT_3D('',#2593,#2171,#2172);
#2059=AXIS2_PLACEMENT_3D('',#2594,#2173,#2174);
#2060=AXIS2_PLACEMENT_3D('',#2595,#2175,#2176);
#2061=AXIS2_PLACEMENT_3D('',#2604,#2181,#2182);
#2062=AXIS2_PLACEMENT_3D('',#2610,#2186,#2187);
#2063=AXIS2_PLACEMENT_3D('',#2616,#2191,#2192);
#2064=AXIS2_PLACEMENT_3D('',#2619,#2195,#2196);
#2065=AXIS2_PLACEMENT_3D('',#2620,#2197,#2198);
#2066=AXIS2_PLACEMENT_3D('',#2626,#2202,#2203);
#2067=AXIS2_PLACEMENT_3D('',#2630,#2206,#2207);
#2068=AXIS2_PLACEMENT_3D('',#2634,#2210,#2211);
#2069=AXIS2_PLACEMENT_3D('',#2636,#2213,#2214);
#2070=AXIS2_PLACEMENT_3D('',#2642,#2218,#2219);
#2071=AXIS2_PLACEMENT_3D('',#2646,#2222,#2223);
#2072=AXIS2_PLACEMENT_3D('',#2650,#2226,#2227);
#2073=AXIS2_PLACEMENT_3D('',#2652,#2229,#2230);
#2074=AXIS2_PLACEMENT_3D('',#2653,#2231,#2232);
#2075=AXIS2_PLACEMENT_3D('',#2675,#2235,#2236);
#2076=AXIS2_PLACEMENT_3D('',#2707,#2241,#2242);
#2077=AXIS2_PLACEMENT_3D('',#2732,#2245,#2246);
#2078=AXIS2_PLACEMENT_3D('',#2733,#2247,#2248);
#2079=AXIS2_PLACEMENT_3D('',#2755,#2251,#2252);
#2080=AXIS2_PLACEMENT_3D('',#2787,#2257,#2258);
#2081=AXIS2_PLACEMENT_3D('',#2812,#2261,#2262);
#2082=AXIS2_PLACEMENT_3D('',#2813,#2263,#2264);
#2083=AXIS2_PLACEMENT_3D('',#2835,#2267,#2268);
#2084=AXIS2_PLACEMENT_3D('',#2867,#2273,#2274);
#2085=AXIS2_PLACEMENT_3D('',#2892,#2277,#2278);
#2086=AXIS2_PLACEMENT_3D('',#2893,#2279,#2280);
#2087=AXIS2_PLACEMENT_3D('',#2915,#2283,#2284);
#2088=AXIS2_PLACEMENT_3D('',#2947,#2289,#2290);
#2089=AXIS2_PLACEMENT_3D('',#2972,#2293,#2294);
#2090=AXIS2_PLACEMENT_3D('',#2973,#2295,#2296);
#2091=AXIS2_PLACEMENT_3D('',#2995,#2299,#2300);
#2092=AXIS2_PLACEMENT_3D('',#3027,#2305,#2306);
#2093=AXIS2_PLACEMENT_3D('',#3052,#2309,#2310);
#2094=AXIS2_PLACEMENT_3D('',#3053,#2311,#2312);
#2095=AXIS2_PLACEMENT_3D('',#3075,#2315,#2316);
#2096=AXIS2_PLACEMENT_3D('',#3107,#2321,#2322);
#2097=AXIS2_PLACEMENT_3D('',#3132,#2325,#2326);
#2098=AXIS2_PLACEMENT_3D('',#3133,#2327,#2328);
#2099=AXIS2_PLACEMENT_3D('',#3155,#2331,#2332);
#2100=AXIS2_PLACEMENT_3D('',#3187,#2337,#2338);
#2101=AXIS2_PLACEMENT_3D('',#3212,#2341,#2342);
#2102=AXIS2_PLACEMENT_3D('',#3213,#2343,#2344);
#2103=AXIS2_PLACEMENT_3D('',#3235,#2347,#2348);
#2104=AXIS2_PLACEMENT_3D('',#3267,#2353,#2354);
#2105=AXIS2_PLACEMENT_3D('',#3292,#2357,#2358);
#2106=AXIS2_PLACEMENT_3D('',#3293,#2359,#2360);
#2107=AXIS2_PLACEMENT_3D('',#3315,#2363,#2364);
#2108=AXIS2_PLACEMENT_3D('',#3347,#2369,#2370);
#2109=AXIS2_PLACEMENT_3D('',#3372,#2373,#2374);
#2110=AXIS2_PLACEMENT_3D('',#3373,#2375,#2376);
#2111=AXIS2_PLACEMENT_3D('',#3395,#2379,#2380);
#2112=AXIS2_PLACEMENT_3D('',#3427,#2385,#2386);
#2113=AXIS2_PLACEMENT_3D('',#3452,#2389,#2390);
#2114=AXIS2_PLACEMENT_3D('',#3453,#2391,#2392);
#2115=AXIS2_PLACEMENT_3D('',#3475,#2395,#2396);
#2116=AXIS2_PLACEMENT_3D('',#3507,#2401,#2402);
#2117=AXIS2_PLACEMENT_3D('',#3532,#2405,#2406);
#2118=AXIS2_PLACEMENT_3D('',#3533,#2407,#2408);
#2119=AXIS2_PLACEMENT_3D('',#3555,#2411,#2412);
#2120=AXIS2_PLACEMENT_3D('',#3587,#2417,#2418);
#2121=AXIS2_PLACEMENT_3D('',#3612,#2421,#2422);
#2122=AXIS2_PLACEMENT_3D('',#3613,#2423,#2424);
#2123=AXIS2_PLACEMENT_3D('',#3635,#2427,#2428);
#2124=AXIS2_PLACEMENT_3D('',#3667,#2433,#2434);
#2125=AXIS2_PLACEMENT_3D('',#3692,#2437,#2438);
#2126=AXIS2_PLACEMENT_3D('',#3693,#2439,#2440);
#2127=AXIS2_PLACEMENT_3D('',#3715,#2443,#2444);
#2128=AXIS2_PLACEMENT_3D('',#3747,#2449,#2450);
#2129=AXIS2_PLACEMENT_3D('',#3772,#2453,#2454);
#2130=AXIS2_PLACEMENT_3D('',#3773,#2455,#2456);
#2131=AXIS2_PLACEMENT_3D('',#3778,#2458,#2459);
#2132=AXIS2_PLACEMENT_3D('',#3798,#2469,#2470);
#2133=AXIS2_PLACEMENT_3D('',#3802,#2472,#2473);
#2134=AXIS2_PLACEMENT_3D('',#3821,#2483,#2484);
#2135=AXIS2_PLACEMENT_3D('',#3822,#2485,#2486);
#2136=AXIS2_PLACEMENT_3D('',#3826,#2488,#2489);
#2137=AXIS2_PLACEMENT_3D('',#3828,#2491,#2492);
#2138=AXIS2_PLACEMENT_3D('',#3832,#2495,#2496);
#2139=AXIS2_PLACEMENT_3D('',#3836,#2499,#2500);
#2140=AXIS2_PLACEMENT_3D('',#3840,#2503,#2504);
#2141=AXIS2_PLACEMENT_3D('',#3844,#2507,#2508);
#2142=AXIS2_PLACEMENT_3D('',#3848,#2511,#2512);
#2143=AXIS2_PLACEMENT_3D('',#3852,#2515,#2516);
#2144=AXIS2_PLACEMENT_3D('',#3856,#2519,#2520);
#2145=AXIS2_PLACEMENT_3D('',#3860,#2523,#2524);
#2146=AXIS2_PLACEMENT_3D('',#3864,#2527,#2528);
#2147=AXIS2_PLACEMENT_3D('',#3866,#2529,#2530);
#2148=AXIS2_PLACEMENT_3D('',#3868,#2532,#2533);
#2149=AXIS2_PLACEMENT_3D('',#3872,#2536,#2537);
#2150=AXIS2_PLACEMENT_3D('',#3874,#2538,#2539);
#2151=AXIS2_PLACEMENT_3D('',#3876,#2541,#2542);
#2152=AXIS2_PLACEMENT_3D('',#3880,#2545,#2546);
#2153=AXIS2_PLACEMENT_3D('',#3884,#2549,#2550);
#2154=AXIS2_PLACEMENT_3D('',#3888,#2553,#2554);
#2155=AXIS2_PLACEMENT_3D('',#3892,#2557,#2558);
#2156=AXIS2_PLACEMENT_3D('',#3896,#2561,#2562);
#2157=AXIS2_PLACEMENT_3D('',#3900,#2565,#2566);
#2158=AXIS2_PLACEMENT_3D('',#3904,#2569,#2570);
#2159=AXIS2_PLACEMENT_3D('',#3908,#2573,#2574);
#2160=AXIS2_PLACEMENT_3D('',#3912,#2577,#2578);
#2161=AXIS2_PLACEMENT_3D('',#3914,#2579,#2580);
#2162=AXIS2_PLACEMENT_3D('',#3916,#2582,#2583);
#2163=AXIS2_PLACEMENT_3D('',#3918,#2585,#2586);
#2164=DIRECTION('axis',(0.,0.,1.));
#2165=DIRECTION('refdir',(1.,0.,0.));
#2166=DIRECTION('center_axis',(0.,-1.,0.));
#2167=DIRECTION('ref_axis',(1.,0.,0.));
#2168=DIRECTION('center_axis',(0.,-1.,0.));
#2169=DIRECTION('ref_axis',(1.,0.,0.));
#2170=DIRECTION('',(0.,-1.,0.));
#2171=DIRECTION('center_axis',(0.,-1.,0.));
#2172=DIRECTION('ref_axis',(1.,0.,0.));
#2173=DIRECTION('center_axis',(0.,1.,0.));
#2174=DIRECTION('ref_axis',(0.,0.,1.));
#2175=DIRECTION('center_axis',(0.987688340595138,-0.156434465040231,-3.35679899045674E-16));
#2176=DIRECTION('ref_axis',(3.39864191211783E-16,0.,1.));
#2177=DIRECTION('',(-3.39864191211783E-16,0.,-1.));
#2178=DIRECTION('',(-0.154554782932107,-0.975820494837866,0.154554782932107));
#2179=DIRECTION('',(3.39864191211783E-16,0.,1.));
#2180=DIRECTION('',(-0.154554782932107,-0.975820494837866,-0.154554782932107));
#2181=DIRECTION('center_axis',(0.,-0.156434465040231,-0.987688340595138));
#2182=DIRECTION('ref_axis',(1.,0.,0.));
#2183=DIRECTION('',(-1.,0.,0.));
#2184=DIRECTION('',(0.154554782932107,-0.975820494837866,0.154554782932107));
#2185=DIRECTION('',(1.,0.,0.));
#2186=DIRECTION('center_axis',(-0.987688340595138,-0.156434465040231,4.47573198727566E-16));
#2187=DIRECTION('ref_axis',(-4.53152254949043E-16,0.,-1.));
#2188=DIRECTION('',(4.53152254949043E-16,0.,1.));
#2189=DIRECTION('',(0.154554782932107,-0.975820494837866,-0.154554782932107));
#2190=DIRECTION('',(-4.53152254949043E-16,0.,-1.));
#2191=DIRECTION('center_axis',(1.40583889343915E-16,-0.156434465040231,
0.987688340595138));
#2192=DIRECTION('ref_axis',(-1.,0.,1.42336285208353E-16));
#2193=DIRECTION('',(1.,0.,-1.42336285208353E-16));
#2194=DIRECTION('',(-1.,0.,1.42336285208353E-16));
#2195=DIRECTION('center_axis',(0.,-1.,0.));
#2196=DIRECTION('ref_axis',(0.,0.,-1.));
#2197=DIRECTION('center_axis',(0.,0.,-1.));
#2198=DIRECTION('ref_axis',(1.,0.,0.));
#2199=DIRECTION('',(-1.,0.,0.));
#2200=DIRECTION('',(0.,-1.,0.));
#2201=DIRECTION('',(0.,-1.,0.));
#2202=DIRECTION('center_axis',(-1.,0.,4.53152254949043E-16));
#2203=DIRECTION('ref_axis',(-4.53152254949043E-16,0.,-1.));
#2204=DIRECTION('',(4.53152254949043E-16,0.,1.));
#2205=DIRECTION('',(0.,-1.,0.));
#2206=DIRECTION('center_axis',(1.42336285208353E-16,0.,1.));
#2207=DIRECTION('ref_axis',(-1.,0.,1.42336285208353E-16));
#2208=DIRECTION('',(1.,0.,-1.42336285208353E-16));
#2209=DIRECTION('',(0.,-1.,0.));
#2210=DIRECTION('center_axis',(1.,0.,-3.39864191211783E-16));
#2211=DIRECTION('ref_axis',(3.39864191211783E-16,0.,1.));
#2212=DIRECTION('',(-3.39864191211783E-16,0.,-1.));
#2213=DIRECTION('center_axis',(1.40583889343915E-16,0.156434465040231,0.987688340595138));
#2214=DIRECTION('ref_axis',(1.,0.,-1.42336285208353E-16));
#2215=DIRECTION('',(-1.,0.,1.42336285208353E-16));
#2216=DIRECTION('',(0.154554782932107,0.975820494837866,-0.154554782932107));
#2217=DIRECTION('',(-0.154554782932107,0.975820494837866,-0.154554782932107));
#2218=DIRECTION('center_axis',(-0.987688340595138,0.156434465040231,4.47573198727566E-16));
#2219=DIRECTION('ref_axis',(4.53152254949043E-16,0.,1.));
#2220=DIRECTION('',(-4.53152254949043E-16,0.,-1.));
#2221=DIRECTION('',(0.154554782932107,0.975820494837866,0.154554782932107));
#2222=DIRECTION('center_axis',(0.,0.156434465040231,-0.987688340595138));
#2223=DIRECTION('ref_axis',(-1.,0.,0.));
#2224=DIRECTION('',(1.,0.,0.));
#2225=DIRECTION('',(-0.154554782932107,0.975820494837866,0.154554782932107));
#2226=DIRECTION('center_axis',(0.987688340595138,0.156434465040231,-3.35679899045674E-16));
#2227=DIRECTION('ref_axis',(-3.39864191211783E-16,0.,-1.));
#2228=DIRECTION('',(3.39864191211783E-16,0.,1.));
#2229=DIRECTION('center_axis',(0.,1.,0.));
#2230=DIRECTION('ref_axis',(0.,0.,1.));
#2231=DIRECTION('center_axis',(0.,0.,-1.));
#2232=DIRECTION('ref_axis',(-1.,0.,0.));
#2233=DIRECTION('',(0.,1.,0.));
#2234=DIRECTION('',(0.118954183848872,-0.992899744256614,0.));
#2235=DIRECTION('center_axis',(0.992899744256614,0.118954183848872,0.));
#2236=DIRECTION('ref_axis',(-0.118954183848872,0.992899744256614,0.));
#2237=DIRECTION('',(0.,0.,-1.));
#2238=DIRECTION('',(0.,0.,1.));
#2239=DIRECTION('',(-0.118954183848872,0.992899744256614,0.));
#2240=DIRECTION('',(0.,0.,1.));
#2241=DIRECTION('center_axis',(-1.,0.,0.));
#2242=DIRECTION('ref_axis',(0.,-1.,0.));
#2243=DIRECTION('',(0.,0.,1.));
#2244=DIRECTION('',(0.,-1.,0.));
#2245=DIRECTION('center_axis',(0.,0.,-1.));
#2246=DIRECTION('ref_axis',(-1.,0.,0.));
#2247=DIRECTION('center_axis',(0.,0.,-1.));
#2248=DIRECTION('ref_axis',(-1.,0.,0.));
#2249=DIRECTION('',(0.,1.,0.));
#2250=DIRECTION('',(0.118954183848872,-0.992899744256614,0.));
#2251=DIRECTION('center_axis',(0.992899744256614,0.118954183848872,0.));
#2252=DIRECTION('ref_axis',(-0.118954183848872,0.992899744256614,0.));
#2253=DIRECTION('',(0.,0.,-1.));
#2254=DIRECTION('',(0.,0.,1.));
#2255=DIRECTION('',(-0.118954183848872,0.992899744256614,0.));
#2256=DIRECTION('',(0.,0.,1.));
#2257=DIRECTION('center_axis',(-1.,0.,0.));
#2258=DIRECTION('ref_axis',(0.,-1.,0.));
#2259=DIRECTION('',(0.,0.,1.));
#2260=DIRECTION('',(0.,-1.,0.));
#2261=DIRECTION('center_axis',(0.,0.,-1.));
#2262=DIRECTION('ref_axis',(-1.,0.,0.));
#2263=DIRECTION('center_axis',(0.,0.,1.));
#2264=DIRECTION('ref_axis',(1.,0.,0.));
#2265=DIRECTION('',(-0.118954183848872,-0.992899744256614,0.));
#2266=DIRECTION('',(0.,1.,0.));
#2267=DIRECTION('center_axis',(0.992899744256614,-0.118954183848872,0.));
#2268=DIRECTION('ref_axis',(0.118954183848872,0.992899744256614,0.));
#2269=DIRECTION('',(0.,0.,-1.));
#2270=DIRECTION('',(0.118954183848872,0.992899744256614,0.));
#2271=DIRECTION('',(0.,0.,1.));
#2272=DIRECTION('',(0.,0.,1.));
#2273=DIRECTION('center_axis',(-1.,0.,0.));
#2274=DIRECTION('ref_axis',(0.,-1.,0.));
#2275=DIRECTION('',(0.,-1.,0.));
#2276=DIRECTION('',(0.,0.,1.));
#2277=DIRECTION('center_axis',(0.,0.,1.));
#2278=DIRECTION('ref_axis',(1.,0.,0.));
#2279=DIRECTION('center_axis',(0.,0.,1.));
#2280=DIRECTION('ref_axis',(1.,0.,0.));
#2281=DIRECTION('',(-0.118954183848872,-0.992899744256614,0.));
#2282=DIRECTION('',(0.,1.,0.));
#2283=DIRECTION('center_axis',(0.992899744256614,-0.118954183848872,0.));
#2284=DIRECTION('ref_axis',(0.118954183848872,0.992899744256614,0.));
#2285=DIRECTION('',(0.,0.,-1.));
#2286=DIRECTION('',(0.118954183848872,0.992899744256614,0.));
#2287=DIRECTION('',(0.,0.,1.));
#2288=DIRECTION('',(0.,0.,1.));
#2289=DIRECTION('center_axis',(-1.,0.,0.));
#2290=DIRECTION('ref_axis',(0.,-1.,0.));
#2291=DIRECTION('',(0.,-1.,0.));
#2292=DIRECTION('',(0.,0.,1.));
#2293=DIRECTION('center_axis',(0.,0.,1.));
#2294=DIRECTION('ref_axis',(1.,0.,0.));
#2295=DIRECTION('center_axis',(0.,0.,1.));
#2296=DIRECTION('ref_axis',(1.,0.,0.));
#2297=DIRECTION('',(-0.118954183848872,-0.992899744256614,0.));
#2298=DIRECTION('',(0.,1.,0.));
#2299=DIRECTION('center_axis',(0.992899744256614,-0.118954183848872,0.));
#2300=DIRECTION('ref_axis',(0.118954183848872,0.992899744256614,0.));
#2301=DIRECTION('',(0.,0.,-1.));
#2302=DIRECTION('',(0.118954183848872,0.992899744256614,0.));
#2303=DIRECTION('',(0.,0.,1.));
#2304=DIRECTION('',(0.,0.,1.));
#2305=DIRECTION('center_axis',(-1.,0.,0.));
#2306=DIRECTION('ref_axis',(0.,-1.,0.));
#2307=DIRECTION('',(0.,-1.,0.));
#2308=DIRECTION('',(0.,0.,1.));
#2309=DIRECTION('center_axis',(0.,0.,1.));
#2310=DIRECTION('ref_axis',(1.,0.,0.));
#2311=DIRECTION('center_axis',(0.,0.,1.));
#2312=DIRECTION('ref_axis',(1.,0.,0.));
#2313=DIRECTION('',(-0.118954183848872,-0.992899744256614,0.));
#2314=DIRECTION('',(0.,1.,0.));
#2315=DIRECTION('center_axis',(0.992899744256614,-0.118954183848872,0.));
#2316=DIRECTION('ref_axis',(0.118954183848872,0.992899744256614,0.));
#2317=DIRECTION('',(0.,0.,-1.));
#2318=DIRECTION('',(0.118954183848872,0.992899744256614,0.));
#2319=DIRECTION('',(0.,0.,1.));
#2320=DIRECTION('',(0.,0.,1.));
#2321=DIRECTION('center_axis',(-1.,0.,0.));
#2322=DIRECTION('ref_axis',(0.,-1.,0.));
#2323=DIRECTION('',(0.,-1.,0.));
#2324=DIRECTION('',(0.,0.,1.));
#2325=DIRECTION('center_axis',(0.,0.,1.));
#2326=DIRECTION('ref_axis',(1.,0.,0.));
#2327=DIRECTION('center_axis',(0.,0.,1.));
#2328=DIRECTION('ref_axis',(1.,0.,0.));
#2329=DIRECTION('',(-0.118954183848872,-0.992899744256614,0.));
#2330=DIRECTION('',(0.,1.,0.));
#2331=DIRECTION('center_axis',(0.992899744256614,-0.118954183848872,0.));
#2332=DIRECTION('ref_axis',(0.118954183848872,0.992899744256614,0.));
#2333=DIRECTION('',(0.,0.,-1.));
#2334=DIRECTION('',(0.118954183848872,0.992899744256614,0.));
#2335=DIRECTION('',(0.,0.,1.));
#2336=DIRECTION('',(0.,0.,1.));
#2337=DIRECTION('center_axis',(-1.,0.,0.));
#2338=DIRECTION('ref_axis',(0.,-1.,0.));
#2339=DIRECTION('',(0.,-1.,0.));
#2340=DIRECTION('',(0.,0.,1.));
#2341=DIRECTION('center_axis',(0.,0.,1.));
#2342=DIRECTION('ref_axis',(1.,0.,0.));
#2343=DIRECTION('center_axis',(0.,0.,1.));
#2344=DIRECTION('ref_axis',(1.,0.,0.));
#2345=DIRECTION('',(-0.118954183848872,-0.992899744256614,0.));
#2346=DIRECTION('',(0.,1.,0.));
#2347=DIRECTION('center_axis',(0.992899744256614,-0.118954183848872,0.));
#2348=DIRECTION('ref_axis',(0.118954183848872,0.992899744256614,0.));
#2349=DIRECTION('',(0.,0.,-1.));
#2350=DIRECTION('',(0.118954183848872,0.992899744256614,0.));
#2351=DIRECTION('',(0.,0.,1.));
#2352=DIRECTION('',(0.,0.,1.));
#2353=DIRECTION('center_axis',(-1.,0.,0.));
#2354=DIRECTION('ref_axis',(0.,-1.,0.));
#2355=DIRECTION('',(0.,-1.,0.));
#2356=DIRECTION('',(0.,0.,1.));
#2357=DIRECTION('center_axis',(0.,0.,1.));
#2358=DIRECTION('ref_axis',(1.,0.,0.));
#2359=DIRECTION('center_axis',(0.,0.,1.));
#2360=DIRECTION('ref_axis',(1.,0.,0.));
#2361=DIRECTION('',(-0.118954183848872,-0.992899744256614,0.));
#2362=DIRECTION('',(0.,1.,0.));
#2363=DIRECTION('center_axis',(0.992899744256614,-0.118954183848872,0.));
#2364=DIRECTION('ref_axis',(0.118954183848872,0.992899744256614,0.));
#2365=DIRECTION('',(0.,0.,-1.));
#2366=DIRECTION('',(0.118954183848872,0.992899744256614,0.));
#2367=DIRECTION('',(0.,0.,1.));
#2368=DIRECTION('',(0.,0.,1.));
#2369=DIRECTION('center_axis',(-1.,0.,0.));
#2370=DIRECTION('ref_axis',(0.,-1.,0.));
#2371=DIRECTION('',(0.,-1.,0.));
#2372=DIRECTION('',(0.,0.,1.));
#2373=DIRECTION('center_axis',(0.,0.,1.));
#2374=DIRECTION('ref_axis',(1.,0.,0.));
#2375=DIRECTION('center_axis',(0.,0.,-1.));
#2376=DIRECTION('ref_axis',(-1.,0.,0.));
#2377=DIRECTION('',(0.,1.,0.));
#2378=DIRECTION('',(0.118954183848872,-0.992899744256614,0.));
#2379=DIRECTION('center_axis',(0.992899744256614,0.118954183848872,0.));
#2380=DIRECTION('ref_axis',(-0.118954183848872,0.992899744256614,0.));
#2381=DIRECTION('',(0.,0.,-1.));
#2382=DIRECTION('',(0.,0.,1.));
#2383=DIRECTION('',(-0.118954183848872,0.992899744256614,0.));
#2384=DIRECTION('',(0.,0.,1.));
#2385=DIRECTION('center_axis',(-1.,0.,0.));
#2386=DIRECTION('ref_axis',(0.,-1.,0.));
#2387=DIRECTION('',(0.,0.,1.));
#2388=DIRECTION('',(0.,-1.,0.));
#2389=DIRECTION('center_axis',(0.,0.,-1.));
#2390=DIRECTION('ref_axis',(-1.,0.,0.));
#2391=DIRECTION('center_axis',(0.,0.,-1.));
#2392=DIRECTION('ref_axis',(-1.,0.,0.));
#2393=DIRECTION('',(0.,1.,0.));
#2394=DIRECTION('',(0.118954183848872,-0.992899744256614,0.));
#2395=DIRECTION('center_axis',(0.992899744256614,0.118954183848872,0.));
#2396=DIRECTION('ref_axis',(-0.118954183848872,0.992899744256614,0.));
#2397=DIRECTION('',(0.,0.,-1.));
#2398=DIRECTION('',(0.,0.,1.));
#2399=DIRECTION('',(-0.118954183848872,0.992899744256614,0.));
#2400=DIRECTION('',(0.,0.,1.));
#2401=DIRECTION('center_axis',(-1.,0.,0.));
#2402=DIRECTION('ref_axis',(0.,-1.,0.));
#2403=DIRECTION('',(0.,0.,1.));
#2404=DIRECTION('',(0.,-1.,0.));
#2405=DIRECTION('center_axis',(0.,0.,-1.));
#2406=DIRECTION('ref_axis',(-1.,0.,0.));
#2407=DIRECTION('center_axis',(0.,0.,-1.));
#2408=DIRECTION('ref_axis',(-1.,0.,0.));
#2409=DIRECTION('',(0.,1.,0.));
#2410=DIRECTION('',(0.118954183848872,-0.992899744256614,0.));
#2411=DIRECTION('center_axis',(0.992899744256614,0.118954183848872,0.));
#2412=DIRECTION('ref_axis',(-0.118954183848872,0.992899744256614,0.));
#2413=DIRECTION('',(0.,0.,-1.));
#2414=DIRECTION('',(0.,0.,1.));
#2415=DIRECTION('',(-0.118954183848872,0.992899744256614,0.));
#2416=DIRECTION('',(0.,0.,1.));
#2417=DIRECTION('center_axis',(-1.,0.,0.));
#2418=DIRECTION('ref_axis',(0.,-1.,0.));
#2419=DIRECTION('',(0.,0.,1.));
#2420=DIRECTION('',(0.,-1.,0.));
#2421=DIRECTION('center_axis',(0.,0.,-1.));
#2422=DIRECTION('ref_axis',(-1.,0.,0.));
#2423=DIRECTION('center_axis',(0.,0.,-1.));
#2424=DIRECTION('ref_axis',(-1.,0.,0.));
#2425=DIRECTION('',(0.,1.,0.));
#2426=DIRECTION('',(0.118954183848872,-0.992899744256614,0.));
#2427=DIRECTION('center_axis',(0.992899744256614,0.118954183848872,0.));
#2428=DIRECTION('ref_axis',(-0.118954183848872,0.992899744256614,0.));
#2429=DIRECTION('',(0.,0.,-1.));
#2430=DIRECTION('',(0.,0.,1.));
#2431=DIRECTION('',(-0.118954183848872,0.992899744256614,0.));
#2432=DIRECTION('',(0.,0.,1.));
#2433=DIRECTION('center_axis',(-1.,0.,0.));
#2434=DIRECTION('ref_axis',(0.,-1.,0.));
#2435=DIRECTION('',(0.,0.,1.));
#2436=DIRECTION('',(0.,-1.,0.));
#2437=DIRECTION('center_axis',(0.,0.,-1.));
#2438=DIRECTION('ref_axis',(-1.,0.,0.));
#2439=DIRECTION('center_axis',(0.,0.,-1.));
#2440=DIRECTION('ref_axis',(-1.,0.,0.));
#2441=DIRECTION('',(0.,1.,0.));
#2442=DIRECTION('',(0.118954183848872,-0.992899744256614,0.));
#2443=DIRECTION('center_axis',(0.992899744256614,0.118954183848872,0.));
#2444=DIRECTION('ref_axis',(-0.118954183848872,0.992899744256614,0.));
#2445=DIRECTION('',(0.,0.,-1.));
#2446=DIRECTION('',(0.,0.,1.));
#2447=DIRECTION('',(-0.118954183848872,0.992899744256614,0.));
#2448=DIRECTION('',(0.,0.,1.));
#2449=DIRECTION('center_axis',(-1.,0.,0.));
#2450=DIRECTION('ref_axis',(0.,-1.,0.));
#2451=DIRECTION('',(0.,0.,1.));
#2452=DIRECTION('',(0.,-1.,0.));
#2453=DIRECTION('center_axis',(0.,0.,-1.));
#2454=DIRECTION('ref_axis',(-1.,0.,0.));
#2455=DIRECTION('center_axis',(0.,-1.,0.));
#2456=DIRECTION('ref_axis',(0.,0.,-1.));
#2457=DIRECTION('',(-2.32976561471148E-16,0.,-1.));
#2458=DIRECTION('center_axis',(0.,1.,0.));
#2459=DIRECTION('ref_axis',(-6.93889390390722E-16,0.,-1.));
#2460=DIRECTION('',(-1.,0.,0.));
#2461=DIRECTION('',(0.,0.,-1.));
#2462=DIRECTION('',(-1.,0.,0.));
#2463=DIRECTION('',(-8.84329871018838E-16,0.,1.));
#2464=DIRECTION('',(-1.,0.,4.56358423123105E-16));
#2465=DIRECTION('',(0.,0.,-1.));
#2466=DIRECTION('',(-1.,0.,0.));
#2467=DIRECTION('',(0.,0.,1.));
#2468=DIRECTION('',(-1.,0.,0.));
#2469=DIRECTION('center_axis',(0.,1.,0.));
#2470=DIRECTION('ref_axis',(-1.,0.,0.));
#2471=DIRECTION('',(5.40205048124267E-16,0.,1.));
#2472=DIRECTION('center_axis',(0.,1.,0.));
#2473=DIRECTION('ref_axis',(6.93889390390722E-16,0.,1.));
#2474=DIRECTION('',(1.,0.,0.));
#2475=DIRECTION('',(0.,0.,1.));
#2476=DIRECTION('',(1.,0.,0.));
#2477=DIRECTION('',(0.,0.,-1.));
#2478=DIRECTION('',(1.,0.,-3.04238948748737E-16));
#2479=DIRECTION('',(-7.58467981711563E-15,0.,1.));
#2480=DIRECTION('',(1.,0.,1.35916380780357E-15));
#2481=DIRECTION('',(0.,0.,-1.));
#2482=DIRECTION('',(1.,0.,0.));
#2483=DIRECTION('center_axis',(0.,1.,0.));
#2484=DIRECTION('ref_axis',(1.,0.,0.));
#2485=DIRECTION('center_axis',(0.,-1.,0.));
#2486=DIRECTION('ref_axis',(-6.93889390390722E-16,0.,-1.));
#2487=DIRECTION('',(0.,1.,0.));
#2488=DIRECTION('center_axis',(0.,-1.,0.));
#2489=DIRECTION('ref_axis',(-6.93889390390722E-16,0.,-1.));
#2490=DIRECTION('',(0.,-1.,0.));
#2491=DIRECTION('center_axis',(0.,0.,-1.));
#2492=DIRECTION('ref_axis',(1.,0.,0.));
#2493=DIRECTION('',(1.,0.,0.));
#2494=DIRECTION('',(0.,-1.,0.));
#2495=DIRECTION('center_axis',(1.,0.,0.));
#2496=DIRECTION('ref_axis',(0.,0.,1.));
#2497=DIRECTION('',(0.,0.,1.));
#2498=DIRECTION('',(0.,-1.,0.));
#2499=DIRECTION('center_axis',(0.,0.,-1.));
#2500=DIRECTION('ref_axis',(1.,0.,0.));
#2501=DIRECTION('',(1.,0.,0.));
#2502=DIRECTION('',(0.,-1.,0.));
#2503=DIRECTION('center_axis',(-1.,0.,-8.84329871018838E-16));
#2504=DIRECTION('ref_axis',(8.84329871018838E-16,0.,-1.));
#2505=DIRECTION('',(8.84329871018838E-16,0.,-1.));
#2506=DIRECTION('',(0.,-1.,0.));
#2507=DIRECTION('center_axis',(-4.56358423123105E-16,0.,-1.));
#2508=DIRECTION('ref_axis',(1.,0.,-4.56358423123105E-16));
#2509=DIRECTION('',(1.,0.,-4.56358423123105E-16));
#2510=DIRECTION('',(0.,-1.,0.));
#2511=DIRECTION('center_axis',(1.,0.,0.));
#2512=DIRECTION('ref_axis',(0.,0.,1.));
#2513=DIRECTION('',(0.,0.,1.));
#2514=DIRECTION('',(0.,-1.,0.));
#2515=DIRECTION('center_axis',(0.,0.,-1.));
#2516=DIRECTION('ref_axis',(1.,0.,0.));
#2517=DIRECTION('',(1.,0.,0.));
#2518=DIRECTION('',(0.,-1.,0.));
#2519=DIRECTION('center_axis',(-1.,0.,0.));
#2520=DIRECTION('ref_axis',(0.,0.,-1.));
#2521=DIRECTION('',(0.,0.,-1.));
#2522=DIRECTION('',(0.,-1.,0.));
#2523=DIRECTION('center_axis',(0.,0.,-1.));
#2524=DIRECTION('ref_axis',(1.,0.,0.));
#2525=DIRECTION('',(1.,0.,0.));
#2526=DIRECTION('',(0.,-1.,0.));
#2527=DIRECTION('center_axis',(0.,-1.,0.));
#2528=DIRECTION('ref_axis',(-1.,0.,0.));
#2529=DIRECTION('center_axis',(0.,-1.,0.));
#2530=DIRECTION('ref_axis',(-1.,0.,0.));
#2531=DIRECTION('',(0.,-1.,0.));
#2532=DIRECTION('center_axis',(-1.,0.,5.40205048124267E-16));
#2533=DIRECTION('ref_axis',(-5.40205048124267E-16,0.,-1.));
#2534=DIRECTION('',(-5.40205048124267E-16,0.,-1.));
#2535=DIRECTION('',(0.,-1.,0.));
#2536=DIRECTION('center_axis',(0.,-1.,0.));
#2537=DIRECTION('ref_axis',(6.93889390390722E-16,0.,1.));
#2538=DIRECTION('center_axis',(0.,-1.,0.));
#2539=DIRECTION('ref_axis',(6.93889390390722E-16,0.,1.));
#2540=DIRECTION('',(0.,-1.,0.));
#2541=DIRECTION('center_axis',(0.,0.,1.));
#2542=DIRECTION('ref_axis',(-1.,0.,0.));
#2543=DIRECTION('',(-1.,0.,0.));
#2544=DIRECTION('',(0.,-1.,0.));
#2545=DIRECTION('center_axis',(-1.,0.,0.));
#2546=DIRECTION('ref_axis',(0.,0.,-1.));
#2547=DIRECTION('',(0.,0.,-1.));
#2548=DIRECTION('',(0.,-1.,0.));
#2549=DIRECTION('center_axis',(0.,0.,1.));
#2550=DIRECTION('ref_axis',(-1.,0.,0.));
#2551=DIRECTION('',(-1.,0.,0.));
#2552=DIRECTION('',(0.,-1.,0.));
#2553=DIRECTION('center_axis',(1.,0.,0.));
#2554=DIRECTION('ref_axis',(0.,0.,1.));
#2555=DIRECTION('',(0.,0.,1.));
#2556=DIRECTION('',(0.,-1.,0.));
#2557=DIRECTION('center_axis',(3.04238948748737E-16,0.,1.));
#2558=DIRECTION('ref_axis',(-1.,0.,3.04238948748737E-16));
#2559=DIRECTION('',(-1.,0.,3.04238948748737E-16));
#2560=DIRECTION('',(0.,-1.,0.));
#2561=DIRECTION('center_axis',(-1.,0.,-7.58467981711563E-15));
#2562=DIRECTION('ref_axis',(7.58467981711563E-15,0.,-1.));
#2563=DIRECTION('',(7.58467981711563E-15,0.,-1.));
#2564=DIRECTION('',(0.,-1.,0.));
#2565=DIRECTION('center_axis',(-1.35916380780357E-15,0.,1.));
#2566=DIRECTION('ref_axis',(-1.,0.,-1.35916380780357E-15));
#2567=DIRECTION('',(-1.,0.,-1.35916380780357E-15));
#2568=DIRECTION('',(0.,-1.,0.));
#2569=DIRECTION('center_axis',(1.,0.,0.));
#2570=DIRECTION('ref_axis',(0.,0.,1.));
#2571=DIRECTION('',(0.,0.,1.));
#2572=DIRECTION('',(0.,-1.,0.));
#2573=DIRECTION('center_axis',(0.,0.,1.));
#2574=DIRECTION('ref_axis',(-1.,0.,0.));
#2575=DIRECTION('',(-1.,0.,0.));
#2576=DIRECTION('',(0.,-1.,0.));
#2577=DIRECTION('center_axis',(0.,-1.,0.));
#2578=DIRECTION('ref_axis',(1.,0.,0.));
#2579=DIRECTION('center_axis',(0.,-1.,0.));
#2580=DIRECTION('ref_axis',(1.,0.,0.));
#2581=DIRECTION('',(0.,-1.,0.));
#2582=DIRECTION('center_axis',(1.,0.,-2.32976561471148E-16));
#2583=DIRECTION('ref_axis',(2.32976561471148E-16,0.,1.));
#2584=DIRECTION('',(2.32976561471148E-16,0.,1.));
#2585=DIRECTION('center_axis',(0.,-1.,0.));
#2586=DIRECTION('ref_axis',(0.,0.,-1.));
#2587=CARTESIAN_POINT('',(0.,0.,0.));
#2588=CARTESIAN_POINT('Origin',(0.908928946813391,0.575,1.63854993862395));
#2589=CARTESIAN_POINT('',(0.516428946813391,0.575,1.63854993862395));
#2590=CARTESIAN_POINT('Origin',(0.908928946813391,0.575,1.63854993862395));
#2591=CARTESIAN_POINT('',(0.516428946813391,0.525,1.63854993862395));
#2592=CARTESIAN_POINT('',(0.516428946813391,0.575,1.63854993862395));
#2593=CARTESIAN_POINT('Origin',(0.908928946813391,0.525,1.63854993862395));
#2594=CARTESIAN_POINT('Origin',(0.908928946813391,0.525,1.63854993862395));
#2595=CARTESIAN_POINT('Origin',(1.95,-0.25,2.45));
#2596=CARTESIAN_POINT('',(1.89852505689453,-0.575,2.39852505689453));
#2597=CARTESIAN_POINT('',(1.89852505689452,-0.575,-2.39852505689453));
#2598=CARTESIAN_POINT('',(1.89852505689452,-0.575,-2.45));
#2599=CARTESIAN_POINT('',(1.95,-0.25,-2.45));
#2600=CARTESIAN_POINT('',(1.89147640672838,-0.619503425662902,-2.39147640672838));
#2601=CARTESIAN_POINT('',(1.95,-0.25,2.45));
#2602=CARTESIAN_POINT('',(1.95,-0.25,2.45));
#2603=CARTESIAN_POINT('',(1.90341999719198,-0.544094563282718,2.40341999719198));
#2604=CARTESIAN_POINT('Origin',(1.95,-0.25,-2.45));
#2605=CARTESIAN_POINT('',(-1.89852505689453,-0.575,-2.39852505689453));
#2606=CARTESIAN_POINT('',(-1.95,-0.575,-2.39852505689453));
#2607=CARTESIAN_POINT('',(-1.95,-0.25,-2.45));
#2608=CARTESIAN_POINT('',(-1.90341999719198,-0.544094563282718,-2.40341999719198));
#2609=CARTESIAN_POINT('',(1.95,-0.25,-2.45));
#2610=CARTESIAN_POINT('Origin',(-1.95,-0.25,-2.45));
#2611=CARTESIAN_POINT('',(-1.89852505689453,-0.575,2.39852505689453));
#2612=CARTESIAN_POINT('',(-1.89852505689453,-0.575,2.45));
#2613=CARTESIAN_POINT('',(-1.95,-0.25,2.45));
#2614=CARTESIAN_POINT('',(-1.89147640672838,-0.619503425662902,2.39147640672838));
#2615=CARTESIAN_POINT('',(-1.95,-0.25,-2.45));
#2616=CARTESIAN_POINT('Origin',(-1.95,-0.25,2.45));
#2617=CARTESIAN_POINT('',(1.95,-0.575,2.39852505689453));
#2618=CARTESIAN_POINT('',(-1.95,-0.25,2.45));
#2619=CARTESIAN_POINT('Origin',(-1.11022302462516E-15,-0.575,0.));
#2620=CARTESIAN_POINT('Origin',(-1.95,0.,-2.45));
#2621=CARTESIAN_POINT('',(1.95,0.,-2.45));
#2622=CARTESIAN_POINT('',(-1.95,0.,-2.45));
#2623=CARTESIAN_POINT('',(1.95,0.,-2.45));
#2624=CARTESIAN_POINT('',(1.95,0.,-2.45));
#2625=CARTESIAN_POINT('',(-1.95,0.,-2.45));
#2626=CARTESIAN_POINT('Origin',(-1.95,0.,2.45));
#2627=CARTESIAN_POINT('',(-1.95,0.,2.45));
#2628=CARTESIAN_POINT('',(-1.95,0.,-2.45));
#2629=CARTESIAN_POINT('',(-1.95,0.,2.45));
#2630=CARTESIAN_POINT('Origin',(1.95,0.,2.45));
#2631=CARTESIAN_POINT('',(1.95,0.,2.45));
#2632=CARTESIAN_POINT('',(-1.95,0.,2.45));
#2633=CARTESIAN_POINT('',(1.95,0.,2.45));
#2634=CARTESIAN_POINT('Origin',(1.95,0.,-2.45));
#2635=CARTESIAN_POINT('',(1.95,0.,2.45));
#2636=CARTESIAN_POINT('Origin',(1.95,0.,2.45));
#2637=CARTESIAN_POINT('',(1.85892894681339,0.575,2.35892894681339));
#2638=CARTESIAN_POINT('',(-1.85892894681339,0.575,2.35892894681339));
#2639=CARTESIAN_POINT('',(-1.95,0.575,2.35892894681339));
#2640=CARTESIAN_POINT('',(-1.90341999719198,0.294094563282718,2.40341999719198));
#2641=CARTESIAN_POINT('',(1.89147640672838,0.369503425662902,2.39147640672838));
#2642=CARTESIAN_POINT('Origin',(-1.95,0.,2.45));
#2643=CARTESIAN_POINT('',(-1.85892894681339,0.575,-2.35892894681339));
#2644=CARTESIAN_POINT('',(-1.85892894681339,0.575,-2.45));
#2645=CARTESIAN_POINT('',(-1.89147640672838,0.369503425662902,-2.39147640672838));
#2646=CARTESIAN_POINT('Origin',(-1.95,0.,-2.45));
#2647=CARTESIAN_POINT('',(1.85892894681339,0.575,-2.35892894681339));
#2648=CARTESIAN_POINT('',(1.95,0.575,-2.35892894681339));
#2649=CARTESIAN_POINT('',(1.90341999719198,0.294094563282718,-2.40341999719198));
#2650=CARTESIAN_POINT('Origin',(1.95,0.,-2.45));
#2651=CARTESIAN_POINT('',(1.85892894681339,0.575,2.45));
#2652=CARTESIAN_POINT('Origin',(-1.11022302462516E-15,0.575,0.));
#2653=CARTESIAN_POINT('Origin',(-2.475,-0.3125,0.525));
#2654=CARTESIAN_POINT('',(-1.95,0.,0.525));
#2655=CARTESIAN_POINT('',(-3.,-0.426378764713312,0.525));
#2656=CARTESIAN_POINT('Ctrl Pts',(-1.95,0.,0.525));
#2657=CARTESIAN_POINT('Ctrl Pts',(-2.07313410113213,0.,0.525));
#2658=CARTESIAN_POINT('Ctrl Pts',(-2.13435416854812,-0.038958226533722,
0.525));
#2659=CARTESIAN_POINT('Ctrl Pts',(-2.24775776102674,-0.142583136047838,
0.525));
#2660=CARTESIAN_POINT('Ctrl Pts',(-2.27861747013827,-0.333187228226893,
0.525));
#2661=CARTESIAN_POINT('Ctrl Pts',(-2.33690776290207,-0.333187228226893,
0.525));
#2662=CARTESIAN_POINT('Ctrl Pts',(-3.,-0.426378764713312,0.525));
#2663=CARTESIAN_POINT('',(-1.95,-0.2,0.525));
#2664=CARTESIAN_POINT('',(-1.95,0.,0.525));
#2665=CARTESIAN_POINT('',(-2.97620421691591,-0.625,0.525));
#2666=CARTESIAN_POINT('Ctrl Pts',(-2.97620421691591,-0.625,0.525));
#2667=CARTESIAN_POINT('Ctrl Pts',(-2.59121158519143,-0.570892814183171,
0.525));
#2668=CARTESIAN_POINT('Ctrl Pts',(-2.32947036808786,-0.515618963594229,
0.525));
#2669=CARTESIAN_POINT('Ctrl Pts',(-2.24775776102674,-0.492526269508024,
0.525));
#2670=CARTESIAN_POINT('Ctrl Pts',(-2.13435416854812,-0.425834711071032,
0.525));
#2671=CARTESIAN_POINT('Ctrl Pts',(-2.0913161863661,-0.240539745382753,0.525));
#2672=CARTESIAN_POINT('Ctrl Pts',(-2.01881187180292,-0.2,0.525));
#2673=CARTESIAN_POINT('Ctrl Pts',(-1.95,-0.2,0.525));
#2674=CARTESIAN_POINT('',(-2.97620421691591,-0.625,0.525));
#2675=CARTESIAN_POINT('Origin',(-2.97620421691591,-0.625,0.65));
#2676=CARTESIAN_POINT('',(-3.,-0.426378764713312,0.775));
#2677=CARTESIAN_POINT('',(-3.,-0.426378764713312,0.65));
#2678=CARTESIAN_POINT('',(-2.97620421691591,-0.625,0.775));
#2679=CARTESIAN_POINT('',(-2.97620421691591,-0.625,0.65));
#2680=CARTESIAN_POINT('',(-2.97620421691591,-0.625,0.775));
#2681=CARTESIAN_POINT('Ctrl Pts',(-1.95,-0.2,0.525));
#2682=CARTESIAN_POINT('Ctrl Pts',(-1.95,-0.2,0.775));
#2683=CARTESIAN_POINT('Ctrl Pts',(-2.01881187180292,-0.2,0.525));
#2684=CARTESIAN_POINT('Ctrl Pts',(-2.01881187180292,-0.2,0.775));
#2685=CARTESIAN_POINT('Ctrl Pts',(-2.0913161863661,-0.240539745382753,0.525));
#2686=CARTESIAN_POINT('Ctrl Pts',(-2.0913161863661,-0.240539745382753,0.775));
#2687=CARTESIAN_POINT('Ctrl Pts',(-2.13435416854812,-0.425834711071032,
0.525));
#2688=CARTESIAN_POINT('Ctrl Pts',(-2.13435416854812,-0.425834711071032,
0.775));
#2689=CARTESIAN_POINT('Ctrl Pts',(-2.24775776102674,-0.492526269508024,
0.525));
#2690=CARTESIAN_POINT('Ctrl Pts',(-2.24775776102674,-0.492526269508024,
0.775));
#2691=CARTESIAN_POINT('Ctrl Pts',(-2.32947036808786,-0.515618963594229,
0.525));
#2692=CARTESIAN_POINT('Ctrl Pts',(-2.32947036808786,-0.515618963594229,
0.775));
#2693=CARTESIAN_POINT('Ctrl Pts',(-2.59121158519143,-0.570892814183171,
0.525));
#2694=CARTESIAN_POINT('Ctrl Pts',(-2.59121158519143,-0.570892814183171,
0.775));
#2695=CARTESIAN_POINT('Ctrl Pts',(-2.97620421691591,-0.625,0.525));
#2696=CARTESIAN_POINT('Ctrl Pts',(-2.97620421691591,-0.625,0.775));
#2697=CARTESIAN_POINT('',(-1.95,-0.2,0.775));
#2698=CARTESIAN_POINT('',(-1.95,-0.2,0.65));
#2699=CARTESIAN_POINT('Ctrl Pts',(-1.95,-0.2,0.775));
#2700=CARTESIAN_POINT('Ctrl Pts',(-2.01881187180292,-0.2,0.775));
#2701=CARTESIAN_POINT('Ctrl Pts',(-2.0913161863661,-0.240539745382753,0.775));
#2702=CARTESIAN_POINT('Ctrl Pts',(-2.13435416854812,-0.425834711071032,
0.775));
#2703=CARTESIAN_POINT('Ctrl Pts',(-2.24775776102674,-0.492526269508024,
0.775));
#2704=CARTESIAN_POINT('Ctrl Pts',(-2.32947036808786,-0.515618963594229,
0.775));
#2705=CARTESIAN_POINT('Ctrl Pts',(-2.59121158519143,-0.570892814183171,
0.775));
#2706=CARTESIAN_POINT('Ctrl Pts',(-2.97620421691591,-0.625,0.775));
#2707=CARTESIAN_POINT('Origin',(-1.95,0.,0.65));
#2708=CARTESIAN_POINT('',(-1.95,0.,0.775));
#2709=CARTESIAN_POINT('',(-1.95,0.,0.65));
#2710=CARTESIAN_POINT('',(-1.95,0.,0.775));
#2711=CARTESIAN_POINT('Ctrl Pts',(-3.,-0.426378764713312,0.525));
#2712=CARTESIAN_POINT('Ctrl Pts',(-3.,-0.426378764713312,0.775));
#2713=CARTESIAN_POINT('Ctrl Pts',(-2.33690776290207,-0.333187228226893,
0.525));
#2714=CARTESIAN_POINT('Ctrl Pts',(-2.33690776290207,-0.333187228226893,
0.775));
#2715=CARTESIAN_POINT('Ctrl Pts',(-2.27861747013827,-0.333187228226893,
0.525));
#2716=CARTESIAN_POINT('Ctrl Pts',(-2.27861747013827,-0.333187228226893,
0.775));
#2717=CARTESIAN_POINT('Ctrl Pts',(-2.24775776102674,-0.142583136047838,
0.525));
#2718=CARTESIAN_POINT('Ctrl Pts',(-2.24775776102674,-0.142583136047838,
0.775));
#2719=CARTESIAN_POINT('Ctrl Pts',(-2.13435416854812,-0.038958226533722,
0.525));
#2720=CARTESIAN_POINT('Ctrl Pts',(-2.13435416854812,-0.038958226533722,
0.775));
#2721=CARTESIAN_POINT('Ctrl Pts',(-2.07313410113213,0.,0.525));
#2722=CARTESIAN_POINT('Ctrl Pts',(-2.07313410113213,0.,0.775));
#2723=CARTESIAN_POINT('Ctrl Pts',(-1.95,0.,0.525));
#2724=CARTESIAN_POINT('Ctrl Pts',(-1.95,0.,0.775));
#2725=CARTESIAN_POINT('Ctrl Pts',(-3.,-0.426378764713312,0.775));
#2726=CARTESIAN_POINT('Ctrl Pts',(-2.33690776290207,-0.333187228226893,
0.775));
#2727=CARTESIAN_POINT('Ctrl Pts',(-2.27861747013827,-0.333187228226893,
0.775));
#2728=CARTESIAN_POINT('Ctrl Pts',(-2.24775776102674,-0.142583136047838,
0.775));
#2729=CARTESIAN_POINT('Ctrl Pts',(-2.13435416854812,-0.038958226533722,
0.775));
#2730=CARTESIAN_POINT('Ctrl Pts',(-2.07313410113213,0.,0.775));
#2731=CARTESIAN_POINT('Ctrl Pts',(-1.95,0.,0.775));
#2732=CARTESIAN_POINT('Origin',(-2.475,-0.3125,0.775));
#2733=CARTESIAN_POINT('Origin',(-2.475,-0.3125,1.825));
#2734=CARTESIAN_POINT('',(-1.95,0.,1.825));
#2735=CARTESIAN_POINT('',(-3.,-0.426378764713312,1.825));
#2736=CARTESIAN_POINT('Ctrl Pts',(-1.95,0.,1.825));
#2737=CARTESIAN_POINT('Ctrl Pts',(-2.07313410113213,0.,1.825));
#2738=CARTESIAN_POINT('Ctrl Pts',(-2.13435416854812,-0.038958226533722,
1.825));
#2739=CARTESIAN_POINT('Ctrl Pts',(-2.24775776102674,-0.142583136047838,
1.825));
#2740=CARTESIAN_POINT('Ctrl Pts',(-2.27861747013827,-0.333187228226893,
1.825));
#2741=CARTESIAN_POINT('Ctrl Pts',(-2.33690776290207,-0.333187228226893,
1.825));
#2742=CARTESIAN_POINT('Ctrl Pts',(-3.,-0.426378764713312,1.825));
#2743=CARTESIAN_POINT('',(-1.95,-0.2,1.825));
#2744=CARTESIAN_POINT('',(-1.95,0.,1.825));
#2745=CARTESIAN_POINT('',(-2.97620421691591,-0.625,1.825));
#2746=CARTESIAN_POINT('Ctrl Pts',(-2.97620421691591,-0.625,1.825));
#2747=CARTESIAN_POINT('Ctrl Pts',(-2.59121158519143,-0.570892814183171,
1.825));
#2748=CARTESIAN_POINT('Ctrl Pts',(-2.32947036808786,-0.515618963594229,
1.825));
#2749=CARTESIAN_POINT('Ctrl Pts',(-2.24775776102674,-0.492526269508024,
1.825));
#2750=CARTESIAN_POINT('Ctrl Pts',(-2.13435416854812,-0.425834711071032,
1.825));
#2751=CARTESIAN_POINT('Ctrl Pts',(-2.0913161863661,-0.240539745382753,1.825));
#2752=CARTESIAN_POINT('Ctrl Pts',(-2.01881187180292,-0.2,1.825));
#2753=CARTESIAN_POINT('Ctrl Pts',(-1.95,-0.2,1.825));
#2754=CARTESIAN_POINT('',(-2.97620421691591,-0.625,1.825));
#2755=CARTESIAN_POINT('Origin',(-2.97620421691591,-0.625,1.95));
#2756=CARTESIAN_POINT('',(-3.,-0.426378764713312,2.075));
#2757=CARTESIAN_POINT('',(-3.,-0.426378764713312,1.95));
#2758=CARTESIAN_POINT('',(-2.97620421691591,-0.625,2.075));
#2759=CARTESIAN_POINT('',(-2.97620421691591,-0.625,1.95));
#2760=CARTESIAN_POINT('',(-2.97620421691591,-0.625,2.075));
#2761=CARTESIAN_POINT('Ctrl Pts',(-1.95,-0.2,1.825));
#2762=CARTESIAN_POINT('Ctrl Pts',(-1.95,-0.2,2.075));
#2763=CARTESIAN_POINT('Ctrl Pts',(-2.01881187180292,-0.2,1.825));
#2764=CARTESIAN_POINT('Ctrl Pts',(-2.01881187180292,-0.2,2.075));
#2765=CARTESIAN_POINT('Ctrl Pts',(-2.0913161863661,-0.240539745382753,1.825));
#2766=CARTESIAN_POINT('Ctrl Pts',(-2.0913161863661,-0.240539745382753,2.075));
#2767=CARTESIAN_POINT('Ctrl Pts',(-2.13435416854812,-0.425834711071032,
1.825));
#2768=CARTESIAN_POINT('Ctrl Pts',(-2.13435416854812,-0.425834711071032,
2.075));
#2769=CARTESIAN_POINT('Ctrl Pts',(-2.24775776102674,-0.492526269508024,
1.825));
#2770=CARTESIAN_POINT('Ctrl Pts',(-2.24775776102674,-0.492526269508024,
2.075));
#2771=CARTESIAN_POINT('Ctrl Pts',(-2.32947036808786,-0.515618963594229,
1.825));
#2772=CARTESIAN_POINT('Ctrl Pts',(-2.32947036808786,-0.515618963594229,
2.075));
#2773=CARTESIAN_POINT('Ctrl Pts',(-2.59121158519143,-0.570892814183171,
1.825));
#2774=CARTESIAN_POINT('Ctrl Pts',(-2.59121158519143,-0.570892814183171,
2.075));
#2775=CARTESIAN_POINT('Ctrl Pts',(-2.97620421691591,-0.625,1.825));
#2776=CARTESIAN_POINT('Ctrl Pts',(-2.97620421691591,-0.625,2.075));
#2777=CARTESIAN_POINT('',(-1.95,-0.2,2.075));
#2778=CARTESIAN_POINT('',(-1.95,-0.2,1.95));
#2779=CARTESIAN_POINT('Ctrl Pts',(-1.95,-0.2,2.075));
#2780=CARTESIAN_POINT('Ctrl Pts',(-2.01881187180292,-0.2,2.075));
#2781=CARTESIAN_POINT('Ctrl Pts',(-2.0913161863661,-0.240539745382753,2.075));
#2782=CARTESIAN_POINT('Ctrl Pts',(-2.13435416854812,-0.425834711071032,
2.075));
#2783=CARTESIAN_POINT('Ctrl Pts',(-2.24775776102674,-0.492526269508024,
2.075));
#2784=CARTESIAN_POINT('Ctrl Pts',(-2.32947036808786,-0.515618963594229,
2.075));
#2785=CARTESIAN_POINT('Ctrl Pts',(-2.59121158519143,-0.570892814183171,
2.075));
#2786=CARTESIAN_POINT('Ctrl Pts',(-2.97620421691591,-0.625,2.075));
#2787=CARTESIAN_POINT('Origin',(-1.95,0.,1.95));
#2788=CARTESIAN_POINT('',(-1.95,0.,2.075));
#2789=CARTESIAN_POINT('',(-1.95,0.,1.95));
#2790=CARTESIAN_POINT('',(-1.95,0.,2.075));
#2791=CARTESIAN_POINT('Ctrl Pts',(-3.,-0.426378764713312,1.825));
#2792=CARTESIAN_POINT('Ctrl Pts',(-3.,-0.426378764713312,2.075));
#2793=CARTESIAN_POINT('Ctrl Pts',(-2.33690776290207,-0.333187228226893,
1.825));
#2794=CARTESIAN_POINT('Ctrl Pts',(-2.33690776290207,-0.333187228226893,
2.075));
#2795=CARTESIAN_POINT('Ctrl Pts',(-2.27861747013827,-0.333187228226893,
1.825));
#2796=CARTESIAN_POINT('Ctrl Pts',(-2.27861747013827,-0.333187228226893,
2.075));
#2797=CARTESIAN_POINT('Ctrl Pts',(-2.24775776102674,-0.142583136047838,
1.825));
#2798=CARTESIAN_POINT('Ctrl Pts',(-2.24775776102674,-0.142583136047838,
2.075));
#2799=CARTESIAN_POINT('Ctrl Pts',(-2.13435416854812,-0.038958226533722,
1.825));
#2800=CARTESIAN_POINT('Ctrl Pts',(-2.13435416854812,-0.038958226533722,
2.075));
#2801=CARTESIAN_POINT('Ctrl Pts',(-2.07313410113213,0.,1.825));
#2802=CARTESIAN_POINT('Ctrl Pts',(-2.07313410113213,0.,2.075));
#2803=CARTESIAN_POINT('Ctrl Pts',(-1.95,0.,1.825));
#2804=CARTESIAN_POINT('Ctrl Pts',(-1.95,0.,2.075));
#2805=CARTESIAN_POINT('Ctrl Pts',(-3.,-0.426378764713312,2.075));
#2806=CARTESIAN_POINT('Ctrl Pts',(-2.33690776290207,-0.333187228226893,
2.075));
#2807=CARTESIAN_POINT('Ctrl Pts',(-2.27861747013827,-0.333187228226893,
2.075));
#2808=CARTESIAN_POINT('Ctrl Pts',(-2.24775776102674,-0.142583136047838,
2.075));
#2809=CARTESIAN_POINT('Ctrl Pts',(-2.13435416854812,-0.038958226533722,
2.075));
#2810=CARTESIAN_POINT('Ctrl Pts',(-2.07313410113213,0.,2.075));
#2811=CARTESIAN_POINT('Ctrl Pts',(-1.95,0.,2.075));
#2812=CARTESIAN_POINT('Origin',(-2.475,-0.3125,2.075));
#2813=CARTESIAN_POINT('Origin',(2.475,-0.3125,0.525));
#2814=CARTESIAN_POINT('',(1.95,0.,0.525));
#2815=CARTESIAN_POINT('',(3.,-0.426378764713312,0.525));
#2816=CARTESIAN_POINT('Ctrl Pts',(1.95,0.,0.525));
#2817=CARTESIAN_POINT('Ctrl Pts',(2.07313410113213,0.,0.525));
#2818=CARTESIAN_POINT('Ctrl Pts',(2.13435416854812,-0.038958226533722,0.525));
#2819=CARTESIAN_POINT('Ctrl Pts',(2.24775776102674,-0.142583136047838,0.525));
#2820=CARTESIAN_POINT('Ctrl Pts',(2.27861747013827,-0.333187228226893,0.525));
#2821=CARTESIAN_POINT('Ctrl Pts',(2.33690776290207,-0.333187228226893,0.525));
#2822=CARTESIAN_POINT('Ctrl Pts',(3.,-0.426378764713312,0.525));
#2823=CARTESIAN_POINT('',(2.97620421691591,-0.625,0.525));
#2824=CARTESIAN_POINT('',(2.97620421691591,-0.625,0.525));
#2825=CARTESIAN_POINT('',(1.95,-0.2,0.525));
#2826=CARTESIAN_POINT('Ctrl Pts',(2.97620421691591,-0.625,0.525));
#2827=CARTESIAN_POINT('Ctrl Pts',(2.59121158519143,-0.570892814183171,0.525));
#2828=CARTESIAN_POINT('Ctrl Pts',(2.32947036808786,-0.515618963594229,0.525));
#2829=CARTESIAN_POINT('Ctrl Pts',(2.24775776102674,-0.492526269508024,0.525));
#2830=CARTESIAN_POINT('Ctrl Pts',(2.13435416854812,-0.425834711071032,0.525));
#2831=CARTESIAN_POINT('Ctrl Pts',(2.0913161863661,-0.240539745382753,0.525));
#2832=CARTESIAN_POINT('Ctrl Pts',(2.01881187180292,-0.2,0.525));
#2833=CARTESIAN_POINT('Ctrl Pts',(1.95,-0.2,0.525));
#2834=CARTESIAN_POINT('',(1.95,0.,0.525));
#2835=CARTESIAN_POINT('Origin',(2.97620421691591,-0.625,0.65));
#2836=CARTESIAN_POINT('',(3.,-0.426378764713312,0.775));
#2837=CARTESIAN_POINT('',(3.,-0.426378764713312,0.65));
#2838=CARTESIAN_POINT('',(2.97620421691591,-0.625,0.775));
#2839=CARTESIAN_POINT('',(2.97620421691591,-0.625,0.775));
#2840=CARTESIAN_POINT('',(2.97620421691591,-0.625,0.65));
#2841=CARTESIAN_POINT('Ctrl Pts',(1.95,-0.2,0.525));
#2842=CARTESIAN_POINT('Ctrl Pts',(1.95,-0.2,0.775));
#2843=CARTESIAN_POINT('Ctrl Pts',(2.01881187180292,-0.2,0.525));
#2844=CARTESIAN_POINT('Ctrl Pts',(2.01881187180292,-0.2,0.775));
#2845=CARTESIAN_POINT('Ctrl Pts',(2.0913161863661,-0.240539745382753,0.525));
#2846=CARTESIAN_POINT('Ctrl Pts',(2.0913161863661,-0.240539745382753,0.775));
#2847=CARTESIAN_POINT('Ctrl Pts',(2.13435416854812,-0.425834711071032,0.525));
#2848=CARTESIAN_POINT('Ctrl Pts',(2.13435416854812,-0.425834711071032,0.775));
#2849=CARTESIAN_POINT('Ctrl Pts',(2.24775776102674,-0.492526269508024,0.525));
#2850=CARTESIAN_POINT('Ctrl Pts',(2.24775776102674,-0.492526269508024,0.775));
#2851=CARTESIAN_POINT('Ctrl Pts',(2.32947036808786,-0.515618963594229,0.525));
#2852=CARTESIAN_POINT('Ctrl Pts',(2.32947036808786,-0.515618963594229,0.775));
#2853=CARTESIAN_POINT('Ctrl Pts',(2.59121158519143,-0.570892814183171,0.525));
#2854=CARTESIAN_POINT('Ctrl Pts',(2.59121158519143,-0.570892814183171,0.775));
#2855=CARTESIAN_POINT('Ctrl Pts',(2.97620421691591,-0.625,0.525));
#2856=CARTESIAN_POINT('Ctrl Pts',(2.97620421691591,-0.625,0.775));
#2857=CARTESIAN_POINT('',(1.95,-0.2,0.775));
#2858=CARTESIAN_POINT('Ctrl Pts',(1.95,-0.2,0.775));
#2859=CARTESIAN_POINT('Ctrl Pts',(2.01881187180292,-0.2,0.775));
#2860=CARTESIAN_POINT('Ctrl Pts',(2.0913161863661,-0.240539745382753,0.775));
#2861=CARTESIAN_POINT('Ctrl Pts',(2.13435416854812,-0.425834711071032,0.775));
#2862=CARTESIAN_POINT('Ctrl Pts',(2.24775776102674,-0.492526269508024,0.775));
#2863=CARTESIAN_POINT('Ctrl Pts',(2.32947036808786,-0.515618963594229,0.775));
#2864=CARTESIAN_POINT('Ctrl Pts',(2.59121158519143,-0.570892814183171,0.775));
#2865=CARTESIAN_POINT('Ctrl Pts',(2.97620421691591,-0.625,0.775));
#2866=CARTESIAN_POINT('',(1.95,-0.2,0.65));
#2867=CARTESIAN_POINT('Origin',(1.95,0.,0.65));
#2868=CARTESIAN_POINT('',(1.95,0.,0.775));
#2869=CARTESIAN_POINT('',(1.95,0.,0.775));
#2870=CARTESIAN_POINT('',(1.95,0.,0.65));
#2871=CARTESIAN_POINT('Ctrl Pts',(3.,-0.426378764713312,0.525));
#2872=CARTESIAN_POINT('Ctrl Pts',(3.,-0.426378764713312,0.775));
#2873=CARTESIAN_POINT('Ctrl Pts',(2.33690776290207,-0.333187228226893,0.525));
#2874=CARTESIAN_POINT('Ctrl Pts',(2.33690776290207,-0.333187228226893,0.775));
#2875=CARTESIAN_POINT('Ctrl Pts',(2.27861747013827,-0.333187228226893,0.525));
#2876=CARTESIAN_POINT('Ctrl Pts',(2.27861747013827,-0.333187228226893,0.775));
#2877=CARTESIAN_POINT('Ctrl Pts',(2.24775776102674,-0.142583136047838,0.525));
#2878=CARTESIAN_POINT('Ctrl Pts',(2.24775776102674,-0.142583136047838,0.775));
#2879=CARTESIAN_POINT('Ctrl Pts',(2.13435416854812,-0.038958226533722,0.525));
#2880=CARTESIAN_POINT('Ctrl Pts',(2.13435416854812,-0.038958226533722,0.775));
#2881=CARTESIAN_POINT('Ctrl Pts',(2.07313410113213,0.,0.525));
#2882=CARTESIAN_POINT('Ctrl Pts',(2.07313410113213,0.,0.775));
#2883=CARTESIAN_POINT('Ctrl Pts',(1.95,0.,0.525));
#2884=CARTESIAN_POINT('Ctrl Pts',(1.95,0.,0.775));
#2885=CARTESIAN_POINT('Ctrl Pts',(3.,-0.426378764713312,0.775));
#2886=CARTESIAN_POINT('Ctrl Pts',(2.33690776290207,-0.333187228226893,0.775));
#2887=CARTESIAN_POINT('Ctrl Pts',(2.27861747013827,-0.333187228226893,0.775));
#2888=CARTESIAN_POINT('Ctrl Pts',(2.24775776102674,-0.142583136047838,0.775));
#2889=CARTESIAN_POINT('Ctrl Pts',(2.13435416854812,-0.038958226533722,0.775));
#2890=CARTESIAN_POINT('Ctrl Pts',(2.07313410113213,0.,0.775));
#2891=CARTESIAN_POINT('Ctrl Pts',(1.95,0.,0.775));
#2892=CARTESIAN_POINT('Origin',(2.475,-0.3125,0.775));
#2893=CARTESIAN_POINT('Origin',(2.475,-0.3125,1.825));
#2894=CARTESIAN_POINT('',(1.95,0.,1.825));
#2895=CARTESIAN_POINT('',(3.,-0.426378764713312,1.825));
#2896=CARTESIAN_POINT('Ctrl Pts',(1.95,0.,1.825));
#2897=CARTESIAN_POINT('Ctrl Pts',(2.07313410113213,0.,1.825));
#2898=CARTESIAN_POINT('Ctrl Pts',(2.13435416854812,-0.038958226533722,1.825));
#2899=CARTESIAN_POINT('Ctrl Pts',(2.24775776102674,-0.142583136047838,1.825));
#2900=CARTESIAN_POINT('Ctrl Pts',(2.27861747013827,-0.333187228226893,1.825));
#2901=CARTESIAN_POINT('Ctrl Pts',(2.33690776290207,-0.333187228226893,1.825));
#2902=CARTESIAN_POINT('Ctrl Pts',(3.,-0.426378764713312,1.825));
#2903=CARTESIAN_POINT('',(2.97620421691591,-0.625,1.825));
#2904=CARTESIAN_POINT('',(2.97620421691591,-0.625,1.825));
#2905=CARTESIAN_POINT('',(1.95,-0.2,1.825));
#2906=CARTESIAN_POINT('Ctrl Pts',(2.97620421691591,-0.625,1.825));
#2907=CARTESIAN_POINT('Ctrl Pts',(2.59121158519143,-0.570892814183171,1.825));
#2908=CARTESIAN_POINT('Ctrl Pts',(2.32947036808786,-0.515618963594229,1.825));
#2909=CARTESIAN_POINT('Ctrl Pts',(2.24775776102674,-0.492526269508024,1.825));
#2910=CARTESIAN_POINT('Ctrl Pts',(2.13435416854812,-0.425834711071032,1.825));
#2911=CARTESIAN_POINT('Ctrl Pts',(2.0913161863661,-0.240539745382753,1.825));
#2912=CARTESIAN_POINT('Ctrl Pts',(2.01881187180292,-0.2,1.825));
#2913=CARTESIAN_POINT('Ctrl Pts',(1.95,-0.2,1.825));
#2914=CARTESIAN_POINT('',(1.95,0.,1.825));
#2915=CARTESIAN_POINT('Origin',(2.97620421691591,-0.625,1.95));
#2916=CARTESIAN_POINT('',(3.,-0.426378764713312,2.075));
#2917=CARTESIAN_POINT('',(3.,-0.426378764713312,1.95));
#2918=CARTESIAN_POINT('',(2.97620421691591,-0.625,2.075));
#2919=CARTESIAN_POINT('',(2.97620421691591,-0.625,2.075));
#2920=CARTESIAN_POINT('',(2.97620421691591,-0.625,1.95));
#2921=CARTESIAN_POINT('Ctrl Pts',(1.95,-0.2,1.825));
#2922=CARTESIAN_POINT('Ctrl Pts',(1.95,-0.2,2.075));
#2923=CARTESIAN_POINT('Ctrl Pts',(2.01881187180292,-0.2,1.825));
#2924=CARTESIAN_POINT('Ctrl Pts',(2.01881187180292,-0.2,2.075));
#2925=CARTESIAN_POINT('Ctrl Pts',(2.0913161863661,-0.240539745382753,1.825));
#2926=CARTESIAN_POINT('Ctrl Pts',(2.0913161863661,-0.240539745382753,2.075));
#2927=CARTESIAN_POINT('Ctrl Pts',(2.13435416854812,-0.425834711071032,1.825));
#2928=CARTESIAN_POINT('Ctrl Pts',(2.13435416854812,-0.425834711071032,2.075));
#2929=CARTESIAN_POINT('Ctrl Pts',(2.24775776102674,-0.492526269508024,1.825));
#2930=CARTESIAN_POINT('Ctrl Pts',(2.24775776102674,-0.492526269508024,2.075));
#2931=CARTESIAN_POINT('Ctrl Pts',(2.32947036808786,-0.515618963594229,1.825));
#2932=CARTESIAN_POINT('Ctrl Pts',(2.32947036808786,-0.515618963594229,2.075));
#2933=CARTESIAN_POINT('Ctrl Pts',(2.59121158519143,-0.570892814183171,1.825));
#2934=CARTESIAN_POINT('Ctrl Pts',(2.59121158519143,-0.570892814183171,2.075));
#2935=CARTESIAN_POINT('Ctrl Pts',(2.97620421691591,-0.625,1.825));
#2936=CARTESIAN_POINT('Ctrl Pts',(2.97620421691591,-0.625,2.075));
#2937=CARTESIAN_POINT('',(1.95,-0.2,2.075));
#2938=CARTESIAN_POINT('Ctrl Pts',(1.95,-0.2,2.075));
#2939=CARTESIAN_POINT('Ctrl Pts',(2.01881187180292,-0.2,2.075));
#2940=CARTESIAN_POINT('Ctrl Pts',(2.0913161863661,-0.240539745382753,2.075));
#2941=CARTESIAN_POINT('Ctrl Pts',(2.13435416854812,-0.425834711071032,2.075));
#2942=CARTESIAN_POINT('Ctrl Pts',(2.24775776102674,-0.492526269508024,2.075));
#2943=CARTESIAN_POINT('Ctrl Pts',(2.32947036808786,-0.515618963594229,2.075));
#2944=CARTESIAN_POINT('Ctrl Pts',(2.59121158519143,-0.570892814183171,2.075));
#2945=CARTESIAN_POINT('Ctrl Pts',(2.97620421691591,-0.625,2.075));
#2946=CARTESIAN_POINT('',(1.95,-0.2,1.95));
#2947=CARTESIAN_POINT('Origin',(1.95,0.,1.95));
#2948=CARTESIAN_POINT('',(1.95,0.,2.075));
#2949=CARTESIAN_POINT('',(1.95,0.,2.075));
#2950=CARTESIAN_POINT('',(1.95,0.,1.95));
#2951=CARTESIAN_POINT('Ctrl Pts',(3.,-0.426378764713312,1.825));
#2952=CARTESIAN_POINT('Ctrl Pts',(3.,-0.426378764713312,2.075));
#2953=CARTESIAN_POINT('Ctrl Pts',(2.33690776290207,-0.333187228226893,1.825));
#2954=CARTESIAN_POINT('Ctrl Pts',(2.33690776290207,-0.333187228226893,2.075));
#2955=CARTESIAN_POINT('Ctrl Pts',(2.27861747013827,-0.333187228226893,1.825));
#2956=CARTESIAN_POINT('Ctrl Pts',(2.27861747013827,-0.333187228226893,2.075));
#2957=CARTESIAN_POINT('Ctrl Pts',(2.24775776102674,-0.142583136047838,1.825));
#2958=CARTESIAN_POINT('Ctrl Pts',(2.24775776102674,-0.142583136047838,2.075));
#2959=CARTESIAN_POINT('Ctrl Pts',(2.13435416854812,-0.038958226533722,1.825));
#2960=CARTESIAN_POINT('Ctrl Pts',(2.13435416854812,-0.038958226533722,2.075));
#2961=CARTESIAN_POINT('Ctrl Pts',(2.07313410113213,0.,1.825));
#2962=CARTESIAN_POINT('Ctrl Pts',(2.07313410113213,0.,2.075));
#2963=CARTESIAN_POINT('Ctrl Pts',(1.95,0.,1.825));
#2964=CARTESIAN_POINT('Ctrl Pts',(1.95,0.,2.075));
#2965=CARTESIAN_POINT('Ctrl Pts',(3.,-0.426378764713312,2.075));
#2966=CARTESIAN_POINT('Ctrl Pts',(2.33690776290207,-0.333187228226893,2.075));
#2967=CARTESIAN_POINT('Ctrl Pts',(2.27861747013827,-0.333187228226893,2.075));
#2968=CARTESIAN_POINT('Ctrl Pts',(2.24775776102674,-0.142583136047838,2.075));
#2969=CARTESIAN_POINT('Ctrl Pts',(2.13435416854812,-0.038958226533722,2.075));
#2970=CARTESIAN_POINT('Ctrl Pts',(2.07313410113213,0.,2.075));
#2971=CARTESIAN_POINT('Ctrl Pts',(1.95,0.,2.075));
#2972=CARTESIAN_POINT('Origin',(2.475,-0.3125,2.075));
#2973=CARTESIAN_POINT('Origin',(2.475,-0.3125,-2.075));
#2974=CARTESIAN_POINT('',(1.95,0.,-2.075));
#2975=CARTESIAN_POINT('',(3.,-0.426378764713312,-2.075));
#2976=CARTESIAN_POINT('Ctrl Pts',(1.95,0.,-2.075));
#2977=CARTESIAN_POINT('Ctrl Pts',(2.07313410113213,0.,-2.075));
#2978=CARTESIAN_POINT('Ctrl Pts',(2.13435416854812,-0.038958226533722,-2.075));
#2979=CARTESIAN_POINT('Ctrl Pts',(2.24775776102674,-0.142583136047838,-2.075));
#2980=CARTESIAN_POINT('Ctrl Pts',(2.27861747013827,-0.333187228226893,-2.075));
#2981=CARTESIAN_POINT('Ctrl Pts',(2.33690776290207,-0.333187228226893,-2.075));
#2982=CARTESIAN_POINT('Ctrl Pts',(3.,-0.426378764713312,-2.075));
#2983=CARTESIAN_POINT('',(2.9762042169159,-0.625,-2.075));
#2984=CARTESIAN_POINT('',(2.9762042169159,-0.625,-2.075));
#2985=CARTESIAN_POINT('',(1.95,-0.2,-2.075));
#2986=CARTESIAN_POINT('Ctrl Pts',(2.9762042169159,-0.625,-2.075));
#2987=CARTESIAN_POINT('Ctrl Pts',(2.59121158519143,-0.570892814183171,-2.075));
#2988=CARTESIAN_POINT('Ctrl Pts',(2.32947036808786,-0.515618963594229,-2.075));
#2989=CARTESIAN_POINT('Ctrl Pts',(2.24775776102674,-0.492526269508024,-2.075));
#2990=CARTESIAN_POINT('Ctrl Pts',(2.13435416854812,-0.425834711071032,-2.075));
#2991=CARTESIAN_POINT('Ctrl Pts',(2.0913161863661,-0.240539745382753,-2.075));
#2992=CARTESIAN_POINT('Ctrl Pts',(2.01881187180292,-0.2,-2.075));
#2993=CARTESIAN_POINT('Ctrl Pts',(1.95,-0.2,-2.075));
#2994=CARTESIAN_POINT('',(1.95,0.,-2.075));
#2995=CARTESIAN_POINT('Origin',(2.9762042169159,-0.625,-1.95));
#2996=CARTESIAN_POINT('',(3.,-0.426378764713312,-1.825));
#2997=CARTESIAN_POINT('',(3.,-0.426378764713312,-1.95));
#2998=CARTESIAN_POINT('',(2.9762042169159,-0.625,-1.825));
#2999=CARTESIAN_POINT('',(2.9762042169159,-0.625,-1.825));
#3000=CARTESIAN_POINT('',(2.9762042169159,-0.625,-1.95));
#3001=CARTESIAN_POINT('Ctrl Pts',(1.95,-0.2,-2.075));
#3002=CARTESIAN_POINT('Ctrl Pts',(1.95,-0.2,-1.825));
#3003=CARTESIAN_POINT('Ctrl Pts',(2.01881187180292,-0.2,-2.075));
#3004=CARTESIAN_POINT('Ctrl Pts',(2.01881187180292,-0.2,-1.825));
#3005=CARTESIAN_POINT('Ctrl Pts',(2.0913161863661,-0.240539745382753,-2.075));
#3006=CARTESIAN_POINT('Ctrl Pts',(2.0913161863661,-0.240539745382753,-1.825));
#3007=CARTESIAN_POINT('Ctrl Pts',(2.13435416854812,-0.425834711071032,-2.075));
#3008=CARTESIAN_POINT('Ctrl Pts',(2.13435416854812,-0.425834711071032,-1.825));
#3009=CARTESIAN_POINT('Ctrl Pts',(2.24775776102674,-0.492526269508024,-2.075));
#3010=CARTESIAN_POINT('Ctrl Pts',(2.24775776102674,-0.492526269508024,-1.825));
#3011=CARTESIAN_POINT('Ctrl Pts',(2.32947036808786,-0.515618963594229,-2.075));
#3012=CARTESIAN_POINT('Ctrl Pts',(2.32947036808786,-0.515618963594229,-1.825));
#3013=CARTESIAN_POINT('Ctrl Pts',(2.59121158519143,-0.570892814183171,-2.075));
#3014=CARTESIAN_POINT('Ctrl Pts',(2.59121158519143,-0.570892814183171,-1.825));
#3015=CARTESIAN_POINT('Ctrl Pts',(2.9762042169159,-0.625,-2.075));
#3016=CARTESIAN_POINT('Ctrl Pts',(2.9762042169159,-0.625,-1.825));
#3017=CARTESIAN_POINT('',(1.95,-0.2,-1.825));
#3018=CARTESIAN_POINT('Ctrl Pts',(1.95,-0.2,-1.825));
#3019=CARTESIAN_POINT('Ctrl Pts',(2.01881187180292,-0.2,-1.825));
#3020=CARTESIAN_POINT('Ctrl Pts',(2.0913161863661,-0.240539745382753,-1.825));
#3021=CARTESIAN_POINT('Ctrl Pts',(2.13435416854812,-0.425834711071032,-1.825));
#3022=CARTESIAN_POINT('Ctrl Pts',(2.24775776102674,-0.492526269508024,-1.825));
#3023=CARTESIAN_POINT('Ctrl Pts',(2.32947036808786,-0.515618963594229,-1.825));
#3024=CARTESIAN_POINT('Ctrl Pts',(2.59121158519143,-0.570892814183171,-1.825));
#3025=CARTESIAN_POINT('Ctrl Pts',(2.9762042169159,-0.625,-1.825));
#3026=CARTESIAN_POINT('',(1.95,-0.2,-1.95));
#3027=CARTESIAN_POINT('Origin',(1.95,0.,-1.95));
#3028=CARTESIAN_POINT('',(1.95,0.,-1.825));
#3029=CARTESIAN_POINT('',(1.95,0.,-1.825));
#3030=CARTESIAN_POINT('',(1.95,0.,-1.95));
#3031=CARTESIAN_POINT('Ctrl Pts',(3.,-0.426378764713312,-2.075));
#3032=CARTESIAN_POINT('Ctrl Pts',(3.,-0.426378764713312,-1.825));
#3033=CARTESIAN_POINT('Ctrl Pts',(2.33690776290207,-0.333187228226893,-2.075));
#3034=CARTESIAN_POINT('Ctrl Pts',(2.33690776290207,-0.333187228226893,-1.825));
#3035=CARTESIAN_POINT('Ctrl Pts',(2.27861747013827,-0.333187228226893,-2.075));
#3036=CARTESIAN_POINT('Ctrl Pts',(2.27861747013827,-0.333187228226893,-1.825));
#3037=CARTESIAN_POINT('Ctrl Pts',(2.24775776102674,-0.142583136047838,-2.075));
#3038=CARTESIAN_POINT('Ctrl Pts',(2.24775776102674,-0.142583136047838,-1.825));
#3039=CARTESIAN_POINT('Ctrl Pts',(2.13435416854812,-0.038958226533722,-2.075));
#3040=CARTESIAN_POINT('Ctrl Pts',(2.13435416854812,-0.038958226533722,-1.825));
#3041=CARTESIAN_POINT('Ctrl Pts',(2.07313410113213,0.,-2.075));
#3042=CARTESIAN_POINT('Ctrl Pts',(2.07313410113213,0.,-1.825));
#3043=CARTESIAN_POINT('Ctrl Pts',(1.95,0.,-2.075));
#3044=CARTESIAN_POINT('Ctrl Pts',(1.95,0.,-1.825));
#3045=CARTESIAN_POINT('Ctrl Pts',(3.,-0.426378764713312,-1.825));
#3046=CARTESIAN_POINT('Ctrl Pts',(2.33690776290207,-0.333187228226893,-1.825));
#3047=CARTESIAN_POINT('Ctrl Pts',(2.27861747013827,-0.333187228226893,-1.825));
#3048=CARTESIAN_POINT('Ctrl Pts',(2.24775776102674,-0.142583136047838,-1.825));
#3049=CARTESIAN_POINT('Ctrl Pts',(2.13435416854812,-0.038958226533722,-1.825));
#3050=CARTESIAN_POINT('Ctrl Pts',(2.07313410113213,0.,-1.825));
#3051=CARTESIAN_POINT('Ctrl Pts',(1.95,0.,-1.825));
#3052=CARTESIAN_POINT('Origin',(2.475,-0.3125,-1.825));
#3053=CARTESIAN_POINT('Origin',(2.475,-0.3125,-1.425));
#3054=CARTESIAN_POINT('',(1.95,0.,-1.425));
#3055=CARTESIAN_POINT('',(3.,-0.426378764713312,-1.425));
#3056=CARTESIAN_POINT('Ctrl Pts',(1.95,0.,-1.425));
#3057=CARTESIAN_POINT('Ctrl Pts',(2.07313410113213,0.,-1.425));
#3058=CARTESIAN_POINT('Ctrl Pts',(2.13435416854812,-0.038958226533722,-1.425));
#3059=CARTESIAN_POINT('Ctrl Pts',(2.24775776102674,-0.142583136047838,-1.425));
#3060=CARTESIAN_POINT('Ctrl Pts',(2.27861747013827,-0.333187228226893,-1.425));
#3061=CARTESIAN_POINT('Ctrl Pts',(2.33690776290207,-0.333187228226893,-1.425));
#3062=CARTESIAN_POINT('Ctrl Pts',(3.,-0.426378764713312,-1.425));
#3063=CARTESIAN_POINT('',(2.9762042169159,-0.625,-1.425));
#3064=CARTESIAN_POINT('',(2.9762042169159,-0.625,-1.425));
#3065=CARTESIAN_POINT('',(1.95,-0.2,-1.425));
#3066=CARTESIAN_POINT('Ctrl Pts',(2.9762042169159,-0.625,-1.425));
#3067=CARTESIAN_POINT('Ctrl Pts',(2.59121158519143,-0.570892814183171,-1.425));
#3068=CARTESIAN_POINT('Ctrl Pts',(2.32947036808786,-0.515618963594229,-1.425));
#3069=CARTESIAN_POINT('Ctrl Pts',(2.24775776102674,-0.492526269508024,-1.425));
#3070=CARTESIAN_POINT('Ctrl Pts',(2.13435416854812,-0.425834711071032,-1.425));
#3071=CARTESIAN_POINT('Ctrl Pts',(2.0913161863661,-0.240539745382753,-1.425));
#3072=CARTESIAN_POINT('Ctrl Pts',(2.01881187180292,-0.2,-1.425));
#3073=CARTESIAN_POINT('Ctrl Pts',(1.95,-0.2,-1.425));
#3074=CARTESIAN_POINT('',(1.95,0.,-1.425));
#3075=CARTESIAN_POINT('Origin',(2.9762042169159,-0.625,-1.3));
#3076=CARTESIAN_POINT('',(3.,-0.426378764713312,-1.175));
#3077=CARTESIAN_POINT('',(3.,-0.426378764713312,-1.3));
#3078=CARTESIAN_POINT('',(2.9762042169159,-0.625,-1.175));
#3079=CARTESIAN_POINT('',(2.9762042169159,-0.625,-1.175));
#3080=CARTESIAN_POINT('',(2.9762042169159,-0.625,-1.3));
#3081=CARTESIAN_POINT('Ctrl Pts',(1.95,-0.2,-1.425));
#3082=CARTESIAN_POINT('Ctrl Pts',(1.95,-0.2,-1.175));
#3083=CARTESIAN_POINT('Ctrl Pts',(2.01881187180292,-0.2,-1.425));
#3084=CARTESIAN_POINT('Ctrl Pts',(2.01881187180292,-0.2,-1.175));
#3085=CARTESIAN_POINT('Ctrl Pts',(2.0913161863661,-0.240539745382753,-1.425));
#3086=CARTESIAN_POINT('Ctrl Pts',(2.0913161863661,-0.240539745382753,-1.175));
#3087=CARTESIAN_POINT('Ctrl Pts',(2.13435416854812,-0.425834711071032,-1.425));
#3088=CARTESIAN_POINT('Ctrl Pts',(2.13435416854812,-0.425834711071032,-1.175));
#3089=CARTESIAN_POINT('Ctrl Pts',(2.24775776102674,-0.492526269508024,-1.425));
#3090=CARTESIAN_POINT('Ctrl Pts',(2.24775776102674,-0.492526269508024,-1.175));
#3091=CARTESIAN_POINT('Ctrl Pts',(2.32947036808786,-0.515618963594229,-1.425));
#3092=CARTESIAN_POINT('Ctrl Pts',(2.32947036808786,-0.515618963594229,-1.175));
#3093=CARTESIAN_POINT('Ctrl Pts',(2.59121158519143,-0.570892814183171,-1.425));
#3094=CARTESIAN_POINT('Ctrl Pts',(2.59121158519143,-0.570892814183171,-1.175));
#3095=CARTESIAN_POINT('Ctrl Pts',(2.9762042169159,-0.625,-1.425));
#3096=CARTESIAN_POINT('Ctrl Pts',(2.9762042169159,-0.625,-1.175));
#3097=CARTESIAN_POINT('',(1.95,-0.2,-1.175));
#3098=CARTESIAN_POINT('Ctrl Pts',(1.95,-0.2,-1.175));
#3099=CARTESIAN_POINT('Ctrl Pts',(2.01881187180292,-0.2,-1.175));
#3100=CARTESIAN_POINT('Ctrl Pts',(2.0913161863661,-0.240539745382753,-1.175));
#3101=CARTESIAN_POINT('Ctrl Pts',(2.13435416854812,-0.425834711071032,-1.175));
#3102=CARTESIAN_POINT('Ctrl Pts',(2.24775776102674,-0.492526269508024,-1.175));
#3103=CARTESIAN_POINT('Ctrl Pts',(2.32947036808786,-0.515618963594229,-1.175));
#3104=CARTESIAN_POINT('Ctrl Pts',(2.59121158519143,-0.570892814183171,-1.175));
#3105=CARTESIAN_POINT('Ctrl Pts',(2.9762042169159,-0.625,-1.175));
#3106=CARTESIAN_POINT('',(1.95,-0.2,-1.3));
#3107=CARTESIAN_POINT('Origin',(1.95,0.,-1.3));
#3108=CARTESIAN_POINT('',(1.95,0.,-1.175));
#3109=CARTESIAN_POINT('',(1.95,0.,-1.175));
#3110=CARTESIAN_POINT('',(1.95,0.,-1.3));
#3111=CARTESIAN_POINT('Ctrl Pts',(3.,-0.426378764713312,-1.425));
#3112=CARTESIAN_POINT('Ctrl Pts',(3.,-0.426378764713312,-1.175));
#3113=CARTESIAN_POINT('Ctrl Pts',(2.33690776290207,-0.333187228226893,-1.425));
#3114=CARTESIAN_POINT('Ctrl Pts',(2.33690776290207,-0.333187228226893,-1.175));
#3115=CARTESIAN_POINT('Ctrl Pts',(2.27861747013827,-0.333187228226893,-1.425));
#3116=CARTESIAN_POINT('Ctrl Pts',(2.27861747013827,-0.333187228226893,-1.175));
#3117=CARTESIAN_POINT('Ctrl Pts',(2.24775776102674,-0.142583136047838,-1.425));
#3118=CARTESIAN_POINT('Ctrl Pts',(2.24775776102674,-0.142583136047838,-1.175));
#3119=CARTESIAN_POINT('Ctrl Pts',(2.13435416854812,-0.038958226533722,-1.425));
#3120=CARTESIAN_POINT('Ctrl Pts',(2.13435416854812,-0.038958226533722,-1.175));
#3121=CARTESIAN_POINT('Ctrl Pts',(2.07313410113213,0.,-1.425));
#3122=CARTESIAN_POINT('Ctrl Pts',(2.07313410113213,0.,-1.175));
#3123=CARTESIAN_POINT('Ctrl Pts',(1.95,0.,-1.425));
#3124=CARTESIAN_POINT('Ctrl Pts',(1.95,0.,-1.175));
#3125=CARTESIAN_POINT('Ctrl Pts',(3.,-0.426378764713312,-1.175));
#3126=CARTESIAN_POINT('Ctrl Pts',(2.33690776290207,-0.333187228226893,-1.175));
#3127=CARTESIAN_POINT('Ctrl Pts',(2.27861747013827,-0.333187228226893,-1.175));
#3128=CARTESIAN_POINT('Ctrl Pts',(2.24775776102674,-0.142583136047838,-1.175));
#3129=CARTESIAN_POINT('Ctrl Pts',(2.13435416854812,-0.038958226533722,-1.175));
#3130=CARTESIAN_POINT('Ctrl Pts',(2.07313410113213,0.,-1.175));
#3131=CARTESIAN_POINT('Ctrl Pts',(1.95,0.,-1.175));
#3132=CARTESIAN_POINT('Origin',(2.475,-0.3125,-1.175));
#3133=CARTESIAN_POINT('Origin',(2.475,-0.3125,-0.775));
#3134=CARTESIAN_POINT('',(1.95,0.,-0.775));
#3135=CARTESIAN_POINT('',(3.,-0.426378764713312,-0.775));
#3136=CARTESIAN_POINT('Ctrl Pts',(1.95,0.,-0.775));
#3137=CARTESIAN_POINT('Ctrl Pts',(2.07313410113213,0.,-0.775));
#3138=CARTESIAN_POINT('Ctrl Pts',(2.13435416854812,-0.038958226533722,-0.775));
#3139=CARTESIAN_POINT('Ctrl Pts',(2.24775776102674,-0.142583136047838,-0.775));
#3140=CARTESIAN_POINT('Ctrl Pts',(2.27861747013827,-0.333187228226893,-0.775));
#3141=CARTESIAN_POINT('Ctrl Pts',(2.33690776290207,-0.333187228226893,-0.775));
#3142=CARTESIAN_POINT('Ctrl Pts',(3.,-0.426378764713312,-0.775));
#3143=CARTESIAN_POINT('',(2.97620421691591,-0.625,-0.775));
#3144=CARTESIAN_POINT('',(2.97620421691591,-0.625,-0.775));
#3145=CARTESIAN_POINT('',(1.95,-0.2,-0.775));
#3146=CARTESIAN_POINT('Ctrl Pts',(2.97620421691591,-0.625,-0.775));
#3147=CARTESIAN_POINT('Ctrl Pts',(2.59121158519143,-0.570892814183171,-0.775));
#3148=CARTESIAN_POINT('Ctrl Pts',(2.32947036808786,-0.515618963594229,-0.775));
#3149=CARTESIAN_POINT('Ctrl Pts',(2.24775776102674,-0.492526269508024,-0.775));
#3150=CARTESIAN_POINT('Ctrl Pts',(2.13435416854812,-0.425834711071032,-0.775));
#3151=CARTESIAN_POINT('Ctrl Pts',(2.0913161863661,-0.240539745382753,-0.775));
#3152=CARTESIAN_POINT('Ctrl Pts',(2.01881187180292,-0.2,-0.775));
#3153=CARTESIAN_POINT('Ctrl Pts',(1.95,-0.2,-0.775));
#3154=CARTESIAN_POINT('',(1.95,0.,-0.775));
#3155=CARTESIAN_POINT('Origin',(2.97620421691591,-0.625,-0.65));
#3156=CARTESIAN_POINT('',(3.,-0.426378764713312,-0.525));
#3157=CARTESIAN_POINT('',(3.,-0.426378764713312,-0.65));
#3158=CARTESIAN_POINT('',(2.97620421691591,-0.625,-0.525));
#3159=CARTESIAN_POINT('',(2.97620421691591,-0.625,-0.525));
#3160=CARTESIAN_POINT('',(2.97620421691591,-0.625,-0.65));
#3161=CARTESIAN_POINT('Ctrl Pts',(1.95,-0.2,-0.775));
#3162=CARTESIAN_POINT('Ctrl Pts',(1.95,-0.2,-0.525));
#3163=CARTESIAN_POINT('Ctrl Pts',(2.01881187180292,-0.2,-0.775));
#3164=CARTESIAN_POINT('Ctrl Pts',(2.01881187180292,-0.2,-0.525));
#3165=CARTESIAN_POINT('Ctrl Pts',(2.0913161863661,-0.240539745382753,-0.775));
#3166=CARTESIAN_POINT('Ctrl Pts',(2.0913161863661,-0.240539745382753,-0.525));
#3167=CARTESIAN_POINT('Ctrl Pts',(2.13435416854812,-0.425834711071032,-0.775));
#3168=CARTESIAN_POINT('Ctrl Pts',(2.13435416854812,-0.425834711071032,-0.525));
#3169=CARTESIAN_POINT('Ctrl Pts',(2.24775776102674,-0.492526269508024,-0.775));
#3170=CARTESIAN_POINT('Ctrl Pts',(2.24775776102674,-0.492526269508024,-0.525));
#3171=CARTESIAN_POINT('Ctrl Pts',(2.32947036808786,-0.515618963594229,-0.775));
#3172=CARTESIAN_POINT('Ctrl Pts',(2.32947036808786,-0.515618963594229,-0.525));
#3173=CARTESIAN_POINT('Ctrl Pts',(2.59121158519143,-0.570892814183171,-0.775));
#3174=CARTESIAN_POINT('Ctrl Pts',(2.59121158519143,-0.570892814183171,-0.525));
#3175=CARTESIAN_POINT('Ctrl Pts',(2.97620421691591,-0.625,-0.775));
#3176=CARTESIAN_POINT('Ctrl Pts',(2.97620421691591,-0.625,-0.525));
#3177=CARTESIAN_POINT('',(1.95,-0.2,-0.525));
#3178=CARTESIAN_POINT('Ctrl Pts',(1.95,-0.2,-0.525));
#3179=CARTESIAN_POINT('Ctrl Pts',(2.01881187180292,-0.2,-0.525));
#3180=CARTESIAN_POINT('Ctrl Pts',(2.0913161863661,-0.240539745382753,-0.525));
#3181=CARTESIAN_POINT('Ctrl Pts',(2.13435416854812,-0.425834711071032,-0.525));
#3182=CARTESIAN_POINT('Ctrl Pts',(2.24775776102674,-0.492526269508024,-0.525));
#3183=CARTESIAN_POINT('Ctrl Pts',(2.32947036808786,-0.515618963594229,-0.525));
#3184=CARTESIAN_POINT('Ctrl Pts',(2.59121158519143,-0.570892814183171,-0.525));
#3185=CARTESIAN_POINT('Ctrl Pts',(2.97620421691591,-0.625,-0.525));
#3186=CARTESIAN_POINT('',(1.95,-0.2,-0.65));
#3187=CARTESIAN_POINT('Origin',(1.95,0.,-0.65));
#3188=CARTESIAN_POINT('',(1.95,0.,-0.525));
#3189=CARTESIAN_POINT('',(1.95,0.,-0.525));
#3190=CARTESIAN_POINT('',(1.95,0.,-0.65));
#3191=CARTESIAN_POINT('Ctrl Pts',(3.,-0.426378764713312,-0.775));
#3192=CARTESIAN_POINT('Ctrl Pts',(3.,-0.426378764713312,-0.525));
#3193=CARTESIAN_POINT('Ctrl Pts',(2.33690776290207,-0.333187228226893,-0.775));
#3194=CARTESIAN_POINT('Ctrl Pts',(2.33690776290207,-0.333187228226893,-0.525));
#3195=CARTESIAN_POINT('Ctrl Pts',(2.27861747013827,-0.333187228226893,-0.775));
#3196=CARTESIAN_POINT('Ctrl Pts',(2.27861747013827,-0.333187228226893,-0.525));
#3197=CARTESIAN_POINT('Ctrl Pts',(2.24775776102674,-0.142583136047838,-0.775));
#3198=CARTESIAN_POINT('Ctrl Pts',(2.24775776102674,-0.142583136047838,-0.525));
#3199=CARTESIAN_POINT('Ctrl Pts',(2.13435416854812,-0.038958226533722,-0.775));
#3200=CARTESIAN_POINT('Ctrl Pts',(2.13435416854812,-0.038958226533722,-0.525));
#3201=CARTESIAN_POINT('Ctrl Pts',(2.07313410113213,0.,-0.775));
#3202=CARTESIAN_POINT('Ctrl Pts',(2.07313410113213,0.,-0.525));
#3203=CARTESIAN_POINT('Ctrl Pts',(1.95,0.,-0.775));
#3204=CARTESIAN_POINT('Ctrl Pts',(1.95,0.,-0.525));
#3205=CARTESIAN_POINT('Ctrl Pts',(3.,-0.426378764713312,-0.525));
#3206=CARTESIAN_POINT('Ctrl Pts',(2.33690776290207,-0.333187228226893,-0.525));
#3207=CARTESIAN_POINT('Ctrl Pts',(2.27861747013827,-0.333187228226893,-0.525));
#3208=CARTESIAN_POINT('Ctrl Pts',(2.24775776102674,-0.142583136047838,-0.525));
#3209=CARTESIAN_POINT('Ctrl Pts',(2.13435416854812,-0.038958226533722,-0.525));
#3210=CARTESIAN_POINT('Ctrl Pts',(2.07313410113213,0.,-0.525));
#3211=CARTESIAN_POINT('Ctrl Pts',(1.95,0.,-0.525));
#3212=CARTESIAN_POINT('Origin',(2.475,-0.3125,-0.525));
#3213=CARTESIAN_POINT('Origin',(2.475,-0.3125,1.175));
#3214=CARTESIAN_POINT('',(1.95,0.,1.175));
#3215=CARTESIAN_POINT('',(3.,-0.426378764713312,1.175));
#3216=CARTESIAN_POINT('Ctrl Pts',(1.95,0.,1.175));
#3217=CARTESIAN_POINT('Ctrl Pts',(2.07313410113213,0.,1.175));
#3218=CARTESIAN_POINT('Ctrl Pts',(2.13435416854812,-0.038958226533722,1.175));
#3219=CARTESIAN_POINT('Ctrl Pts',(2.24775776102674,-0.142583136047838,1.175));
#3220=CARTESIAN_POINT('Ctrl Pts',(2.27861747013827,-0.333187228226893,1.175));
#3221=CARTESIAN_POINT('Ctrl Pts',(2.33690776290207,-0.333187228226893,1.175));
#3222=CARTESIAN_POINT('Ctrl Pts',(3.,-0.426378764713312,1.175));
#3223=CARTESIAN_POINT('',(2.97620421691591,-0.625,1.175));
#3224=CARTESIAN_POINT('',(2.97620421691591,-0.625,1.175));
#3225=CARTESIAN_POINT('',(1.95,-0.2,1.175));
#3226=CARTESIAN_POINT('Ctrl Pts',(2.97620421691591,-0.625,1.175));
#3227=CARTESIAN_POINT('Ctrl Pts',(2.59121158519143,-0.570892814183171,1.175));
#3228=CARTESIAN_POINT('Ctrl Pts',(2.32947036808786,-0.515618963594229,1.175));
#3229=CARTESIAN_POINT('Ctrl Pts',(2.24775776102674,-0.492526269508024,1.175));
#3230=CARTESIAN_POINT('Ctrl Pts',(2.13435416854812,-0.425834711071032,1.175));
#3231=CARTESIAN_POINT('Ctrl Pts',(2.0913161863661,-0.240539745382753,1.175));
#3232=CARTESIAN_POINT('Ctrl Pts',(2.01881187180292,-0.2,1.175));
#3233=CARTESIAN_POINT('Ctrl Pts',(1.95,-0.2,1.175));
#3234=CARTESIAN_POINT('',(1.95,0.,1.175));
#3235=CARTESIAN_POINT('Origin',(2.97620421691591,-0.625,1.3));
#3236=CARTESIAN_POINT('',(3.,-0.426378764713312,1.425));
#3237=CARTESIAN_POINT('',(3.,-0.426378764713312,1.3));
#3238=CARTESIAN_POINT('',(2.97620421691591,-0.625,1.425));
#3239=CARTESIAN_POINT('',(2.97620421691591,-0.625,1.425));
#3240=CARTESIAN_POINT('',(2.97620421691591,-0.625,1.3));
#3241=CARTESIAN_POINT('Ctrl Pts',(1.95,-0.2,1.175));
#3242=CARTESIAN_POINT('Ctrl Pts',(1.95,-0.2,1.425));
#3243=CARTESIAN_POINT('Ctrl Pts',(2.01881187180292,-0.2,1.175));
#3244=CARTESIAN_POINT('Ctrl Pts',(2.01881187180292,-0.2,1.425));
#3245=CARTESIAN_POINT('Ctrl Pts',(2.0913161863661,-0.240539745382753,1.175));
#3246=CARTESIAN_POINT('Ctrl Pts',(2.0913161863661,-0.240539745382753,1.425));
#3247=CARTESIAN_POINT('Ctrl Pts',(2.13435416854812,-0.425834711071032,1.175));
#3248=CARTESIAN_POINT('Ctrl Pts',(2.13435416854812,-0.425834711071032,1.425));
#3249=CARTESIAN_POINT('Ctrl Pts',(2.24775776102674,-0.492526269508024,1.175));
#3250=CARTESIAN_POINT('Ctrl Pts',(2.24775776102674,-0.492526269508024,1.425));
#3251=CARTESIAN_POINT('Ctrl Pts',(2.32947036808786,-0.515618963594229,1.175));
#3252=CARTESIAN_POINT('Ctrl Pts',(2.32947036808786,-0.515618963594229,1.425));
#3253=CARTESIAN_POINT('Ctrl Pts',(2.59121158519143,-0.570892814183171,1.175));
#3254=CARTESIAN_POINT('Ctrl Pts',(2.59121158519143,-0.570892814183171,1.425));
#3255=CARTESIAN_POINT('Ctrl Pts',(2.97620421691591,-0.625,1.175));
#3256=CARTESIAN_POINT('Ctrl Pts',(2.97620421691591,-0.625,1.425));
#3257=CARTESIAN_POINT('',(1.95,-0.2,1.425));
#3258=CARTESIAN_POINT('Ctrl Pts',(1.95,-0.2,1.425));
#3259=CARTESIAN_POINT('Ctrl Pts',(2.01881187180292,-0.2,1.425));
#3260=CARTESIAN_POINT('Ctrl Pts',(2.0913161863661,-0.240539745382753,1.425));
#3261=CARTESIAN_POINT('Ctrl Pts',(2.13435416854812,-0.425834711071032,1.425));
#3262=CARTESIAN_POINT('Ctrl Pts',(2.24775776102674,-0.492526269508024,1.425));
#3263=CARTESIAN_POINT('Ctrl Pts',(2.32947036808786,-0.515618963594229,1.425));
#3264=CARTESIAN_POINT('Ctrl Pts',(2.59121158519143,-0.570892814183171,1.425));
#3265=CARTESIAN_POINT('Ctrl Pts',(2.97620421691591,-0.625,1.425));
#3266=CARTESIAN_POINT('',(1.95,-0.2,1.3));
#3267=CARTESIAN_POINT('Origin',(1.95,0.,1.3));
#3268=CARTESIAN_POINT('',(1.95,0.,1.425));
#3269=CARTESIAN_POINT('',(1.95,0.,1.425));
#3270=CARTESIAN_POINT('',(1.95,0.,1.3));
#3271=CARTESIAN_POINT('Ctrl Pts',(3.,-0.426378764713312,1.175));
#3272=CARTESIAN_POINT('Ctrl Pts',(3.,-0.426378764713312,1.425));
#3273=CARTESIAN_POINT('Ctrl Pts',(2.33690776290207,-0.333187228226893,1.175));
#3274=CARTESIAN_POINT('Ctrl Pts',(2.33690776290207,-0.333187228226893,1.425));
#3275=CARTESIAN_POINT('Ctrl Pts',(2.27861747013827,-0.333187228226893,1.175));
#3276=CARTESIAN_POINT('Ctrl Pts',(2.27861747013827,-0.333187228226893,1.425));
#3277=CARTESIAN_POINT('Ctrl Pts',(2.24775776102674,-0.142583136047838,1.175));
#3278=CARTESIAN_POINT('Ctrl Pts',(2.24775776102674,-0.142583136047838,1.425));
#3279=CARTESIAN_POINT('Ctrl Pts',(2.13435416854812,-0.038958226533722,1.175));
#3280=CARTESIAN_POINT('Ctrl Pts',(2.13435416854812,-0.038958226533722,1.425));
#3281=CARTESIAN_POINT('Ctrl Pts',(2.07313410113213,0.,1.175));
#3282=CARTESIAN_POINT('Ctrl Pts',(2.07313410113213,0.,1.425));
#3283=CARTESIAN_POINT('Ctrl Pts',(1.95,0.,1.175));
#3284=CARTESIAN_POINT('Ctrl Pts',(1.95,0.,1.425));
#3285=CARTESIAN_POINT('Ctrl Pts',(3.,-0.426378764713312,1.425));
#3286=CARTESIAN_POINT('Ctrl Pts',(2.33690776290207,-0.333187228226893,1.425));
#3287=CARTESIAN_POINT('Ctrl Pts',(2.27861747013827,-0.333187228226893,1.425));
#3288=CARTESIAN_POINT('Ctrl Pts',(2.24775776102674,-0.142583136047838,1.425));
#3289=CARTESIAN_POINT('Ctrl Pts',(2.13435416854812,-0.038958226533722,1.425));
#3290=CARTESIAN_POINT('Ctrl Pts',(2.07313410113213,0.,1.425));
#3291=CARTESIAN_POINT('Ctrl Pts',(1.95,0.,1.425));
#3292=CARTESIAN_POINT('Origin',(2.475,-0.3125,1.425));
#3293=CARTESIAN_POINT('Origin',(2.475,-0.3125,-0.125));
#3294=CARTESIAN_POINT('',(1.95,0.,-0.125));
#3295=CARTESIAN_POINT('',(3.,-0.426378764713312,-0.125));
#3296=CARTESIAN_POINT('Ctrl Pts',(1.95,0.,-0.125));
#3297=CARTESIAN_POINT('Ctrl Pts',(2.07313410113213,0.,-0.125));
#3298=CARTESIAN_POINT('Ctrl Pts',(2.13435416854812,-0.038958226533722,-0.125));
#3299=CARTESIAN_POINT('Ctrl Pts',(2.24775776102674,-0.142583136047838,-0.125));
#3300=CARTESIAN_POINT('Ctrl Pts',(2.27861747013827,-0.333187228226893,-0.125));
#3301=CARTESIAN_POINT('Ctrl Pts',(2.33690776290207,-0.333187228226893,-0.125));
#3302=CARTESIAN_POINT('Ctrl Pts',(3.,-0.426378764713312,-0.125));
#3303=CARTESIAN_POINT('',(2.97620421691591,-0.625,-0.125));
#3304=CARTESIAN_POINT('',(2.97620421691591,-0.625,-0.125));
#3305=CARTESIAN_POINT('',(1.95,-0.2,-0.125));
#3306=CARTESIAN_POINT('Ctrl Pts',(2.97620421691591,-0.625,-0.125));
#3307=CARTESIAN_POINT('Ctrl Pts',(2.59121158519143,-0.570892814183171,-0.125));
#3308=CARTESIAN_POINT('Ctrl Pts',(2.32947036808786,-0.515618963594229,-0.125));
#3309=CARTESIAN_POINT('Ctrl Pts',(2.24775776102674,-0.492526269508024,-0.125));
#3310=CARTESIAN_POINT('Ctrl Pts',(2.13435416854812,-0.425834711071032,-0.125));
#3311=CARTESIAN_POINT('Ctrl Pts',(2.0913161863661,-0.240539745382753,-0.125));
#3312=CARTESIAN_POINT('Ctrl Pts',(2.01881187180292,-0.2,-0.125));
#3313=CARTESIAN_POINT('Ctrl Pts',(1.95,-0.2,-0.125));
#3314=CARTESIAN_POINT('',(1.95,0.,-0.125));
#3315=CARTESIAN_POINT('Origin',(2.97620421691591,-0.625,0.));
#3316=CARTESIAN_POINT('',(3.,-0.426378764713312,0.125));
#3317=CARTESIAN_POINT('',(3.,-0.426378764713312,0.));
#3318=CARTESIAN_POINT('',(2.97620421691591,-0.625,0.125));
#3319=CARTESIAN_POINT('',(2.97620421691591,-0.625,0.125));
#3320=CARTESIAN_POINT('',(2.97620421691591,-0.625,0.));
#3321=CARTESIAN_POINT('Ctrl Pts',(1.95,-0.2,-0.125));
#3322=CARTESIAN_POINT('Ctrl Pts',(1.95,-0.2,0.125));
#3323=CARTESIAN_POINT('Ctrl Pts',(2.01881187180292,-0.2,-0.125));
#3324=CARTESIAN_POINT('Ctrl Pts',(2.01881187180292,-0.2,0.125));
#3325=CARTESIAN_POINT('Ctrl Pts',(2.0913161863661,-0.240539745382753,-0.125));
#3326=CARTESIAN_POINT('Ctrl Pts',(2.0913161863661,-0.240539745382753,0.125));
#3327=CARTESIAN_POINT('Ctrl Pts',(2.13435416854812,-0.425834711071032,-0.125));
#3328=CARTESIAN_POINT('Ctrl Pts',(2.13435416854812,-0.425834711071032,0.125));
#3329=CARTESIAN_POINT('Ctrl Pts',(2.24775776102674,-0.492526269508024,-0.125));
#3330=CARTESIAN_POINT('Ctrl Pts',(2.24775776102674,-0.492526269508024,0.125));
#3331=CARTESIAN_POINT('Ctrl Pts',(2.32947036808786,-0.515618963594229,-0.125));
#3332=CARTESIAN_POINT('Ctrl Pts',(2.32947036808786,-0.515618963594229,0.125));
#3333=CARTESIAN_POINT('Ctrl Pts',(2.59121158519143,-0.570892814183171,-0.125));
#3334=CARTESIAN_POINT('Ctrl Pts',(2.59121158519143,-0.570892814183171,0.125));
#3335=CARTESIAN_POINT('Ctrl Pts',(2.97620421691591,-0.625,-0.125));
#3336=CARTESIAN_POINT('Ctrl Pts',(2.97620421691591,-0.625,0.125));
#3337=CARTESIAN_POINT('',(1.95,-0.2,0.125));
#3338=CARTESIAN_POINT('Ctrl Pts',(1.95,-0.2,0.125));
#3339=CARTESIAN_POINT('Ctrl Pts',(2.01881187180292,-0.2,0.125));
#3340=CARTESIAN_POINT('Ctrl Pts',(2.0913161863661,-0.240539745382753,0.125));
#3341=CARTESIAN_POINT('Ctrl Pts',(2.13435416854812,-0.425834711071032,0.125));
#3342=CARTESIAN_POINT('Ctrl Pts',(2.24775776102674,-0.492526269508024,0.125));
#3343=CARTESIAN_POINT('Ctrl Pts',(2.32947036808786,-0.515618963594229,0.125));
#3344=CARTESIAN_POINT('Ctrl Pts',(2.59121158519143,-0.570892814183171,0.125));
#3345=CARTESIAN_POINT('Ctrl Pts',(2.97620421691591,-0.625,0.125));
#3346=CARTESIAN_POINT('',(1.95,-0.2,0.));
#3347=CARTESIAN_POINT('Origin',(1.95,0.,0.));
#3348=CARTESIAN_POINT('',(1.95,0.,0.125));
#3349=CARTESIAN_POINT('',(1.95,0.,0.125));
#3350=CARTESIAN_POINT('',(1.95,0.,0.));
#3351=CARTESIAN_POINT('Ctrl Pts',(3.,-0.426378764713312,-0.125));
#3352=CARTESIAN_POINT('Ctrl Pts',(3.,-0.426378764713312,0.125));
#3353=CARTESIAN_POINT('Ctrl Pts',(2.33690776290207,-0.333187228226893,-0.125));
#3354=CARTESIAN_POINT('Ctrl Pts',(2.33690776290207,-0.333187228226893,0.125));
#3355=CARTESIAN_POINT('Ctrl Pts',(2.27861747013827,-0.333187228226893,-0.125));
#3356=CARTESIAN_POINT('Ctrl Pts',(2.27861747013827,-0.333187228226893,0.125));
#3357=CARTESIAN_POINT('Ctrl Pts',(2.24775776102674,-0.142583136047838,-0.125));
#3358=CARTESIAN_POINT('Ctrl Pts',(2.24775776102674,-0.142583136047838,0.125));
#3359=CARTESIAN_POINT('Ctrl Pts',(2.13435416854812,-0.038958226533722,-0.125));
#3360=CARTESIAN_POINT('Ctrl Pts',(2.13435416854812,-0.038958226533722,0.125));
#3361=CARTESIAN_POINT('Ctrl Pts',(2.07313410113213,0.,-0.125));
#3362=CARTESIAN_POINT('Ctrl Pts',(2.07313410113213,0.,0.125));
#3363=CARTESIAN_POINT('Ctrl Pts',(1.95,0.,-0.125));
#3364=CARTESIAN_POINT('Ctrl Pts',(1.95,0.,0.125));
#3365=CARTESIAN_POINT('Ctrl Pts',(3.,-0.426378764713312,0.125));
#3366=CARTESIAN_POINT('Ctrl Pts',(2.33690776290207,-0.333187228226893,0.125));
#3367=CARTESIAN_POINT('Ctrl Pts',(2.27861747013827,-0.333187228226893,0.125));
#3368=CARTESIAN_POINT('Ctrl Pts',(2.24775776102674,-0.142583136047838,0.125));
#3369=CARTESIAN_POINT('Ctrl Pts',(2.13435416854812,-0.038958226533722,0.125));
#3370=CARTESIAN_POINT('Ctrl Pts',(2.07313410113213,0.,0.125));
#3371=CARTESIAN_POINT('Ctrl Pts',(1.95,0.,0.125));
#3372=CARTESIAN_POINT('Origin',(2.475,-0.3125,0.125));
#3373=CARTESIAN_POINT('Origin',(-2.475,-0.3125,-2.075));
#3374=CARTESIAN_POINT('',(-1.95,0.,-2.075));
#3375=CARTESIAN_POINT('',(-3.,-0.426378764713312,-2.075));
#3376=CARTESIAN_POINT('Ctrl Pts',(-1.95,0.,-2.075));
#3377=CARTESIAN_POINT('Ctrl Pts',(-2.07313410113213,0.,-2.075));
#3378=CARTESIAN_POINT('Ctrl Pts',(-2.13435416854812,-0.038958226533722,
-2.075));
#3379=CARTESIAN_POINT('Ctrl Pts',(-2.24775776102674,-0.142583136047838,
-2.075));
#3380=CARTESIAN_POINT('Ctrl Pts',(-2.27861747013827,-0.333187228226893,
-2.075));
#3381=CARTESIAN_POINT('Ctrl Pts',(-2.33690776290207,-0.333187228226893,
-2.075));
#3382=CARTESIAN_POINT('Ctrl Pts',(-3.,-0.426378764713312,-2.075));
#3383=CARTESIAN_POINT('',(-1.95,-0.2,-2.075));
#3384=CARTESIAN_POINT('',(-1.95,0.,-2.075));
#3385=CARTESIAN_POINT('',(-2.9762042169159,-0.625,-2.075));
#3386=CARTESIAN_POINT('Ctrl Pts',(-2.9762042169159,-0.625,-2.075));
#3387=CARTESIAN_POINT('Ctrl Pts',(-2.59121158519143,-0.570892814183171,
-2.075));
#3388=CARTESIAN_POINT('Ctrl Pts',(-2.32947036808786,-0.515618963594229,
-2.075));
#3389=CARTESIAN_POINT('Ctrl Pts',(-2.24775776102674,-0.492526269508024,
-2.075));
#3390=CARTESIAN_POINT('Ctrl Pts',(-2.13435416854812,-0.425834711071032,
-2.075));
#3391=CARTESIAN_POINT('Ctrl Pts',(-2.0913161863661,-0.240539745382753,-2.075));
#3392=CARTESIAN_POINT('Ctrl Pts',(-2.01881187180292,-0.2,-2.075));
#3393=CARTESIAN_POINT('Ctrl Pts',(-1.95,-0.2,-2.075));
#3394=CARTESIAN_POINT('',(-2.9762042169159,-0.625,-2.075));
#3395=CARTESIAN_POINT('Origin',(-2.9762042169159,-0.625,-1.95));
#3396=CARTESIAN_POINT('',(-3.,-0.426378764713312,-1.825));
#3397=CARTESIAN_POINT('',(-3.,-0.426378764713312,-1.95));
#3398=CARTESIAN_POINT('',(-2.9762042169159,-0.625,-1.825));
#3399=CARTESIAN_POINT('',(-2.9762042169159,-0.625,-1.95));
#3400=CARTESIAN_POINT('',(-2.9762042169159,-0.625,-1.825));
#3401=CARTESIAN_POINT('Ctrl Pts',(-1.95,-0.2,-2.075));
#3402=CARTESIAN_POINT('Ctrl Pts',(-1.95,-0.2,-1.825));
#3403=CARTESIAN_POINT('Ctrl Pts',(-2.01881187180292,-0.2,-2.075));
#3404=CARTESIAN_POINT('Ctrl Pts',(-2.01881187180292,-0.2,-1.825));
#3405=CARTESIAN_POINT('Ctrl Pts',(-2.0913161863661,-0.240539745382753,-2.075));
#3406=CARTESIAN_POINT('Ctrl Pts',(-2.0913161863661,-0.240539745382753,-1.825));
#3407=CARTESIAN_POINT('Ctrl Pts',(-2.13435416854812,-0.425834711071032,
-2.075));
#3408=CARTESIAN_POINT('Ctrl Pts',(-2.13435416854812,-0.425834711071032,
-1.825));
#3409=CARTESIAN_POINT('Ctrl Pts',(-2.24775776102674,-0.492526269508024,
-2.075));
#3410=CARTESIAN_POINT('Ctrl Pts',(-2.24775776102674,-0.492526269508024,
-1.825));
#3411=CARTESIAN_POINT('Ctrl Pts',(-2.32947036808786,-0.515618963594229,
-2.075));
#3412=CARTESIAN_POINT('Ctrl Pts',(-2.32947036808786,-0.515618963594229,
-1.825));
#3413=CARTESIAN_POINT('Ctrl Pts',(-2.59121158519143,-0.570892814183171,
-2.075));
#3414=CARTESIAN_POINT('Ctrl Pts',(-2.59121158519143,-0.570892814183171,
-1.825));
#3415=CARTESIAN_POINT('Ctrl Pts',(-2.9762042169159,-0.625,-2.075));
#3416=CARTESIAN_POINT('Ctrl Pts',(-2.9762042169159,-0.625,-1.825));
#3417=CARTESIAN_POINT('',(-1.95,-0.2,-1.825));
#3418=CARTESIAN_POINT('',(-1.95,-0.2,-1.95));
#3419=CARTESIAN_POINT('Ctrl Pts',(-1.95,-0.2,-1.825));
#3420=CARTESIAN_POINT('Ctrl Pts',(-2.01881187180292,-0.2,-1.825));
#3421=CARTESIAN_POINT('Ctrl Pts',(-2.0913161863661,-0.240539745382753,-1.825));
#3422=CARTESIAN_POINT('Ctrl Pts',(-2.13435416854812,-0.425834711071032,
-1.825));
#3423=CARTESIAN_POINT('Ctrl Pts',(-2.24775776102674,-0.492526269508024,
-1.825));
#3424=CARTESIAN_POINT('Ctrl Pts',(-2.32947036808786,-0.515618963594229,
-1.825));
#3425=CARTESIAN_POINT('Ctrl Pts',(-2.59121158519143,-0.570892814183171,
-1.825));
#3426=CARTESIAN_POINT('Ctrl Pts',(-2.9762042169159,-0.625,-1.825));
#3427=CARTESIAN_POINT('Origin',(-1.95,0.,-1.95));
#3428=CARTESIAN_POINT('',(-1.95,0.,-1.825));
#3429=CARTESIAN_POINT('',(-1.95,0.,-1.95));
#3430=CARTESIAN_POINT('',(-1.95,0.,-1.825));
#3431=CARTESIAN_POINT('Ctrl Pts',(-3.,-0.426378764713312,-2.075));
#3432=CARTESIAN_POINT('Ctrl Pts',(-3.,-0.426378764713312,-1.825));
#3433=CARTESIAN_POINT('Ctrl Pts',(-2.33690776290207,-0.333187228226893,
-2.075));
#3434=CARTESIAN_POINT('Ctrl Pts',(-2.33690776290207,-0.333187228226893,
-1.825));
#3435=CARTESIAN_POINT('Ctrl Pts',(-2.27861747013827,-0.333187228226893,
-2.075));
#3436=CARTESIAN_POINT('Ctrl Pts',(-2.27861747013827,-0.333187228226893,
-1.825));
#3437=CARTESIAN_POINT('Ctrl Pts',(-2.24775776102674,-0.142583136047838,
-2.075));
#3438=CARTESIAN_POINT('Ctrl Pts',(-2.24775776102674,-0.142583136047838,
-1.825));
#3439=CARTESIAN_POINT('Ctrl Pts',(-2.13435416854812,-0.038958226533722,
-2.075));
#3440=CARTESIAN_POINT('Ctrl Pts',(-2.13435416854812,-0.038958226533722,
-1.825));
#3441=CARTESIAN_POINT('Ctrl Pts',(-2.07313410113213,0.,-2.075));
#3442=CARTESIAN_POINT('Ctrl Pts',(-2.07313410113213,0.,-1.825));
#3443=CARTESIAN_POINT('Ctrl Pts',(-1.95,0.,-2.075));
#3444=CARTESIAN_POINT('Ctrl Pts',(-1.95,0.,-1.825));
#3445=CARTESIAN_POINT('Ctrl Pts',(-3.,-0.426378764713312,-1.825));
#3446=CARTESIAN_POINT('Ctrl Pts',(-2.33690776290207,-0.333187228226893,
-1.825));
#3447=CARTESIAN_POINT('Ctrl Pts',(-2.27861747013827,-0.333187228226893,
-1.825));
#3448=CARTESIAN_POINT('Ctrl Pts',(-2.24775776102674,-0.142583136047838,
-1.825));
#3449=CARTESIAN_POINT('Ctrl Pts',(-2.13435416854812,-0.038958226533722,
-1.825));
#3450=CARTESIAN_POINT('Ctrl Pts',(-2.07313410113213,0.,-1.825));
#3451=CARTESIAN_POINT('Ctrl Pts',(-1.95,0.,-1.825));
#3452=CARTESIAN_POINT('Origin',(-2.475,-0.3125,-1.825));
#3453=CARTESIAN_POINT('Origin',(-2.475,-0.3125,-1.425));
#3454=CARTESIAN_POINT('',(-1.95,0.,-1.425));
#3455=CARTESIAN_POINT('',(-3.,-0.426378764713312,-1.425));
#3456=CARTESIAN_POINT('Ctrl Pts',(-1.95,0.,-1.425));
#3457=CARTESIAN_POINT('Ctrl Pts',(-2.07313410113213,0.,-1.425));
#3458=CARTESIAN_POINT('Ctrl Pts',(-2.13435416854812,-0.038958226533722,
-1.425));
#3459=CARTESIAN_POINT('Ctrl Pts',(-2.24775776102674,-0.142583136047838,
-1.425));
#3460=CARTESIAN_POINT('Ctrl Pts',(-2.27861747013827,-0.333187228226893,
-1.425));
#3461=CARTESIAN_POINT('Ctrl Pts',(-2.33690776290207,-0.333187228226893,
-1.425));
#3462=CARTESIAN_POINT('Ctrl Pts',(-3.,-0.426378764713312,-1.425));
#3463=CARTESIAN_POINT('',(-1.95,-0.2,-1.425));
#3464=CARTESIAN_POINT('',(-1.95,0.,-1.425));
#3465=CARTESIAN_POINT('',(-2.9762042169159,-0.625,-1.425));
#3466=CARTESIAN_POINT('Ctrl Pts',(-2.9762042169159,-0.625,-1.425));
#3467=CARTESIAN_POINT('Ctrl Pts',(-2.59121158519143,-0.570892814183171,
-1.425));
#3468=CARTESIAN_POINT('Ctrl Pts',(-2.32947036808786,-0.515618963594229,
-1.425));
#3469=CARTESIAN_POINT('Ctrl Pts',(-2.24775776102674,-0.492526269508024,
-1.425));
#3470=CARTESIAN_POINT('Ctrl Pts',(-2.13435416854812,-0.425834711071032,
-1.425));
#3471=CARTESIAN_POINT('Ctrl Pts',(-2.0913161863661,-0.240539745382753,-1.425));
#3472=CARTESIAN_POINT('Ctrl Pts',(-2.01881187180292,-0.2,-1.425));
#3473=CARTESIAN_POINT('Ctrl Pts',(-1.95,-0.2,-1.425));
#3474=CARTESIAN_POINT('',(-2.9762042169159,-0.625,-1.425));
#3475=CARTESIAN_POINT('Origin',(-2.9762042169159,-0.625,-1.3));
#3476=CARTESIAN_POINT('',(-3.,-0.426378764713312,-1.175));
#3477=CARTESIAN_POINT('',(-3.,-0.426378764713312,-1.3));
#3478=CARTESIAN_POINT('',(-2.9762042169159,-0.625,-1.175));
#3479=CARTESIAN_POINT('',(-2.9762042169159,-0.625,-1.3));
#3480=CARTESIAN_POINT('',(-2.9762042169159,-0.625,-1.175));
#3481=CARTESIAN_POINT('Ctrl Pts',(-1.95,-0.2,-1.425));
#3482=CARTESIAN_POINT('Ctrl Pts',(-1.95,-0.2,-1.175));
#3483=CARTESIAN_POINT('Ctrl Pts',(-2.01881187180292,-0.2,-1.425));
#3484=CARTESIAN_POINT('Ctrl Pts',(-2.01881187180292,-0.2,-1.175));
#3485=CARTESIAN_POINT('Ctrl Pts',(-2.0913161863661,-0.240539745382753,-1.425));
#3486=CARTESIAN_POINT('Ctrl Pts',(-2.0913161863661,-0.240539745382753,-1.175));
#3487=CARTESIAN_POINT('Ctrl Pts',(-2.13435416854812,-0.425834711071032,
-1.425));
#3488=CARTESIAN_POINT('Ctrl Pts',(-2.13435416854812,-0.425834711071032,
-1.175));
#3489=CARTESIAN_POINT('Ctrl Pts',(-2.24775776102674,-0.492526269508024,
-1.425));
#3490=CARTESIAN_POINT('Ctrl Pts',(-2.24775776102674,-0.492526269508024,
-1.175));
#3491=CARTESIAN_POINT('Ctrl Pts',(-2.32947036808786,-0.515618963594229,
-1.425));
#3492=CARTESIAN_POINT('Ctrl Pts',(-2.32947036808786,-0.515618963594229,
-1.175));
#3493=CARTESIAN_POINT('Ctrl Pts',(-2.59121158519143,-0.570892814183171,
-1.425));
#3494=CARTESIAN_POINT('Ctrl Pts',(-2.59121158519143,-0.570892814183171,
-1.175));
#3495=CARTESIAN_POINT('Ctrl Pts',(-2.9762042169159,-0.625,-1.425));
#3496=CARTESIAN_POINT('Ctrl Pts',(-2.9762042169159,-0.625,-1.175));
#3497=CARTESIAN_POINT('',(-1.95,-0.2,-1.175));
#3498=CARTESIAN_POINT('',(-1.95,-0.2,-1.3));
#3499=CARTESIAN_POINT('Ctrl Pts',(-1.95,-0.2,-1.175));
#3500=CARTESIAN_POINT('Ctrl Pts',(-2.01881187180292,-0.2,-1.175));
#3501=CARTESIAN_POINT('Ctrl Pts',(-2.0913161863661,-0.240539745382753,-1.175));
#3502=CARTESIAN_POINT('Ctrl Pts',(-2.13435416854812,-0.425834711071032,
-1.175));
#3503=CARTESIAN_POINT('Ctrl Pts',(-2.24775776102674,-0.492526269508024,
-1.175));
#3504=CARTESIAN_POINT('Ctrl Pts',(-2.32947036808786,-0.515618963594229,
-1.175));
#3505=CARTESIAN_POINT('Ctrl Pts',(-2.59121158519143,-0.570892814183171,
-1.175));
#3506=CARTESIAN_POINT('Ctrl Pts',(-2.9762042169159,-0.625,-1.175));
#3507=CARTESIAN_POINT('Origin',(-1.95,0.,-1.3));
#3508=CARTESIAN_POINT('',(-1.95,0.,-1.175));
#3509=CARTESIAN_POINT('',(-1.95,0.,-1.3));
#3510=CARTESIAN_POINT('',(-1.95,0.,-1.175));
#3511=CARTESIAN_POINT('Ctrl Pts',(-3.,-0.426378764713312,-1.425));
#3512=CARTESIAN_POINT('Ctrl Pts',(-3.,-0.426378764713312,-1.175));
#3513=CARTESIAN_POINT('Ctrl Pts',(-2.33690776290207,-0.333187228226893,
-1.425));
#3514=CARTESIAN_POINT('Ctrl Pts',(-2.33690776290207,-0.333187228226893,
-1.175));
#3515=CARTESIAN_POINT('Ctrl Pts',(-2.27861747013827,-0.333187228226893,
-1.425));
#3516=CARTESIAN_POINT('Ctrl Pts',(-2.27861747013827,-0.333187228226893,
-1.175));
#3517=CARTESIAN_POINT('Ctrl Pts',(-2.24775776102674,-0.142583136047838,
-1.425));
#3518=CARTESIAN_POINT('Ctrl Pts',(-2.24775776102674,-0.142583136047838,
-1.175));
#3519=CARTESIAN_POINT('Ctrl Pts',(-2.13435416854812,-0.038958226533722,
-1.425));
#3520=CARTESIAN_POINT('Ctrl Pts',(-2.13435416854812,-0.038958226533722,
-1.175));
#3521=CARTESIAN_POINT('Ctrl Pts',(-2.07313410113213,0.,-1.425));
#3522=CARTESIAN_POINT('Ctrl Pts',(-2.07313410113213,0.,-1.175));
#3523=CARTESIAN_POINT('Ctrl Pts',(-1.95,0.,-1.425));
#3524=CARTESIAN_POINT('Ctrl Pts',(-1.95,0.,-1.175));
#3525=CARTESIAN_POINT('Ctrl Pts',(-3.,-0.426378764713312,-1.175));
#3526=CARTESIAN_POINT('Ctrl Pts',(-2.33690776290207,-0.333187228226893,
-1.175));
#3527=CARTESIAN_POINT('Ctrl Pts',(-2.27861747013827,-0.333187228226893,
-1.175));
#3528=CARTESIAN_POINT('Ctrl Pts',(-2.24775776102674,-0.142583136047838,
-1.175));
#3529=CARTESIAN_POINT('Ctrl Pts',(-2.13435416854812,-0.038958226533722,
-1.175));
#3530=CARTESIAN_POINT('Ctrl Pts',(-2.07313410113213,0.,-1.175));
#3531=CARTESIAN_POINT('Ctrl Pts',(-1.95,0.,-1.175));
#3532=CARTESIAN_POINT('Origin',(-2.475,-0.3125,-1.175));
#3533=CARTESIAN_POINT('Origin',(-2.475,-0.3125,-0.775));
#3534=CARTESIAN_POINT('',(-1.95,0.,-0.775));
#3535=CARTESIAN_POINT('',(-3.,-0.426378764713312,-0.775));
#3536=CARTESIAN_POINT('Ctrl Pts',(-1.95,0.,-0.775));
#3537=CARTESIAN_POINT('Ctrl Pts',(-2.07313410113213,0.,-0.775));
#3538=CARTESIAN_POINT('Ctrl Pts',(-2.13435416854812,-0.038958226533722,
-0.775));
#3539=CARTESIAN_POINT('Ctrl Pts',(-2.24775776102674,-0.142583136047838,
-0.775));
#3540=CARTESIAN_POINT('Ctrl Pts',(-2.27861747013827,-0.333187228226893,
-0.775));
#3541=CARTESIAN_POINT('Ctrl Pts',(-2.33690776290207,-0.333187228226893,
-0.775));
#3542=CARTESIAN_POINT('Ctrl Pts',(-3.,-0.426378764713312,-0.775));
#3543=CARTESIAN_POINT('',(-1.95,-0.2,-0.775));
#3544=CARTESIAN_POINT('',(-1.95,0.,-0.775));
#3545=CARTESIAN_POINT('',(-2.97620421691591,-0.625,-0.775));
#3546=CARTESIAN_POINT('Ctrl Pts',(-2.97620421691591,-0.625,-0.775));
#3547=CARTESIAN_POINT('Ctrl Pts',(-2.59121158519143,-0.570892814183171,
-0.775));
#3548=CARTESIAN_POINT('Ctrl Pts',(-2.32947036808786,-0.515618963594229,
-0.775));
#3549=CARTESIAN_POINT('Ctrl Pts',(-2.24775776102674,-0.492526269508024,
-0.775));
#3550=CARTESIAN_POINT('Ctrl Pts',(-2.13435416854812,-0.425834711071032,
-0.775));
#3551=CARTESIAN_POINT('Ctrl Pts',(-2.0913161863661,-0.240539745382753,-0.775));
#3552=CARTESIAN_POINT('Ctrl Pts',(-2.01881187180292,-0.2,-0.775));
#3553=CARTESIAN_POINT('Ctrl Pts',(-1.95,-0.2,-0.775));
#3554=CARTESIAN_POINT('',(-2.97620421691591,-0.625,-0.775));
#3555=CARTESIAN_POINT('Origin',(-2.97620421691591,-0.625,-0.65));
#3556=CARTESIAN_POINT('',(-3.,-0.426378764713312,-0.525));
#3557=CARTESIAN_POINT('',(-3.,-0.426378764713312,-0.65));
#3558=CARTESIAN_POINT('',(-2.97620421691591,-0.625,-0.525));
#3559=CARTESIAN_POINT('',(-2.97620421691591,-0.625,-0.65));
#3560=CARTESIAN_POINT('',(-2.97620421691591,-0.625,-0.525));
#3561=CARTESIAN_POINT('Ctrl Pts',(-1.95,-0.2,-0.775));
#3562=CARTESIAN_POINT('Ctrl Pts',(-1.95,-0.2,-0.525));
#3563=CARTESIAN_POINT('Ctrl Pts',(-2.01881187180292,-0.2,-0.775));
#3564=CARTESIAN_POINT('Ctrl Pts',(-2.01881187180292,-0.2,-0.525));
#3565=CARTESIAN_POINT('Ctrl Pts',(-2.0913161863661,-0.240539745382753,-0.775));
#3566=CARTESIAN_POINT('Ctrl Pts',(-2.0913161863661,-0.240539745382753,-0.525));
#3567=CARTESIAN_POINT('Ctrl Pts',(-2.13435416854812,-0.425834711071032,
-0.775));
#3568=CARTESIAN_POINT('Ctrl Pts',(-2.13435416854812,-0.425834711071032,
-0.525));
#3569=CARTESIAN_POINT('Ctrl Pts',(-2.24775776102674,-0.492526269508024,
-0.775));
#3570=CARTESIAN_POINT('Ctrl Pts',(-2.24775776102674,-0.492526269508024,
-0.525));
#3571=CARTESIAN_POINT('Ctrl Pts',(-2.32947036808786,-0.515618963594229,
-0.775));
#3572=CARTESIAN_POINT('Ctrl Pts',(-2.32947036808786,-0.515618963594229,
-0.525));
#3573=CARTESIAN_POINT('Ctrl Pts',(-2.59121158519143,-0.570892814183171,
-0.775));
#3574=CARTESIAN_POINT('Ctrl Pts',(-2.59121158519143,-0.570892814183171,
-0.525));
#3575=CARTESIAN_POINT('Ctrl Pts',(-2.97620421691591,-0.625,-0.775));
#3576=CARTESIAN_POINT('Ctrl Pts',(-2.97620421691591,-0.625,-0.525));
#3577=CARTESIAN_POINT('',(-1.95,-0.2,-0.525));
#3578=CARTESIAN_POINT('',(-1.95,-0.2,-0.65));
#3579=CARTESIAN_POINT('Ctrl Pts',(-1.95,-0.2,-0.525));
#3580=CARTESIAN_POINT('Ctrl Pts',(-2.01881187180292,-0.2,-0.525));
#3581=CARTESIAN_POINT('Ctrl Pts',(-2.0913161863661,-0.240539745382753,-0.525));
#3582=CARTESIAN_POINT('Ctrl Pts',(-2.13435416854812,-0.425834711071032,
-0.525));
#3583=CARTESIAN_POINT('Ctrl Pts',(-2.24775776102674,-0.492526269508024,
-0.525));
#3584=CARTESIAN_POINT('Ctrl Pts',(-2.32947036808786,-0.515618963594229,
-0.525));
#3585=CARTESIAN_POINT('Ctrl Pts',(-2.59121158519143,-0.570892814183171,
-0.525));
#3586=CARTESIAN_POINT('Ctrl Pts',(-2.97620421691591,-0.625,-0.525));
#3587=CARTESIAN_POINT('Origin',(-1.95,0.,-0.65));
#3588=CARTESIAN_POINT('',(-1.95,0.,-0.525));
#3589=CARTESIAN_POINT('',(-1.95,0.,-0.65));
#3590=CARTESIAN_POINT('',(-1.95,0.,-0.525));
#3591=CARTESIAN_POINT('Ctrl Pts',(-3.,-0.426378764713312,-0.775));
#3592=CARTESIAN_POINT('Ctrl Pts',(-3.,-0.426378764713312,-0.525));
#3593=CARTESIAN_POINT('Ctrl Pts',(-2.33690776290207,-0.333187228226893,
-0.775));
#3594=CARTESIAN_POINT('Ctrl Pts',(-2.33690776290207,-0.333187228226893,
-0.525));
#3595=CARTESIAN_POINT('Ctrl Pts',(-2.27861747013827,-0.333187228226893,
-0.775));
#3596=CARTESIAN_POINT('Ctrl Pts',(-2.27861747013827,-0.333187228226893,
-0.525));
#3597=CARTESIAN_POINT('Ctrl Pts',(-2.24775776102674,-0.142583136047838,
-0.775));
#3598=CARTESIAN_POINT('Ctrl Pts',(-2.24775776102674,-0.142583136047838,
-0.525));
#3599=CARTESIAN_POINT('Ctrl Pts',(-2.13435416854812,-0.038958226533722,
-0.775));
#3600=CARTESIAN_POINT('Ctrl Pts',(-2.13435416854812,-0.038958226533722,
-0.525));
#3601=CARTESIAN_POINT('Ctrl Pts',(-2.07313410113213,0.,-0.775));
#3602=CARTESIAN_POINT('Ctrl Pts',(-2.07313410113213,0.,-0.525));
#3603=CARTESIAN_POINT('Ctrl Pts',(-1.95,0.,-0.775));
#3604=CARTESIAN_POINT('Ctrl Pts',(-1.95,0.,-0.525));
#3605=CARTESIAN_POINT('Ctrl Pts',(-3.,-0.426378764713312,-0.525));
#3606=CARTESIAN_POINT('Ctrl Pts',(-2.33690776290207,-0.333187228226893,
-0.525));
#3607=CARTESIAN_POINT('Ctrl Pts',(-2.27861747013827,-0.333187228226893,
-0.525));
#3608=CARTESIAN_POINT('Ctrl Pts',(-2.24775776102674,-0.142583136047838,
-0.525));
#3609=CARTESIAN_POINT('Ctrl Pts',(-2.13435416854812,-0.038958226533722,
-0.525));
#3610=CARTESIAN_POINT('Ctrl Pts',(-2.07313410113213,0.,-0.525));
#3611=CARTESIAN_POINT('Ctrl Pts',(-1.95,0.,-0.525));
#3612=CARTESIAN_POINT('Origin',(-2.475,-0.3125,-0.525));
#3613=CARTESIAN_POINT('Origin',(-2.475,-0.3125,1.175));
#3614=CARTESIAN_POINT('',(-1.95,0.,1.175));
#3615=CARTESIAN_POINT('',(-3.,-0.426378764713312,1.175));
#3616=CARTESIAN_POINT('Ctrl Pts',(-1.95,0.,1.175));
#3617=CARTESIAN_POINT('Ctrl Pts',(-2.07313410113213,0.,1.175));
#3618=CARTESIAN_POINT('Ctrl Pts',(-2.13435416854812,-0.038958226533722,
1.175));
#3619=CARTESIAN_POINT('Ctrl Pts',(-2.24775776102674,-0.142583136047838,
1.175));
#3620=CARTESIAN_POINT('Ctrl Pts',(-2.27861747013827,-0.333187228226893,
1.175));
#3621=CARTESIAN_POINT('Ctrl Pts',(-2.33690776290207,-0.333187228226893,
1.175));
#3622=CARTESIAN_POINT('Ctrl Pts',(-3.,-0.426378764713312,1.175));
#3623=CARTESIAN_POINT('',(-1.95,-0.2,1.175));
#3624=CARTESIAN_POINT('',(-1.95,0.,1.175));
#3625=CARTESIAN_POINT('',(-2.97620421691591,-0.625,1.175));
#3626=CARTESIAN_POINT('Ctrl Pts',(-2.97620421691591,-0.625,1.175));
#3627=CARTESIAN_POINT('Ctrl Pts',(-2.59121158519143,-0.570892814183171,
1.175));
#3628=CARTESIAN_POINT('Ctrl Pts',(-2.32947036808786,-0.515618963594229,
1.175));
#3629=CARTESIAN_POINT('Ctrl Pts',(-2.24775776102674,-0.492526269508024,
1.175));
#3630=CARTESIAN_POINT('Ctrl Pts',(-2.13435416854812,-0.425834711071032,
1.175));
#3631=CARTESIAN_POINT('Ctrl Pts',(-2.0913161863661,-0.240539745382753,1.175));
#3632=CARTESIAN_POINT('Ctrl Pts',(-2.01881187180292,-0.2,1.175));
#3633=CARTESIAN_POINT('Ctrl Pts',(-1.95,-0.2,1.175));
#3634=CARTESIAN_POINT('',(-2.97620421691591,-0.625,1.175));
#3635=CARTESIAN_POINT('Origin',(-2.97620421691591,-0.625,1.3));
#3636=CARTESIAN_POINT('',(-3.,-0.426378764713312,1.425));
#3637=CARTESIAN_POINT('',(-3.,-0.426378764713312,1.3));
#3638=CARTESIAN_POINT('',(-2.97620421691591,-0.625,1.425));
#3639=CARTESIAN_POINT('',(-2.97620421691591,-0.625,1.3));
#3640=CARTESIAN_POINT('',(-2.97620421691591,-0.625,1.425));
#3641=CARTESIAN_POINT('Ctrl Pts',(-1.95,-0.2,1.175));
#3642=CARTESIAN_POINT('Ctrl Pts',(-1.95,-0.2,1.425));
#3643=CARTESIAN_POINT('Ctrl Pts',(-2.01881187180292,-0.2,1.175));
#3644=CARTESIAN_POINT('Ctrl Pts',(-2.01881187180292,-0.2,1.425));
#3645=CARTESIAN_POINT('Ctrl Pts',(-2.0913161863661,-0.240539745382753,1.175));
#3646=CARTESIAN_POINT('Ctrl Pts',(-2.0913161863661,-0.240539745382753,1.425));
#3647=CARTESIAN_POINT('Ctrl Pts',(-2.13435416854812,-0.425834711071032,
1.175));
#3648=CARTESIAN_POINT('Ctrl Pts',(-2.13435416854812,-0.425834711071032,
1.425));
#3649=CARTESIAN_POINT('Ctrl Pts',(-2.24775776102674,-0.492526269508024,
1.175));
#3650=CARTESIAN_POINT('Ctrl Pts',(-2.24775776102674,-0.492526269508024,
1.425));
#3651=CARTESIAN_POINT('Ctrl Pts',(-2.32947036808786,-0.515618963594229,
1.175));
#3652=CARTESIAN_POINT('Ctrl Pts',(-2.32947036808786,-0.515618963594229,
1.425));
#3653=CARTESIAN_POINT('Ctrl Pts',(-2.59121158519143,-0.570892814183171,
1.175));
#3654=CARTESIAN_POINT('Ctrl Pts',(-2.59121158519143,-0.570892814183171,
1.425));
#3655=CARTESIAN_POINT('Ctrl Pts',(-2.97620421691591,-0.625,1.175));
#3656=CARTESIAN_POINT('Ctrl Pts',(-2.97620421691591,-0.625,1.425));
#3657=CARTESIAN_POINT('',(-1.95,-0.2,1.425));
#3658=CARTESIAN_POINT('',(-1.95,-0.2,1.3));
#3659=CARTESIAN_POINT('Ctrl Pts',(-1.95,-0.2,1.425));
#3660=CARTESIAN_POINT('Ctrl Pts',(-2.01881187180292,-0.2,1.425));
#3661=CARTESIAN_POINT('Ctrl Pts',(-2.0913161863661,-0.240539745382753,1.425));
#3662=CARTESIAN_POINT('Ctrl Pts',(-2.13435416854812,-0.425834711071032,
1.425));
#3663=CARTESIAN_POINT('Ctrl Pts',(-2.24775776102674,-0.492526269508024,
1.425));
#3664=CARTESIAN_POINT('Ctrl Pts',(-2.32947036808786,-0.515618963594229,
1.425));
#3665=CARTESIAN_POINT('Ctrl Pts',(-2.59121158519143,-0.570892814183171,
1.425));
#3666=CARTESIAN_POINT('Ctrl Pts',(-2.97620421691591,-0.625,1.425));
#3667=CARTESIAN_POINT('Origin',(-1.95,0.,1.3));
#3668=CARTESIAN_POINT('',(-1.95,0.,1.425));
#3669=CARTESIAN_POINT('',(-1.95,0.,1.3));
#3670=CARTESIAN_POINT('',(-1.95,0.,1.425));
#3671=CARTESIAN_POINT('Ctrl Pts',(-3.,-0.426378764713312,1.175));
#3672=CARTESIAN_POINT('Ctrl Pts',(-3.,-0.426378764713312,1.425));
#3673=CARTESIAN_POINT('Ctrl Pts',(-2.33690776290207,-0.333187228226893,
1.175));
#3674=CARTESIAN_POINT('Ctrl Pts',(-2.33690776290207,-0.333187228226893,
1.425));
#3675=CARTESIAN_POINT('Ctrl Pts',(-2.27861747013827,-0.333187228226893,
1.175));
#3676=CARTESIAN_POINT('Ctrl Pts',(-2.27861747013827,-0.333187228226893,
1.425));
#3677=CARTESIAN_POINT('Ctrl Pts',(-2.24775776102674,-0.142583136047838,
1.175));
#3678=CARTESIAN_POINT('Ctrl Pts',(-2.24775776102674,-0.142583136047838,
1.425));
#3679=CARTESIAN_POINT('Ctrl Pts',(-2.13435416854812,-0.038958226533722,
1.175));
#3680=CARTESIAN_POINT('Ctrl Pts',(-2.13435416854812,-0.038958226533722,
1.425));
#3681=CARTESIAN_POINT('Ctrl Pts',(-2.07313410113213,0.,1.175));
#3682=CARTESIAN_POINT('Ctrl Pts',(-2.07313410113213,0.,1.425));
#3683=CARTESIAN_POINT('Ctrl Pts',(-1.95,0.,1.175));
#3684=CARTESIAN_POINT('Ctrl Pts',(-1.95,0.,1.425));
#3685=CARTESIAN_POINT('Ctrl Pts',(-3.,-0.426378764713312,1.425));
#3686=CARTESIAN_POINT('Ctrl Pts',(-2.33690776290207,-0.333187228226893,
1.425));
#3687=CARTESIAN_POINT('Ctrl Pts',(-2.27861747013827,-0.333187228226893,
1.425));
#3688=CARTESIAN_POINT('Ctrl Pts',(-2.24775776102674,-0.142583136047838,
1.425));
#3689=CARTESIAN_POINT('Ctrl Pts',(-2.13435416854812,-0.038958226533722,
1.425));
#3690=CARTESIAN_POINT('Ctrl Pts',(-2.07313410113213,0.,1.425));
#3691=CARTESIAN_POINT('Ctrl Pts',(-1.95,0.,1.425));
#3692=CARTESIAN_POINT('Origin',(-2.475,-0.3125,1.425));
#3693=CARTESIAN_POINT('Origin',(-2.475,-0.3125,-0.125));
#3694=CARTESIAN_POINT('',(-1.95,0.,-0.125));
#3695=CARTESIAN_POINT('',(-3.,-0.426378764713312,-0.125));
#3696=CARTESIAN_POINT('Ctrl Pts',(-1.95,0.,-0.125));
#3697=CARTESIAN_POINT('Ctrl Pts',(-2.07313410113213,0.,-0.125));
#3698=CARTESIAN_POINT('Ctrl Pts',(-2.13435416854812,-0.038958226533722,
-0.125));
#3699=CARTESIAN_POINT('Ctrl Pts',(-2.24775776102674,-0.142583136047838,
-0.125));
#3700=CARTESIAN_POINT('Ctrl Pts',(-2.27861747013827,-0.333187228226893,
-0.125));
#3701=CARTESIAN_POINT('Ctrl Pts',(-2.33690776290207,-0.333187228226893,
-0.125));
#3702=CARTESIAN_POINT('Ctrl Pts',(-3.,-0.426378764713312,-0.125));
#3703=CARTESIAN_POINT('',(-1.95,-0.2,-0.125));
#3704=CARTESIAN_POINT('',(-1.95,0.,-0.125));
#3705=CARTESIAN_POINT('',(-2.97620421691591,-0.625,-0.125));
#3706=CARTESIAN_POINT('Ctrl Pts',(-2.97620421691591,-0.625,-0.125));
#3707=CARTESIAN_POINT('Ctrl Pts',(-2.59121158519143,-0.570892814183171,
-0.125));
#3708=CARTESIAN_POINT('Ctrl Pts',(-2.32947036808786,-0.515618963594229,
-0.125));
#3709=CARTESIAN_POINT('Ctrl Pts',(-2.24775776102674,-0.492526269508024,
-0.125));
#3710=CARTESIAN_POINT('Ctrl Pts',(-2.13435416854812,-0.425834711071032,
-0.125));
#3711=CARTESIAN_POINT('Ctrl Pts',(-2.0913161863661,-0.240539745382753,-0.125));
#3712=CARTESIAN_POINT('Ctrl Pts',(-2.01881187180292,-0.2,-0.125));
#3713=CARTESIAN_POINT('Ctrl Pts',(-1.95,-0.2,-0.125));
#3714=CARTESIAN_POINT('',(-2.97620421691591,-0.625,-0.125));
#3715=CARTESIAN_POINT('Origin',(-2.97620421691591,-0.625,0.));
#3716=CARTESIAN_POINT('',(-3.,-0.426378764713312,0.125));
#3717=CARTESIAN_POINT('',(-3.,-0.426378764713312,0.));
#3718=CARTESIAN_POINT('',(-2.97620421691591,-0.625,0.125));
#3719=CARTESIAN_POINT('',(-2.97620421691591,-0.625,0.));
#3720=CARTESIAN_POINT('',(-2.97620421691591,-0.625,0.125));
#3721=CARTESIAN_POINT('Ctrl Pts',(-1.95,-0.2,-0.125));
#3722=CARTESIAN_POINT('Ctrl Pts',(-1.95,-0.2,0.125));
#3723=CARTESIAN_POINT('Ctrl Pts',(-2.01881187180292,-0.2,-0.125));
#3724=CARTESIAN_POINT('Ctrl Pts',(-2.01881187180292,-0.2,0.125));
#3725=CARTESIAN_POINT('Ctrl Pts',(-2.0913161863661,-0.240539745382753,-0.125));
#3726=CARTESIAN_POINT('Ctrl Pts',(-2.0913161863661,-0.240539745382753,0.125));
#3727=CARTESIAN_POINT('Ctrl Pts',(-2.13435416854812,-0.425834711071032,
-0.125));
#3728=CARTESIAN_POINT('Ctrl Pts',(-2.13435416854812,-0.425834711071032,
0.125));
#3729=CARTESIAN_POINT('Ctrl Pts',(-2.24775776102674,-0.492526269508024,
-0.125));
#3730=CARTESIAN_POINT('Ctrl Pts',(-2.24775776102674,-0.492526269508024,
0.125));
#3731=CARTESIAN_POINT('Ctrl Pts',(-2.32947036808786,-0.515618963594229,
-0.125));
#3732=CARTESIAN_POINT('Ctrl Pts',(-2.32947036808786,-0.515618963594229,
0.125));
#3733=CARTESIAN_POINT('Ctrl Pts',(-2.59121158519143,-0.570892814183171,
-0.125));
#3734=CARTESIAN_POINT('Ctrl Pts',(-2.59121158519143,-0.570892814183171,
0.125));
#3735=CARTESIAN_POINT('Ctrl Pts',(-2.97620421691591,-0.625,-0.125));
#3736=CARTESIAN_POINT('Ctrl Pts',(-2.97620421691591,-0.625,0.125));
#3737=CARTESIAN_POINT('',(-1.95,-0.2,0.125));
#3738=CARTESIAN_POINT('',(-1.95,-0.2,0.));
#3739=CARTESIAN_POINT('Ctrl Pts',(-1.95,-0.2,0.125));
#3740=CARTESIAN_POINT('Ctrl Pts',(-2.01881187180292,-0.2,0.125));
#3741=CARTESIAN_POINT('Ctrl Pts',(-2.0913161863661,-0.240539745382753,0.125));
#3742=CARTESIAN_POINT('Ctrl Pts',(-2.13435416854812,-0.425834711071032,
0.125));
#3743=CARTESIAN_POINT('Ctrl Pts',(-2.24775776102674,-0.492526269508024,
0.125));
#3744=CARTESIAN_POINT('Ctrl Pts',(-2.32947036808786,-0.515618963594229,
0.125));
#3745=CARTESIAN_POINT('Ctrl Pts',(-2.59121158519143,-0.570892814183171,
0.125));
#3746=CARTESIAN_POINT('Ctrl Pts',(-2.97620421691591,-0.625,0.125));
#3747=CARTESIAN_POINT('Origin',(-1.95,0.,0.));
#3748=CARTESIAN_POINT('',(-1.95,0.,0.125));
#3749=CARTESIAN_POINT('',(-1.95,0.,0.));
#3750=CARTESIAN_POINT('',(-1.95,0.,0.125));
#3751=CARTESIAN_POINT('Ctrl Pts',(-3.,-0.426378764713312,-0.125));
#3752=CARTESIAN_POINT('Ctrl Pts',(-3.,-0.426378764713312,0.125));
#3753=CARTESIAN_POINT('Ctrl Pts',(-2.33690776290207,-0.333187228226893,
-0.125));
#3754=CARTESIAN_POINT('Ctrl Pts',(-2.33690776290207,-0.333187228226893,
0.125));
#3755=CARTESIAN_POINT('Ctrl Pts',(-2.27861747013827,-0.333187228226893,
-0.125));
#3756=CARTESIAN_POINT('Ctrl Pts',(-2.27861747013827,-0.333187228226893,
0.125));
#3757=CARTESIAN_POINT('Ctrl Pts',(-2.24775776102674,-0.142583136047838,
-0.125));
#3758=CARTESIAN_POINT('Ctrl Pts',(-2.24775776102674,-0.142583136047838,
0.125));
#3759=CARTESIAN_POINT('Ctrl Pts',(-2.13435416854812,-0.038958226533722,
-0.125));
#3760=CARTESIAN_POINT('Ctrl Pts',(-2.13435416854812,-0.038958226533722,
0.125));
#3761=CARTESIAN_POINT('Ctrl Pts',(-2.07313410113213,0.,-0.125));
#3762=CARTESIAN_POINT('Ctrl Pts',(-2.07313410113213,0.,0.125));
#3763=CARTESIAN_POINT('Ctrl Pts',(-1.95,0.,-0.125));
#3764=CARTESIAN_POINT('Ctrl Pts',(-1.95,0.,0.125));
#3765=CARTESIAN_POINT('Ctrl Pts',(-3.,-0.426378764713312,0.125));
#3766=CARTESIAN_POINT('Ctrl Pts',(-2.33690776290207,-0.333187228226893,
0.125));
#3767=CARTESIAN_POINT('Ctrl Pts',(-2.27861747013827,-0.333187228226893,
0.125));
#3768=CARTESIAN_POINT('Ctrl Pts',(-2.24775776102674,-0.142583136047838,
0.125));
#3769=CARTESIAN_POINT('Ctrl Pts',(-2.13435416854812,-0.038958226533722,
0.125));
#3770=CARTESIAN_POINT('Ctrl Pts',(-2.07313410113213,0.,0.125));
#3771=CARTESIAN_POINT('Ctrl Pts',(-1.95,0.,0.125));
#3772=CARTESIAN_POINT('Origin',(-2.475,-0.3125,0.125));
#3773=CARTESIAN_POINT('Origin',(0.0213440744461296,-0.57,0.0241894900270206));
#3774=CARTESIAN_POINT('',(1.34125013961194,-0.57,1.80521510560679));
#3775=CARTESIAN_POINT('',(1.34125013961194,-0.57,-1.76882368701221));
#3776=CARTESIAN_POINT('',(1.34125013961194,-0.57,-1.76882368701221));
#3777=CARTESIAN_POINT('',(1.14125013961194,-0.57,-1.96882368701221));
#3778=CARTESIAN_POINT('Origin',(1.14125013961194,-0.57,-1.76882368701221));
#3779=CARTESIAN_POINT('',(1.13855413481359,-0.57,-1.96882368701221));
#3780=CARTESIAN_POINT('',(1.13855413481359,-0.57,-1.96882368701221));
#3781=CARTESIAN_POINT('',(1.13855413481359,-0.57,-2.125753677309));
#3782=CARTESIAN_POINT('',(1.13855413481359,-0.57,-2.125753677309));
#3783=CARTESIAN_POINT('',(0.934343461631511,-0.57,-2.125753677309));
#3784=CARTESIAN_POINT('',(0.934343461631511,-0.57,-2.125753677309));
#3785=CARTESIAN_POINT('',(0.934343461631511,-0.57,-1.96882368701221));
#3786=CARTESIAN_POINT('',(0.934343461631511,-0.57,-1.96882368701221));
#3787=CARTESIAN_POINT('',(-0.890247093245244,-0.57,-1.96882368701221));
#3788=CARTESIAN_POINT('',(-0.890247093245244,-0.57,-1.96882368701221));
#3789=CARTESIAN_POINT('',(-0.890247093245244,-0.57,-2.125753677309));
#3790=CARTESIAN_POINT('',(-0.890247093245244,-0.57,-2.125753677309));
#3791=CARTESIAN_POINT('',(-1.0905525146478,-0.57,-2.125753677309));
#3792=CARTESIAN_POINT('',(-1.0905525146478,-0.57,-2.125753677309));
#3793=CARTESIAN_POINT('',(-1.0905525146478,-0.57,-1.96882368701221));
#3794=CARTESIAN_POINT('',(-1.0905525146478,-0.57,-1.96882368701221));
#3795=CARTESIAN_POINT('',(-1.09856199071968,-0.57,-1.96882368701221));
#3796=CARTESIAN_POINT('',(-1.09856199071968,-0.57,-1.96882368701221));
#3797=CARTESIAN_POINT('',(-1.29856199071968,-0.57,-1.76882368701221));
#3798=CARTESIAN_POINT('Origin',(-1.09856199071968,-0.57,-1.76882368701221));
#3799=CARTESIAN_POINT('',(-1.29856199071968,-0.57,1.82775561160828));
#3800=CARTESIAN_POINT('',(-1.29856199071968,-0.57,1.82775561160828));
#3801=CARTESIAN_POINT('',(-1.09856199071968,-0.57,2.02775561160828));
#3802=CARTESIAN_POINT('Origin',(-1.09856199071968,-0.57,1.82775561160828));
#3803=CARTESIAN_POINT('',(-1.0905525146478,-0.57,2.02775561160828));
#3804=CARTESIAN_POINT('',(-1.0905525146478,-0.57,2.02775561160828));
#3805=CARTESIAN_POINT('',(-1.0905525146478,-0.57,2.17413265736304));
#3806=CARTESIAN_POINT('',(-1.0905525146478,-0.57,2.17413265736304));
#3807=CARTESIAN_POINT('',(-0.890247093245244,-0.57,2.17413265736304));
#3808=CARTESIAN_POINT('',(-0.890247093245243,-0.57,2.17413265736304));
#3809=CARTESIAN_POINT('',(-0.890247093245244,-0.57,2.02775561160828));
#3810=CARTESIAN_POINT('',(-0.890247093245243,-0.57,2.02775561160828));
#3811=CARTESIAN_POINT('',(0.934343461631513,-0.57,2.02775561160828));
#3812=CARTESIAN_POINT('',(0.934343461631513,-0.57,2.02775561160828));
#3813=CARTESIAN_POINT('',(0.934343461631512,-0.57,2.17413265736304));
#3814=CARTESIAN_POINT('',(0.934343461631512,-0.57,2.17413265736304));
#3815=CARTESIAN_POINT('',(1.13855413481359,-0.57,2.17413265736304));
#3816=CARTESIAN_POINT('',(1.13855413481359,-0.57,2.17413265736304));
#3817=CARTESIAN_POINT('',(1.13855413481359,-0.57,2.00521510560679));
#3818=CARTESIAN_POINT('',(1.13855413481359,-0.57,2.00521510560679));
#3819=CARTESIAN_POINT('',(1.14125013961194,-0.57,2.00521510560679));
#3820=CARTESIAN_POINT('',(1.14125013961194,-0.57,2.00521510560679));
#3821=CARTESIAN_POINT('Origin',(1.14125013961194,-0.57,1.80521510560679));
#3822=CARTESIAN_POINT('Origin',(1.14125013961194,-0.575,-1.76882368701221));
#3823=CARTESIAN_POINT('',(1.34125013961194,-0.58,-1.76882368701221));
#3824=CARTESIAN_POINT('',(1.34125013961194,-0.575,-1.76882368701221));
#3825=CARTESIAN_POINT('',(1.14125013961194,-0.58,-1.96882368701221));
#3826=CARTESIAN_POINT('Origin',(1.14125013961194,-0.58,-1.76882368701221));
#3827=CARTESIAN_POINT('',(1.14125013961194,-0.575,-1.96882368701221));
#3828=CARTESIAN_POINT('Origin',(1.13855413481359,-0.575,-1.96882368701221));
#3829=CARTESIAN_POINT('',(1.13855413481359,-0.58,-1.96882368701221));
#3830=CARTESIAN_POINT('',(1.13855413481359,-0.58,-1.96882368701221));
#3831=CARTESIAN_POINT('',(1.13855413481359,-0.575,-1.96882368701221));
#3832=CARTESIAN_POINT('Origin',(1.13855413481359,-0.575,-2.125753677309));
#3833=CARTESIAN_POINT('',(1.13855413481359,-0.58,-2.125753677309));
#3834=CARTESIAN_POINT('',(1.13855413481359,-0.58,-2.125753677309));
#3835=CARTESIAN_POINT('',(1.13855413481359,-0.575,-2.125753677309));
#3836=CARTESIAN_POINT('Origin',(0.934343461631511,-0.575,-2.125753677309));
#3837=CARTESIAN_POINT('',(0.934343461631511,-0.58,-2.125753677309));
#3838=CARTESIAN_POINT('',(0.934343461631511,-0.58,-2.125753677309));
#3839=CARTESIAN_POINT('',(0.934343461631511,-0.575,-2.125753677309));
#3840=CARTESIAN_POINT('Origin',(0.934343461631511,-0.575,-1.96882368701221));
#3841=CARTESIAN_POINT('',(0.934343461631511,-0.58,-1.96882368701221));
#3842=CARTESIAN_POINT('',(0.934343461631511,-0.58,-1.96882368701221));
#3843=CARTESIAN_POINT('',(0.934343461631511,-0.575,-1.96882368701221));
#3844=CARTESIAN_POINT('Origin',(-0.890247093245244,-0.575,-1.96882368701221));
#3845=CARTESIAN_POINT('',(-0.890247093245244,-0.58,-1.96882368701221));
#3846=CARTESIAN_POINT('',(-0.890247093245244,-0.58,-1.96882368701221));
#3847=CARTESIAN_POINT('',(-0.890247093245244,-0.575,-1.96882368701221));
#3848=CARTESIAN_POINT('Origin',(-0.890247093245244,-0.575,-2.125753677309));
#3849=CARTESIAN_POINT('',(-0.890247093245244,-0.58,-2.125753677309));
#3850=CARTESIAN_POINT('',(-0.890247093245244,-0.58,-2.125753677309));
#3851=CARTESIAN_POINT('',(-0.890247093245244,-0.575,-2.125753677309));
#3852=CARTESIAN_POINT('Origin',(-1.0905525146478,-0.575,-2.125753677309));
#3853=CARTESIAN_POINT('',(-1.0905525146478,-0.58,-2.125753677309));
#3854=CARTESIAN_POINT('',(-1.0905525146478,-0.58,-2.125753677309));
#3855=CARTESIAN_POINT('',(-1.0905525146478,-0.575,-2.125753677309));
#3856=CARTESIAN_POINT('Origin',(-1.0905525146478,-0.575,-1.96882368701221));
#3857=CARTESIAN_POINT('',(-1.0905525146478,-0.58,-1.96882368701221));
#3858=CARTESIAN_POINT('',(-1.0905525146478,-0.58,-1.96882368701221));
#3859=CARTESIAN_POINT('',(-1.0905525146478,-0.575,-1.96882368701221));
#3860=CARTESIAN_POINT('Origin',(-1.09856199071968,-0.575,-1.96882368701221));
#3861=CARTESIAN_POINT('',(-1.09856199071968,-0.58,-1.96882368701221));
#3862=CARTESIAN_POINT('',(-1.09856199071968,-0.58,-1.96882368701221));
#3863=CARTESIAN_POINT('',(-1.09856199071968,-0.575,-1.96882368701221));
#3864=CARTESIAN_POINT('Origin',(-1.09856199071968,-0.575,-1.76882368701221));
#3865=CARTESIAN_POINT('',(-1.29856199071968,-0.58,-1.76882368701221));
#3866=CARTESIAN_POINT('Origin',(-1.09856199071968,-0.58,-1.76882368701221));
#3867=CARTESIAN_POINT('',(-1.29856199071968,-0.575,-1.76882368701221));
#3868=CARTESIAN_POINT('Origin',(-1.29856199071968,-0.575,1.82775561160828));
#3869=CARTESIAN_POINT('',(-1.29856199071968,-0.58,1.82775561160828));
#3870=CARTESIAN_POINT('',(-1.29856199071968,-0.58,1.82775561160828));
#3871=CARTESIAN_POINT('',(-1.29856199071968,-0.575,1.82775561160828));
#3872=CARTESIAN_POINT('Origin',(-1.09856199071968,-0.575,1.82775561160828));
#3873=CARTESIAN_POINT('',(-1.09856199071968,-0.58,2.02775561160828));
#3874=CARTESIAN_POINT('Origin',(-1.09856199071968,-0.58,1.82775561160828));
#3875=CARTESIAN_POINT('',(-1.09856199071968,-0.575,2.02775561160828));
#3876=CARTESIAN_POINT('Origin',(-1.0905525146478,-0.575,2.02775561160828));
#3877=CARTESIAN_POINT('',(-1.0905525146478,-0.58,2.02775561160828));
#3878=CARTESIAN_POINT('',(-1.0905525146478,-0.58,2.02775561160828));
#3879=CARTESIAN_POINT('',(-1.0905525146478,-0.575,2.02775561160828));
#3880=CARTESIAN_POINT('Origin',(-1.0905525146478,-0.575,2.17413265736304));
#3881=CARTESIAN_POINT('',(-1.0905525146478,-0.58,2.17413265736304));
#3882=CARTESIAN_POINT('',(-1.0905525146478,-0.58,2.17413265736304));
#3883=CARTESIAN_POINT('',(-1.0905525146478,-0.575,2.17413265736304));
#3884=CARTESIAN_POINT('Origin',(-0.890247093245243,-0.575,2.17413265736304));
#3885=CARTESIAN_POINT('',(-0.890247093245244,-0.58,2.17413265736304));
#3886=CARTESIAN_POINT('',(-0.890247093245243,-0.58,2.17413265736304));
#3887=CARTESIAN_POINT('',(-0.890247093245243,-0.575,2.17413265736304));
#3888=CARTESIAN_POINT('Origin',(-0.890247093245243,-0.575,2.02775561160828));
#3889=CARTESIAN_POINT('',(-0.890247093245244,-0.58,2.02775561160828));
#3890=CARTESIAN_POINT('',(-0.890247093245243,-0.58,2.02775561160828));
#3891=CARTESIAN_POINT('',(-0.890247093245243,-0.575,2.02775561160828));
#3892=CARTESIAN_POINT('Origin',(0.934343461631513,-0.575,2.02775561160828));
#3893=CARTESIAN_POINT('',(0.934343461631513,-0.58,2.02775561160828));
#3894=CARTESIAN_POINT('',(0.934343461631513,-0.58,2.02775561160828));
#3895=CARTESIAN_POINT('',(0.934343461631513,-0.575,2.02775561160828));
#3896=CARTESIAN_POINT('Origin',(0.934343461631512,-0.575,2.17413265736304));
#3897=CARTESIAN_POINT('',(0.934343461631512,-0.58,2.17413265736304));
#3898=CARTESIAN_POINT('',(0.934343461631512,-0.58,2.17413265736304));
#3899=CARTESIAN_POINT('',(0.934343461631512,-0.575,2.17413265736304));
#3900=CARTESIAN_POINT('Origin',(1.13855413481359,-0.575,2.17413265736304));
#3901=CARTESIAN_POINT('',(1.13855413481359,-0.58,2.17413265736304));
#3902=CARTESIAN_POINT('',(1.13855413481359,-0.58,2.17413265736304));
#3903=CARTESIAN_POINT('',(1.13855413481359,-0.575,2.17413265736304));
#3904=CARTESIAN_POINT('Origin',(1.13855413481359,-0.575,2.00521510560679));
#3905=CARTESIAN_POINT('',(1.13855413481359,-0.58,2.00521510560679));
#3906=CARTESIAN_POINT('',(1.13855413481359,-0.58,2.00521510560679));
#3907=CARTESIAN_POINT('',(1.13855413481359,-0.575,2.00521510560679));
#3908=CARTESIAN_POINT('Origin',(1.14125013961194,-0.575,2.00521510560679));
#3909=CARTESIAN_POINT('',(1.14125013961194,-0.58,2.00521510560679));
#3910=CARTESIAN_POINT('',(1.14125013961194,-0.58,2.00521510560679));
#3911=CARTESIAN_POINT('',(1.14125013961194,-0.575,2.00521510560679));
#3912=CARTESIAN_POINT('Origin',(1.14125013961194,-0.575,1.80521510560679));
#3913=CARTESIAN_POINT('',(1.34125013961194,-0.58,1.80521510560679));
#3914=CARTESIAN_POINT('Origin',(1.14125013961194,-0.58,1.80521510560679));
#3915=CARTESIAN_POINT('',(1.34125013961194,-0.575,1.80521510560679));
#3916=CARTESIAN_POINT('Origin',(1.34125013961194,-0.575,-1.76882368701221));
#3917=CARTESIAN_POINT('',(1.34125013961194,-0.58,-1.76882368701221));
#3918=CARTESIAN_POINT('Origin',(0.0213440744461296,-0.58,0.0241894900270206));
#3919=UNCERTAINTY_MEASURE_WITH_UNIT(LENGTH_MEASURE(0.01),#3923,
'DISTANCE_ACCURACY_VALUE',
'Maximum model space distance between geometric entities at asserted c
onnectivities');
#3920=UNCERTAINTY_MEASURE_WITH_UNIT(LENGTH_MEASURE(0.01),#3923,
'DISTANCE_ACCURACY_VALUE',
'Maximum model space distance between geometric entities at asserted c
onnectivities');
#3921=(
GEOMETRIC_REPRESENTATION_CONTEXT(3)
GLOBAL_UNCERTAINTY_ASSIGNED_CONTEXT((#3919))
GLOBAL_UNIT_ASSIGNED_CONTEXT((#3923,#3925,#3926))
REPRESENTATION_CONTEXT('','3D')
);
#3922=(
GEOMETRIC_REPRESENTATION_CONTEXT(3)
GLOBAL_UNCERTAINTY_ASSIGNED_CONTEXT((#3920))
GLOBAL_UNIT_ASSIGNED_CONTEXT((#3923,#3925,#3926))
REPRESENTATION_CONTEXT('','3D')
);
#3923=(
LENGTH_UNIT()
NAMED_UNIT(*)
SI_UNIT(.MILLI.,.METRE.)
);
#3924=(
LENGTH_UNIT()
NAMED_UNIT(*)
SI_UNIT(.CENTI.,.METRE.)
);
#3925=(
NAMED_UNIT(*)
PLANE_ANGLE_UNIT()
SI_UNIT($,.RADIAN.)
);
#3926=(
NAMED_UNIT(*)
SI_UNIT($,.STERADIAN.)
SOLID_ANGLE_UNIT()
);
#3927=SHAPE_DEFINITION_REPRESENTATION(#3928,#3929);
#3928=PRODUCT_DEFINITION_SHAPE('',$,#3931);
#3929=SHAPE_REPRESENTATION('',(#2055),#3921);
#3930=PRODUCT_DEFINITION_CONTEXT('part definition',#3935,'design');
#3931=PRODUCT_DEFINITION('PG-TSDS0-14','PG-TSDS0-14',#3932,#3930);
#3932=PRODUCT_DEFINITION_FORMATION('',$,#3937);
#3933=PRODUCT_RELATED_PRODUCT_CATEGORY('PG-TSDS0-14','PG-TSDS0-14',(#3937));
#3934=APPLICATION_PROTOCOL_DEFINITION('international standard',
'automotive_design',2009,#3935);
#3935=APPLICATION_CONTEXT(
'Core Data for Automotive Mechanical Design Process');
#3936=PRODUCT_CONTEXT('part definition',#3935,'mechanical');
#3937=PRODUCT('PG-TSDS0-14','PG-TSDS0-14',$,(#3936));
#3938=PRESENTATION_STYLE_ASSIGNMENT((#3941));
#3939=PRESENTATION_STYLE_ASSIGNMENT((#3942));
#3940=PRESENTATION_STYLE_ASSIGNMENT((#3943));
#3941=SURFACE_STYLE_USAGE(.BOTH.,#3950);
#3942=SURFACE_STYLE_USAGE(.BOTH.,#3951);
#3943=SURFACE_STYLE_USAGE(.BOTH.,#3952);
#3944=SURFACE_STYLE_RENDERING_WITH_PROPERTIES($,#3962,(#3947));
#3945=SURFACE_STYLE_RENDERING_WITH_PROPERTIES($,#3963,(#3948));
#3946=SURFACE_STYLE_RENDERING_WITH_PROPERTIES($,#3964,(#3949));
#3947=SURFACE_STYLE_TRANSPARENT(0.);
#3948=SURFACE_STYLE_TRANSPARENT(0.);
#3949=SURFACE_STYLE_TRANSPARENT(0.);
#3950=SURFACE_SIDE_STYLE('',(#3953,#3944));
#3951=SURFACE_SIDE_STYLE('',(#3954,#3945));
#3952=SURFACE_SIDE_STYLE('',(#3955,#3946));
#3953=SURFACE_STYLE_FILL_AREA(#3956);
#3954=SURFACE_STYLE_FILL_AREA(#3957);
#3955=SURFACE_STYLE_FILL_AREA(#3958);
#3956=FILL_AREA_STYLE('',(#3959));
#3957=FILL_AREA_STYLE('',(#3960));
#3958=FILL_AREA_STYLE('',(#3961));
#3959=FILL_AREA_STYLE_COLOUR('',#3962);
#3960=FILL_AREA_STYLE_COLOUR('',#3963);
#3961=FILL_AREA_STYLE_COLOUR('',#3964);
#3962=COLOUR_RGB('',0.749019607843137,0.749019607843137,0.749019607843137);
#3963=COLOUR_RGB('',0.0196078431372549,0.0196078431372549,0.0196078431372549);
#3964=COLOUR_RGB('',1.,0.996078431372549,0.964705882352941);
ENDSEC;
END-ISO-10303-21;
