ISO-10303-21;
HEADER;
FILE_DESCRIPTION(('FreeCAD Model'),'2;1');
FILE_NAME('Open CASCADE Shape Model','2025-08-11T16:04:58',('Author'),(
    ''),'Open CASCADE STEP processor 7.7','FreeCAD','Unknown');
FILE_SCHEMA(('AUTOMOTIVE_DESIGN { 1 0 10303 214 1 1 1 1 }'));
ENDSEC;
DATA;
#1 = APPLICATION_PROTOCOL_DEFINITION('international standard',
  'automotive_design',2000,#2);
#2 = APPLICATION_CONTEXT(
  'core data for automotive mechanical design processes');
#3 = SHAPE_DEFINITION_REPRESENTATION(#4,#10);
#4 = PRODUCT_DEFINITION_SHAPE('','',#5);
#5 = PRODUCT_DEFINITION('design','',#6,#9);
#6 = PRODUCT_DEFINITION_FORMATION('','',#7);
#7 = PRODUCT('Unnamed_Body','Unnamed_Body','',(#8));
#8 = PRODUCT_CONTEXT('',#2,'mechanical');
#9 = PRODUCT_DEFINITION_CONTEXT('part definition',#2,'design');
#10 = SHAPE_REPRESENTATION('',(#11,#15,#57,#133,#267,#323,#377,#455,#523
    ,#575,#615,#681,#733,#775,#813,#858,#910,#955,#995,#1061,#1113,#1151
    ,#1189,#1241,#1329,#1409,#1447,#1607,#1645,#1747,#1785,#1865,#1903,
    #1941,#1983,#2035,#2073,#2111,#2184,#2222,#2295,#2333,#2371,#2409,
    #2447,#2489,#2541,#2579,#2617,#2655,#2693,#2766,#2804,#2877,#2915,
    #2953,#2991,#3029,#3067,#3105,#3143,#3181,#3219,#3257),#3295);
#11 = AXIS2_PLACEMENT_3D('',#12,#13,#14);
#12 = CARTESIAN_POINT('',(0.,0.,0.));
#13 = DIRECTION('',(0.,0.,1.));
#14 = DIRECTION('',(1.,0.,-0.));
#15 = SHELL_BASED_SURFACE_MODEL('',(#16));
#16 = OPEN_SHELL('',(#17));
#17 = ADVANCED_FACE('',(#18),#52,.T.);
#18 = FACE_BOUND('',#19,.T.);
#19 = EDGE_LOOP('',(#20,#30,#38,#46));
#20 = ORIENTED_EDGE('',*,*,#21,.T.);
#21 = EDGE_CURVE('',#22,#24,#26,.T.);
#22 = VERTEX_POINT('',#23);
#23 = CARTESIAN_POINT('',(11.325247525,-4.749669967,7.3));
#24 = VERTEX_POINT('',#25);
#25 = CARTESIAN_POINT('',(6.275247525,0.300330033,7.3));
#26 = ( BOUNDED_CURVE() B_SPLINE_CURVE(2,(#27,#28,#29),.UNSPECIFIED.,.F.
,.F.) B_SPLINE_CURVE_WITH_KNOTS((3,3),(-3.141592654,-1.570796327),
.PIECEWISE_BEZIER_KNOTS.) CURVE() GEOMETRIC_REPRESENTATION_ITEM() 
RATIONAL_B_SPLINE_CURVE((1.,0.707106781,1.)) REPRESENTATION_ITEM('') );
#27 = CARTESIAN_POINT('',(11.325247525,-4.749669967,7.3));
#28 = CARTESIAN_POINT('',(11.325247525,0.300330033,7.3));
#29 = CARTESIAN_POINT('',(6.275247525,0.300330033,7.3));
#30 = ORIENTED_EDGE('',*,*,#31,.T.);
#31 = EDGE_CURVE('',#24,#32,#34,.T.);
#32 = VERTEX_POINT('',#33);
#33 = CARTESIAN_POINT('',(1.225247525,-4.749669967,7.3));
#34 = ( BOUNDED_CURVE() B_SPLINE_CURVE(2,(#35,#36,#37),.UNSPECIFIED.,.F.
,.F.) B_SPLINE_CURVE_WITH_KNOTS((3,3),(-1.570796327,0.),
.PIECEWISE_BEZIER_KNOTS.) CURVE() GEOMETRIC_REPRESENTATION_ITEM() 
RATIONAL_B_SPLINE_CURVE((1.,0.707106781,1.)) REPRESENTATION_ITEM('') );
#35 = CARTESIAN_POINT('',(6.275247525,0.300330033,7.3));
#36 = CARTESIAN_POINT('',(1.225247525,0.300330033,7.3));
#37 = CARTESIAN_POINT('',(1.225247525,-4.749669967,7.3));
#38 = ORIENTED_EDGE('',*,*,#39,.T.);
#39 = EDGE_CURVE('',#32,#40,#42,.T.);
#40 = VERTEX_POINT('',#41);
#41 = CARTESIAN_POINT('',(6.275247525,-9.799669967,7.3));
#42 = ( BOUNDED_CURVE() B_SPLINE_CURVE(2,(#43,#44,#45),.UNSPECIFIED.,.F.
,.F.) B_SPLINE_CURVE_WITH_KNOTS((3,3),(0.,1.570796327),
.PIECEWISE_BEZIER_KNOTS.) CURVE() GEOMETRIC_REPRESENTATION_ITEM() 
RATIONAL_B_SPLINE_CURVE((1.,0.707106781,1.)) REPRESENTATION_ITEM('') );
#43 = CARTESIAN_POINT('',(1.225247525,-4.749669967,7.3));
#44 = CARTESIAN_POINT('',(1.225247525,-9.799669967,7.3));
#45 = CARTESIAN_POINT('',(6.275247525,-9.799669967,7.3));
#46 = ORIENTED_EDGE('',*,*,#47,.T.);
#47 = EDGE_CURVE('',#40,#22,#48,.T.);
#48 = ( BOUNDED_CURVE() B_SPLINE_CURVE(2,(#49,#50,#51),.UNSPECIFIED.,.F.
,.F.) B_SPLINE_CURVE_WITH_KNOTS((3,3),(1.570796327,3.141592654),
.PIECEWISE_BEZIER_KNOTS.) CURVE() GEOMETRIC_REPRESENTATION_ITEM() 
RATIONAL_B_SPLINE_CURVE((1.,0.707106781,1.)) REPRESENTATION_ITEM('') );
#49 = CARTESIAN_POINT('',(6.275247525,-9.799669967,7.3));
#50 = CARTESIAN_POINT('',(11.325247525,-9.799669967,7.3));
#51 = CARTESIAN_POINT('',(11.325247525,-4.749669967,7.3));
#52 = B_SPLINE_SURFACE_WITH_KNOTS('',1,1,(
    (#53,#54)
    ,(#55,#56
    )),.UNSPECIFIED.,.F.,.F.,.F.,(2,2),(2,2),(-5.05,5.05),(-5.05,5.05),
  .PIECEWISE_BEZIER_KNOTS.);
#53 = CARTESIAN_POINT('',(1.225247525,-9.799669967,7.3));
#54 = CARTESIAN_POINT('',(1.225247525,0.300330033,7.3));
#55 = CARTESIAN_POINT('',(11.325247525,-9.799669967,7.3));
#56 = CARTESIAN_POINT('',(11.325247525,0.300330033,7.3));
#57 = SHELL_BASED_SURFACE_MODEL('',(#58));
#58 = OPEN_SHELL('',(#59));
#59 = ADVANCED_FACE('',(#60,#94),#128,.T.);
#60 = FACE_BOUND('',#61,.T.);
#61 = EDGE_LOOP('',(#62,#72,#80,#88));
#62 = ORIENTED_EDGE('',*,*,#63,.T.);
#63 = EDGE_CURVE('',#64,#66,#68,.T.);
#64 = VERTEX_POINT('',#65);
#65 = CARTESIAN_POINT('',(12.375247525,-4.749669967,7.3));
#66 = VERTEX_POINT('',#67);
#67 = CARTESIAN_POINT('',(6.275247525,1.350330033,7.3));
#68 = ( BOUNDED_CURVE() B_SPLINE_CURVE(2,(#69,#70,#71),.UNSPECIFIED.,.F.
,.F.) B_SPLINE_CURVE_WITH_KNOTS((3,3),(-3.141592654,-1.570796327),
.PIECEWISE_BEZIER_KNOTS.) CURVE() GEOMETRIC_REPRESENTATION_ITEM() 
RATIONAL_B_SPLINE_CURVE((1.,0.707106781,1.)) REPRESENTATION_ITEM('') );
#69 = CARTESIAN_POINT('',(12.375247525,-4.749669967,7.3));
#70 = CARTESIAN_POINT('',(12.375247525,1.350330033,7.3));
#71 = CARTESIAN_POINT('',(6.275247525,1.350330033,7.3));
#72 = ORIENTED_EDGE('',*,*,#73,.T.);
#73 = EDGE_CURVE('',#66,#74,#76,.T.);
#74 = VERTEX_POINT('',#75);
#75 = CARTESIAN_POINT('',(0.175247525,-4.749669967,7.3));
#76 = ( BOUNDED_CURVE() B_SPLINE_CURVE(2,(#77,#78,#79),.UNSPECIFIED.,.F.
,.F.) B_SPLINE_CURVE_WITH_KNOTS((3,3),(-1.570796327,0.),
.PIECEWISE_BEZIER_KNOTS.) CURVE() GEOMETRIC_REPRESENTATION_ITEM() 
RATIONAL_B_SPLINE_CURVE((1.,0.707106781,1.)) REPRESENTATION_ITEM('') );
#77 = CARTESIAN_POINT('',(6.275247525,1.350330033,7.3));
#78 = CARTESIAN_POINT('',(0.175247525,1.350330033,7.3));
#79 = CARTESIAN_POINT('',(0.175247525,-4.749669967,7.3));
#80 = ORIENTED_EDGE('',*,*,#81,.T.);
#81 = EDGE_CURVE('',#74,#82,#84,.T.);
#82 = VERTEX_POINT('',#83);
#83 = CARTESIAN_POINT('',(6.275247525,-10.849669967,7.3));
#84 = ( BOUNDED_CURVE() B_SPLINE_CURVE(2,(#85,#86,#87),.UNSPECIFIED.,.F.
,.F.) B_SPLINE_CURVE_WITH_KNOTS((3,3),(0.,1.570796327),
.PIECEWISE_BEZIER_KNOTS.) CURVE() GEOMETRIC_REPRESENTATION_ITEM() 
RATIONAL_B_SPLINE_CURVE((1.,0.707106781,1.)) REPRESENTATION_ITEM('') );
#85 = CARTESIAN_POINT('',(0.175247525,-4.749669967,7.3));
#86 = CARTESIAN_POINT('',(0.175247525,-10.849669967,7.3));
#87 = CARTESIAN_POINT('',(6.275247525,-10.849669967,7.3));
#88 = ORIENTED_EDGE('',*,*,#89,.T.);
#89 = EDGE_CURVE('',#82,#64,#90,.T.);
#90 = ( BOUNDED_CURVE() B_SPLINE_CURVE(2,(#91,#92,#93),.UNSPECIFIED.,.F.
,.F.) B_SPLINE_CURVE_WITH_KNOTS((3,3),(1.570796327,3.141592654),
.PIECEWISE_BEZIER_KNOTS.) CURVE() GEOMETRIC_REPRESENTATION_ITEM() 
RATIONAL_B_SPLINE_CURVE((1.,0.707106781,1.)) REPRESENTATION_ITEM('') );
#91 = CARTESIAN_POINT('',(6.275247525,-10.849669967,7.3));
#92 = CARTESIAN_POINT('',(12.375247525,-10.849669967,7.3));
#93 = CARTESIAN_POINT('',(12.375247525,-4.749669967,7.3));
#94 = FACE_BOUND('',#95,.T.);
#95 = EDGE_LOOP('',(#96,#106,#114,#122));
#96 = ORIENTED_EDGE('',*,*,#97,.T.);
#97 = EDGE_CURVE('',#98,#100,#102,.T.);
#98 = VERTEX_POINT('',#99);
#99 = CARTESIAN_POINT('',(11.325247525,-4.749669967,7.3));
#100 = VERTEX_POINT('',#101);
#101 = CARTESIAN_POINT('',(6.275247525,-9.799669967,7.3));
#102 = ( BOUNDED_CURVE() B_SPLINE_CURVE(2,(#103,#104,#105),
.UNSPECIFIED.,.F.,.F.) B_SPLINE_CURVE_WITH_KNOTS((3,3),(-3.141592654,
-1.570796327),.PIECEWISE_BEZIER_KNOTS.) CURVE() 
GEOMETRIC_REPRESENTATION_ITEM() RATIONAL_B_SPLINE_CURVE((1.,0.707106781,
1.)) REPRESENTATION_ITEM('') );
#103 = CARTESIAN_POINT('',(11.325247525,-4.749669967,7.3));
#104 = CARTESIAN_POINT('',(11.325247525,-9.799669967,7.3));
#105 = CARTESIAN_POINT('',(6.275247525,-9.799669967,7.3));
#106 = ORIENTED_EDGE('',*,*,#107,.T.);
#107 = EDGE_CURVE('',#100,#108,#110,.T.);
#108 = VERTEX_POINT('',#109);
#109 = CARTESIAN_POINT('',(1.225247525,-4.749669967,7.3));
#110 = ( BOUNDED_CURVE() B_SPLINE_CURVE(2,(#111,#112,#113),
.UNSPECIFIED.,.F.,.F.) B_SPLINE_CURVE_WITH_KNOTS((3,3),(-1.570796327,0.)
,.PIECEWISE_BEZIER_KNOTS.) CURVE() GEOMETRIC_REPRESENTATION_ITEM() 
RATIONAL_B_SPLINE_CURVE((1.,0.707106781,1.)) REPRESENTATION_ITEM('') );
#111 = CARTESIAN_POINT('',(6.275247525,-9.799669967,7.3));
#112 = CARTESIAN_POINT('',(1.225247525,-9.799669967,7.3));
#113 = CARTESIAN_POINT('',(1.225247525,-4.749669967,7.3));
#114 = ORIENTED_EDGE('',*,*,#115,.T.);
#115 = EDGE_CURVE('',#108,#116,#118,.T.);
#116 = VERTEX_POINT('',#117);
#117 = CARTESIAN_POINT('',(6.275247525,0.300330033,7.3));
#118 = ( BOUNDED_CURVE() B_SPLINE_CURVE(2,(#119,#120,#121),
.UNSPECIFIED.,.F.,.F.) B_SPLINE_CURVE_WITH_KNOTS((3,3),(0.,1.570796327),
.PIECEWISE_BEZIER_KNOTS.) CURVE() GEOMETRIC_REPRESENTATION_ITEM() 
RATIONAL_B_SPLINE_CURVE((1.,0.707106781,1.)) REPRESENTATION_ITEM('') );
#119 = CARTESIAN_POINT('',(1.225247525,-4.749669967,7.3));
#120 = CARTESIAN_POINT('',(1.225247525,0.300330033,7.3));
#121 = CARTESIAN_POINT('',(6.275247525,0.300330033,7.3));
#122 = ORIENTED_EDGE('',*,*,#123,.T.);
#123 = EDGE_CURVE('',#116,#98,#124,.T.);
#124 = ( BOUNDED_CURVE() B_SPLINE_CURVE(2,(#125,#126,#127),
.UNSPECIFIED.,.F.,.F.) B_SPLINE_CURVE_WITH_KNOTS((3,3),(1.570796327,
3.141592654),.PIECEWISE_BEZIER_KNOTS.) CURVE() 
GEOMETRIC_REPRESENTATION_ITEM() RATIONAL_B_SPLINE_CURVE((1.,0.707106781,
1.)) REPRESENTATION_ITEM('') );
#125 = CARTESIAN_POINT('',(6.275247525,0.300330033,7.3));
#126 = CARTESIAN_POINT('',(11.325247525,0.300330033,7.3));
#127 = CARTESIAN_POINT('',(11.325247525,-4.749669967,7.3));
#128 = B_SPLINE_SURFACE_WITH_KNOTS('',1,1,(
    (#129,#130)
    ,(#131,#132
    )),.UNSPECIFIED.,.F.,.F.,.F.,(2,2),(2,2),(-6.1,6.1),(-6.1,6.1),
  .PIECEWISE_BEZIER_KNOTS.);
#129 = CARTESIAN_POINT('',(0.175247525,-10.849669967,7.3));
#130 = CARTESIAN_POINT('',(0.175247525,1.350330033,7.3));
#131 = CARTESIAN_POINT('',(12.375247525,-10.849669967,7.3));
#132 = CARTESIAN_POINT('',(12.375247525,1.350330033,7.3));
#133 = SHELL_BASED_SURFACE_MODEL('',(#134));
#134 = OPEN_SHELL('',(#135));
#135 = ADVANCED_FACE('',(#136),#248,.T.);
#136 = FACE_BOUND('',#137,.T.);
#137 = EDGE_LOOP('',(#138,#147,#155,#163,#171,#179,#186,#194,#202,#210,
    #218,#226,#234,#242));
#138 = ORIENTED_EDGE('',*,*,#139,.T.);
#139 = EDGE_CURVE('',#140,#142,#144,.T.);
#140 = VERTEX_POINT('',#141);
#141 = CARTESIAN_POINT('',(12.375247525,-4.749669967,1.));
#142 = VERTEX_POINT('',#143);
#143 = CARTESIAN_POINT('',(12.375247525,-4.749669967,7.3));
#144 = B_SPLINE_CURVE_WITH_KNOTS('',1,(#145,#146),.UNSPECIFIED.,.F.,.F.,
  (2,2),(-1.032786885,0.),.PIECEWISE_BEZIER_KNOTS.);
#145 = CARTESIAN_POINT('',(12.375247525,-4.749669967,1.));
#146 = CARTESIAN_POINT('',(12.375247525,-4.749669967,7.3));
#147 = ORIENTED_EDGE('',*,*,#148,.T.);
#148 = EDGE_CURVE('',#142,#149,#151,.T.);
#149 = VERTEX_POINT('',#150);
#150 = CARTESIAN_POINT('',(6.275247525,-10.849669967,7.3));
#151 = ( BOUNDED_CURVE() B_SPLINE_CURVE(2,(#152,#153,#154),
.UNSPECIFIED.,.F.,.F.) B_SPLINE_CURVE_WITH_KNOTS((3,3),(-3.141592654,
-1.570796327),.PIECEWISE_BEZIER_KNOTS.) CURVE() 
GEOMETRIC_REPRESENTATION_ITEM() RATIONAL_B_SPLINE_CURVE((1.,0.707106781,
1.)) REPRESENTATION_ITEM('') );
#152 = CARTESIAN_POINT('',(12.375247525,-4.749669967,7.3));
#153 = CARTESIAN_POINT('',(12.375247525,-10.849669967,7.3));
#154 = CARTESIAN_POINT('',(6.275247525,-10.849669967,7.3));
#155 = ORIENTED_EDGE('',*,*,#156,.T.);
#156 = EDGE_CURVE('',#149,#157,#159,.T.);
#157 = VERTEX_POINT('',#158);
#158 = CARTESIAN_POINT('',(0.175247525,-4.749669967,7.3));
#159 = ( BOUNDED_CURVE() B_SPLINE_CURVE(2,(#160,#161,#162),
.UNSPECIFIED.,.F.,.F.) B_SPLINE_CURVE_WITH_KNOTS((3,3),(-1.570796327,0.)
,.PIECEWISE_BEZIER_KNOTS.) CURVE() GEOMETRIC_REPRESENTATION_ITEM() 
RATIONAL_B_SPLINE_CURVE((1.,0.707106781,1.)) REPRESENTATION_ITEM('') );
#160 = CARTESIAN_POINT('',(6.275247525,-10.849669967,7.3));
#161 = CARTESIAN_POINT('',(0.175247525,-10.849669967,7.3));
#162 = CARTESIAN_POINT('',(0.175247525,-4.749669967,7.3));
#163 = ORIENTED_EDGE('',*,*,#164,.T.);
#164 = EDGE_CURVE('',#157,#165,#167,.T.);
#165 = VERTEX_POINT('',#166);
#166 = CARTESIAN_POINT('',(6.275247525,1.350330033,7.3));
#167 = ( BOUNDED_CURVE() B_SPLINE_CURVE(2,(#168,#169,#170),
.UNSPECIFIED.,.F.,.F.) B_SPLINE_CURVE_WITH_KNOTS((3,3),(0.,1.570796327),
.PIECEWISE_BEZIER_KNOTS.) CURVE() GEOMETRIC_REPRESENTATION_ITEM() 
RATIONAL_B_SPLINE_CURVE((1.,0.707106781,1.)) REPRESENTATION_ITEM('') );
#168 = CARTESIAN_POINT('',(0.175247525,-4.749669967,7.3));
#169 = CARTESIAN_POINT('',(0.175247525,1.350330033,7.3));
#170 = CARTESIAN_POINT('',(6.275247525,1.350330033,7.3));
#171 = ORIENTED_EDGE('',*,*,#172,.T.);
#172 = EDGE_CURVE('',#165,#173,#175,.T.);
#173 = VERTEX_POINT('',#174);
#174 = CARTESIAN_POINT('',(12.375247525,-4.749669967,7.3));
#175 = ( BOUNDED_CURVE() B_SPLINE_CURVE(2,(#176,#177,#178),
.UNSPECIFIED.,.F.,.F.) B_SPLINE_CURVE_WITH_KNOTS((3,3),(1.570796327,
3.141592654),.PIECEWISE_BEZIER_KNOTS.) CURVE() 
GEOMETRIC_REPRESENTATION_ITEM() RATIONAL_B_SPLINE_CURVE((1.,0.707106781,
1.)) REPRESENTATION_ITEM('') );
#176 = CARTESIAN_POINT('',(6.275247525,1.350330033,7.3));
#177 = CARTESIAN_POINT('',(12.375247525,1.350330033,7.3));
#178 = CARTESIAN_POINT('',(12.375247525,-4.749669967,7.3));
#179 = ORIENTED_EDGE('',*,*,#180,.T.);
#180 = EDGE_CURVE('',#173,#181,#183,.T.);
#181 = VERTEX_POINT('',#182);
#182 = CARTESIAN_POINT('',(12.375247525,-4.749669967,1.));
#183 = B_SPLINE_CURVE_WITH_KNOTS('',1,(#184,#185),.UNSPECIFIED.,.F.,.F.,
  (2,2),(-1.032786885,0.),.PIECEWISE_BEZIER_KNOTS.);
#184 = CARTESIAN_POINT('',(12.375247525,-4.749669967,7.3));
#185 = CARTESIAN_POINT('',(12.375247525,-4.749669967,1.));
#186 = ORIENTED_EDGE('',*,*,#187,.T.);
#187 = EDGE_CURVE('',#181,#188,#190,.T.);
#188 = VERTEX_POINT('',#189);
#189 = CARTESIAN_POINT('',(7.05,1.300929888,1.));
#190 = ( BOUNDED_CURVE() B_SPLINE_CURVE(2,(#191,#192,#193),
.UNSPECIFIED.,.F.,.F.) B_SPLINE_CURVE_WITH_KNOTS((3,3),(-3.141592654,
-1.708796207),.PIECEWISE_BEZIER_KNOTS.) CURVE() 
GEOMETRIC_REPRESENTATION_ITEM() RATIONAL_B_SPLINE_CURVE((1.,0.732838462,
0.953057873)) REPRESENTATION_ITEM('') );
#191 = CARTESIAN_POINT('',(12.375247525,-4.749669967,1.));
#192 = CARTESIAN_POINT('',(12.375247525,0.619055561,1.));
#193 = CARTESIAN_POINT('',(7.05,1.300929888,1.));
#194 = ORIENTED_EDGE('',*,*,#195,.T.);
#195 = EDGE_CURVE('',#188,#196,#198,.T.);
#196 = VERTEX_POINT('',#197);
#197 = CARTESIAN_POINT('',(6.275247525,1.350330033,1.));
#198 = ( BOUNDED_CURVE() B_SPLINE_CURVE(2,(#199,#200,#201),
.UNSPECIFIED.,.F.,.F.) B_SPLINE_CURVE_WITH_KNOTS((3,3),(-1.708796207,
-1.570796327),.PIECEWISE_BEZIER_KNOTS.) CURVE() 
GEOMETRIC_REPRESENTATION_ITEM() RATIONAL_B_SPLINE_CURVE((0.953057873,
0.97426832,1.)) REPRESENTATION_ITEM('') );
#199 = CARTESIAN_POINT('',(7.05,1.300929888,1.));
#200 = CARTESIAN_POINT('',(6.6641987,1.350330033,1.));
#201 = CARTESIAN_POINT('',(6.275247525,1.350330033,1.));
#202 = ORIENTED_EDGE('',*,*,#203,.T.);
#203 = EDGE_CURVE('',#196,#204,#206,.T.);
#204 = VERTEX_POINT('',#205);
#205 = CARTESIAN_POINT('',(0.356181003,-3.275,1.));
#206 = ( BOUNDED_CURVE() B_SPLINE_CURVE(2,(#207,#208,#209),
.UNSPECIFIED.,.F.,.F.) B_SPLINE_CURVE_WITH_KNOTS((3,3),(-1.570796327,
-0.259376112),.PIECEWISE_BEZIER_KNOTS.) CURVE() 
GEOMETRIC_REPRESENTATION_ITEM() RATIONAL_B_SPLINE_CURVE((1.,0.75547047,
0.91924463)) REPRESENTATION_ITEM('') );
#207 = CARTESIAN_POINT('',(6.275247525,1.350330033,1.));
#208 = CARTESIAN_POINT('',(1.508530831,1.350330033,1.));
#209 = CARTESIAN_POINT('',(0.356181003,-3.275,1.));
#210 = ORIENTED_EDGE('',*,*,#211,.T.);
#211 = EDGE_CURVE('',#204,#212,#214,.T.);
#212 = VERTEX_POINT('',#213);
#213 = CARTESIAN_POINT('',(0.175247525,-4.749669967,1.));
#214 = ( BOUNDED_CURVE() B_SPLINE_CURVE(2,(#215,#216,#217),
.UNSPECIFIED.,.F.,.F.) B_SPLINE_CURVE_WITH_KNOTS((3,3),(-0.259376112,0.)
,.PIECEWISE_BEZIER_KNOTS.) CURVE() GEOMETRIC_REPRESENTATION_ITEM() 
RATIONAL_B_SPLINE_CURVE((0.91924463,0.951636311,1.)) REPRESENTATION_ITEM
('') );
#215 = CARTESIAN_POINT('',(0.356181003,-3.275,1.));
#216 = CARTESIAN_POINT('',(0.175247525,-4.001235238,1.));
#217 = CARTESIAN_POINT('',(0.175247525,-4.749669967,1.));
#218 = ORIENTED_EDGE('',*,*,#219,.T.);
#219 = EDGE_CURVE('',#212,#220,#222,.T.);
#220 = VERTEX_POINT('',#221);
#221 = CARTESIAN_POINT('',(6.275247525,-10.849669967,1.));
#222 = ( BOUNDED_CURVE() B_SPLINE_CURVE(2,(#223,#224,#225),
.UNSPECIFIED.,.F.,.F.) B_SPLINE_CURVE_WITH_KNOTS((3,3),(0.,1.570796327),
.PIECEWISE_BEZIER_KNOTS.) CURVE() GEOMETRIC_REPRESENTATION_ITEM() 
RATIONAL_B_SPLINE_CURVE((1.,0.707106781,1.)) REPRESENTATION_ITEM('') );
#223 = CARTESIAN_POINT('',(0.175247525,-4.749669967,1.));
#224 = CARTESIAN_POINT('',(0.175247525,-10.849669967,1.));
#225 = CARTESIAN_POINT('',(6.275247525,-10.849669967,1.));
#226 = ORIENTED_EDGE('',*,*,#227,.T.);
#227 = EDGE_CURVE('',#220,#228,#230,.T.);
#228 = VERTEX_POINT('',#229);
#229 = CARTESIAN_POINT('',(7.8,-10.656033475,1.));
#230 = ( BOUNDED_CURVE() B_SPLINE_CURVE(2,(#231,#232,#233),
.UNSPECIFIED.,.F.,.F.) B_SPLINE_CURVE_WITH_KNOTS((3,3),(1.570796327,
1.838810677),.PIECEWISE_BEZIER_KNOTS.) CURVE() 
GEOMETRIC_REPRESENTATION_ITEM() RATIONAL_B_SPLINE_CURVE((1.,0.950025612,
0.917104807)) REPRESENTATION_ITEM('') );
#231 = CARTESIAN_POINT('',(6.275247525,-10.849669967,1.));
#232 = CARTESIAN_POINT('',(7.049919231,-10.849669967,1.));
#233 = CARTESIAN_POINT('',(7.8,-10.656033475,1.));
#234 = ORIENTED_EDGE('',*,*,#235,.T.);
#235 = EDGE_CURVE('',#228,#236,#238,.T.);
#236 = VERTEX_POINT('',#237);
#237 = CARTESIAN_POINT('',(12.168322723,-6.325,1.));
#238 = ( BOUNDED_CURVE() B_SPLINE_CURVE(2,(#239,#240,#241),
.UNSPECIFIED.,.F.,.F.) B_SPLINE_CURVE_WITH_KNOTS((3,3),(1.838810677,
2.864855769),.PIECEWISE_BEZIER_KNOTS.) CURVE() 
GEOMETRIC_REPRESENTATION_ITEM() RATIONAL_B_SPLINE_CURVE((0.917104807,
0.791073383,0.914980053)) REPRESENTATION_ITEM('') );
#239 = CARTESIAN_POINT('',(7.8,-10.656033475,1.));
#240 = CARTESIAN_POINT('',(11.248537658,-9.765779036,1.));
#241 = CARTESIAN_POINT('',(12.168322723,-6.325,1.));
#242 = ORIENTED_EDGE('',*,*,#243,.T.);
#243 = EDGE_CURVE('',#236,#140,#244,.T.);
#244 = ( BOUNDED_CURVE() B_SPLINE_CURVE(2,(#245,#246,#247),
.UNSPECIFIED.,.F.,.F.) B_SPLINE_CURVE_WITH_KNOTS((3,3),(2.864855769,
3.141592654),.PIECEWISE_BEZIER_KNOTS.) CURVE() 
GEOMETRIC_REPRESENTATION_ITEM() RATIONAL_B_SPLINE_CURVE((0.914980053,
0.948399194,1.)) REPRESENTATION_ITEM('') );
#245 = CARTESIAN_POINT('',(12.168322723,-6.325,1.));
#246 = CARTESIAN_POINT('',(12.375247525,-5.550925112,1.));
#247 = CARTESIAN_POINT('',(12.375247525,-4.749669967,1.));
#248 = ( BOUNDED_SURFACE() B_SPLINE_SURFACE(1,2,(
    (#249,#250,#251,#252,#253,#254,#255,#256,#257)
    ,(#258,#259,#260,#261,#262,#263,#264,#265,#266
)),.UNSPECIFIED.,.F.,.T.,.F.) B_SPLINE_SURFACE_WITH_KNOTS((2,2),(1,2,2,2
    ,2,2,1),(0.,1.032786885),(-4.712388981,-3.141592654,-1.570796327,0.,
    1.570796327,3.141592654,4.712388981),.UNSPECIFIED.) 
GEOMETRIC_REPRESENTATION_ITEM() RATIONAL_B_SPLINE_SURFACE((
    (1.,0.707106781,1.,0.707106781,1.,0.707106781,1.,0.707106781,1.)
    ,(1.,0.707106781,1.,0.707106781,1.,0.707106781,1.,0.707106781,1.
))) REPRESENTATION_ITEM('') SURFACE() );
#249 = CARTESIAN_POINT('',(12.375247525,-4.749669967,7.3));
#250 = CARTESIAN_POINT('',(12.375247525,1.350330033,7.3));
#251 = CARTESIAN_POINT('',(6.275247525,1.350330033,7.3));
#252 = CARTESIAN_POINT('',(0.175247525,1.350330033,7.3));
#253 = CARTESIAN_POINT('',(0.175247525,-4.749669967,7.3));
#254 = CARTESIAN_POINT('',(0.175247525,-10.849669967,7.3));
#255 = CARTESIAN_POINT('',(6.275247525,-10.849669967,7.3));
#256 = CARTESIAN_POINT('',(12.375247525,-10.849669967,7.3));
#257 = CARTESIAN_POINT('',(12.375247525,-4.749669967,7.3));
#258 = CARTESIAN_POINT('',(12.375247525,-4.749669967,1.));
#259 = CARTESIAN_POINT('',(12.375247525,1.350330033,1.));
#260 = CARTESIAN_POINT('',(6.275247525,1.350330033,1.));
#261 = CARTESIAN_POINT('',(0.175247525,1.350330033,1.));
#262 = CARTESIAN_POINT('',(0.175247525,-4.749669967,1.));
#263 = CARTESIAN_POINT('',(0.175247525,-10.849669967,1.));
#264 = CARTESIAN_POINT('',(6.275247525,-10.849669967,1.));
#265 = CARTESIAN_POINT('',(12.375247525,-10.849669967,1.));
#266 = CARTESIAN_POINT('',(12.375247525,-4.749669967,1.));
#267 = SHELL_BASED_SURFACE_MODEL('',(#268));
#268 = OPEN_SHELL('',(#269));
#269 = ADVANCED_FACE('',(#270),#318,.T.);
#270 = FACE_BOUND('',#271,.T.);
#271 = EDGE_LOOP('',(#272,#282,#290,#297,#305,#313));
#272 = ORIENTED_EDGE('',*,*,#273,.T.);
#273 = EDGE_CURVE('',#274,#276,#278,.T.);
#274 = VERTEX_POINT('',#275);
#275 = CARTESIAN_POINT('',(7.05,1.300929888,1.));
#276 = VERTEX_POINT('',#277);
#277 = CARTESIAN_POINT('',(12.375247525,-4.749669967,1.));
#278 = ( BOUNDED_CURVE() B_SPLINE_CURVE(2,(#279,#280,#281),
.UNSPECIFIED.,.F.,.F.) B_SPLINE_CURVE_WITH_KNOTS((3,3),(1.708796207,
3.141592654),.PIECEWISE_BEZIER_KNOTS.) CURVE() 
GEOMETRIC_REPRESENTATION_ITEM() RATIONAL_B_SPLINE_CURVE((0.953057873,
0.732838462,1.)) REPRESENTATION_ITEM('') );
#279 = CARTESIAN_POINT('',(7.05,1.300929888,1.));
#280 = CARTESIAN_POINT('',(12.375247525,0.619055561,1.));
#281 = CARTESIAN_POINT('',(12.375247525,-4.749669967,1.));
#282 = ORIENTED_EDGE('',*,*,#283,.T.);
#283 = EDGE_CURVE('',#276,#284,#286,.T.);
#284 = VERTEX_POINT('',#285);
#285 = CARTESIAN_POINT('',(12.168322723,-6.325,1.));
#286 = ( BOUNDED_CURVE() B_SPLINE_CURVE(2,(#287,#288,#289),
.UNSPECIFIED.,.F.,.F.) B_SPLINE_CURVE_WITH_KNOTS((3,3),(-3.141592654,
-2.864855769),.PIECEWISE_BEZIER_KNOTS.) CURVE() 
GEOMETRIC_REPRESENTATION_ITEM() RATIONAL_B_SPLINE_CURVE((1.,0.948399194,
0.914980053)) REPRESENTATION_ITEM('') );
#287 = CARTESIAN_POINT('',(12.375247525,-4.749669967,1.));
#288 = CARTESIAN_POINT('',(12.375247525,-5.550925112,1.));
#289 = CARTESIAN_POINT('',(12.168322723,-6.325,1.));
#290 = ORIENTED_EDGE('',*,*,#291,.T.);
#291 = EDGE_CURVE('',#284,#292,#294,.T.);
#292 = VERTEX_POINT('',#293);
#293 = CARTESIAN_POINT('',(11.073250785,-6.325,1.));
#294 = B_SPLINE_CURVE_WITH_KNOTS('',1,(#295,#296),.UNSPECIFIED.,.F.,.F.,
  (2,2),(0.431677277,1.526749215),.PIECEWISE_BEZIER_KNOTS.);
#295 = CARTESIAN_POINT('',(12.168322723,-6.325,1.));
#296 = CARTESIAN_POINT('',(11.073250785,-6.325,1.));
#297 = ORIENTED_EDGE('',*,*,#298,.T.);
#298 = EDGE_CURVE('',#292,#299,#301,.T.);
#299 = VERTEX_POINT('',#300);
#300 = CARTESIAN_POINT('',(11.325247525,-4.749669967,1.));
#301 = ( BOUNDED_CURVE() B_SPLINE_CURVE(2,(#302,#303,#304),
.UNSPECIFIED.,.F.,.F.) B_SPLINE_CURVE_WITH_KNOTS((3,3),(2.808323315,
3.141592654),.PIECEWISE_BEZIER_KNOTS.) CURVE() 
GEOMETRIC_REPRESENTATION_ITEM() RATIONAL_B_SPLINE_CURVE((0.902084917,
0.937858061,1.)) REPRESENTATION_ITEM('') );
#302 = CARTESIAN_POINT('',(11.073250785,-6.325,1.));
#303 = CARTESIAN_POINT('',(11.325247525,-5.557490238,1.));
#304 = CARTESIAN_POINT('',(11.325247525,-4.749669967,1.));
#305 = ORIENTED_EDGE('',*,*,#306,.T.);
#306 = EDGE_CURVE('',#299,#307,#309,.T.);
#307 = VERTEX_POINT('',#308);
#308 = CARTESIAN_POINT('',(7.05,0.240546321,1.));
#309 = ( BOUNDED_CURVE() B_SPLINE_CURVE(2,(#310,#311,#312),
.UNSPECIFIED.,.F.,.F.) B_SPLINE_CURVE_WITH_KNOTS((3,3),(-3.141592654,
-1.736904406),.PIECEWISE_BEZIER_KNOTS.) CURVE() 
GEOMETRIC_REPRESENTATION_ITEM() RATIONAL_B_SPLINE_CURVE((1.,0.738079562,
0.944605039)) REPRESENTATION_ITEM('') );
#310 = CARTESIAN_POINT('',(11.325247525,-4.749669967,1.));
#311 = CARTESIAN_POINT('',(11.325247525,-0.423204188,1.));
#312 = CARTESIAN_POINT('',(7.05,0.240546321,1.));
#313 = ORIENTED_EDGE('',*,*,#314,.T.);
#314 = EDGE_CURVE('',#307,#274,#315,.T.);
#315 = B_SPLINE_CURVE_WITH_KNOTS('',1,(#316,#317),.UNSPECIFIED.,.F.,.F.,
  (2,2),(6.565546321,7.625929888),.PIECEWISE_BEZIER_KNOTS.);
#316 = CARTESIAN_POINT('',(7.05,0.240546321,1.));
#317 = CARTESIAN_POINT('',(7.05,1.300929888,1.));
#318 = B_SPLINE_SURFACE_WITH_KNOTS('',1,1,(
    (#319,#320)
    ,(#321,#322
    )),.UNSPECIFIED.,.F.,.F.,.F.,(2,2),(2,2),(-6.1,6.1),(-6.1,6.1),
  .PIECEWISE_BEZIER_KNOTS.);
#319 = CARTESIAN_POINT('',(12.375247525,-10.849669967,1.));
#320 = CARTESIAN_POINT('',(12.375247525,1.350330033,1.));
#321 = CARTESIAN_POINT('',(0.175247525,-10.849669967,1.));
#322 = CARTESIAN_POINT('',(0.175247525,1.350330033,1.));
#323 = SHELL_BASED_SURFACE_MODEL('',(#324));
#324 = OPEN_SHELL('',(#325));
#325 = ADVANCED_FACE('',(#326),#372,.T.);
#326 = FACE_BOUND('',#327,.T.);
#327 = EDGE_LOOP('',(#328,#338,#345,#352,#360,#367));
#328 = ORIENTED_EDGE('',*,*,#329,.T.);
#329 = EDGE_CURVE('',#330,#332,#334,.T.);
#330 = VERTEX_POINT('',#331);
#331 = CARTESIAN_POINT('',(12.168322723,-6.325,1.));
#332 = VERTEX_POINT('',#333);
#333 = CARTESIAN_POINT('',(7.8,-10.656033475,1.));
#334 = ( BOUNDED_CURVE() B_SPLINE_CURVE(2,(#335,#336,#337),
.UNSPECIFIED.,.F.,.F.) B_SPLINE_CURVE_WITH_KNOTS((3,3),(-2.864855769,
-1.838810677),.PIECEWISE_BEZIER_KNOTS.) CURVE() 
GEOMETRIC_REPRESENTATION_ITEM() RATIONAL_B_SPLINE_CURVE((0.914980053,
0.791073383,0.917104807)) REPRESENTATION_ITEM('') );
#335 = CARTESIAN_POINT('',(12.168322723,-6.325,1.));
#336 = CARTESIAN_POINT('',(11.248537658,-9.765779036,1.));
#337 = CARTESIAN_POINT('',(7.8,-10.656033475,1.));
#338 = ORIENTED_EDGE('',*,*,#339,.T.);
#339 = EDGE_CURVE('',#332,#340,#342,.T.);
#340 = VERTEX_POINT('',#341);
#341 = CARTESIAN_POINT('',(7.8,-11.1,1.));
#342 = B_SPLINE_CURVE_WITH_KNOTS('',1,(#343,#344),.UNSPECIFIED.,.F.,.F.,
  (2,2),(5.603347505E-02,0.5),.PIECEWISE_BEZIER_KNOTS.);
#343 = CARTESIAN_POINT('',(7.8,-10.656033475,1.));
#344 = CARTESIAN_POINT('',(7.8,-11.1,1.));
#345 = ORIENTED_EDGE('',*,*,#346,.T.);
#346 = EDGE_CURVE('',#340,#347,#349,.T.);
#347 = VERTEX_POINT('',#348);
#348 = CARTESIAN_POINT('',(11.6,-11.1,1.));
#349 = B_SPLINE_CURVE_WITH_KNOTS('',1,(#350,#351),.UNSPECIFIED.,.F.,.F.,
  (2,2),(0.,3.8),.PIECEWISE_BEZIER_KNOTS.);
#350 = CARTESIAN_POINT('',(7.8,-11.1,1.));
#351 = CARTESIAN_POINT('',(11.6,-11.1,1.));
#352 = ORIENTED_EDGE('',*,*,#353,.T.);
#353 = EDGE_CURVE('',#347,#354,#356,.T.);
#354 = VERTEX_POINT('',#355);
#355 = CARTESIAN_POINT('',(12.6,-10.1,1.));
#356 = ( BOUNDED_CURVE() B_SPLINE_CURVE(2,(#357,#358,#359),
.UNSPECIFIED.,.F.,.F.) B_SPLINE_CURVE_WITH_KNOTS((3,3),(0.,1.570796327),
.PIECEWISE_BEZIER_KNOTS.) CURVE() GEOMETRIC_REPRESENTATION_ITEM() 
RATIONAL_B_SPLINE_CURVE((1.,0.707106781,1.)) REPRESENTATION_ITEM('') );
#357 = CARTESIAN_POINT('',(11.6,-11.1,1.));
#358 = CARTESIAN_POINT('',(12.6,-11.1,1.));
#359 = CARTESIAN_POINT('',(12.6,-10.1,1.));
#360 = ORIENTED_EDGE('',*,*,#361,.T.);
#361 = EDGE_CURVE('',#354,#362,#364,.T.);
#362 = VERTEX_POINT('',#363);
#363 = CARTESIAN_POINT('',(12.6,-6.325,1.));
#364 = B_SPLINE_CURVE_WITH_KNOTS('',1,(#365,#366),.UNSPECIFIED.,.F.,.F.,
  (2,2),(0.,3.775),.PIECEWISE_BEZIER_KNOTS.);
#365 = CARTESIAN_POINT('',(12.6,-10.1,1.));
#366 = CARTESIAN_POINT('',(12.6,-6.325,1.));
#367 = ORIENTED_EDGE('',*,*,#368,.T.);
#368 = EDGE_CURVE('',#362,#330,#369,.T.);
#369 = B_SPLINE_CURVE_WITH_KNOTS('',1,(#370,#371),.UNSPECIFIED.,.F.,.F.,
  (2,2),(0.,0.431677277),.PIECEWISE_BEZIER_KNOTS.);
#370 = CARTESIAN_POINT('',(12.6,-6.325,1.));
#371 = CARTESIAN_POINT('',(12.168322723,-6.325,1.));
#372 = B_SPLINE_SURFACE_WITH_KNOTS('',1,1,(
    (#373,#374)
    ,(#375,#376
    )),.UNSPECIFIED.,.F.,.F.,.F.,(2,2),(2,2),(-6.33491631,6.26508369),(
    -6.219700746,6.380299254),.PIECEWISE_BEZIER_KNOTS.);
#373 = CARTESIAN_POINT('',(12.6,1.5,1.));
#374 = CARTESIAN_POINT('',(12.6,-11.1,1.));
#375 = CARTESIAN_POINT('',(0.,1.5,1.));
#376 = CARTESIAN_POINT('',(0.,-11.1,1.));
#377 = SHELL_BASED_SURFACE_MODEL('',(#378));
#378 = OPEN_SHELL('',(#379));
#379 = ADVANCED_FACE('',(#380),#450,.T.);
#380 = FACE_BOUND('',#381,.T.);
#381 = EDGE_LOOP('',(#382,#392,#400,#408,#415,#423,#431,#438,#445));
#382 = ORIENTED_EDGE('',*,*,#383,.T.);
#383 = EDGE_CURVE('',#384,#386,#388,.T.);
#384 = VERTEX_POINT('',#385);
#385 = CARTESIAN_POINT('',(7.8,-10.656033475,1.));
#386 = VERTEX_POINT('',#387);
#387 = CARTESIAN_POINT('',(6.275247525,-10.849669967,1.));
#388 = ( BOUNDED_CURVE() B_SPLINE_CURVE(2,(#389,#390,#391),
.UNSPECIFIED.,.F.,.F.) B_SPLINE_CURVE_WITH_KNOTS((3,3),(-1.838810677,
-1.570796327),.PIECEWISE_BEZIER_KNOTS.) CURVE() 
GEOMETRIC_REPRESENTATION_ITEM() RATIONAL_B_SPLINE_CURVE((0.917104807,
0.950025612,1.)) REPRESENTATION_ITEM('') );
#389 = CARTESIAN_POINT('',(7.8,-10.656033475,1.));
#390 = CARTESIAN_POINT('',(7.049919231,-10.849669967,1.));
#391 = CARTESIAN_POINT('',(6.275247525,-10.849669967,1.));
#392 = ORIENTED_EDGE('',*,*,#393,.T.);
#393 = EDGE_CURVE('',#386,#394,#396,.T.);
#394 = VERTEX_POINT('',#395);
#395 = CARTESIAN_POINT('',(0.175247525,-4.749669967,1.));
#396 = ( BOUNDED_CURVE() B_SPLINE_CURVE(2,(#397,#398,#399),
.UNSPECIFIED.,.F.,.F.) B_SPLINE_CURVE_WITH_KNOTS((3,3),(-1.570796327,0.)
,.PIECEWISE_BEZIER_KNOTS.) CURVE() GEOMETRIC_REPRESENTATION_ITEM() 
RATIONAL_B_SPLINE_CURVE((1.,0.707106781,1.)) REPRESENTATION_ITEM('') );
#397 = CARTESIAN_POINT('',(6.275247525,-10.849669967,1.));
#398 = CARTESIAN_POINT('',(0.175247525,-10.849669967,1.));
#399 = CARTESIAN_POINT('',(0.175247525,-4.749669967,1.));
#400 = ORIENTED_EDGE('',*,*,#401,.T.);
#401 = EDGE_CURVE('',#394,#402,#404,.T.);
#402 = VERTEX_POINT('',#403);
#403 = CARTESIAN_POINT('',(0.356181003,-3.275,1.));
#404 = ( BOUNDED_CURVE() B_SPLINE_CURVE(2,(#405,#406,#407),
.UNSPECIFIED.,.F.,.F.) B_SPLINE_CURVE_WITH_KNOTS((3,3),(0.,0.259376112),
.PIECEWISE_BEZIER_KNOTS.) CURVE() GEOMETRIC_REPRESENTATION_ITEM() 
RATIONAL_B_SPLINE_CURVE((1.,0.951636311,0.91924463)) REPRESENTATION_ITEM
('') );
#405 = CARTESIAN_POINT('',(0.175247525,-4.749669967,1.));
#406 = CARTESIAN_POINT('',(0.175247525,-4.001235238,1.));
#407 = CARTESIAN_POINT('',(0.356181003,-3.275,1.));
#408 = ORIENTED_EDGE('',*,*,#409,.T.);
#409 = EDGE_CURVE('',#402,#410,#412,.T.);
#410 = VERTEX_POINT('',#411);
#411 = CARTESIAN_POINT('',(1.445356378,-3.275,1.));
#412 = B_SPLINE_CURVE_WITH_KNOTS('',1,(#413,#414),.UNSPECIFIED.,.F.,.F.,
  (2,2),(0.356181003,1.445356378),.PIECEWISE_BEZIER_KNOTS.);
#413 = CARTESIAN_POINT('',(0.356181003,-3.275,1.));
#414 = CARTESIAN_POINT('',(1.445356378,-3.275,1.));
#415 = ORIENTED_EDGE('',*,*,#416,.T.);
#416 = EDGE_CURVE('',#410,#417,#419,.T.);
#417 = VERTEX_POINT('',#418);
#418 = CARTESIAN_POINT('',(1.225247525,-4.749669967,1.));
#419 = ( BOUNDED_CURVE() B_SPLINE_CURVE(2,(#420,#421,#422),
.UNSPECIFIED.,.F.,.F.) B_SPLINE_CURVE_WITH_KNOTS((3,3),(-0.312265811,0.)
,.PIECEWISE_BEZIER_KNOTS.) CURVE() GEOMETRIC_REPRESENTATION_ITEM() 
RATIONAL_B_SPLINE_CURVE((0.906698689,0.941774413,1.)) 
REPRESENTATION_ITEM('') );
#420 = CARTESIAN_POINT('',(1.445356378,-3.275,1.));
#421 = CARTESIAN_POINT('',(1.225247525,-3.995908289,1.));
#422 = CARTESIAN_POINT('',(1.225247525,-4.749669967,1.));
#423 = ORIENTED_EDGE('',*,*,#424,.T.);
#424 = EDGE_CURVE('',#417,#425,#427,.T.);
#425 = VERTEX_POINT('',#426);
#426 = CARTESIAN_POINT('',(5.55,-9.747321018,1.));
#427 = ( BOUNDED_CURVE() B_SPLINE_CURVE(2,(#428,#429,#430),
.UNSPECIFIED.,.F.,.F.) B_SPLINE_CURVE_WITH_KNOTS((3,3),(0.,1.415105775),
.PIECEWISE_BEZIER_KNOTS.) CURVE() GEOMETRIC_REPRESENTATION_ITEM() 
RATIONAL_B_SPLINE_CURVE((1.,0.736137093,0.947694095)) 
REPRESENTATION_ITEM('') );
#428 = CARTESIAN_POINT('',(1.225247525,-4.749669967,1.));
#429 = CARTESIAN_POINT('',(1.225247525,-9.119722973,1.));
#430 = CARTESIAN_POINT('',(5.55,-9.747321018,1.));
#431 = ORIENTED_EDGE('',*,*,#432,.T.);
#432 = EDGE_CURVE('',#425,#433,#435,.T.);
#433 = VERTEX_POINT('',#434);
#434 = CARTESIAN_POINT('',(5.55,-10.6,1.));
#435 = B_SPLINE_CURVE_WITH_KNOTS('',1,(#436,#437),.UNSPECIFIED.,.F.,.F.,
  (2,2),(6.472321018,7.325),.PIECEWISE_BEZIER_KNOTS.);
#436 = CARTESIAN_POINT('',(5.55,-9.747321018,1.));
#437 = CARTESIAN_POINT('',(5.55,-10.6,1.));
#438 = ORIENTED_EDGE('',*,*,#439,.T.);
#439 = EDGE_CURVE('',#433,#440,#442,.T.);
#440 = VERTEX_POINT('',#441);
#441 = CARTESIAN_POINT('',(7.8,-10.6,1.));
#442 = B_SPLINE_CURVE_WITH_KNOTS('',1,(#443,#444),.UNSPECIFIED.,.F.,.F.,
  (2,2),(0.,2.25),.PIECEWISE_BEZIER_KNOTS.);
#443 = CARTESIAN_POINT('',(5.55,-10.6,1.));
#444 = CARTESIAN_POINT('',(7.8,-10.6,1.));
#445 = ORIENTED_EDGE('',*,*,#446,.T.);
#446 = EDGE_CURVE('',#440,#384,#447,.T.);
#447 = B_SPLINE_CURVE_WITH_KNOTS('',1,(#448,#449),.UNSPECIFIED.,.F.,.F.,
  (2,2),(0.,5.603347505E-02),.PIECEWISE_BEZIER_KNOTS.);
#448 = CARTESIAN_POINT('',(7.8,-10.6,1.));
#449 = CARTESIAN_POINT('',(7.8,-10.656033475,1.));
#450 = B_SPLINE_SURFACE_WITH_KNOTS('',1,1,(
    (#451,#452)
    ,(#453,#454
    )),.UNSPECIFIED.,.F.,.F.,.F.,(2,2),(2,2),(-6.1,6.1),(-6.1,6.1),
  .PIECEWISE_BEZIER_KNOTS.);
#451 = CARTESIAN_POINT('',(12.375247525,-10.849669967,1.));
#452 = CARTESIAN_POINT('',(12.375247525,1.350330033,1.));
#453 = CARTESIAN_POINT('',(0.175247525,-10.849669967,1.));
#454 = CARTESIAN_POINT('',(0.175247525,1.350330033,1.));
#455 = SHELL_BASED_SURFACE_MODEL('',(#456));
#456 = OPEN_SHELL('',(#457));
#457 = ADVANCED_FACE('',(#458),#518,.T.);
#458 = FACE_BOUND('',#459,.T.);
#459 = EDGE_LOOP('',(#460,#469,#477,#485,#492,#499,#506,#513));
#460 = ORIENTED_EDGE('',*,*,#461,.T.);
#461 = EDGE_CURVE('',#462,#464,#466,.T.);
#462 = VERTEX_POINT('',#463);
#463 = CARTESIAN_POINT('',(0.,-3.275,1.));
#464 = VERTEX_POINT('',#465);
#465 = CARTESIAN_POINT('',(0.356181003,-3.275,1.));
#466 = B_SPLINE_CURVE_WITH_KNOTS('',1,(#467,#468),.UNSPECIFIED.,.F.,.F.,
  (2,2),(0.,0.356181003),.PIECEWISE_BEZIER_KNOTS.);
#467 = CARTESIAN_POINT('',(0.,-3.275,1.));
#468 = CARTESIAN_POINT('',(0.356181003,-3.275,1.));
#469 = ORIENTED_EDGE('',*,*,#470,.T.);
#470 = EDGE_CURVE('',#464,#471,#473,.T.);
#471 = VERTEX_POINT('',#472);
#472 = CARTESIAN_POINT('',(6.275247525,1.350330033,1.));
#473 = ( BOUNDED_CURVE() B_SPLINE_CURVE(2,(#474,#475,#476),
.UNSPECIFIED.,.F.,.F.) B_SPLINE_CURVE_WITH_KNOTS((3,3),(0.259376112,
1.570796327),.PIECEWISE_BEZIER_KNOTS.) CURVE() 
GEOMETRIC_REPRESENTATION_ITEM() RATIONAL_B_SPLINE_CURVE((0.91924463,
0.75547047,1.)) REPRESENTATION_ITEM('') );
#474 = CARTESIAN_POINT('',(0.356181003,-3.275,1.));
#475 = CARTESIAN_POINT('',(1.508530831,1.350330033,1.));
#476 = CARTESIAN_POINT('',(6.275247525,1.350330033,1.));
#477 = ORIENTED_EDGE('',*,*,#478,.T.);
#478 = EDGE_CURVE('',#471,#479,#481,.T.);
#479 = VERTEX_POINT('',#480);
#480 = CARTESIAN_POINT('',(7.05,1.300929888,1.));
#481 = ( BOUNDED_CURVE() B_SPLINE_CURVE(2,(#482,#483,#484),
.UNSPECIFIED.,.F.,.F.) B_SPLINE_CURVE_WITH_KNOTS((3,3),(1.570796327,
1.708796207),.PIECEWISE_BEZIER_KNOTS.) CURVE() 
GEOMETRIC_REPRESENTATION_ITEM() RATIONAL_B_SPLINE_CURVE((1.,0.97426832,
0.953057873)) REPRESENTATION_ITEM('') );
#482 = CARTESIAN_POINT('',(6.275247525,1.350330033,1.));
#483 = CARTESIAN_POINT('',(6.6641987,1.350330033,1.));
#484 = CARTESIAN_POINT('',(7.05,1.300929888,1.));
#485 = ORIENTED_EDGE('',*,*,#486,.T.);
#486 = EDGE_CURVE('',#479,#487,#489,.T.);
#487 = VERTEX_POINT('',#488);
#488 = CARTESIAN_POINT('',(7.05,1.5,1.));
#489 = B_SPLINE_CURVE_WITH_KNOTS('',1,(#490,#491),.UNSPECIFIED.,.F.,.F.,
  (2,2),(7.625929888,7.825),.PIECEWISE_BEZIER_KNOTS.);
#490 = CARTESIAN_POINT('',(7.05,1.300929888,1.));
#491 = CARTESIAN_POINT('',(7.05,1.5,1.));
#492 = ORIENTED_EDGE('',*,*,#493,.T.);
#493 = EDGE_CURVE('',#487,#494,#496,.T.);
#494 = VERTEX_POINT('',#495);
#495 = CARTESIAN_POINT('',(1.5,1.5,1.));
#496 = B_SPLINE_CURVE_WITH_KNOTS('',1,(#497,#498),.UNSPECIFIED.,.F.,.F.,
  (2,2),(0.,5.55),.PIECEWISE_BEZIER_KNOTS.);
#497 = CARTESIAN_POINT('',(7.05,1.5,1.));
#498 = CARTESIAN_POINT('',(1.5,1.5,1.));
#499 = ORIENTED_EDGE('',*,*,#500,.T.);
#500 = EDGE_CURVE('',#494,#501,#503,.T.);
#501 = VERTEX_POINT('',#502);
#502 = CARTESIAN_POINT('',(1.5,0.,1.));
#503 = B_SPLINE_CURVE_WITH_KNOTS('',1,(#504,#505),.UNSPECIFIED.,.F.,.F.,
  (2,2),(0.,1.5),.PIECEWISE_BEZIER_KNOTS.);
#504 = CARTESIAN_POINT('',(1.5,1.5,1.));
#505 = CARTESIAN_POINT('',(1.5,0.,1.));
#506 = ORIENTED_EDGE('',*,*,#507,.T.);
#507 = EDGE_CURVE('',#501,#508,#510,.T.);
#508 = VERTEX_POINT('',#509);
#509 = CARTESIAN_POINT('',(0.,0.,1.));
#510 = B_SPLINE_CURVE_WITH_KNOTS('',1,(#511,#512),.UNSPECIFIED.,.F.,.F.,
  (2,2),(0.,1.5),.PIECEWISE_BEZIER_KNOTS.);
#511 = CARTESIAN_POINT('',(1.5,0.,1.));
#512 = CARTESIAN_POINT('',(0.,0.,1.));
#513 = ORIENTED_EDGE('',*,*,#514,.T.);
#514 = EDGE_CURVE('',#508,#462,#515,.T.);
#515 = B_SPLINE_CURVE_WITH_KNOTS('',1,(#516,#517),.UNSPECIFIED.,.F.,.F.,
  (2,2),(0.,3.275),.PIECEWISE_BEZIER_KNOTS.);
#516 = CARTESIAN_POINT('',(0.,0.,1.));
#517 = CARTESIAN_POINT('',(0.,-3.275,1.));
#518 = B_SPLINE_SURFACE_WITH_KNOTS('',1,1,(
    (#519,#520)
    ,(#521,#522
    )),.UNSPECIFIED.,.F.,.F.,.F.,(2,2),(2,2),(-6.33491631,6.26508369),(
    -6.219700746,6.380299254),.PIECEWISE_BEZIER_KNOTS.);
#519 = CARTESIAN_POINT('',(12.6,1.5,1.));
#520 = CARTESIAN_POINT('',(12.6,-11.1,1.));
#521 = CARTESIAN_POINT('',(0.,1.5,1.));
#522 = CARTESIAN_POINT('',(0.,-11.1,1.));
#523 = SHELL_BASED_SURFACE_MODEL('',(#524));
#524 = OPEN_SHELL('',(#525));
#525 = ADVANCED_FACE('',(#526),#570,.T.);
#526 = FACE_BOUND('',#527,.T.);
#527 = EDGE_LOOP('',(#528,#537,#544,#551,#558,#565));
#528 = ORIENTED_EDGE('',*,*,#529,.T.);
#529 = EDGE_CURVE('',#530,#532,#534,.T.);
#530 = VERTEX_POINT('',#531);
#531 = CARTESIAN_POINT('',(7.05,-6.325,0.8));
#532 = VERTEX_POINT('',#533);
#533 = CARTESIAN_POINT('',(7.05,1.5,0.8));
#534 = B_SPLINE_CURVE_WITH_KNOTS('',1,(#535,#536),.UNSPECIFIED.,.F.,.F.,
  (2,2),(-7.079529656,0.745470344),.PIECEWISE_BEZIER_KNOTS.);
#535 = CARTESIAN_POINT('',(7.05,-6.325,0.8));
#536 = CARTESIAN_POINT('',(7.05,1.5,0.8));
#537 = ORIENTED_EDGE('',*,*,#538,.T.);
#538 = EDGE_CURVE('',#532,#539,#541,.T.);
#539 = VERTEX_POINT('',#540);
#540 = CARTESIAN_POINT('',(7.05,1.5,1.));
#541 = B_SPLINE_CURVE_WITH_KNOTS('',1,(#542,#543),.UNSPECIFIED.,.F.,.F.,
  (2,2),(0.,0.2),.PIECEWISE_BEZIER_KNOTS.);
#542 = CARTESIAN_POINT('',(7.05,1.5,0.8));
#543 = CARTESIAN_POINT('',(7.05,1.5,1.));
#544 = ORIENTED_EDGE('',*,*,#545,.T.);
#545 = EDGE_CURVE('',#539,#546,#548,.T.);
#546 = VERTEX_POINT('',#547);
#547 = CARTESIAN_POINT('',(7.05,1.300929888,1.));
#548 = B_SPLINE_CURVE_WITH_KNOTS('',1,(#549,#550),.UNSPECIFIED.,.F.,.F.,
  (2,2),(0.,0.199070112),.PIECEWISE_BEZIER_KNOTS.);
#549 = CARTESIAN_POINT('',(7.05,1.5,1.));
#550 = CARTESIAN_POINT('',(7.05,1.300929888,1.));
#551 = ORIENTED_EDGE('',*,*,#552,.T.);
#552 = EDGE_CURVE('',#546,#553,#555,.T.);
#553 = VERTEX_POINT('',#554);
#554 = CARTESIAN_POINT('',(7.05,0.240546321,1.));
#555 = B_SPLINE_CURVE_WITH_KNOTS('',1,(#556,#557),.UNSPECIFIED.,.F.,.F.,
  (2,2),(0.199070112,1.259453679),.PIECEWISE_BEZIER_KNOTS.);
#556 = CARTESIAN_POINT('',(7.05,1.300929888,1.));
#557 = CARTESIAN_POINT('',(7.05,0.240546321,1.));
#558 = ORIENTED_EDGE('',*,*,#559,.T.);
#559 = EDGE_CURVE('',#553,#560,#562,.T.);
#560 = VERTEX_POINT('',#561);
#561 = CARTESIAN_POINT('',(7.05,-6.325,1.));
#562 = B_SPLINE_CURVE_WITH_KNOTS('',1,(#563,#564),.UNSPECIFIED.,.F.,.F.,
  (2,2),(1.259453679,7.825),.PIECEWISE_BEZIER_KNOTS.);
#563 = CARTESIAN_POINT('',(7.05,0.240546321,1.));
#564 = CARTESIAN_POINT('',(7.05,-6.325,1.));
#565 = ORIENTED_EDGE('',*,*,#566,.T.);
#566 = EDGE_CURVE('',#560,#530,#567,.T.);
#567 = B_SPLINE_CURVE_WITH_KNOTS('',1,(#568,#569),.UNSPECIFIED.,.F.,.F.,
  (2,2),(0.,0.2),.PIECEWISE_BEZIER_KNOTS.);
#568 = CARTESIAN_POINT('',(7.05,-6.325,1.));
#569 = CARTESIAN_POINT('',(7.05,-6.325,0.8));
#570 = B_SPLINE_SURFACE_WITH_KNOTS('',1,1,(
    (#571,#572)
    ,(#573,#574
    )),.UNSPECIFIED.,.F.,.F.,.F.,(2,2),(2,2),(0.,7.825),(0.,0.2),
  .PIECEWISE_BEZIER_KNOTS.);
#571 = CARTESIAN_POINT('',(7.05,-6.325,0.8));
#572 = CARTESIAN_POINT('',(7.05,-6.325,1.));
#573 = CARTESIAN_POINT('',(7.05,1.5,0.8));
#574 = CARTESIAN_POINT('',(7.05,1.5,1.));
#575 = SHELL_BASED_SURFACE_MODEL('',(#576));
#576 = OPEN_SHELL('',(#577));
#577 = ADVANCED_FACE('',(#578),#610,.T.);
#578 = FACE_BOUND('',#579,.T.);
#579 = EDGE_LOOP('',(#580,#590,#598,#605));
#580 = ORIENTED_EDGE('',*,*,#581,.T.);
#581 = EDGE_CURVE('',#582,#584,#586,.T.);
#582 = VERTEX_POINT('',#583);
#583 = CARTESIAN_POINT('',(7.05,0.240546321,1.));
#584 = VERTEX_POINT('',#585);
#585 = CARTESIAN_POINT('',(11.325247525,-4.749669967,1.));
#586 = ( BOUNDED_CURVE() B_SPLINE_CURVE(2,(#587,#588,#589),
.UNSPECIFIED.,.F.,.F.) B_SPLINE_CURVE_WITH_KNOTS((3,3),(1.736904406,
3.141592654),.PIECEWISE_BEZIER_KNOTS.) CURVE() 
GEOMETRIC_REPRESENTATION_ITEM() RATIONAL_B_SPLINE_CURVE((0.944605039,
0.738079562,1.)) REPRESENTATION_ITEM('') );
#587 = CARTESIAN_POINT('',(7.05,0.240546321,1.));
#588 = CARTESIAN_POINT('',(11.325247525,-0.423204188,1.));
#589 = CARTESIAN_POINT('',(11.325247525,-4.749669967,1.));
#590 = ORIENTED_EDGE('',*,*,#591,.T.);
#591 = EDGE_CURVE('',#584,#592,#594,.T.);
#592 = VERTEX_POINT('',#593);
#593 = CARTESIAN_POINT('',(11.073250785,-6.325,1.));
#594 = ( BOUNDED_CURVE() B_SPLINE_CURVE(2,(#595,#596,#597),
.UNSPECIFIED.,.F.,.F.) B_SPLINE_CURVE_WITH_KNOTS((3,3),(-3.141592654,
-2.808323315),.PIECEWISE_BEZIER_KNOTS.) CURVE() 
GEOMETRIC_REPRESENTATION_ITEM() RATIONAL_B_SPLINE_CURVE((1.,0.937858061,
0.902084917)) REPRESENTATION_ITEM('') );
#595 = CARTESIAN_POINT('',(11.325247525,-4.749669967,1.));
#596 = CARTESIAN_POINT('',(11.325247525,-5.557490238,1.));
#597 = CARTESIAN_POINT('',(11.073250785,-6.325,1.));
#598 = ORIENTED_EDGE('',*,*,#599,.T.);
#599 = EDGE_CURVE('',#592,#600,#602,.T.);
#600 = VERTEX_POINT('',#601);
#601 = CARTESIAN_POINT('',(7.05,-6.325,1.));
#602 = B_SPLINE_CURVE_WITH_KNOTS('',1,(#603,#604),.UNSPECIFIED.,.F.,.F.,
  (2,2),(1.526749215,5.55),.PIECEWISE_BEZIER_KNOTS.);
#603 = CARTESIAN_POINT('',(11.073250785,-6.325,1.));
#604 = CARTESIAN_POINT('',(7.05,-6.325,1.));
#605 = ORIENTED_EDGE('',*,*,#606,.T.);
#606 = EDGE_CURVE('',#600,#582,#607,.T.);
#607 = B_SPLINE_CURVE_WITH_KNOTS('',1,(#608,#609),.UNSPECIFIED.,.F.,.F.,
  (2,2),(0.,6.565546321),.PIECEWISE_BEZIER_KNOTS.);
#608 = CARTESIAN_POINT('',(7.05,-6.325,1.));
#609 = CARTESIAN_POINT('',(7.05,0.240546321,1.));
#610 = B_SPLINE_SURFACE_WITH_KNOTS('',1,1,(
    (#611,#612)
    ,(#613,#614
    )),.UNSPECIFIED.,.F.,.F.,.F.,(2,2),(2,2),(-5.05,5.05),(-5.05,5.05),
  .PIECEWISE_BEZIER_KNOTS.);
#611 = CARTESIAN_POINT('',(11.325247525,-9.799669967,1.));
#612 = CARTESIAN_POINT('',(11.325247525,0.300330033,1.));
#613 = CARTESIAN_POINT('',(1.225247525,-9.799669967,1.));
#614 = CARTESIAN_POINT('',(1.225247525,0.300330033,1.));
#615 = SHELL_BASED_SURFACE_MODEL('',(#616));
#616 = OPEN_SHELL('',(#617));
#617 = ADVANCED_FACE('',(#618),#676,.T.);
#618 = FACE_BOUND('',#619,.T.);
#619 = EDGE_LOOP('',(#620,#629,#636,#643,#650,#657,#664,#671));
#620 = ORIENTED_EDGE('',*,*,#621,.T.);
#621 = EDGE_CURVE('',#622,#624,#626,.T.);
#622 = VERTEX_POINT('',#623);
#623 = CARTESIAN_POINT('',(12.6,-6.325,0.1));
#624 = VERTEX_POINT('',#625);
#625 = CARTESIAN_POINT('',(12.4,-6.325,0.1));
#626 = B_SPLINE_CURVE_WITH_KNOTS('',1,(#627,#628),.UNSPECIFIED.,.F.,.F.,
  (2,2),(-0.582307692,-0.382307692),.PIECEWISE_BEZIER_KNOTS.);
#627 = CARTESIAN_POINT('',(12.6,-6.325,0.1));
#628 = CARTESIAN_POINT('',(12.4,-6.325,0.1));
#629 = ORIENTED_EDGE('',*,*,#630,.T.);
#630 = EDGE_CURVE('',#624,#631,#633,.T.);
#631 = VERTEX_POINT('',#632);
#632 = CARTESIAN_POINT('',(12.4,-6.325,0.8));
#633 = B_SPLINE_CURVE_WITH_KNOTS('',1,(#634,#635),.UNSPECIFIED.,.F.,.F.,
  (2,2),(0.1,0.8),.PIECEWISE_BEZIER_KNOTS.);
#634 = CARTESIAN_POINT('',(12.4,-6.325,0.1));
#635 = CARTESIAN_POINT('',(12.4,-6.325,0.8));
#636 = ORIENTED_EDGE('',*,*,#637,.T.);
#637 = EDGE_CURVE('',#631,#638,#640,.T.);
#638 = VERTEX_POINT('',#639);
#639 = CARTESIAN_POINT('',(7.05,-6.325,0.8));
#640 = B_SPLINE_CURVE_WITH_KNOTS('',1,(#641,#642),.UNSPECIFIED.,.F.,.F.,
  (2,2),(-2.37128657,2.97871343),.PIECEWISE_BEZIER_KNOTS.);
#641 = CARTESIAN_POINT('',(12.4,-6.325,0.8));
#642 = CARTESIAN_POINT('',(7.05,-6.325,0.8));
#643 = ORIENTED_EDGE('',*,*,#644,.T.);
#644 = EDGE_CURVE('',#638,#645,#647,.T.);
#645 = VERTEX_POINT('',#646);
#646 = CARTESIAN_POINT('',(7.05,-6.325,1.));
#647 = B_SPLINE_CURVE_WITH_KNOTS('',1,(#648,#649),.UNSPECIFIED.,.F.,.F.,
  (2,2),(0.,0.2),.PIECEWISE_BEZIER_KNOTS.);
#648 = CARTESIAN_POINT('',(7.05,-6.325,0.8));
#649 = CARTESIAN_POINT('',(7.05,-6.325,1.));
#650 = ORIENTED_EDGE('',*,*,#651,.T.);
#651 = EDGE_CURVE('',#645,#652,#654,.T.);
#652 = VERTEX_POINT('',#653);
#653 = CARTESIAN_POINT('',(11.073250785,-6.325,1.));
#654 = B_SPLINE_CURVE_WITH_KNOTS('',1,(#655,#656),.UNSPECIFIED.,.F.,.F.,
  (2,2),(0.,4.023250785),.PIECEWISE_BEZIER_KNOTS.);
#655 = CARTESIAN_POINT('',(7.05,-6.325,1.));
#656 = CARTESIAN_POINT('',(11.073250785,-6.325,1.));
#657 = ORIENTED_EDGE('',*,*,#658,.T.);
#658 = EDGE_CURVE('',#652,#659,#661,.T.);
#659 = VERTEX_POINT('',#660);
#660 = CARTESIAN_POINT('',(12.168322723,-6.325,1.));
#661 = B_SPLINE_CURVE_WITH_KNOTS('',1,(#662,#663),.UNSPECIFIED.,.F.,.F.,
  (2,2),(4.023250785,5.118322723),.PIECEWISE_BEZIER_KNOTS.);
#662 = CARTESIAN_POINT('',(11.073250785,-6.325,1.));
#663 = CARTESIAN_POINT('',(12.168322723,-6.325,1.));
#664 = ORIENTED_EDGE('',*,*,#665,.T.);
#665 = EDGE_CURVE('',#659,#666,#668,.T.);
#666 = VERTEX_POINT('',#667);
#667 = CARTESIAN_POINT('',(12.6,-6.325,1.));
#668 = B_SPLINE_CURVE_WITH_KNOTS('',1,(#669,#670),.UNSPECIFIED.,.F.,.F.,
  (2,2),(5.118322723,5.55),.PIECEWISE_BEZIER_KNOTS.);
#669 = CARTESIAN_POINT('',(12.168322723,-6.325,1.));
#670 = CARTESIAN_POINT('',(12.6,-6.325,1.));
#671 = ORIENTED_EDGE('',*,*,#672,.T.);
#672 = EDGE_CURVE('',#666,#622,#673,.T.);
#673 = B_SPLINE_CURVE_WITH_KNOTS('',1,(#674,#675),.UNSPECIFIED.,.F.,.F.,
  (2,2),(0.1,1.),.PIECEWISE_BEZIER_KNOTS.);
#674 = CARTESIAN_POINT('',(12.6,-6.325,1.));
#675 = CARTESIAN_POINT('',(12.6,-6.325,0.1));
#676 = B_SPLINE_SURFACE_WITH_KNOTS('',1,1,(
    (#677,#678)
    ,(#679,#680
    )),.UNSPECIFIED.,.F.,.F.,.F.,(2,2),(2,2),(0.,5.55),(0.1,1.),
  .PIECEWISE_BEZIER_KNOTS.);
#677 = CARTESIAN_POINT('',(12.6,-6.325,0.1));
#678 = CARTESIAN_POINT('',(12.6,-6.325,1.));
#679 = CARTESIAN_POINT('',(7.05,-6.325,0.1));
#680 = CARTESIAN_POINT('',(7.05,-6.325,1.));
#681 = SHELL_BASED_SURFACE_MODEL('',(#682));
#682 = OPEN_SHELL('',(#683));
#683 = ADVANCED_FACE('',(#684),#728,.T.);
#684 = FACE_BOUND('',#685,.T.);
#685 = EDGE_LOOP('',(#686,#695,#702,#709,#716,#723));
#686 = ORIENTED_EDGE('',*,*,#687,.T.);
#687 = EDGE_CURVE('',#688,#690,#692,.T.);
#688 = VERTEX_POINT('',#689);
#689 = CARTESIAN_POINT('',(12.6,-6.8,0.1));
#690 = VERTEX_POINT('',#691);
#691 = CARTESIAN_POINT('',(12.6,-6.325,0.1));
#692 = B_SPLINE_CURVE_WITH_KNOTS('',1,(#693,#694),.UNSPECIFIED.,.F.,.F.,
  (2,2),(0.65,1.125),.PIECEWISE_BEZIER_KNOTS.);
#693 = CARTESIAN_POINT('',(12.6,-6.8,0.1));
#694 = CARTESIAN_POINT('',(12.6,-6.325,0.1));
#695 = ORIENTED_EDGE('',*,*,#696,.T.);
#696 = EDGE_CURVE('',#690,#697,#699,.T.);
#697 = VERTEX_POINT('',#698);
#698 = CARTESIAN_POINT('',(12.6,-6.325,1.));
#699 = B_SPLINE_CURVE_WITH_KNOTS('',1,(#700,#701),.UNSPECIFIED.,.F.,.F.,
  (2,2),(0.1,1.),.PIECEWISE_BEZIER_KNOTS.);
#700 = CARTESIAN_POINT('',(12.6,-6.325,0.1));
#701 = CARTESIAN_POINT('',(12.6,-6.325,1.));
#702 = ORIENTED_EDGE('',*,*,#703,.T.);
#703 = EDGE_CURVE('',#697,#704,#706,.T.);
#704 = VERTEX_POINT('',#705);
#705 = CARTESIAN_POINT('',(12.6,-10.1,1.));
#706 = B_SPLINE_CURVE_WITH_KNOTS('',1,(#707,#708),.UNSPECIFIED.,.F.,.F.,
  (2,2),(0.,3.775),.PIECEWISE_BEZIER_KNOTS.);
#707 = CARTESIAN_POINT('',(12.6,-6.325,1.));
#708 = CARTESIAN_POINT('',(12.6,-10.1,1.));
#709 = ORIENTED_EDGE('',*,*,#710,.T.);
#710 = EDGE_CURVE('',#704,#711,#713,.T.);
#711 = VERTEX_POINT('',#712);
#712 = CARTESIAN_POINT('',(12.6,-10.1,0.));
#713 = B_SPLINE_CURVE_WITH_KNOTS('',1,(#714,#715),.UNSPECIFIED.,.F.,.F.,
  (2,2),(0.,1.),.PIECEWISE_BEZIER_KNOTS.);
#714 = CARTESIAN_POINT('',(12.6,-10.1,1.));
#715 = CARTESIAN_POINT('',(12.6,-10.1,0.));
#716 = ORIENTED_EDGE('',*,*,#717,.T.);
#717 = EDGE_CURVE('',#711,#718,#720,.T.);
#718 = VERTEX_POINT('',#719);
#719 = CARTESIAN_POINT('',(12.6,-6.8,0.));
#720 = B_SPLINE_CURVE_WITH_KNOTS('',1,(#721,#722),.UNSPECIFIED.,.F.,.F.,
  (2,2),(0.,3.3),.PIECEWISE_BEZIER_KNOTS.);
#721 = CARTESIAN_POINT('',(12.6,-10.1,0.));
#722 = CARTESIAN_POINT('',(12.6,-6.8,0.));
#723 = ORIENTED_EDGE('',*,*,#724,.T.);
#724 = EDGE_CURVE('',#718,#688,#725,.T.);
#725 = B_SPLINE_CURVE_WITH_KNOTS('',1,(#726,#727),.UNSPECIFIED.,.F.,.F.,
  (2,2),(0.,0.1),.PIECEWISE_BEZIER_KNOTS.);
#726 = CARTESIAN_POINT('',(12.6,-6.8,0.));
#727 = CARTESIAN_POINT('',(12.6,-6.8,0.1));
#728 = B_SPLINE_SURFACE_WITH_KNOTS('',1,1,(
    (#729,#730)
    ,(#731,#732
    )),.UNSPECIFIED.,.F.,.F.,.F.,(2,2),(2,2),(0.,3.775),(0.,1.),
  .PIECEWISE_BEZIER_KNOTS.);
#729 = CARTESIAN_POINT('',(12.6,-10.1,0.));
#730 = CARTESIAN_POINT('',(12.6,-10.1,1.));
#731 = CARTESIAN_POINT('',(12.6,-6.325,0.));
#732 = CARTESIAN_POINT('',(12.6,-6.325,1.));
#733 = SHELL_BASED_SURFACE_MODEL('',(#734));
#734 = OPEN_SHELL('',(#735));
#735 = ADVANCED_FACE('',(#736),#768,.T.);
#736 = FACE_BOUND('',#737,.T.);
#737 = EDGE_LOOP('',(#738,#748,#755,#763));
#738 = ORIENTED_EDGE('',*,*,#739,.T.);
#739 = EDGE_CURVE('',#740,#742,#744,.T.);
#740 = VERTEX_POINT('',#741);
#741 = CARTESIAN_POINT('',(11.6,-11.1,0.));
#742 = VERTEX_POINT('',#743);
#743 = CARTESIAN_POINT('',(12.6,-10.1,0.));
#744 = ( BOUNDED_CURVE() B_SPLINE_CURVE(2,(#745,#746,#747),
.UNSPECIFIED.,.F.,.F.) B_SPLINE_CURVE_WITH_KNOTS((3,3),(0.,1.570796327),
.PIECEWISE_BEZIER_KNOTS.) CURVE() GEOMETRIC_REPRESENTATION_ITEM() 
RATIONAL_B_SPLINE_CURVE((1.,0.707106781,1.)) REPRESENTATION_ITEM('') );
#745 = CARTESIAN_POINT('',(11.6,-11.1,0.));
#746 = CARTESIAN_POINT('',(12.6,-11.1,0.));
#747 = CARTESIAN_POINT('',(12.6,-10.1,0.));
#748 = ORIENTED_EDGE('',*,*,#749,.T.);
#749 = EDGE_CURVE('',#742,#750,#752,.T.);
#750 = VERTEX_POINT('',#751);
#751 = CARTESIAN_POINT('',(12.6,-10.1,1.));
#752 = B_SPLINE_CURVE_WITH_KNOTS('',1,(#753,#754),.UNSPECIFIED.,.F.,.F.,
  (2,2),(0.,1.),.PIECEWISE_BEZIER_KNOTS.);
#753 = CARTESIAN_POINT('',(12.6,-10.1,0.));
#754 = CARTESIAN_POINT('',(12.6,-10.1,1.));
#755 = ORIENTED_EDGE('',*,*,#756,.T.);
#756 = EDGE_CURVE('',#750,#757,#759,.T.);
#757 = VERTEX_POINT('',#758);
#758 = CARTESIAN_POINT('',(11.6,-11.1,1.));
#759 = ( BOUNDED_CURVE() B_SPLINE_CURVE(2,(#760,#761,#762),
.UNSPECIFIED.,.F.,.F.) B_SPLINE_CURVE_WITH_KNOTS((3,3),(0.,1.570796327),
.PIECEWISE_BEZIER_KNOTS.) CURVE() GEOMETRIC_REPRESENTATION_ITEM() 
RATIONAL_B_SPLINE_CURVE((1.,0.707106781,1.)) REPRESENTATION_ITEM('') );
#760 = CARTESIAN_POINT('',(12.6,-10.1,1.));
#761 = CARTESIAN_POINT('',(12.6,-11.1,1.));
#762 = CARTESIAN_POINT('',(11.6,-11.1,1.));
#763 = ORIENTED_EDGE('',*,*,#764,.T.);
#764 = EDGE_CURVE('',#757,#740,#765,.T.);
#765 = B_SPLINE_CURVE_WITH_KNOTS('',1,(#766,#767),.UNSPECIFIED.,.F.,.F.,
  (2,2),(0.,1.),.PIECEWISE_BEZIER_KNOTS.);
#766 = CARTESIAN_POINT('',(11.6,-11.1,1.));
#767 = CARTESIAN_POINT('',(11.6,-11.1,0.));
#768 = ( BOUNDED_SURFACE() B_SPLINE_SURFACE(1,2,(
    (#769,#770,#771)
    ,(#772,#773,#774
)),.UNSPECIFIED.,.F.,.F.,.F.) B_SPLINE_SURFACE_WITH_KNOTS((2,2),(3,3),(
    0.,1.),(0.,1.570796327),.PIECEWISE_BEZIER_KNOTS.) 
GEOMETRIC_REPRESENTATION_ITEM() RATIONAL_B_SPLINE_SURFACE((
    (1.,0.707106781,1.)
,(1.,0.707106781,1.))) REPRESENTATION_ITEM('') SURFACE() );
#769 = CARTESIAN_POINT('',(11.6,-11.1,1.));
#770 = CARTESIAN_POINT('',(12.6,-11.1,1.));
#771 = CARTESIAN_POINT('',(12.6,-10.1,1.));
#772 = CARTESIAN_POINT('',(11.6,-11.1,0.));
#773 = CARTESIAN_POINT('',(12.6,-11.1,0.));
#774 = CARTESIAN_POINT('',(12.6,-10.1,0.));
#775 = SHELL_BASED_SURFACE_MODEL('',(#776));
#776 = OPEN_SHELL('',(#777));
#777 = ADVANCED_FACE('',(#778),#808,.T.);
#778 = FACE_BOUND('',#779,.T.);
#779 = EDGE_LOOP('',(#780,#789,#796,#803));
#780 = ORIENTED_EDGE('',*,*,#781,.T.);
#781 = EDGE_CURVE('',#782,#784,#786,.T.);
#782 = VERTEX_POINT('',#783);
#783 = CARTESIAN_POINT('',(7.8,-11.1,0.));
#784 = VERTEX_POINT('',#785);
#785 = CARTESIAN_POINT('',(11.6,-11.1,0.));
#786 = B_SPLINE_CURVE_WITH_KNOTS('',1,(#787,#788),.UNSPECIFIED.,.F.,.F.,
  (2,2),(0.,3.8),.PIECEWISE_BEZIER_KNOTS.);
#787 = CARTESIAN_POINT('',(7.8,-11.1,0.));
#788 = CARTESIAN_POINT('',(11.6,-11.1,0.));
#789 = ORIENTED_EDGE('',*,*,#790,.T.);
#790 = EDGE_CURVE('',#784,#791,#793,.T.);
#791 = VERTEX_POINT('',#792);
#792 = CARTESIAN_POINT('',(11.6,-11.1,1.));
#793 = B_SPLINE_CURVE_WITH_KNOTS('',1,(#794,#795),.UNSPECIFIED.,.F.,.F.,
  (2,2),(0.,1.),.PIECEWISE_BEZIER_KNOTS.);
#794 = CARTESIAN_POINT('',(11.6,-11.1,0.));
#795 = CARTESIAN_POINT('',(11.6,-11.1,1.));
#796 = ORIENTED_EDGE('',*,*,#797,.T.);
#797 = EDGE_CURVE('',#791,#798,#800,.T.);
#798 = VERTEX_POINT('',#799);
#799 = CARTESIAN_POINT('',(7.8,-11.1,1.));
#800 = B_SPLINE_CURVE_WITH_KNOTS('',1,(#801,#802),.UNSPECIFIED.,.F.,.F.,
  (2,2),(0.,3.8),.PIECEWISE_BEZIER_KNOTS.);
#801 = CARTESIAN_POINT('',(11.6,-11.1,1.));
#802 = CARTESIAN_POINT('',(7.8,-11.1,1.));
#803 = ORIENTED_EDGE('',*,*,#804,.T.);
#804 = EDGE_CURVE('',#798,#782,#805,.T.);
#805 = B_SPLINE_CURVE_WITH_KNOTS('',1,(#806,#807),.UNSPECIFIED.,.F.,.F.,
  (2,2),(0.,1.),.PIECEWISE_BEZIER_KNOTS.);
#806 = CARTESIAN_POINT('',(7.8,-11.1,1.));
#807 = CARTESIAN_POINT('',(7.8,-11.1,0.));
#808 = B_SPLINE_SURFACE_WITH_KNOTS('',1,1,(
    (#809,#810)
    ,(#811,#812
  )),.UNSPECIFIED.,.F.,.F.,.F.,(2,2),(2,2),(0.,3.8),(0.,1.),
  .PIECEWISE_BEZIER_KNOTS.);
#809 = CARTESIAN_POINT('',(7.8,-11.1,0.));
#810 = CARTESIAN_POINT('',(7.8,-11.1,1.));
#811 = CARTESIAN_POINT('',(11.6,-11.1,0.));
#812 = CARTESIAN_POINT('',(11.6,-11.1,1.));
#813 = SHELL_BASED_SURFACE_MODEL('',(#814));
#814 = OPEN_SHELL('',(#815));
#815 = ADVANCED_FACE('',(#816),#853,.T.);
#816 = FACE_BOUND('',#817,.T.);
#817 = EDGE_LOOP('',(#818,#827,#834,#841,#848));
#818 = ORIENTED_EDGE('',*,*,#819,.T.);
#819 = EDGE_CURVE('',#820,#822,#824,.T.);
#820 = VERTEX_POINT('',#821);
#821 = CARTESIAN_POINT('',(7.8,-10.6,0.));
#822 = VERTEX_POINT('',#823);
#823 = CARTESIAN_POINT('',(7.8,-11.1,0.));
#824 = B_SPLINE_CURVE_WITH_KNOTS('',1,(#825,#826),.UNSPECIFIED.,.F.,.F.,
  (2,2),(0.,0.5),.PIECEWISE_BEZIER_KNOTS.);
#825 = CARTESIAN_POINT('',(7.8,-10.6,0.));
#826 = CARTESIAN_POINT('',(7.8,-11.1,0.));
#827 = ORIENTED_EDGE('',*,*,#828,.T.);
#828 = EDGE_CURVE('',#822,#829,#831,.T.);
#829 = VERTEX_POINT('',#830);
#830 = CARTESIAN_POINT('',(7.8,-11.1,1.));
#831 = B_SPLINE_CURVE_WITH_KNOTS('',1,(#832,#833),.UNSPECIFIED.,.F.,.F.,
  (2,2),(0.,1.),.PIECEWISE_BEZIER_KNOTS.);
#832 = CARTESIAN_POINT('',(7.8,-11.1,0.));
#833 = CARTESIAN_POINT('',(7.8,-11.1,1.));
#834 = ORIENTED_EDGE('',*,*,#835,.T.);
#835 = EDGE_CURVE('',#829,#836,#838,.T.);
#836 = VERTEX_POINT('',#837);
#837 = CARTESIAN_POINT('',(7.8,-10.656033475,1.));
#838 = B_SPLINE_CURVE_WITH_KNOTS('',1,(#839,#840),.UNSPECIFIED.,.F.,.F.,
  (2,2),(0.,0.443966525),.PIECEWISE_BEZIER_KNOTS.);
#839 = CARTESIAN_POINT('',(7.8,-11.1,1.));
#840 = CARTESIAN_POINT('',(7.8,-10.656033475,1.));
#841 = ORIENTED_EDGE('',*,*,#842,.T.);
#842 = EDGE_CURVE('',#836,#843,#845,.T.);
#843 = VERTEX_POINT('',#844);
#844 = CARTESIAN_POINT('',(7.8,-10.6,1.));
#845 = B_SPLINE_CURVE_WITH_KNOTS('',1,(#846,#847),.UNSPECIFIED.,.F.,.F.,
  (2,2),(0.443966525,0.5),.PIECEWISE_BEZIER_KNOTS.);
#846 = CARTESIAN_POINT('',(7.8,-10.656033475,1.));
#847 = CARTESIAN_POINT('',(7.8,-10.6,1.));
#848 = ORIENTED_EDGE('',*,*,#849,.T.);
#849 = EDGE_CURVE('',#843,#820,#850,.T.);
#850 = B_SPLINE_CURVE_WITH_KNOTS('',1,(#851,#852),.UNSPECIFIED.,.F.,.F.,
  (2,2),(0.,1.),.PIECEWISE_BEZIER_KNOTS.);
#851 = CARTESIAN_POINT('',(7.8,-10.6,1.));
#852 = CARTESIAN_POINT('',(7.8,-10.6,0.));
#853 = B_SPLINE_SURFACE_WITH_KNOTS('',1,1,(
    (#854,#855)
    ,(#856,#857
  )),.UNSPECIFIED.,.F.,.F.,.F.,(2,2),(2,2),(0.,0.5),(0.,1.),
  .PIECEWISE_BEZIER_KNOTS.);
#854 = CARTESIAN_POINT('',(7.8,-10.6,0.));
#855 = CARTESIAN_POINT('',(7.8,-10.6,1.));
#856 = CARTESIAN_POINT('',(7.8,-11.1,0.));
#857 = CARTESIAN_POINT('',(7.8,-11.1,1.));
#858 = SHELL_BASED_SURFACE_MODEL('',(#859));
#859 = OPEN_SHELL('',(#860));
#860 = ADVANCED_FACE('',(#861),#905,.T.);
#861 = FACE_BOUND('',#862,.T.);
#862 = EDGE_LOOP('',(#863,#872,#879,#886,#893,#900));
#863 = ORIENTED_EDGE('',*,*,#864,.T.);
#864 = EDGE_CURVE('',#865,#867,#869,.T.);
#865 = VERTEX_POINT('',#866);
#866 = CARTESIAN_POINT('',(4.8,-10.6,0.));
#867 = VERTEX_POINT('',#868);
#868 = CARTESIAN_POINT('',(7.8,-10.6,0.));
#869 = B_SPLINE_CURVE_WITH_KNOTS('',1,(#870,#871),.UNSPECIFIED.,.F.,.F.,
  (2,2),(0.,3.),.PIECEWISE_BEZIER_KNOTS.);
#870 = CARTESIAN_POINT('',(4.8,-10.6,0.));
#871 = CARTESIAN_POINT('',(7.8,-10.6,0.));
#872 = ORIENTED_EDGE('',*,*,#873,.T.);
#873 = EDGE_CURVE('',#867,#874,#876,.T.);
#874 = VERTEX_POINT('',#875);
#875 = CARTESIAN_POINT('',(7.8,-10.6,1.));
#876 = B_SPLINE_CURVE_WITH_KNOTS('',1,(#877,#878),.UNSPECIFIED.,.F.,.F.,
  (2,2),(0.,1.),.PIECEWISE_BEZIER_KNOTS.);
#877 = CARTESIAN_POINT('',(7.8,-10.6,0.));
#878 = CARTESIAN_POINT('',(7.8,-10.6,1.));
#879 = ORIENTED_EDGE('',*,*,#880,.T.);
#880 = EDGE_CURVE('',#874,#881,#883,.T.);
#881 = VERTEX_POINT('',#882);
#882 = CARTESIAN_POINT('',(5.55,-10.6,1.));
#883 = B_SPLINE_CURVE_WITH_KNOTS('',1,(#884,#885),.UNSPECIFIED.,.F.,.F.,
  (2,2),(0.,2.25),.PIECEWISE_BEZIER_KNOTS.);
#884 = CARTESIAN_POINT('',(7.8,-10.6,1.));
#885 = CARTESIAN_POINT('',(5.55,-10.6,1.));
#886 = ORIENTED_EDGE('',*,*,#887,.T.);
#887 = EDGE_CURVE('',#881,#888,#890,.T.);
#888 = VERTEX_POINT('',#889);
#889 = CARTESIAN_POINT('',(5.55,-10.6,0.8));
#890 = B_SPLINE_CURVE_WITH_KNOTS('',1,(#891,#892),.UNSPECIFIED.,.F.,.F.,
  (2,2),(0.,0.2),.PIECEWISE_BEZIER_KNOTS.);
#891 = CARTESIAN_POINT('',(5.55,-10.6,1.));
#892 = CARTESIAN_POINT('',(5.55,-10.6,0.8));
#893 = ORIENTED_EDGE('',*,*,#894,.T.);
#894 = EDGE_CURVE('',#888,#895,#897,.T.);
#895 = VERTEX_POINT('',#896);
#896 = CARTESIAN_POINT('',(4.8,-10.6,0.8));
#897 = B_SPLINE_CURVE_WITH_KNOTS('',1,(#898,#899),.UNSPECIFIED.,.F.,.F.,
  (2,2),(0.,0.75),.PIECEWISE_BEZIER_KNOTS.);
#898 = CARTESIAN_POINT('',(5.55,-10.6,0.8));
#899 = CARTESIAN_POINT('',(4.8,-10.6,0.8));
#900 = ORIENTED_EDGE('',*,*,#901,.T.);
#901 = EDGE_CURVE('',#895,#865,#902,.T.);
#902 = B_SPLINE_CURVE_WITH_KNOTS('',1,(#903,#904),.UNSPECIFIED.,.F.,.F.,
  (2,2),(0.,0.8),.PIECEWISE_BEZIER_KNOTS.);
#903 = CARTESIAN_POINT('',(4.8,-10.6,0.8));
#904 = CARTESIAN_POINT('',(4.8,-10.6,0.));
#905 = B_SPLINE_SURFACE_WITH_KNOTS('',1,1,(
    (#906,#907)
    ,(#908,#909)),.UNSPECIFIED.,.F.,.F.,.F.,(2,2),(2,2),(0.,3.),(0.,1.),
  .PIECEWISE_BEZIER_KNOTS.);
#906 = CARTESIAN_POINT('',(4.8,-10.6,0.));
#907 = CARTESIAN_POINT('',(4.8,-10.6,1.));
#908 = CARTESIAN_POINT('',(7.8,-10.6,0.));
#909 = CARTESIAN_POINT('',(7.8,-10.6,1.));
#910 = SHELL_BASED_SURFACE_MODEL('',(#911));
#911 = OPEN_SHELL('',(#912));
#912 = ADVANCED_FACE('',(#913),#950,.T.);
#913 = FACE_BOUND('',#914,.T.);
#914 = EDGE_LOOP('',(#915,#924,#931,#938,#945));
#915 = ORIENTED_EDGE('',*,*,#916,.T.);
#916 = EDGE_CURVE('',#917,#919,#921,.T.);
#917 = VERTEX_POINT('',#918);
#918 = CARTESIAN_POINT('',(5.55,-3.275,0.8));
#919 = VERTEX_POINT('',#920);
#920 = CARTESIAN_POINT('',(5.55,-10.6,0.8));
#921 = B_SPLINE_CURVE_WITH_KNOTS('',1,(#922,#923),.UNSPECIFIED.,.F.,.F.,
  (2,2),(-6.545470344,0.779529656),.PIECEWISE_BEZIER_KNOTS.);
#922 = CARTESIAN_POINT('',(5.55,-3.275,0.8));
#923 = CARTESIAN_POINT('',(5.55,-10.6,0.8));
#924 = ORIENTED_EDGE('',*,*,#925,.T.);
#925 = EDGE_CURVE('',#919,#926,#928,.T.);
#926 = VERTEX_POINT('',#927);
#927 = CARTESIAN_POINT('',(5.55,-10.6,1.));
#928 = B_SPLINE_CURVE_WITH_KNOTS('',1,(#929,#930),.UNSPECIFIED.,.F.,.F.,
  (2,2),(0.,0.2),.PIECEWISE_BEZIER_KNOTS.);
#929 = CARTESIAN_POINT('',(5.55,-10.6,0.8));
#930 = CARTESIAN_POINT('',(5.55,-10.6,1.));
#931 = ORIENTED_EDGE('',*,*,#932,.T.);
#932 = EDGE_CURVE('',#926,#933,#935,.T.);
#933 = VERTEX_POINT('',#934);
#934 = CARTESIAN_POINT('',(5.55,-9.747321018,1.));
#935 = B_SPLINE_CURVE_WITH_KNOTS('',1,(#936,#937),.UNSPECIFIED.,.F.,.F.,
  (2,2),(0.,0.852678982),.PIECEWISE_BEZIER_KNOTS.);
#936 = CARTESIAN_POINT('',(5.55,-10.6,1.));
#937 = CARTESIAN_POINT('',(5.55,-9.747321018,1.));
#938 = ORIENTED_EDGE('',*,*,#939,.T.);
#939 = EDGE_CURVE('',#933,#940,#942,.T.);
#940 = VERTEX_POINT('',#941);
#941 = CARTESIAN_POINT('',(5.55,-3.275,1.));
#942 = B_SPLINE_CURVE_WITH_KNOTS('',1,(#943,#944),.UNSPECIFIED.,.F.,.F.,
  (2,2),(0.852678982,7.325),.PIECEWISE_BEZIER_KNOTS.);
#943 = CARTESIAN_POINT('',(5.55,-9.747321018,1.));
#944 = CARTESIAN_POINT('',(5.55,-3.275,1.));
#945 = ORIENTED_EDGE('',*,*,#946,.T.);
#946 = EDGE_CURVE('',#940,#917,#947,.T.);
#947 = B_SPLINE_CURVE_WITH_KNOTS('',1,(#948,#949),.UNSPECIFIED.,.F.,.F.,
  (2,2),(0.,0.2),.PIECEWISE_BEZIER_KNOTS.);
#948 = CARTESIAN_POINT('',(5.55,-3.275,1.));
#949 = CARTESIAN_POINT('',(5.55,-3.275,0.8));
#950 = B_SPLINE_SURFACE_WITH_KNOTS('',1,1,(
    (#951,#952)
    ,(#953,#954
    )),.UNSPECIFIED.,.F.,.F.,.F.,(2,2),(2,2),(0.,7.325),(0.,0.2),
  .PIECEWISE_BEZIER_KNOTS.);
#951 = CARTESIAN_POINT('',(5.55,-3.275,0.8));
#952 = CARTESIAN_POINT('',(5.55,-3.275,1.));
#953 = CARTESIAN_POINT('',(5.55,-10.6,0.8));
#954 = CARTESIAN_POINT('',(5.55,-10.6,1.));
#955 = SHELL_BASED_SURFACE_MODEL('',(#956));
#956 = OPEN_SHELL('',(#957));
#957 = ADVANCED_FACE('',(#958),#990,.T.);
#958 = FACE_BOUND('',#959,.T.);
#959 = EDGE_LOOP('',(#960,#970,#978,#985));
#960 = ORIENTED_EDGE('',*,*,#961,.T.);
#961 = EDGE_CURVE('',#962,#964,#966,.T.);
#962 = VERTEX_POINT('',#963);
#963 = CARTESIAN_POINT('',(5.55,-9.747321018,1.));
#964 = VERTEX_POINT('',#965);
#965 = CARTESIAN_POINT('',(1.225247525,-4.749669967,1.));
#966 = ( BOUNDED_CURVE() B_SPLINE_CURVE(2,(#967,#968,#969),
.UNSPECIFIED.,.F.,.F.) B_SPLINE_CURVE_WITH_KNOTS((3,3),(-1.415105775,0.)
,.PIECEWISE_BEZIER_KNOTS.) CURVE() GEOMETRIC_REPRESENTATION_ITEM() 
RATIONAL_B_SPLINE_CURVE((0.947694095,0.736137093,1.)) 
REPRESENTATION_ITEM('') );
#967 = CARTESIAN_POINT('',(5.55,-9.747321018,1.));
#968 = CARTESIAN_POINT('',(1.225247525,-9.119722973,1.));
#969 = CARTESIAN_POINT('',(1.225247525,-4.749669967,1.));
#970 = ORIENTED_EDGE('',*,*,#971,.T.);
#971 = EDGE_CURVE('',#964,#972,#974,.T.);
#972 = VERTEX_POINT('',#973);
#973 = CARTESIAN_POINT('',(1.445356378,-3.275,1.));
#974 = ( BOUNDED_CURVE() B_SPLINE_CURVE(2,(#975,#976,#977),
.UNSPECIFIED.,.F.,.F.) B_SPLINE_CURVE_WITH_KNOTS((3,3),(0.,0.312265811),
.PIECEWISE_BEZIER_KNOTS.) CURVE() GEOMETRIC_REPRESENTATION_ITEM() 
RATIONAL_B_SPLINE_CURVE((1.,0.941774413,0.906698689)) 
REPRESENTATION_ITEM('') );
#975 = CARTESIAN_POINT('',(1.225247525,-4.749669967,1.));
#976 = CARTESIAN_POINT('',(1.225247525,-3.995908289,1.));
#977 = CARTESIAN_POINT('',(1.445356378,-3.275,1.));
#978 = ORIENTED_EDGE('',*,*,#979,.T.);
#979 = EDGE_CURVE('',#972,#980,#982,.T.);
#980 = VERTEX_POINT('',#981);
#981 = CARTESIAN_POINT('',(5.55,-3.275,1.));
#982 = B_SPLINE_CURVE_WITH_KNOTS('',1,(#983,#984),.UNSPECIFIED.,.F.,.F.,
  (2,2),(1.445356378,5.55),.PIECEWISE_BEZIER_KNOTS.);
#983 = CARTESIAN_POINT('',(1.445356378,-3.275,1.));
#984 = CARTESIAN_POINT('',(5.55,-3.275,1.));
#985 = ORIENTED_EDGE('',*,*,#986,.T.);
#986 = EDGE_CURVE('',#980,#962,#987,.T.);
#987 = B_SPLINE_CURVE_WITH_KNOTS('',1,(#988,#989),.UNSPECIFIED.,.F.,.F.,
  (2,2),(0.,6.472321018),.PIECEWISE_BEZIER_KNOTS.);
#988 = CARTESIAN_POINT('',(5.55,-3.275,1.));
#989 = CARTESIAN_POINT('',(5.55,-9.747321018,1.));
#990 = B_SPLINE_SURFACE_WITH_KNOTS('',1,1,(
    (#991,#992)
    ,(#993,#994
    )),.UNSPECIFIED.,.F.,.F.,.F.,(2,2),(2,2),(-5.05,5.05),(-5.05,5.05),
  .PIECEWISE_BEZIER_KNOTS.);
#991 = CARTESIAN_POINT('',(11.325247525,-9.799669967,1.));
#992 = CARTESIAN_POINT('',(11.325247525,0.300330033,1.));
#993 = CARTESIAN_POINT('',(1.225247525,-9.799669967,1.));
#994 = CARTESIAN_POINT('',(1.225247525,0.300330033,1.));
#995 = SHELL_BASED_SURFACE_MODEL('',(#996));
#996 = OPEN_SHELL('',(#997));
#997 = ADVANCED_FACE('',(#998),#1056,.T.);
#998 = FACE_BOUND('',#999,.T.);
#999 = EDGE_LOOP('',(#1000,#1009,#1016,#1023,#1030,#1037,#1044,#1051));
#1000 = ORIENTED_EDGE('',*,*,#1001,.T.);
#1001 = EDGE_CURVE('',#1002,#1004,#1006,.T.);
#1002 = VERTEX_POINT('',#1003);
#1003 = CARTESIAN_POINT('',(0.,-3.275,0.1));
#1004 = VERTEX_POINT('',#1005);
#1005 = CARTESIAN_POINT('',(0.2,-3.275,0.1));
#1006 = B_SPLINE_CURVE_WITH_KNOTS('',1,(#1007,#1008),.UNSPECIFIED.,.F.,
  .F.,(2,2),(-0.582307692,-0.382307692),.PIECEWISE_BEZIER_KNOTS.);
#1007 = CARTESIAN_POINT('',(0.,-3.275,0.1));
#1008 = CARTESIAN_POINT('',(0.2,-3.275,0.1));
#1009 = ORIENTED_EDGE('',*,*,#1010,.T.);
#1010 = EDGE_CURVE('',#1004,#1011,#1013,.T.);
#1011 = VERTEX_POINT('',#1012);
#1012 = CARTESIAN_POINT('',(0.2,-3.275,0.8));
#1013 = B_SPLINE_CURVE_WITH_KNOTS('',1,(#1014,#1015),.UNSPECIFIED.,.F.,
  .F.,(2,2),(0.1,0.8),.PIECEWISE_BEZIER_KNOTS.);
#1014 = CARTESIAN_POINT('',(0.2,-3.275,0.1));
#1015 = CARTESIAN_POINT('',(0.2,-3.275,0.8));
#1016 = ORIENTED_EDGE('',*,*,#1017,.T.);
#1017 = EDGE_CURVE('',#1011,#1018,#1020,.T.);
#1018 = VERTEX_POINT('',#1019);
#1019 = CARTESIAN_POINT('',(5.55,-3.275,0.8));
#1020 = B_SPLINE_CURVE_WITH_KNOTS('',1,(#1021,#1022),.UNSPECIFIED.,.F.,
  .F.,(2,2),(-2.42871343,2.92128657),.PIECEWISE_BEZIER_KNOTS.);
#1021 = CARTESIAN_POINT('',(0.2,-3.275,0.8));
#1022 = CARTESIAN_POINT('',(5.55,-3.275,0.8));
#1023 = ORIENTED_EDGE('',*,*,#1024,.T.);
#1024 = EDGE_CURVE('',#1018,#1025,#1027,.T.);
#1025 = VERTEX_POINT('',#1026);
#1026 = CARTESIAN_POINT('',(5.55,-3.275,1.));
#1027 = B_SPLINE_CURVE_WITH_KNOTS('',1,(#1028,#1029),.UNSPECIFIED.,.F.,
  .F.,(2,2),(0.,0.2),.PIECEWISE_BEZIER_KNOTS.);
#1028 = CARTESIAN_POINT('',(5.55,-3.275,0.8));
#1029 = CARTESIAN_POINT('',(5.55,-3.275,1.));
#1030 = ORIENTED_EDGE('',*,*,#1031,.T.);
#1031 = EDGE_CURVE('',#1025,#1032,#1034,.T.);
#1032 = VERTEX_POINT('',#1033);
#1033 = CARTESIAN_POINT('',(1.445356378,-3.275,1.));
#1034 = B_SPLINE_CURVE_WITH_KNOTS('',1,(#1035,#1036),.UNSPECIFIED.,.F.,
  .F.,(2,2),(0.,4.104643622),.PIECEWISE_BEZIER_KNOTS.);
#1035 = CARTESIAN_POINT('',(5.55,-3.275,1.));
#1036 = CARTESIAN_POINT('',(1.445356378,-3.275,1.));
#1037 = ORIENTED_EDGE('',*,*,#1038,.T.);
#1038 = EDGE_CURVE('',#1032,#1039,#1041,.T.);
#1039 = VERTEX_POINT('',#1040);
#1040 = CARTESIAN_POINT('',(0.356181003,-3.275,1.));
#1041 = B_SPLINE_CURVE_WITH_KNOTS('',1,(#1042,#1043),.UNSPECIFIED.,.F.,
  .F.,(2,2),(4.104643622,5.193818997),.PIECEWISE_BEZIER_KNOTS.);
#1042 = CARTESIAN_POINT('',(1.445356378,-3.275,1.));
#1043 = CARTESIAN_POINT('',(0.356181003,-3.275,1.));
#1044 = ORIENTED_EDGE('',*,*,#1045,.T.);
#1045 = EDGE_CURVE('',#1039,#1046,#1048,.T.);
#1046 = VERTEX_POINT('',#1047);
#1047 = CARTESIAN_POINT('',(0.,-3.275,1.));
#1048 = B_SPLINE_CURVE_WITH_KNOTS('',1,(#1049,#1050),.UNSPECIFIED.,.F.,
  .F.,(2,2),(5.193818997,5.55),.PIECEWISE_BEZIER_KNOTS.);
#1049 = CARTESIAN_POINT('',(0.356181003,-3.275,1.));
#1050 = CARTESIAN_POINT('',(0.,-3.275,1.));
#1051 = ORIENTED_EDGE('',*,*,#1052,.T.);
#1052 = EDGE_CURVE('',#1046,#1002,#1053,.T.);
#1053 = B_SPLINE_CURVE_WITH_KNOTS('',1,(#1054,#1055),.UNSPECIFIED.,.F.,
  .F.,(2,2),(0.1,1.),.PIECEWISE_BEZIER_KNOTS.);
#1054 = CARTESIAN_POINT('',(0.,-3.275,1.));
#1055 = CARTESIAN_POINT('',(0.,-3.275,0.1));
#1056 = B_SPLINE_SURFACE_WITH_KNOTS('',1,1,(
    (#1057,#1058)
    ,(#1059,#1060
    )),.UNSPECIFIED.,.F.,.F.,.F.,(2,2),(2,2),(0.,5.55),(0.1,1.),
  .PIECEWISE_BEZIER_KNOTS.);
#1057 = CARTESIAN_POINT('',(0.,-3.275,0.1));
#1058 = CARTESIAN_POINT('',(0.,-3.275,1.));
#1059 = CARTESIAN_POINT('',(5.55,-3.275,0.1));
#1060 = CARTESIAN_POINT('',(5.55,-3.275,1.));
#1061 = SHELL_BASED_SURFACE_MODEL('',(#1062));
#1062 = OPEN_SHELL('',(#1063));
#1063 = ADVANCED_FACE('',(#1064),#1108,.T.);
#1064 = FACE_BOUND('',#1065,.T.);
#1065 = EDGE_LOOP('',(#1066,#1075,#1082,#1089,#1096,#1103));
#1066 = ORIENTED_EDGE('',*,*,#1067,.T.);
#1067 = EDGE_CURVE('',#1068,#1070,#1072,.T.);
#1068 = VERTEX_POINT('',#1069);
#1069 = CARTESIAN_POINT('',(0.,-2.8,0.1));
#1070 = VERTEX_POINT('',#1071);
#1071 = CARTESIAN_POINT('',(0.,-3.275,0.1));
#1072 = B_SPLINE_CURVE_WITH_KNOTS('',1,(#1073,#1074),.UNSPECIFIED.,.F.,
  .F.,(2,2),(0.4,0.875),.PIECEWISE_BEZIER_KNOTS.);
#1073 = CARTESIAN_POINT('',(0.,-2.8,0.1));
#1074 = CARTESIAN_POINT('',(0.,-3.275,0.1));
#1075 = ORIENTED_EDGE('',*,*,#1076,.T.);
#1076 = EDGE_CURVE('',#1070,#1077,#1079,.T.);
#1077 = VERTEX_POINT('',#1078);
#1078 = CARTESIAN_POINT('',(0.,-3.275,1.));
#1079 = B_SPLINE_CURVE_WITH_KNOTS('',1,(#1080,#1081),.UNSPECIFIED.,.F.,
  .F.,(2,2),(0.1,1.),.PIECEWISE_BEZIER_KNOTS.);
#1080 = CARTESIAN_POINT('',(0.,-3.275,0.1));
#1081 = CARTESIAN_POINT('',(0.,-3.275,1.));
#1082 = ORIENTED_EDGE('',*,*,#1083,.T.);
#1083 = EDGE_CURVE('',#1077,#1084,#1086,.T.);
#1084 = VERTEX_POINT('',#1085);
#1085 = CARTESIAN_POINT('',(0.,0.,1.));
#1086 = B_SPLINE_CURVE_WITH_KNOTS('',1,(#1087,#1088),.UNSPECIFIED.,.F.,
  .F.,(2,2),(0.,3.275),.PIECEWISE_BEZIER_KNOTS.);
#1087 = CARTESIAN_POINT('',(0.,-3.275,1.));
#1088 = CARTESIAN_POINT('',(0.,0.,1.));
#1089 = ORIENTED_EDGE('',*,*,#1090,.T.);
#1090 = EDGE_CURVE('',#1084,#1091,#1093,.T.);
#1091 = VERTEX_POINT('',#1092);
#1092 = CARTESIAN_POINT('',(0.,0.,0.));
#1093 = B_SPLINE_CURVE_WITH_KNOTS('',1,(#1094,#1095),.UNSPECIFIED.,.F.,
  .F.,(2,2),(0.,1.),.PIECEWISE_BEZIER_KNOTS.);
#1094 = CARTESIAN_POINT('',(0.,0.,1.));
#1095 = CARTESIAN_POINT('',(0.,0.,0.));
#1096 = ORIENTED_EDGE('',*,*,#1097,.T.);
#1097 = EDGE_CURVE('',#1091,#1098,#1100,.T.);
#1098 = VERTEX_POINT('',#1099);
#1099 = CARTESIAN_POINT('',(0.,-2.8,0.));
#1100 = B_SPLINE_CURVE_WITH_KNOTS('',1,(#1101,#1102),.UNSPECIFIED.,.F.,
  .F.,(2,2),(0.,2.8),.PIECEWISE_BEZIER_KNOTS.);
#1101 = CARTESIAN_POINT('',(0.,0.,0.));
#1102 = CARTESIAN_POINT('',(0.,-2.8,0.));
#1103 = ORIENTED_EDGE('',*,*,#1104,.T.);
#1104 = EDGE_CURVE('',#1098,#1068,#1105,.T.);
#1105 = B_SPLINE_CURVE_WITH_KNOTS('',1,(#1106,#1107),.UNSPECIFIED.,.F.,
  .F.,(2,2),(0.,0.1),.PIECEWISE_BEZIER_KNOTS.);
#1106 = CARTESIAN_POINT('',(0.,-2.8,0.));
#1107 = CARTESIAN_POINT('',(0.,-2.8,0.1));
#1108 = B_SPLINE_SURFACE_WITH_KNOTS('',1,1,(
    (#1109,#1110)
    ,(#1111,#1112
    )),.UNSPECIFIED.,.F.,.F.,.F.,(2,2),(2,2),(0.,3.275),(0.,1.),
  .PIECEWISE_BEZIER_KNOTS.);
#1109 = CARTESIAN_POINT('',(0.,0.,0.));
#1110 = CARTESIAN_POINT('',(0.,0.,1.));
#1111 = CARTESIAN_POINT('',(0.,-3.275,0.));
#1112 = CARTESIAN_POINT('',(0.,-3.275,1.));
#1113 = SHELL_BASED_SURFACE_MODEL('',(#1114));
#1114 = OPEN_SHELL('',(#1115));
#1115 = ADVANCED_FACE('',(#1116),#1146,.T.);
#1116 = FACE_BOUND('',#1117,.T.);
#1117 = EDGE_LOOP('',(#1118,#1127,#1134,#1141));
#1118 = ORIENTED_EDGE('',*,*,#1119,.T.);
#1119 = EDGE_CURVE('',#1120,#1122,#1124,.T.);
#1120 = VERTEX_POINT('',#1121);
#1121 = CARTESIAN_POINT('',(1.5,0.,0.));
#1122 = VERTEX_POINT('',#1123);
#1123 = CARTESIAN_POINT('',(0.,0.,0.));
#1124 = B_SPLINE_CURVE_WITH_KNOTS('',1,(#1125,#1126),.UNSPECIFIED.,.F.,
  .F.,(2,2),(0.,1.5),.PIECEWISE_BEZIER_KNOTS.);
#1125 = CARTESIAN_POINT('',(1.5,0.,0.));
#1126 = CARTESIAN_POINT('',(0.,0.,0.));
#1127 = ORIENTED_EDGE('',*,*,#1128,.T.);
#1128 = EDGE_CURVE('',#1122,#1129,#1131,.T.);
#1129 = VERTEX_POINT('',#1130);
#1130 = CARTESIAN_POINT('',(0.,0.,1.));
#1131 = B_SPLINE_CURVE_WITH_KNOTS('',1,(#1132,#1133),.UNSPECIFIED.,.F.,
  .F.,(2,2),(0.,1.),.PIECEWISE_BEZIER_KNOTS.);
#1132 = CARTESIAN_POINT('',(0.,0.,0.));
#1133 = CARTESIAN_POINT('',(0.,0.,1.));
#1134 = ORIENTED_EDGE('',*,*,#1135,.T.);
#1135 = EDGE_CURVE('',#1129,#1136,#1138,.T.);
#1136 = VERTEX_POINT('',#1137);
#1137 = CARTESIAN_POINT('',(1.5,0.,1.));
#1138 = B_SPLINE_CURVE_WITH_KNOTS('',1,(#1139,#1140),.UNSPECIFIED.,.F.,
  .F.,(2,2),(0.,1.5),.PIECEWISE_BEZIER_KNOTS.);
#1139 = CARTESIAN_POINT('',(0.,0.,1.));
#1140 = CARTESIAN_POINT('',(1.5,0.,1.));
#1141 = ORIENTED_EDGE('',*,*,#1142,.T.);
#1142 = EDGE_CURVE('',#1136,#1120,#1143,.T.);
#1143 = B_SPLINE_CURVE_WITH_KNOTS('',1,(#1144,#1145),.UNSPECIFIED.,.F.,
  .F.,(2,2),(0.,1.),.PIECEWISE_BEZIER_KNOTS.);
#1144 = CARTESIAN_POINT('',(1.5,0.,1.));
#1145 = CARTESIAN_POINT('',(1.5,0.,0.));
#1146 = B_SPLINE_SURFACE_WITH_KNOTS('',1,1,(
    (#1147,#1148)
    ,(#1149,#1150
    )),.UNSPECIFIED.,.F.,.F.,.F.,(2,2),(2,2),(0.,1.5),(0.,1.),
  .PIECEWISE_BEZIER_KNOTS.);
#1147 = CARTESIAN_POINT('',(1.5,0.,0.));
#1148 = CARTESIAN_POINT('',(1.5,0.,1.));
#1149 = CARTESIAN_POINT('',(0.,0.,0.));
#1150 = CARTESIAN_POINT('',(0.,0.,1.));
#1151 = SHELL_BASED_SURFACE_MODEL('',(#1152));
#1152 = OPEN_SHELL('',(#1153));
#1153 = ADVANCED_FACE('',(#1154),#1184,.T.);
#1154 = FACE_BOUND('',#1155,.T.);
#1155 = EDGE_LOOP('',(#1156,#1165,#1172,#1179));
#1156 = ORIENTED_EDGE('',*,*,#1157,.T.);
#1157 = EDGE_CURVE('',#1158,#1160,#1162,.T.);
#1158 = VERTEX_POINT('',#1159);
#1159 = CARTESIAN_POINT('',(1.5,1.5,0.));
#1160 = VERTEX_POINT('',#1161);
#1161 = CARTESIAN_POINT('',(1.5,0.,0.));
#1162 = B_SPLINE_CURVE_WITH_KNOTS('',1,(#1163,#1164),.UNSPECIFIED.,.F.,
  .F.,(2,2),(0.,1.5),.PIECEWISE_BEZIER_KNOTS.);
#1163 = CARTESIAN_POINT('',(1.5,1.5,0.));
#1164 = CARTESIAN_POINT('',(1.5,0.,0.));
#1165 = ORIENTED_EDGE('',*,*,#1166,.T.);
#1166 = EDGE_CURVE('',#1160,#1167,#1169,.T.);
#1167 = VERTEX_POINT('',#1168);
#1168 = CARTESIAN_POINT('',(1.5,0.,1.));
#1169 = B_SPLINE_CURVE_WITH_KNOTS('',1,(#1170,#1171),.UNSPECIFIED.,.F.,
  .F.,(2,2),(0.,1.),.PIECEWISE_BEZIER_KNOTS.);
#1170 = CARTESIAN_POINT('',(1.5,0.,0.));
#1171 = CARTESIAN_POINT('',(1.5,0.,1.));
#1172 = ORIENTED_EDGE('',*,*,#1173,.T.);
#1173 = EDGE_CURVE('',#1167,#1174,#1176,.T.);
#1174 = VERTEX_POINT('',#1175);
#1175 = CARTESIAN_POINT('',(1.5,1.5,1.));
#1176 = B_SPLINE_CURVE_WITH_KNOTS('',1,(#1177,#1178),.UNSPECIFIED.,.F.,
  .F.,(2,2),(0.,1.5),.PIECEWISE_BEZIER_KNOTS.);
#1177 = CARTESIAN_POINT('',(1.5,0.,1.));
#1178 = CARTESIAN_POINT('',(1.5,1.5,1.));
#1179 = ORIENTED_EDGE('',*,*,#1180,.T.);
#1180 = EDGE_CURVE('',#1174,#1158,#1181,.T.);
#1181 = B_SPLINE_CURVE_WITH_KNOTS('',1,(#1182,#1183),.UNSPECIFIED.,.F.,
  .F.,(2,2),(0.,1.),.PIECEWISE_BEZIER_KNOTS.);
#1182 = CARTESIAN_POINT('',(1.5,1.5,1.));
#1183 = CARTESIAN_POINT('',(1.5,1.5,0.));
#1184 = B_SPLINE_SURFACE_WITH_KNOTS('',1,1,(
    (#1185,#1186)
    ,(#1187,#1188
    )),.UNSPECIFIED.,.F.,.F.,.F.,(2,2),(2,2),(0.,1.5),(0.,1.),
  .PIECEWISE_BEZIER_KNOTS.);
#1185 = CARTESIAN_POINT('',(1.5,1.5,0.));
#1186 = CARTESIAN_POINT('',(1.5,1.5,1.));
#1187 = CARTESIAN_POINT('',(1.5,0.,0.));
#1188 = CARTESIAN_POINT('',(1.5,0.,1.));
#1189 = SHELL_BASED_SURFACE_MODEL('',(#1190));
#1190 = OPEN_SHELL('',(#1191));
#1191 = ADVANCED_FACE('',(#1192),#1236,.T.);
#1192 = FACE_BOUND('',#1193,.T.);
#1193 = EDGE_LOOP('',(#1194,#1203,#1210,#1217,#1224,#1231));
#1194 = ORIENTED_EDGE('',*,*,#1195,.T.);
#1195 = EDGE_CURVE('',#1196,#1198,#1200,.T.);
#1196 = VERTEX_POINT('',#1197);
#1197 = CARTESIAN_POINT('',(11.6,1.5,0.));
#1198 = VERTEX_POINT('',#1199);
#1199 = CARTESIAN_POINT('',(1.5,1.5,0.));
#1200 = B_SPLINE_CURVE_WITH_KNOTS('',1,(#1201,#1202),.UNSPECIFIED.,.F.,
  .F.,(2,2),(0.,10.1),.PIECEWISE_BEZIER_KNOTS.);
#1201 = CARTESIAN_POINT('',(11.6,1.5,0.));
#1202 = CARTESIAN_POINT('',(1.5,1.5,0.));
#1203 = ORIENTED_EDGE('',*,*,#1204,.T.);
#1204 = EDGE_CURVE('',#1198,#1205,#1207,.T.);
#1205 = VERTEX_POINT('',#1206);
#1206 = CARTESIAN_POINT('',(1.5,1.5,1.));
#1207 = B_SPLINE_CURVE_WITH_KNOTS('',1,(#1208,#1209),.UNSPECIFIED.,.F.,
  .F.,(2,2),(0.,1.),.PIECEWISE_BEZIER_KNOTS.);
#1208 = CARTESIAN_POINT('',(1.5,1.5,0.));
#1209 = CARTESIAN_POINT('',(1.5,1.5,1.));
#1210 = ORIENTED_EDGE('',*,*,#1211,.T.);
#1211 = EDGE_CURVE('',#1205,#1212,#1214,.T.);
#1212 = VERTEX_POINT('',#1213);
#1213 = CARTESIAN_POINT('',(7.05,1.5,1.));
#1214 = B_SPLINE_CURVE_WITH_KNOTS('',1,(#1215,#1216),.UNSPECIFIED.,.F.,
  .F.,(2,2),(0.,5.55),.PIECEWISE_BEZIER_KNOTS.);
#1215 = CARTESIAN_POINT('',(1.5,1.5,1.));
#1216 = CARTESIAN_POINT('',(7.05,1.5,1.));
#1217 = ORIENTED_EDGE('',*,*,#1218,.T.);
#1218 = EDGE_CURVE('',#1212,#1219,#1221,.T.);
#1219 = VERTEX_POINT('',#1220);
#1220 = CARTESIAN_POINT('',(7.05,1.5,0.8));
#1221 = B_SPLINE_CURVE_WITH_KNOTS('',1,(#1222,#1223),.UNSPECIFIED.,.F.,
  .F.,(2,2),(0.,0.2),.PIECEWISE_BEZIER_KNOTS.);
#1222 = CARTESIAN_POINT('',(7.05,1.5,1.));
#1223 = CARTESIAN_POINT('',(7.05,1.5,0.8));
#1224 = ORIENTED_EDGE('',*,*,#1225,.T.);
#1225 = EDGE_CURVE('',#1219,#1226,#1228,.T.);
#1226 = VERTEX_POINT('',#1227);
#1227 = CARTESIAN_POINT('',(11.6,1.5,0.8));
#1228 = B_SPLINE_CURVE_WITH_KNOTS('',1,(#1229,#1230),.UNSPECIFIED.,.F.,
  .F.,(2,2),(0.,4.55),.PIECEWISE_BEZIER_KNOTS.);
#1229 = CARTESIAN_POINT('',(7.05,1.5,0.8));
#1230 = CARTESIAN_POINT('',(11.6,1.5,0.8));
#1231 = ORIENTED_EDGE('',*,*,#1232,.T.);
#1232 = EDGE_CURVE('',#1226,#1196,#1233,.T.);
#1233 = B_SPLINE_CURVE_WITH_KNOTS('',1,(#1234,#1235),.UNSPECIFIED.,.F.,
  .F.,(2,2),(0.,0.8),.PIECEWISE_BEZIER_KNOTS.);
#1234 = CARTESIAN_POINT('',(11.6,1.5,0.8));
#1235 = CARTESIAN_POINT('',(11.6,1.5,0.));
#1236 = B_SPLINE_SURFACE_WITH_KNOTS('',1,1,(
    (#1237,#1238)
    ,(#1239,#1240
    )),.UNSPECIFIED.,.F.,.F.,.F.,(2,2),(2,2),(0.,10.1),(0.,1.),
  .PIECEWISE_BEZIER_KNOTS.);
#1237 = CARTESIAN_POINT('',(11.6,1.5,0.));
#1238 = CARTESIAN_POINT('',(11.6,1.5,1.));
#1239 = CARTESIAN_POINT('',(1.5,1.5,0.));
#1240 = CARTESIAN_POINT('',(1.5,1.5,1.));
#1241 = SHELL_BASED_SURFACE_MODEL('',(#1242));
#1242 = OPEN_SHELL('',(#1243));
#1243 = ADVANCED_FACE('',(#1244),#1324,.T.);
#1244 = FACE_BOUND('',#1245,.T.);
#1245 = EDGE_LOOP('',(#1246,#1255,#1262,#1269,#1276,#1283,#1290,#1297,
    #1304,#1311,#1319));
#1246 = ORIENTED_EDGE('',*,*,#1247,.T.);
#1247 = EDGE_CURVE('',#1248,#1250,#1252,.T.);
#1248 = VERTEX_POINT('',#1249);
#1249 = CARTESIAN_POINT('',(7.05,1.5,0.8));
#1250 = VERTEX_POINT('',#1251);
#1251 = CARTESIAN_POINT('',(7.05,-6.325,0.8));
#1252 = B_SPLINE_CURVE_WITH_KNOTS('',1,(#1253,#1254),.UNSPECIFIED.,.F.,
  .F.,(2,2),(-7.079529656,0.745470344),.PIECEWISE_BEZIER_KNOTS.);
#1253 = CARTESIAN_POINT('',(7.05,1.5,0.8));
#1254 = CARTESIAN_POINT('',(7.05,-6.325,0.8));
#1255 = ORIENTED_EDGE('',*,*,#1256,.T.);
#1256 = EDGE_CURVE('',#1250,#1257,#1259,.T.);
#1257 = VERTEX_POINT('',#1258);
#1258 = CARTESIAN_POINT('',(12.4,-6.325,0.8));
#1259 = B_SPLINE_CURVE_WITH_KNOTS('',1,(#1260,#1261),.UNSPECIFIED.,.F.,
  .F.,(2,2),(-2.37128657,2.97871343),.PIECEWISE_BEZIER_KNOTS.);
#1260 = CARTESIAN_POINT('',(7.05,-6.325,0.8));
#1261 = CARTESIAN_POINT('',(12.4,-6.325,0.8));
#1262 = ORIENTED_EDGE('',*,*,#1263,.T.);
#1263 = EDGE_CURVE('',#1257,#1264,#1266,.T.);
#1264 = VERTEX_POINT('',#1265);
#1265 = CARTESIAN_POINT('',(12.4,-6.3,0.8));
#1266 = B_SPLINE_CURVE_WITH_KNOTS('',1,(#1267,#1268),.UNSPECIFIED.,.F.,
  .F.,(2,2),(0.,2.49999999E-02),.PIECEWISE_BEZIER_KNOTS.);
#1267 = CARTESIAN_POINT('',(12.4,-6.325,0.8));
#1268 = CARTESIAN_POINT('',(12.4,-6.3,0.8));
#1269 = ORIENTED_EDGE('',*,*,#1270,.T.);
#1270 = EDGE_CURVE('',#1264,#1271,#1273,.T.);
#1271 = VERTEX_POINT('',#1272);
#1272 = CARTESIAN_POINT('',(7.287681019,-6.3,0.8));
#1273 = B_SPLINE_CURVE_WITH_KNOTS('',1,(#1274,#1275),.UNSPECIFIED.,.F.,
  .F.,(2,2),(0.,5.112318981),.PIECEWISE_BEZIER_KNOTS.);
#1274 = CARTESIAN_POINT('',(12.4,-6.3,0.8));
#1275 = CARTESIAN_POINT('',(7.287681019,-6.3,0.8));
#1276 = ORIENTED_EDGE('',*,*,#1277,.T.);
#1277 = EDGE_CURVE('',#1271,#1278,#1280,.T.);
#1278 = VERTEX_POINT('',#1279);
#1279 = CARTESIAN_POINT('',(7.287681019,-3.3,0.8));
#1280 = B_SPLINE_CURVE_WITH_KNOTS('',1,(#1281,#1282),.UNSPECIFIED.,.F.,
  .F.,(2,2),(0.,3.),.PIECEWISE_BEZIER_KNOTS.);
#1281 = CARTESIAN_POINT('',(7.287681019,-6.3,0.8));
#1282 = CARTESIAN_POINT('',(7.287681019,-3.3,0.8));
#1283 = ORIENTED_EDGE('',*,*,#1284,.T.);
#1284 = EDGE_CURVE('',#1278,#1285,#1287,.T.);
#1285 = VERTEX_POINT('',#1286);
#1286 = CARTESIAN_POINT('',(12.4,-3.3,0.8));
#1287 = B_SPLINE_CURVE_WITH_KNOTS('',1,(#1288,#1289),.UNSPECIFIED.,.F.,
  .F.,(2,2),(0.,5.112318981),.PIECEWISE_BEZIER_KNOTS.);
#1288 = CARTESIAN_POINT('',(7.287681019,-3.3,0.8));
#1289 = CARTESIAN_POINT('',(12.4,-3.3,0.8));
#1290 = ORIENTED_EDGE('',*,*,#1291,.T.);
#1291 = EDGE_CURVE('',#1285,#1292,#1294,.T.);
#1292 = VERTEX_POINT('',#1293);
#1293 = CARTESIAN_POINT('',(12.4,-3.275,0.8));
#1294 = B_SPLINE_CURVE_WITH_KNOTS('',1,(#1295,#1296),.UNSPECIFIED.,.F.,
  .F.,(2,2),(3.025,3.05),.PIECEWISE_BEZIER_KNOTS.);
#1295 = CARTESIAN_POINT('',(12.4,-3.3,0.8));
#1296 = CARTESIAN_POINT('',(12.4,-3.275,0.8));
#1297 = ORIENTED_EDGE('',*,*,#1298,.T.);
#1298 = EDGE_CURVE('',#1292,#1299,#1301,.T.);
#1299 = VERTEX_POINT('',#1300);
#1300 = CARTESIAN_POINT('',(12.6,-3.275,0.8));
#1301 = B_SPLINE_CURVE_WITH_KNOTS('',1,(#1302,#1303),.UNSPECIFIED.,.F.,
  .F.,(2,2),(0.8,1.),.PIECEWISE_BEZIER_KNOTS.);
#1302 = CARTESIAN_POINT('',(12.4,-3.275,0.8));
#1303 = CARTESIAN_POINT('',(12.6,-3.275,0.8));
#1304 = ORIENTED_EDGE('',*,*,#1305,.T.);
#1305 = EDGE_CURVE('',#1299,#1306,#1308,.T.);
#1306 = VERTEX_POINT('',#1307);
#1307 = CARTESIAN_POINT('',(12.6,0.5,0.8));
#1308 = B_SPLINE_CURVE_WITH_KNOTS('',1,(#1309,#1310),.UNSPECIFIED.,.F.,
  .F.,(2,2),(0.,3.775),.PIECEWISE_BEZIER_KNOTS.);
#1309 = CARTESIAN_POINT('',(12.6,-3.275,0.8));
#1310 = CARTESIAN_POINT('',(12.6,0.5,0.8));
#1311 = ORIENTED_EDGE('',*,*,#1312,.T.);
#1312 = EDGE_CURVE('',#1306,#1313,#1315,.T.);
#1313 = VERTEX_POINT('',#1314);
#1314 = CARTESIAN_POINT('',(11.6,1.5,0.8));
#1315 = ( BOUNDED_CURVE() B_SPLINE_CURVE(2,(#1316,#1317,#1318),
.UNSPECIFIED.,.F.,.F.) B_SPLINE_CURVE_WITH_KNOTS((3,3),(0.,1.570796327),
.PIECEWISE_BEZIER_KNOTS.) CURVE() GEOMETRIC_REPRESENTATION_ITEM() 
RATIONAL_B_SPLINE_CURVE((1.,0.707106781,1.)) REPRESENTATION_ITEM('') );
#1316 = CARTESIAN_POINT('',(12.6,0.5,0.8));
#1317 = CARTESIAN_POINT('',(12.6,1.5,0.8));
#1318 = CARTESIAN_POINT('',(11.6,1.5,0.8));
#1319 = ORIENTED_EDGE('',*,*,#1320,.T.);
#1320 = EDGE_CURVE('',#1313,#1248,#1321,.T.);
#1321 = B_SPLINE_CURVE_WITH_KNOTS('',1,(#1322,#1323),.UNSPECIFIED.,.F.,
  .F.,(2,2),(0.,4.55),.PIECEWISE_BEZIER_KNOTS.);
#1322 = CARTESIAN_POINT('',(11.6,1.5,0.8));
#1323 = CARTESIAN_POINT('',(7.05,1.5,0.8));
#1324 = B_SPLINE_SURFACE_WITH_KNOTS('',1,1,(
    (#1325,#1326)
    ,(#1327,#1328
    )),.UNSPECIFIED.,.F.,.F.,.F.,(2,2),(2,2),(-6.35742686,-0.80742686),(
    -6.334059313,1.490940687),.PIECEWISE_BEZIER_KNOTS.);
#1325 = CARTESIAN_POINT('',(12.6,1.5,0.8));
#1326 = CARTESIAN_POINT('',(12.6,-6.325,0.8));
#1327 = CARTESIAN_POINT('',(7.05,1.5,0.8));
#1328 = CARTESIAN_POINT('',(7.05,-6.325,0.8));
#1329 = SHELL_BASED_SURFACE_MODEL('',(#1330));
#1330 = OPEN_SHELL('',(#1331));
#1331 = ADVANCED_FACE('',(#1332),#1404,.T.);
#1332 = FACE_BOUND('',#1333,.T.);
#1333 = EDGE_LOOP('',(#1334,#1343,#1350,#1357,#1364,#1371,#1378,#1385,
    #1392,#1399));
#1334 = ORIENTED_EDGE('',*,*,#1335,.T.);
#1335 = EDGE_CURVE('',#1336,#1338,#1340,.T.);
#1336 = VERTEX_POINT('',#1337);
#1337 = CARTESIAN_POINT('',(10.3,-2.8,0.1));
#1338 = VERTEX_POINT('',#1339);
#1339 = CARTESIAN_POINT('',(12.6,-2.8,0.1));
#1340 = B_SPLINE_CURVE_WITH_KNOTS('',1,(#1341,#1342),.UNSPECIFIED.,.F.,
  .F.,(2,2),(-2.3,0.),.PIECEWISE_BEZIER_KNOTS.);
#1341 = CARTESIAN_POINT('',(10.3,-2.8,0.1));
#1342 = CARTESIAN_POINT('',(12.6,-2.8,0.1));
#1343 = ORIENTED_EDGE('',*,*,#1344,.T.);
#1344 = EDGE_CURVE('',#1338,#1345,#1347,.T.);
#1345 = VERTEX_POINT('',#1346);
#1346 = CARTESIAN_POINT('',(12.6,-3.275,0.1));
#1347 = B_SPLINE_CURVE_WITH_KNOTS('',1,(#1348,#1349),.UNSPECIFIED.,.F.,
  .F.,(2,2),(0.7625,1.2375),.PIECEWISE_BEZIER_KNOTS.);
#1348 = CARTESIAN_POINT('',(12.6,-2.8,0.1));
#1349 = CARTESIAN_POINT('',(12.6,-3.275,0.1));
#1350 = ORIENTED_EDGE('',*,*,#1351,.T.);
#1351 = EDGE_CURVE('',#1345,#1352,#1354,.T.);
#1352 = VERTEX_POINT('',#1353);
#1353 = CARTESIAN_POINT('',(12.4,-3.275,0.1));
#1354 = B_SPLINE_CURVE_WITH_KNOTS('',1,(#1355,#1356),.UNSPECIFIED.,.F.,
  .F.,(2,2),(0.475,0.675),.PIECEWISE_BEZIER_KNOTS.);
#1355 = CARTESIAN_POINT('',(12.6,-3.275,0.1));
#1356 = CARTESIAN_POINT('',(12.4,-3.275,0.1));
#1357 = ORIENTED_EDGE('',*,*,#1358,.T.);
#1358 = EDGE_CURVE('',#1352,#1359,#1361,.T.);
#1359 = VERTEX_POINT('',#1360);
#1360 = CARTESIAN_POINT('',(12.4,-3.3,0.1));
#1361 = B_SPLINE_CURVE_WITH_KNOTS('',1,(#1362,#1363),.UNSPECIFIED.,.F.,
  .F.,(2,2),(-0.7625,-0.7375),.PIECEWISE_BEZIER_KNOTS.);
#1362 = CARTESIAN_POINT('',(12.4,-3.275,0.1));
#1363 = CARTESIAN_POINT('',(12.4,-3.3,0.1));
#1364 = ORIENTED_EDGE('',*,*,#1365,.T.);
#1365 = EDGE_CURVE('',#1359,#1366,#1368,.T.);
#1366 = VERTEX_POINT('',#1367);
#1367 = CARTESIAN_POINT('',(12.4,-6.3,0.1));
#1368 = B_SPLINE_CURVE_WITH_KNOTS('',1,(#1369,#1370),.UNSPECIFIED.,.F.,
  .F.,(2,2),(-0.7375,2.2625),.PIECEWISE_BEZIER_KNOTS.);
#1369 = CARTESIAN_POINT('',(12.4,-3.3,0.1));
#1370 = CARTESIAN_POINT('',(12.4,-6.3,0.1));
#1371 = ORIENTED_EDGE('',*,*,#1372,.T.);
#1372 = EDGE_CURVE('',#1366,#1373,#1375,.T.);
#1373 = VERTEX_POINT('',#1374);
#1374 = CARTESIAN_POINT('',(12.4,-6.325,0.1));
#1375 = B_SPLINE_CURVE_WITH_KNOTS('',1,(#1376,#1377),.UNSPECIFIED.,.F.,
  .F.,(2,2),(2.2625,2.2875),.PIECEWISE_BEZIER_KNOTS.);
#1376 = CARTESIAN_POINT('',(12.4,-6.3,0.1));
#1377 = CARTESIAN_POINT('',(12.4,-6.325,0.1));
#1378 = ORIENTED_EDGE('',*,*,#1379,.T.);
#1379 = EDGE_CURVE('',#1373,#1380,#1382,.T.);
#1380 = VERTEX_POINT('',#1381);
#1381 = CARTESIAN_POINT('',(12.6,-6.325,0.1));
#1382 = B_SPLINE_CURVE_WITH_KNOTS('',1,(#1383,#1384),.UNSPECIFIED.,.F.,
  .F.,(2,2),(-0.582307692,-0.382307692),.PIECEWISE_BEZIER_KNOTS.);
#1383 = CARTESIAN_POINT('',(12.4,-6.325,0.1));
#1384 = CARTESIAN_POINT('',(12.6,-6.325,0.1));
#1385 = ORIENTED_EDGE('',*,*,#1386,.T.);
#1386 = EDGE_CURVE('',#1380,#1387,#1389,.T.);
#1387 = VERTEX_POINT('',#1388);
#1388 = CARTESIAN_POINT('',(12.6,-6.8,0.1));
#1389 = B_SPLINE_CURVE_WITH_KNOTS('',1,(#1390,#1391),.UNSPECIFIED.,.F.,
  .F.,(2,2),(0.65,1.125),.PIECEWISE_BEZIER_KNOTS.);
#1390 = CARTESIAN_POINT('',(12.6,-6.325,0.1));
#1391 = CARTESIAN_POINT('',(12.6,-6.8,0.1));
#1392 = ORIENTED_EDGE('',*,*,#1393,.T.);
#1393 = EDGE_CURVE('',#1387,#1394,#1396,.T.);
#1394 = VERTEX_POINT('',#1395);
#1395 = CARTESIAN_POINT('',(10.3,-6.8,0.1));
#1396 = B_SPLINE_CURVE_WITH_KNOTS('',1,(#1397,#1398),.UNSPECIFIED.,.F.,
  .F.,(2,2),(-2.3,0.),.PIECEWISE_BEZIER_KNOTS.);
#1397 = CARTESIAN_POINT('',(12.6,-6.8,0.1));
#1398 = CARTESIAN_POINT('',(10.3,-6.8,0.1));
#1399 = ORIENTED_EDGE('',*,*,#1400,.T.);
#1400 = EDGE_CURVE('',#1394,#1336,#1401,.T.);
#1401 = B_SPLINE_CURVE_WITH_KNOTS('',1,(#1402,#1403),.UNSPECIFIED.,.F.,
  .F.,(2,2),(-4.,0.),.PIECEWISE_BEZIER_KNOTS.);
#1402 = CARTESIAN_POINT('',(10.3,-6.8,0.1));
#1403 = CARTESIAN_POINT('',(10.3,-2.8,0.1));
#1404 = B_SPLINE_SURFACE_WITH_KNOTS('',1,1,(
    (#1405,#1406)
    ,(#1407,#1408
    )),.UNSPECIFIED.,.F.,.F.,.F.,(2,2),(2,2),(-1.135384615,1.164615385),
  (-2.,2.),.PIECEWISE_BEZIER_KNOTS.);
#1405 = CARTESIAN_POINT('',(12.6,-6.8,0.1));
#1406 = CARTESIAN_POINT('',(12.6,-2.8,0.1));
#1407 = CARTESIAN_POINT('',(10.3,-6.8,0.1));
#1408 = CARTESIAN_POINT('',(10.3,-2.8,0.1));
#1409 = SHELL_BASED_SURFACE_MODEL('',(#1410));
#1410 = OPEN_SHELL('',(#1411));
#1411 = ADVANCED_FACE('',(#1412),#1442,.T.);
#1412 = FACE_BOUND('',#1413,.T.);
#1413 = EDGE_LOOP('',(#1414,#1423,#1430,#1437));
#1414 = ORIENTED_EDGE('',*,*,#1415,.T.);
#1415 = EDGE_CURVE('',#1416,#1418,#1420,.T.);
#1416 = VERTEX_POINT('',#1417);
#1417 = CARTESIAN_POINT('',(12.4,-6.325,0.8));
#1418 = VERTEX_POINT('',#1419);
#1419 = CARTESIAN_POINT('',(12.4,-6.325,0.1));
#1420 = B_SPLINE_CURVE_WITH_KNOTS('',1,(#1421,#1422),.UNSPECIFIED.,.F.,
  .F.,(2,2),(0.1,0.8),.PIECEWISE_BEZIER_KNOTS.);
#1421 = CARTESIAN_POINT('',(12.4,-6.325,0.8));
#1422 = CARTESIAN_POINT('',(12.4,-6.325,0.1));
#1423 = ORIENTED_EDGE('',*,*,#1424,.T.);
#1424 = EDGE_CURVE('',#1418,#1425,#1427,.T.);
#1425 = VERTEX_POINT('',#1426);
#1426 = CARTESIAN_POINT('',(12.4,-6.3,0.1));
#1427 = B_SPLINE_CURVE_WITH_KNOTS('',1,(#1428,#1429),.UNSPECIFIED.,.F.,
  .F.,(2,2),(-0.7625,-0.7375),.PIECEWISE_BEZIER_KNOTS.);
#1428 = CARTESIAN_POINT('',(12.4,-6.325,0.1));
#1429 = CARTESIAN_POINT('',(12.4,-6.3,0.1));
#1430 = ORIENTED_EDGE('',*,*,#1431,.T.);
#1431 = EDGE_CURVE('',#1425,#1432,#1434,.T.);
#1432 = VERTEX_POINT('',#1433);
#1433 = CARTESIAN_POINT('',(12.4,-6.3,0.8));
#1434 = B_SPLINE_CURVE_WITH_KNOTS('',1,(#1435,#1436),.UNSPECIFIED.,.F.,
  .F.,(2,2),(0.15,0.85),.PIECEWISE_BEZIER_KNOTS.);
#1435 = CARTESIAN_POINT('',(12.4,-6.3,0.1));
#1436 = CARTESIAN_POINT('',(12.4,-6.3,0.8));
#1437 = ORIENTED_EDGE('',*,*,#1438,.T.);
#1438 = EDGE_CURVE('',#1432,#1416,#1439,.T.);
#1439 = B_SPLINE_CURVE_WITH_KNOTS('',1,(#1440,#1441),.UNSPECIFIED.,.F.,
  .F.,(2,2),(3.025,3.05),.PIECEWISE_BEZIER_KNOTS.);
#1440 = CARTESIAN_POINT('',(12.4,-6.3,0.8));
#1441 = CARTESIAN_POINT('',(12.4,-6.325,0.8));
#1442 = B_SPLINE_SURFACE_WITH_KNOTS('',1,1,(
    (#1443,#1444)
    ,(#1445,#1446
    )),.UNSPECIFIED.,.F.,.F.,.F.,(2,2),(2,2),(-7.275957614E-12,3.05),(
    0.1,0.8),.PIECEWISE_BEZIER_KNOTS.);
#1443 = CARTESIAN_POINT('',(12.4,-6.325,0.1));
#1444 = CARTESIAN_POINT('',(12.4,-6.325,0.8));
#1445 = CARTESIAN_POINT('',(12.4,-3.275,0.1));
#1446 = CARTESIAN_POINT('',(12.4,-3.275,0.8));
#1447 = SHELL_BASED_SURFACE_MODEL('',(#1448));
#1448 = OPEN_SHELL('',(#1449));
#1449 = ADVANCED_FACE('',(#1450),#1602,.T.);
#1450 = FACE_BOUND('',#1451,.T.);
#1451 = EDGE_LOOP('',(#1452,#1461,#1468,#1475,#1482,#1490,#1497,#1504,
    #1511,#1518,#1525,#1533,#1540,#1547,#1554,#1561,#1568,#1575,#1582,
    #1589,#1597));
#1452 = ORIENTED_EDGE('',*,*,#1453,.T.);
#1453 = EDGE_CURVE('',#1454,#1456,#1458,.T.);
#1454 = VERTEX_POINT('',#1455);
#1455 = CARTESIAN_POINT('',(12.6,-2.8,0.));
#1456 = VERTEX_POINT('',#1457);
#1457 = CARTESIAN_POINT('',(10.3,-2.8,0.));
#1458 = B_SPLINE_CURVE_WITH_KNOTS('',1,(#1459,#1460),.UNSPECIFIED.,.F.,
  .F.,(2,2),(-3.17871343,-0.87871343),.PIECEWISE_BEZIER_KNOTS.);
#1459 = CARTESIAN_POINT('',(12.6,-2.8,0.));
#1460 = CARTESIAN_POINT('',(10.3,-2.8,0.));
#1461 = ORIENTED_EDGE('',*,*,#1462,.T.);
#1462 = EDGE_CURVE('',#1456,#1463,#1465,.T.);
#1463 = VERTEX_POINT('',#1464);
#1464 = CARTESIAN_POINT('',(10.3,-6.8,0.));
#1465 = B_SPLINE_CURVE_WITH_KNOTS('',1,(#1466,#1467),.UNSPECIFIED.,.F.,
  .F.,(2,2),(-1.017029656,2.982970344),.PIECEWISE_BEZIER_KNOTS.);
#1466 = CARTESIAN_POINT('',(10.3,-2.8,0.));
#1467 = CARTESIAN_POINT('',(10.3,-6.8,0.));
#1468 = ORIENTED_EDGE('',*,*,#1469,.T.);
#1469 = EDGE_CURVE('',#1463,#1470,#1472,.T.);
#1470 = VERTEX_POINT('',#1471);
#1471 = CARTESIAN_POINT('',(12.6,-6.8,0.));
#1472 = B_SPLINE_CURVE_WITH_KNOTS('',1,(#1473,#1474),.UNSPECIFIED.,.F.,
  .F.,(2,2),(2.02871343,4.32871343),.PIECEWISE_BEZIER_KNOTS.);
#1473 = CARTESIAN_POINT('',(10.3,-6.8,0.));
#1474 = CARTESIAN_POINT('',(12.6,-6.8,0.));
#1475 = ORIENTED_EDGE('',*,*,#1476,.T.);
#1476 = EDGE_CURVE('',#1470,#1477,#1479,.T.);
#1477 = VERTEX_POINT('',#1478);
#1478 = CARTESIAN_POINT('',(12.6,-10.1,0.));
#1479 = B_SPLINE_CURVE_WITH_KNOTS('',1,(#1480,#1481),.UNSPECIFIED.,.F.,
  .F.,(2,2),(0.,3.3),.PIECEWISE_BEZIER_KNOTS.);
#1480 = CARTESIAN_POINT('',(12.6,-6.8,0.));
#1481 = CARTESIAN_POINT('',(12.6,-10.1,0.));
#1482 = ORIENTED_EDGE('',*,*,#1483,.T.);
#1483 = EDGE_CURVE('',#1477,#1484,#1486,.T.);
#1484 = VERTEX_POINT('',#1485);
#1485 = CARTESIAN_POINT('',(11.6,-11.1,0.));
#1486 = ( BOUNDED_CURVE() B_SPLINE_CURVE(2,(#1487,#1488,#1489),
.UNSPECIFIED.,.F.,.F.) B_SPLINE_CURVE_WITH_KNOTS((3,3),(0.,1.570796327),
.PIECEWISE_BEZIER_KNOTS.) CURVE() GEOMETRIC_REPRESENTATION_ITEM() 
RATIONAL_B_SPLINE_CURVE((1.,0.707106781,1.)) REPRESENTATION_ITEM('') );
#1487 = CARTESIAN_POINT('',(12.6,-10.1,0.));
#1488 = CARTESIAN_POINT('',(12.6,-11.1,0.));
#1489 = CARTESIAN_POINT('',(11.6,-11.1,0.));
#1490 = ORIENTED_EDGE('',*,*,#1491,.T.);
#1491 = EDGE_CURVE('',#1484,#1492,#1494,.T.);
#1492 = VERTEX_POINT('',#1493);
#1493 = CARTESIAN_POINT('',(7.8,-11.1,0.));
#1494 = B_SPLINE_CURVE_WITH_KNOTS('',1,(#1495,#1496),.UNSPECIFIED.,.F.,
  .F.,(2,2),(0.,3.8),.PIECEWISE_BEZIER_KNOTS.);
#1495 = CARTESIAN_POINT('',(11.6,-11.1,0.));
#1496 = CARTESIAN_POINT('',(7.8,-11.1,0.));
#1497 = ORIENTED_EDGE('',*,*,#1498,.T.);
#1498 = EDGE_CURVE('',#1492,#1499,#1501,.T.);
#1499 = VERTEX_POINT('',#1500);
#1500 = CARTESIAN_POINT('',(7.8,-10.6,0.));
#1501 = B_SPLINE_CURVE_WITH_KNOTS('',1,(#1502,#1503),.UNSPECIFIED.,.F.,
  .F.,(2,2),(0.,0.5),.PIECEWISE_BEZIER_KNOTS.);
#1502 = CARTESIAN_POINT('',(7.8,-11.1,0.));
#1503 = CARTESIAN_POINT('',(7.8,-10.6,0.));
#1504 = ORIENTED_EDGE('',*,*,#1505,.T.);
#1505 = EDGE_CURVE('',#1499,#1506,#1508,.T.);
#1506 = VERTEX_POINT('',#1507);
#1507 = CARTESIAN_POINT('',(4.8,-10.6,0.));
#1508 = B_SPLINE_CURVE_WITH_KNOTS('',1,(#1509,#1510),.UNSPECIFIED.,.F.,
  .F.,(2,2),(0.,3.),.PIECEWISE_BEZIER_KNOTS.);
#1509 = CARTESIAN_POINT('',(7.8,-10.6,0.));
#1510 = CARTESIAN_POINT('',(4.8,-10.6,0.));
#1511 = ORIENTED_EDGE('',*,*,#1512,.T.);
#1512 = EDGE_CURVE('',#1506,#1513,#1515,.T.);
#1513 = VERTEX_POINT('',#1514);
#1514 = CARTESIAN_POINT('',(4.8,-11.1,3.4083846855E-14));
#1515 = B_SPLINE_CURVE_WITH_KNOTS('',1,(#1516,#1517),.UNSPECIFIED.,.F.,
  .F.,(2,2),(0.,0.5),.PIECEWISE_BEZIER_KNOTS.);
#1516 = CARTESIAN_POINT('',(4.8,-10.6,0.));
#1517 = CARTESIAN_POINT('',(4.8,-11.1,0.));
#1518 = ORIENTED_EDGE('',*,*,#1519,.T.);
#1519 = EDGE_CURVE('',#1513,#1520,#1522,.T.);
#1520 = VERTEX_POINT('',#1521);
#1521 = CARTESIAN_POINT('',(1.,-11.1,6.816769371E-14));
#1522 = B_SPLINE_CURVE_WITH_KNOTS('',1,(#1523,#1524),.UNSPECIFIED.,.F.,
  .F.,(2,2),(-2.8,1.),.PIECEWISE_BEZIER_KNOTS.);
#1523 = CARTESIAN_POINT('',(4.8,-11.1,6.816769371E-14));
#1524 = CARTESIAN_POINT('',(1.,-11.1,6.816769371E-14));
#1525 = ORIENTED_EDGE('',*,*,#1526,.T.);
#1526 = EDGE_CURVE('',#1520,#1527,#1529,.T.);
#1527 = VERTEX_POINT('',#1528);
#1528 = CARTESIAN_POINT('',(0.,-10.1,3.4083846855E-14));
#1529 = ( BOUNDED_CURVE() B_SPLINE_CURVE(2,(#1530,#1531,#1532),
.UNSPECIFIED.,.F.,.F.) B_SPLINE_CURVE_WITH_KNOTS((3,3),(0.,1.570796327),
.PIECEWISE_BEZIER_KNOTS.) CURVE() GEOMETRIC_REPRESENTATION_ITEM() 
RATIONAL_B_SPLINE_CURVE((1.,0.707106781,1.)) REPRESENTATION_ITEM('') );
#1530 = CARTESIAN_POINT('',(1.,-11.1,6.816769371E-14));
#1531 = CARTESIAN_POINT('',(-2.000888344E-11,-11.1,6.816769371E-14));
#1532 = CARTESIAN_POINT('',(0.,-10.1,6.816769371E-14));
#1533 = ORIENTED_EDGE('',*,*,#1534,.T.);
#1534 = EDGE_CURVE('',#1527,#1535,#1537,.T.);
#1535 = VERTEX_POINT('',#1536);
#1536 = CARTESIAN_POINT('',(-5.00222086E-12,-6.8,0.));
#1537 = B_SPLINE_CURVE_WITH_KNOTS('',1,(#1538,#1539),.UNSPECIFIED.,.F.,
  .F.,(2,2),(0.475,3.775),.PIECEWISE_BEZIER_KNOTS.);
#1538 = CARTESIAN_POINT('',(0.,-10.1,0.));
#1539 = CARTESIAN_POINT('',(0.,-6.8,0.));
#1540 = ORIENTED_EDGE('',*,*,#1541,.T.);
#1541 = EDGE_CURVE('',#1535,#1542,#1544,.T.);
#1542 = VERTEX_POINT('',#1543);
#1543 = CARTESIAN_POINT('',(2.3,-6.8,0.));
#1544 = B_SPLINE_CURVE_WITH_KNOTS('',1,(#1545,#1546),.UNSPECIFIED.,.F.,
  .F.,(2,2),(-3.12128657,-0.82128657),.PIECEWISE_BEZIER_KNOTS.);
#1545 = CARTESIAN_POINT('',(-1.000444172E-11,-6.8,0.));
#1546 = CARTESIAN_POINT('',(2.3,-6.8,0.));
#1547 = ORIENTED_EDGE('',*,*,#1548,.T.);
#1548 = EDGE_CURVE('',#1542,#1549,#1551,.T.);
#1549 = VERTEX_POINT('',#1550);
#1550 = CARTESIAN_POINT('',(2.3,-2.8,0.));
#1551 = B_SPLINE_CURVE_WITH_KNOTS('',1,(#1552,#1553),.UNSPECIFIED.,.F.,
  .F.,(2,2),(-0.982970344,3.017029656),.PIECEWISE_BEZIER_KNOTS.);
#1552 = CARTESIAN_POINT('',(2.3,-6.8,0.));
#1553 = CARTESIAN_POINT('',(2.3,-2.8,0.));
#1554 = ORIENTED_EDGE('',*,*,#1555,.T.);
#1555 = EDGE_CURVE('',#1549,#1556,#1558,.T.);
#1556 = VERTEX_POINT('',#1557);
#1557 = CARTESIAN_POINT('',(0.,-2.8,0.));
#1558 = B_SPLINE_CURVE_WITH_KNOTS('',1,(#1559,#1560),.UNSPECIFIED.,.F.,
  .F.,(2,2),(1.97128657,4.27128657),.PIECEWISE_BEZIER_KNOTS.);
#1559 = CARTESIAN_POINT('',(2.3,-2.8,0.));
#1560 = CARTESIAN_POINT('',(0.,-2.8,0.));
#1561 = ORIENTED_EDGE('',*,*,#1562,.T.);
#1562 = EDGE_CURVE('',#1556,#1563,#1565,.T.);
#1563 = VERTEX_POINT('',#1564);
#1564 = CARTESIAN_POINT('',(0.,0.,0.));
#1565 = B_SPLINE_CURVE_WITH_KNOTS('',1,(#1566,#1567),.UNSPECIFIED.,.F.,
  .F.,(2,2),(0.,2.8),.PIECEWISE_BEZIER_KNOTS.);
#1566 = CARTESIAN_POINT('',(0.,-2.8,0.));
#1567 = CARTESIAN_POINT('',(0.,0.,0.));
#1568 = ORIENTED_EDGE('',*,*,#1569,.T.);
#1569 = EDGE_CURVE('',#1563,#1570,#1572,.T.);
#1570 = VERTEX_POINT('',#1571);
#1571 = CARTESIAN_POINT('',(1.5,0.,0.));
#1572 = B_SPLINE_CURVE_WITH_KNOTS('',1,(#1573,#1574),.UNSPECIFIED.,.F.,
  .F.,(2,2),(0.,1.5),.PIECEWISE_BEZIER_KNOTS.);
#1573 = CARTESIAN_POINT('',(0.,0.,0.));
#1574 = CARTESIAN_POINT('',(1.5,0.,0.));
#1575 = ORIENTED_EDGE('',*,*,#1576,.T.);
#1576 = EDGE_CURVE('',#1570,#1577,#1579,.T.);
#1577 = VERTEX_POINT('',#1578);
#1578 = CARTESIAN_POINT('',(1.5,1.5,0.));
#1579 = B_SPLINE_CURVE_WITH_KNOTS('',1,(#1580,#1581),.UNSPECIFIED.,.F.,
  .F.,(2,2),(0.,1.5),.PIECEWISE_BEZIER_KNOTS.);
#1580 = CARTESIAN_POINT('',(1.5,0.,0.));
#1581 = CARTESIAN_POINT('',(1.5,1.5,0.));
#1582 = ORIENTED_EDGE('',*,*,#1583,.T.);
#1583 = EDGE_CURVE('',#1577,#1584,#1586,.T.);
#1584 = VERTEX_POINT('',#1585);
#1585 = CARTESIAN_POINT('',(11.6,1.5,0.));
#1586 = B_SPLINE_CURVE_WITH_KNOTS('',1,(#1587,#1588),.UNSPECIFIED.,.F.,
  .F.,(2,2),(0.,10.1),.PIECEWISE_BEZIER_KNOTS.);
#1587 = CARTESIAN_POINT('',(1.5,1.5,0.));
#1588 = CARTESIAN_POINT('',(11.6,1.5,0.));
#1589 = ORIENTED_EDGE('',*,*,#1590,.T.);
#1590 = EDGE_CURVE('',#1584,#1591,#1593,.T.);
#1591 = VERTEX_POINT('',#1592);
#1592 = CARTESIAN_POINT('',(12.6,0.5,0.));
#1593 = ( BOUNDED_CURVE() B_SPLINE_CURVE(2,(#1594,#1595,#1596),
.UNSPECIFIED.,.F.,.F.) B_SPLINE_CURVE_WITH_KNOTS((3,3),(0.,1.570796327),
.PIECEWISE_BEZIER_KNOTS.) CURVE() GEOMETRIC_REPRESENTATION_ITEM() 
RATIONAL_B_SPLINE_CURVE((1.,0.707106781,1.)) REPRESENTATION_ITEM('') );
#1594 = CARTESIAN_POINT('',(11.6,1.5,0.));
#1595 = CARTESIAN_POINT('',(12.6,1.5,0.));
#1596 = CARTESIAN_POINT('',(12.6,0.5,0.));
#1597 = ORIENTED_EDGE('',*,*,#1598,.T.);
#1598 = EDGE_CURVE('',#1591,#1454,#1599,.T.);
#1599 = B_SPLINE_CURVE_WITH_KNOTS('',1,(#1600,#1601),.UNSPECIFIED.,.F.,
  .F.,(2,2),(0.475,3.775),.PIECEWISE_BEZIER_KNOTS.);
#1600 = CARTESIAN_POINT('',(12.6,0.5,0.));
#1601 = CARTESIAN_POINT('',(12.6,-2.8,0.));
#1602 = B_SPLINE_SURFACE_WITH_KNOTS('',1,1,(
    (#1603,#1604)
    ,(#1605,#1606
    )),.UNSPECIFIED.,.F.,.F.,.F.,(2,2),(2,2),(-11.455159226,1.144840774)
  ,(-12.034522621,0.565477379),.PIECEWISE_BEZIER_KNOTS.);
#1603 = CARTESIAN_POINT('',(-2.000888344E-11,1.5,6.816769371E-14));
#1604 = CARTESIAN_POINT('',(-2.000888344E-11,-11.1,6.816769371E-14));
#1605 = CARTESIAN_POINT('',(12.6,1.5,6.816769371E-14));
#1606 = CARTESIAN_POINT('',(12.6,-11.1,6.816769371E-14));
#1607 = SHELL_BASED_SURFACE_MODEL('',(#1608));
#1608 = OPEN_SHELL('',(#1609));
#1609 = ADVANCED_FACE('',(#1610),#1640,.T.);
#1610 = FACE_BOUND('',#1611,.T.);
#1611 = EDGE_LOOP('',(#1612,#1621,#1628,#1635));
#1612 = ORIENTED_EDGE('',*,*,#1613,.T.);
#1613 = EDGE_CURVE('',#1614,#1616,#1618,.T.);
#1614 = VERTEX_POINT('',#1615);
#1615 = CARTESIAN_POINT('',(12.6,-6.8,0.));
#1616 = VERTEX_POINT('',#1617);
#1617 = CARTESIAN_POINT('',(10.3,-6.8,0.));
#1618 = B_SPLINE_CURVE_WITH_KNOTS('',1,(#1619,#1620),.UNSPECIFIED.,.F.,
  .F.,(2,2),(2.02871343,4.32871343),.PIECEWISE_BEZIER_KNOTS.);
#1619 = CARTESIAN_POINT('',(12.6,-6.8,0.));
#1620 = CARTESIAN_POINT('',(10.3,-6.8,0.));
#1621 = ORIENTED_EDGE('',*,*,#1622,.T.);
#1622 = EDGE_CURVE('',#1616,#1623,#1625,.T.);
#1623 = VERTEX_POINT('',#1624);
#1624 = CARTESIAN_POINT('',(10.3,-6.8,0.1));
#1625 = B_SPLINE_CURVE_WITH_KNOTS('',1,(#1626,#1627),.UNSPECIFIED.,.F.,
  .F.,(2,2),(0.,0.1),.PIECEWISE_BEZIER_KNOTS.);
#1626 = CARTESIAN_POINT('',(10.3,-6.8,0.));
#1627 = CARTESIAN_POINT('',(10.3,-6.8,0.1));
#1628 = ORIENTED_EDGE('',*,*,#1629,.T.);
#1629 = EDGE_CURVE('',#1623,#1630,#1632,.T.);
#1630 = VERTEX_POINT('',#1631);
#1631 = CARTESIAN_POINT('',(12.6,-6.8,0.1));
#1632 = B_SPLINE_CURVE_WITH_KNOTS('',1,(#1633,#1634),.UNSPECIFIED.,.F.,
  .F.,(2,2),(-2.3,0.),.PIECEWISE_BEZIER_KNOTS.);
#1633 = CARTESIAN_POINT('',(10.3,-6.8,0.1));
#1634 = CARTESIAN_POINT('',(12.6,-6.8,0.1));
#1635 = ORIENTED_EDGE('',*,*,#1636,.T.);
#1636 = EDGE_CURVE('',#1630,#1614,#1637,.T.);
#1637 = B_SPLINE_CURVE_WITH_KNOTS('',1,(#1638,#1639),.UNSPECIFIED.,.F.,
  .F.,(2,2),(0.,0.1),.PIECEWISE_BEZIER_KNOTS.);
#1638 = CARTESIAN_POINT('',(12.6,-6.8,0.1));
#1639 = CARTESIAN_POINT('',(12.6,-6.8,0.));
#1640 = B_SPLINE_SURFACE_WITH_KNOTS('',1,1,(
    (#1641,#1642)
    ,(#1643,#1644
    )),.UNSPECIFIED.,.F.,.F.,.F.,(2,2),(2,2),(-1.136868377E-13,2.3),(0.,
    0.1),.PIECEWISE_BEZIER_KNOTS.);
#1641 = CARTESIAN_POINT('',(12.6,-6.8,0.));
#1642 = CARTESIAN_POINT('',(12.6,-6.8,0.1));
#1643 = CARTESIAN_POINT('',(10.3,-6.8,0.));
#1644 = CARTESIAN_POINT('',(10.3,-6.8,0.1));
#1645 = SHELL_BASED_SURFACE_MODEL('',(#1646));
#1646 = OPEN_SHELL('',(#1647));
#1647 = ADVANCED_FACE('',(#1648),#1742,.T.);
#1648 = FACE_BOUND('',#1649,.T.);
#1649 = EDGE_LOOP('',(#1650,#1659,#1667,#1674,#1681,#1688,#1695,#1702,
    #1709,#1716,#1723,#1730,#1737));
#1650 = ORIENTED_EDGE('',*,*,#1651,.T.);
#1651 = EDGE_CURVE('',#1652,#1654,#1656,.T.);
#1652 = VERTEX_POINT('',#1653);
#1653 = CARTESIAN_POINT('',(0.,-6.325,0.8));
#1654 = VERTEX_POINT('',#1655);
#1655 = CARTESIAN_POINT('',(0.,-10.1,0.8));
#1656 = B_SPLINE_CURVE_WITH_KNOTS('',1,(#1657,#1658),.UNSPECIFIED.,.F.,
  .F.,(2,2),(0.,3.775),.PIECEWISE_BEZIER_KNOTS.);
#1657 = CARTESIAN_POINT('',(0.,-6.325,0.8));
#1658 = CARTESIAN_POINT('',(0.,-10.1,0.8));
#1659 = ORIENTED_EDGE('',*,*,#1660,.T.);
#1660 = EDGE_CURVE('',#1654,#1661,#1663,.T.);
#1661 = VERTEX_POINT('',#1662);
#1662 = CARTESIAN_POINT('',(1.,-11.1,0.8));
#1663 = ( BOUNDED_CURVE() B_SPLINE_CURVE(2,(#1664,#1665,#1666),
.UNSPECIFIED.,.F.,.F.) B_SPLINE_CURVE_WITH_KNOTS((3,3),(-1.570796327,0.)
,.PIECEWISE_BEZIER_KNOTS.) CURVE() GEOMETRIC_REPRESENTATION_ITEM() 
RATIONAL_B_SPLINE_CURVE((1.,0.707106781,1.)) REPRESENTATION_ITEM('') );
#1664 = CARTESIAN_POINT('',(0.,-10.1,0.8));
#1665 = CARTESIAN_POINT('',(-2.000888344E-11,-11.1,0.8));
#1666 = CARTESIAN_POINT('',(1.,-11.1,0.8));
#1667 = ORIENTED_EDGE('',*,*,#1668,.T.);
#1668 = EDGE_CURVE('',#1661,#1669,#1671,.T.);
#1669 = VERTEX_POINT('',#1670);
#1670 = CARTESIAN_POINT('',(4.8,-11.1,0.8));
#1671 = B_SPLINE_CURVE_WITH_KNOTS('',1,(#1672,#1673),.UNSPECIFIED.,.F.,
  .F.,(2,2),(-1.,2.8),.PIECEWISE_BEZIER_KNOTS.);
#1672 = CARTESIAN_POINT('',(1.,-11.1,0.8));
#1673 = CARTESIAN_POINT('',(4.8,-11.1,0.8));
#1674 = ORIENTED_EDGE('',*,*,#1675,.T.);
#1675 = EDGE_CURVE('',#1669,#1676,#1678,.T.);
#1676 = VERTEX_POINT('',#1677);
#1677 = CARTESIAN_POINT('',(4.8,-10.6,0.8));
#1678 = B_SPLINE_CURVE_WITH_KNOTS('',1,(#1679,#1680),.UNSPECIFIED.,.F.,
  .F.,(2,2),(0.,0.5),.PIECEWISE_BEZIER_KNOTS.);
#1679 = CARTESIAN_POINT('',(4.8,-11.1,0.8));
#1680 = CARTESIAN_POINT('',(4.8,-10.6,0.8));
#1681 = ORIENTED_EDGE('',*,*,#1682,.T.);
#1682 = EDGE_CURVE('',#1676,#1683,#1685,.T.);
#1683 = VERTEX_POINT('',#1684);
#1684 = CARTESIAN_POINT('',(5.55,-10.6,0.8));
#1685 = B_SPLINE_CURVE_WITH_KNOTS('',1,(#1686,#1687),.UNSPECIFIED.,.F.,
  .F.,(2,2),(0.,0.75),.PIECEWISE_BEZIER_KNOTS.);
#1686 = CARTESIAN_POINT('',(4.8,-10.6,0.8));
#1687 = CARTESIAN_POINT('',(5.55,-10.6,0.8));
#1688 = ORIENTED_EDGE('',*,*,#1689,.T.);
#1689 = EDGE_CURVE('',#1683,#1690,#1692,.T.);
#1690 = VERTEX_POINT('',#1691);
#1691 = CARTESIAN_POINT('',(5.55,-3.275,0.8));
#1692 = B_SPLINE_CURVE_WITH_KNOTS('',1,(#1693,#1694),.UNSPECIFIED.,.F.,
  .F.,(2,2),(-6.545470344,0.779529656),.PIECEWISE_BEZIER_KNOTS.);
#1693 = CARTESIAN_POINT('',(5.55,-10.6,0.8));
#1694 = CARTESIAN_POINT('',(5.55,-3.275,0.8));
#1695 = ORIENTED_EDGE('',*,*,#1696,.T.);
#1696 = EDGE_CURVE('',#1690,#1697,#1699,.T.);
#1697 = VERTEX_POINT('',#1698);
#1698 = CARTESIAN_POINT('',(0.2,-3.275,0.8));
#1699 = B_SPLINE_CURVE_WITH_KNOTS('',1,(#1700,#1701),.UNSPECIFIED.,.F.,
  .F.,(2,2),(-2.42871343,2.92128657),.PIECEWISE_BEZIER_KNOTS.);
#1700 = CARTESIAN_POINT('',(5.55,-3.275,0.8));
#1701 = CARTESIAN_POINT('',(0.2,-3.275,0.8));
#1702 = ORIENTED_EDGE('',*,*,#1703,.T.);
#1703 = EDGE_CURVE('',#1697,#1704,#1706,.T.);
#1704 = VERTEX_POINT('',#1705);
#1705 = CARTESIAN_POINT('',(0.2,-3.3,0.8));
#1706 = B_SPLINE_CURVE_WITH_KNOTS('',1,(#1707,#1708),.UNSPECIFIED.,.F.,
  .F.,(2,2),(0.,2.5E-02),.PIECEWISE_BEZIER_KNOTS.);
#1707 = CARTESIAN_POINT('',(0.2,-3.275,0.8));
#1708 = CARTESIAN_POINT('',(0.2,-3.3,0.8));
#1709 = ORIENTED_EDGE('',*,*,#1710,.T.);
#1710 = EDGE_CURVE('',#1704,#1711,#1713,.T.);
#1711 = VERTEX_POINT('',#1712);
#1712 = CARTESIAN_POINT('',(5.312318981,-3.3,0.8));
#1713 = B_SPLINE_CURVE_WITH_KNOTS('',1,(#1714,#1715),.UNSPECIFIED.,.F.,
  .F.,(2,2),(0.,5.112318981),.PIECEWISE_BEZIER_KNOTS.);
#1714 = CARTESIAN_POINT('',(0.2,-3.3,0.8));
#1715 = CARTESIAN_POINT('',(5.312318981,-3.3,0.8));
#1716 = ORIENTED_EDGE('',*,*,#1717,.T.);
#1717 = EDGE_CURVE('',#1711,#1718,#1720,.T.);
#1718 = VERTEX_POINT('',#1719);
#1719 = CARTESIAN_POINT('',(5.312318981,-6.3,0.8));
#1720 = B_SPLINE_CURVE_WITH_KNOTS('',1,(#1721,#1722),.UNSPECIFIED.,.F.,
  .F.,(2,2),(0.,3.),.PIECEWISE_BEZIER_KNOTS.);
#1721 = CARTESIAN_POINT('',(5.312318981,-3.3,0.8));
#1722 = CARTESIAN_POINT('',(5.312318981,-6.3,0.8));
#1723 = ORIENTED_EDGE('',*,*,#1724,.T.);
#1724 = EDGE_CURVE('',#1718,#1725,#1727,.T.);
#1725 = VERTEX_POINT('',#1726);
#1726 = CARTESIAN_POINT('',(0.2,-6.3,0.8));
#1727 = B_SPLINE_CURVE_WITH_KNOTS('',1,(#1728,#1729),.UNSPECIFIED.,.F.,
  .F.,(2,2),(0.,5.112318981),.PIECEWISE_BEZIER_KNOTS.);
#1728 = CARTESIAN_POINT('',(5.312318981,-6.3,0.8));
#1729 = CARTESIAN_POINT('',(0.2,-6.3,0.8));
#1730 = ORIENTED_EDGE('',*,*,#1731,.T.);
#1731 = EDGE_CURVE('',#1725,#1732,#1734,.T.);
#1732 = VERTEX_POINT('',#1733);
#1733 = CARTESIAN_POINT('',(0.2,-6.325,0.8));
#1734 = B_SPLINE_CURVE_WITH_KNOTS('',1,(#1735,#1736),.UNSPECIFIED.,.F.,
  .F.,(2,2),(3.025,3.05),.PIECEWISE_BEZIER_KNOTS.);
#1735 = CARTESIAN_POINT('',(0.2,-6.3,0.8));
#1736 = CARTESIAN_POINT('',(0.2,-6.325,0.8));
#1737 = ORIENTED_EDGE('',*,*,#1738,.T.);
#1738 = EDGE_CURVE('',#1732,#1652,#1739,.T.);
#1739 = B_SPLINE_CURVE_WITH_KNOTS('',1,(#1740,#1741),.UNSPECIFIED.,.F.,
  .F.,(2,2),(0.,0.2),.PIECEWISE_BEZIER_KNOTS.);
#1740 = CARTESIAN_POINT('',(0.2,-6.325,0.8));
#1741 = CARTESIAN_POINT('',(0.,-6.325,0.8));
#1742 = B_SPLINE_SURFACE_WITH_KNOTS('',1,1,(
    (#1743,#1744)
    ,(#1745,#1746
    )),.UNSPECIFIED.,.F.,.F.,.F.,(2,2),(2,2),(-4.405159226,1.144840774),
  (-7.259522621,0.565477379),.PIECEWISE_BEZIER_KNOTS.);
#1743 = CARTESIAN_POINT('',(5.55,-3.275,0.8));
#1744 = CARTESIAN_POINT('',(5.55,-11.1,0.8));
#1745 = CARTESIAN_POINT('',(-2.000888344E-11,-3.275,0.8));
#1746 = CARTESIAN_POINT('',(-2.000888344E-11,-11.1,0.8));
#1747 = SHELL_BASED_SURFACE_MODEL('',(#1748));
#1748 = OPEN_SHELL('',(#1749));
#1749 = ADVANCED_FACE('',(#1750),#1780,.T.);
#1750 = FACE_BOUND('',#1751,.T.);
#1751 = EDGE_LOOP('',(#1752,#1761,#1768,#1775));
#1752 = ORIENTED_EDGE('',*,*,#1753,.T.);
#1753 = EDGE_CURVE('',#1754,#1756,#1758,.T.);
#1754 = VERTEX_POINT('',#1755);
#1755 = CARTESIAN_POINT('',(4.8,-11.1,0.));
#1756 = VERTEX_POINT('',#1757);
#1757 = CARTESIAN_POINT('',(4.8,-10.6,0.));
#1758 = B_SPLINE_CURVE_WITH_KNOTS('',1,(#1759,#1760),.UNSPECIFIED.,.F.,
  .F.,(2,2),(0.,0.5),.PIECEWISE_BEZIER_KNOTS.);
#1759 = CARTESIAN_POINT('',(4.8,-11.1,0.));
#1760 = CARTESIAN_POINT('',(4.8,-10.6,0.));
#1761 = ORIENTED_EDGE('',*,*,#1762,.T.);
#1762 = EDGE_CURVE('',#1756,#1763,#1765,.T.);
#1763 = VERTEX_POINT('',#1764);
#1764 = CARTESIAN_POINT('',(4.8,-10.6,0.8));
#1765 = B_SPLINE_CURVE_WITH_KNOTS('',1,(#1766,#1767),.UNSPECIFIED.,.F.,
  .F.,(2,2),(0.,0.8),.PIECEWISE_BEZIER_KNOTS.);
#1766 = CARTESIAN_POINT('',(4.8,-10.6,0.));
#1767 = CARTESIAN_POINT('',(4.8,-10.6,0.8));
#1768 = ORIENTED_EDGE('',*,*,#1769,.T.);
#1769 = EDGE_CURVE('',#1763,#1770,#1772,.T.);
#1770 = VERTEX_POINT('',#1771);
#1771 = CARTESIAN_POINT('',(4.8,-11.1,0.8));
#1772 = B_SPLINE_CURVE_WITH_KNOTS('',1,(#1773,#1774),.UNSPECIFIED.,.F.,
  .F.,(2,2),(0.,0.5),.PIECEWISE_BEZIER_KNOTS.);
#1773 = CARTESIAN_POINT('',(4.8,-10.6,0.8));
#1774 = CARTESIAN_POINT('',(4.8,-11.1,0.8));
#1775 = ORIENTED_EDGE('',*,*,#1776,.T.);
#1776 = EDGE_CURVE('',#1770,#1754,#1777,.T.);
#1777 = B_SPLINE_CURVE_WITH_KNOTS('',1,(#1778,#1779),.UNSPECIFIED.,.F.,
  .F.,(2,2),(0.,0.8),.PIECEWISE_BEZIER_KNOTS.);
#1778 = CARTESIAN_POINT('',(4.8,-11.1,0.8));
#1779 = CARTESIAN_POINT('',(4.8,-11.1,0.));
#1780 = B_SPLINE_SURFACE_WITH_KNOTS('',1,1,(
    (#1781,#1782)
    ,(#1783,#1784
    )),.UNSPECIFIED.,.F.,.F.,.F.,(2,2),(2,2),(0.,0.5),(0.,0.8),
  .PIECEWISE_BEZIER_KNOTS.);
#1781 = CARTESIAN_POINT('',(4.8,-11.1,0.));
#1782 = CARTESIAN_POINT('',(4.8,-11.1,0.8));
#1783 = CARTESIAN_POINT('',(4.8,-10.6,0.));
#1784 = CARTESIAN_POINT('',(4.8,-10.6,0.8));
#1785 = SHELL_BASED_SURFACE_MODEL('',(#1786));
#1786 = OPEN_SHELL('',(#1787));
#1787 = ADVANCED_FACE('',(#1788),#1860,.T.);
#1788 = FACE_BOUND('',#1789,.T.);
#1789 = EDGE_LOOP('',(#1790,#1799,#1806,#1813,#1820,#1827,#1834,#1841,
    #1848,#1855));
#1790 = ORIENTED_EDGE('',*,*,#1791,.T.);
#1791 = EDGE_CURVE('',#1792,#1794,#1796,.T.);
#1792 = VERTEX_POINT('',#1793);
#1793 = CARTESIAN_POINT('',(-5.00222086E-12,-6.8,0.1));
#1794 = VERTEX_POINT('',#1795);
#1795 = CARTESIAN_POINT('',(0.,-6.325,0.1));
#1796 = B_SPLINE_CURVE_WITH_KNOTS('',1,(#1797,#1798),.UNSPECIFIED.,.F.,
  .F.,(2,2),(0.7625,1.2375),.PIECEWISE_BEZIER_KNOTS.);
#1797 = CARTESIAN_POINT('',(0.,-6.8,0.1));
#1798 = CARTESIAN_POINT('',(0.,-6.325,0.1));
#1799 = ORIENTED_EDGE('',*,*,#1800,.T.);
#1800 = EDGE_CURVE('',#1794,#1801,#1803,.T.);
#1801 = VERTEX_POINT('',#1802);
#1802 = CARTESIAN_POINT('',(0.2,-6.325,0.1));
#1803 = B_SPLINE_CURVE_WITH_KNOTS('',1,(#1804,#1805),.UNSPECIFIED.,.F.,
  .F.,(2,2),(0.482307692,0.682307692),.PIECEWISE_BEZIER_KNOTS.);
#1804 = CARTESIAN_POINT('',(0.,-6.325,0.1));
#1805 = CARTESIAN_POINT('',(0.2,-6.325,0.1));
#1806 = ORIENTED_EDGE('',*,*,#1807,.T.);
#1807 = EDGE_CURVE('',#1801,#1808,#1810,.T.);
#1808 = VERTEX_POINT('',#1809);
#1809 = CARTESIAN_POINT('',(0.2,-6.3,0.1));
#1810 = B_SPLINE_CURVE_WITH_KNOTS('',1,(#1811,#1812),.UNSPECIFIED.,.F.,
  .F.,(2,2),(-0.7625,-0.7375),.PIECEWISE_BEZIER_KNOTS.);
#1811 = CARTESIAN_POINT('',(0.2,-6.325,0.1));
#1812 = CARTESIAN_POINT('',(0.2,-6.3,0.1));
#1813 = ORIENTED_EDGE('',*,*,#1814,.T.);
#1814 = EDGE_CURVE('',#1808,#1815,#1817,.T.);
#1815 = VERTEX_POINT('',#1816);
#1816 = CARTESIAN_POINT('',(0.2,-3.3,0.1));
#1817 = B_SPLINE_CURVE_WITH_KNOTS('',1,(#1818,#1819),.UNSPECIFIED.,.F.,
  .F.,(2,2),(-0.7375,2.2625),.PIECEWISE_BEZIER_KNOTS.);
#1818 = CARTESIAN_POINT('',(0.2,-6.3,0.1));
#1819 = CARTESIAN_POINT('',(0.2,-3.3,0.1));
#1820 = ORIENTED_EDGE('',*,*,#1821,.T.);
#1821 = EDGE_CURVE('',#1815,#1822,#1824,.T.);
#1822 = VERTEX_POINT('',#1823);
#1823 = CARTESIAN_POINT('',(0.2,-3.275,0.1));
#1824 = B_SPLINE_CURVE_WITH_KNOTS('',1,(#1825,#1826),.UNSPECIFIED.,.F.,
  .F.,(2,2),(2.2625,2.2875),.PIECEWISE_BEZIER_KNOTS.);
#1825 = CARTESIAN_POINT('',(0.2,-3.3,0.1));
#1826 = CARTESIAN_POINT('',(0.2,-3.275,0.1));
#1827 = ORIENTED_EDGE('',*,*,#1828,.T.);
#1828 = EDGE_CURVE('',#1822,#1829,#1831,.T.);
#1829 = VERTEX_POINT('',#1830);
#1830 = CARTESIAN_POINT('',(0.,-3.275,0.1));
#1831 = B_SPLINE_CURVE_WITH_KNOTS('',1,(#1832,#1833),.UNSPECIFIED.,.F.,
  .F.,(2,2),(-0.582307692,-0.382307692),.PIECEWISE_BEZIER_KNOTS.);
#1832 = CARTESIAN_POINT('',(0.2,-3.275,0.1));
#1833 = CARTESIAN_POINT('',(0.,-3.275,0.1));
#1834 = ORIENTED_EDGE('',*,*,#1835,.T.);
#1835 = EDGE_CURVE('',#1829,#1836,#1838,.T.);
#1836 = VERTEX_POINT('',#1837);
#1837 = CARTESIAN_POINT('',(0.,-2.8,0.1));
#1838 = B_SPLINE_CURVE_WITH_KNOTS('',1,(#1839,#1840),.UNSPECIFIED.,.F.,
  .F.,(2,2),(0.4,0.875),.PIECEWISE_BEZIER_KNOTS.);
#1839 = CARTESIAN_POINT('',(0.,-3.275,0.1));
#1840 = CARTESIAN_POINT('',(0.,-2.8,0.1));
#1841 = ORIENTED_EDGE('',*,*,#1842,.T.);
#1842 = EDGE_CURVE('',#1836,#1843,#1845,.T.);
#1843 = VERTEX_POINT('',#1844);
#1844 = CARTESIAN_POINT('',(2.3,-2.8,0.1));
#1845 = B_SPLINE_CURVE_WITH_KNOTS('',1,(#1846,#1847),.UNSPECIFIED.,.F.,
  .F.,(2,2),(-2.3,0.),.PIECEWISE_BEZIER_KNOTS.);
#1846 = CARTESIAN_POINT('',(0.,-2.8,0.1));
#1847 = CARTESIAN_POINT('',(2.3,-2.8,0.1));
#1848 = ORIENTED_EDGE('',*,*,#1849,.T.);
#1849 = EDGE_CURVE('',#1843,#1850,#1852,.T.);
#1850 = VERTEX_POINT('',#1851);
#1851 = CARTESIAN_POINT('',(2.3,-6.8,0.1));
#1852 = B_SPLINE_CURVE_WITH_KNOTS('',1,(#1853,#1854),.UNSPECIFIED.,.F.,
  .F.,(2,2),(-4.,0.),.PIECEWISE_BEZIER_KNOTS.);
#1853 = CARTESIAN_POINT('',(2.3,-2.8,0.1));
#1854 = CARTESIAN_POINT('',(2.3,-6.8,0.1));
#1855 = ORIENTED_EDGE('',*,*,#1856,.T.);
#1856 = EDGE_CURVE('',#1850,#1792,#1857,.T.);
#1857 = B_SPLINE_CURVE_WITH_KNOTS('',1,(#1858,#1859),.UNSPECIFIED.,.F.,
  .F.,(2,2),(-2.3,0.),.PIECEWISE_BEZIER_KNOTS.);
#1858 = CARTESIAN_POINT('',(2.3,-6.8,0.1));
#1859 = CARTESIAN_POINT('',(-1.000444172E-11,-6.8,0.1));
#1860 = B_SPLINE_SURFACE_WITH_KNOTS('',1,1,(
    (#1861,#1862)
    ,(#1863,#1864
    )),.UNSPECIFIED.,.F.,.F.,.F.,(2,2),(2,2),(-1.135384615,1.164615385),
  (-2.,2.),.PIECEWISE_BEZIER_KNOTS.);
#1861 = CARTESIAN_POINT('',(-1.000444172E-11,-2.8,0.1));
#1862 = CARTESIAN_POINT('',(-1.000444172E-11,-6.8,0.1));
#1863 = CARTESIAN_POINT('',(2.3,-2.8,0.1));
#1864 = CARTESIAN_POINT('',(2.3,-6.8,0.1));
#1865 = SHELL_BASED_SURFACE_MODEL('',(#1866));
#1866 = OPEN_SHELL('',(#1867));
#1867 = ADVANCED_FACE('',(#1868),#1898,.T.);
#1868 = FACE_BOUND('',#1869,.T.);
#1869 = EDGE_LOOP('',(#1870,#1879,#1886,#1893));
#1870 = ORIENTED_EDGE('',*,*,#1871,.T.);
#1871 = EDGE_CURVE('',#1872,#1874,#1876,.T.);
#1872 = VERTEX_POINT('',#1873);
#1873 = CARTESIAN_POINT('',(0.2,-3.275,0.8));
#1874 = VERTEX_POINT('',#1875);
#1875 = CARTESIAN_POINT('',(0.2,-3.275,0.1));
#1876 = B_SPLINE_CURVE_WITH_KNOTS('',1,(#1877,#1878),.UNSPECIFIED.,.F.,
  .F.,(2,2),(0.1,0.8),.PIECEWISE_BEZIER_KNOTS.);
#1877 = CARTESIAN_POINT('',(0.2,-3.275,0.8));
#1878 = CARTESIAN_POINT('',(0.2,-3.275,0.1));
#1879 = ORIENTED_EDGE('',*,*,#1880,.T.);
#1880 = EDGE_CURVE('',#1874,#1881,#1883,.T.);
#1881 = VERTEX_POINT('',#1882);
#1882 = CARTESIAN_POINT('',(0.2,-3.3,0.1));
#1883 = B_SPLINE_CURVE_WITH_KNOTS('',1,(#1884,#1885),.UNSPECIFIED.,.F.,
  .F.,(2,2),(-0.7625,-0.7375),.PIECEWISE_BEZIER_KNOTS.);
#1884 = CARTESIAN_POINT('',(0.2,-3.275,0.1));
#1885 = CARTESIAN_POINT('',(0.2,-3.3,0.1));
#1886 = ORIENTED_EDGE('',*,*,#1887,.T.);
#1887 = EDGE_CURVE('',#1881,#1888,#1890,.T.);
#1888 = VERTEX_POINT('',#1889);
#1889 = CARTESIAN_POINT('',(0.2,-3.3,0.8));
#1890 = B_SPLINE_CURVE_WITH_KNOTS('',1,(#1891,#1892),.UNSPECIFIED.,.F.,
  .F.,(2,2),(0.15,0.85),.PIECEWISE_BEZIER_KNOTS.);
#1891 = CARTESIAN_POINT('',(0.2,-3.3,0.1));
#1892 = CARTESIAN_POINT('',(0.2,-3.3,0.8));
#1893 = ORIENTED_EDGE('',*,*,#1894,.T.);
#1894 = EDGE_CURVE('',#1888,#1872,#1895,.T.);
#1895 = B_SPLINE_CURVE_WITH_KNOTS('',1,(#1896,#1897),.UNSPECIFIED.,.F.,
  .F.,(2,2),(3.025,3.05),.PIECEWISE_BEZIER_KNOTS.);
#1896 = CARTESIAN_POINT('',(0.2,-3.3,0.8));
#1897 = CARTESIAN_POINT('',(0.2,-3.275,0.8));
#1898 = B_SPLINE_SURFACE_WITH_KNOTS('',1,1,(
    (#1899,#1900)
    ,(#1901,#1902
    )),.UNSPECIFIED.,.F.,.F.,.F.,(2,2),(2,2),(0.,3.05),(0.1,0.8),
  .PIECEWISE_BEZIER_KNOTS.);
#1899 = CARTESIAN_POINT('',(0.2,-3.275,0.1));
#1900 = CARTESIAN_POINT('',(0.2,-3.275,0.8));
#1901 = CARTESIAN_POINT('',(0.2,-6.325,0.1));
#1902 = CARTESIAN_POINT('',(0.2,-6.325,0.8));
#1903 = SHELL_BASED_SURFACE_MODEL('',(#1904));
#1904 = OPEN_SHELL('',(#1905));
#1905 = ADVANCED_FACE('',(#1906),#1936,.T.);
#1906 = FACE_BOUND('',#1907,.T.);
#1907 = EDGE_LOOP('',(#1908,#1917,#1924,#1931));
#1908 = ORIENTED_EDGE('',*,*,#1909,.T.);
#1909 = EDGE_CURVE('',#1910,#1912,#1914,.T.);
#1910 = VERTEX_POINT('',#1911);
#1911 = CARTESIAN_POINT('',(0.,-2.8,0.));
#1912 = VERTEX_POINT('',#1913);
#1913 = CARTESIAN_POINT('',(2.3,-2.8,0.));
#1914 = B_SPLINE_CURVE_WITH_KNOTS('',1,(#1915,#1916),.UNSPECIFIED.,.F.,
  .F.,(2,2),(1.97128657,4.27128657),.PIECEWISE_BEZIER_KNOTS.);
#1915 = CARTESIAN_POINT('',(0.,-2.8,0.));
#1916 = CARTESIAN_POINT('',(2.3,-2.8,0.));
#1917 = ORIENTED_EDGE('',*,*,#1918,.T.);
#1918 = EDGE_CURVE('',#1912,#1919,#1921,.T.);
#1919 = VERTEX_POINT('',#1920);
#1920 = CARTESIAN_POINT('',(2.3,-2.8,0.1));
#1921 = B_SPLINE_CURVE_WITH_KNOTS('',1,(#1922,#1923),.UNSPECIFIED.,.F.,
  .F.,(2,2),(0.,0.1),.PIECEWISE_BEZIER_KNOTS.);
#1922 = CARTESIAN_POINT('',(2.3,-2.8,0.));
#1923 = CARTESIAN_POINT('',(2.3,-2.8,0.1));
#1924 = ORIENTED_EDGE('',*,*,#1925,.T.);
#1925 = EDGE_CURVE('',#1919,#1926,#1928,.T.);
#1926 = VERTEX_POINT('',#1927);
#1927 = CARTESIAN_POINT('',(0.,-2.8,0.1));
#1928 = B_SPLINE_CURVE_WITH_KNOTS('',1,(#1929,#1930),.UNSPECIFIED.,.F.,
  .F.,(2,2),(-2.3,0.),.PIECEWISE_BEZIER_KNOTS.);
#1929 = CARTESIAN_POINT('',(2.3,-2.8,0.1));
#1930 = CARTESIAN_POINT('',(0.,-2.8,0.1));
#1931 = ORIENTED_EDGE('',*,*,#1932,.T.);
#1932 = EDGE_CURVE('',#1926,#1910,#1933,.T.);
#1933 = B_SPLINE_CURVE_WITH_KNOTS('',1,(#1934,#1935),.UNSPECIFIED.,.F.,
  .F.,(2,2),(0.,0.1),.PIECEWISE_BEZIER_KNOTS.);
#1934 = CARTESIAN_POINT('',(0.,-2.8,0.1));
#1935 = CARTESIAN_POINT('',(0.,-2.8,0.));
#1936 = B_SPLINE_SURFACE_WITH_KNOTS('',1,1,(
    (#1937,#1938)
    ,(#1939,#1940
    )),.UNSPECIFIED.,.F.,.F.,.F.,(2,2),(2,2),(0.,2.3),(0.,0.1),
  .PIECEWISE_BEZIER_KNOTS.);
#1937 = CARTESIAN_POINT('',(0.,-2.8,0.));
#1938 = CARTESIAN_POINT('',(0.,-2.8,0.1));
#1939 = CARTESIAN_POINT('',(2.3,-2.8,0.));
#1940 = CARTESIAN_POINT('',(2.3,-2.8,0.1));
#1941 = SHELL_BASED_SURFACE_MODEL('',(#1942));
#1942 = OPEN_SHELL('',(#1943));
#1943 = ADVANCED_FACE('',(#1944),#1976,.T.);
#1944 = FACE_BOUND('',#1945,.T.);
#1945 = EDGE_LOOP('',(#1946,#1955,#1963,#1970));
#1946 = ORIENTED_EDGE('',*,*,#1947,.T.);
#1947 = EDGE_CURVE('',#1948,#1950,#1952,.T.);
#1948 = VERTEX_POINT('',#1949);
#1949 = CARTESIAN_POINT('',(12.6,0.5,0.8));
#1950 = VERTEX_POINT('',#1951);
#1951 = CARTESIAN_POINT('',(12.6,0.5,0.));
#1952 = B_SPLINE_CURVE_WITH_KNOTS('',1,(#1953,#1954),.UNSPECIFIED.,.F.,
  .F.,(2,2),(0.,0.8),.PIECEWISE_BEZIER_KNOTS.);
#1953 = CARTESIAN_POINT('',(12.6,0.5,0.8));
#1954 = CARTESIAN_POINT('',(12.6,0.5,0.));
#1955 = ORIENTED_EDGE('',*,*,#1956,.T.);
#1956 = EDGE_CURVE('',#1950,#1957,#1959,.T.);
#1957 = VERTEX_POINT('',#1958);
#1958 = CARTESIAN_POINT('',(11.6,1.5,0.));
#1959 = ( BOUNDED_CURVE() B_SPLINE_CURVE(2,(#1960,#1961,#1962),
.UNSPECIFIED.,.F.,.F.) B_SPLINE_CURVE_WITH_KNOTS((3,3),(0.,1.570796327),
.PIECEWISE_BEZIER_KNOTS.) CURVE() GEOMETRIC_REPRESENTATION_ITEM() 
RATIONAL_B_SPLINE_CURVE((1.,0.707106781,1.)) REPRESENTATION_ITEM('') );
#1960 = CARTESIAN_POINT('',(12.6,0.5,0.));
#1961 = CARTESIAN_POINT('',(12.6,1.5,0.));
#1962 = CARTESIAN_POINT('',(11.6,1.5,0.));
#1963 = ORIENTED_EDGE('',*,*,#1964,.T.);
#1964 = EDGE_CURVE('',#1957,#1965,#1967,.T.);
#1965 = VERTEX_POINT('',#1966);
#1966 = CARTESIAN_POINT('',(11.6,1.5,0.8));
#1967 = B_SPLINE_CURVE_WITH_KNOTS('',1,(#1968,#1969),.UNSPECIFIED.,.F.,
  .F.,(2,2),(0.,0.8),.PIECEWISE_BEZIER_KNOTS.);
#1968 = CARTESIAN_POINT('',(11.6,1.5,0.));
#1969 = CARTESIAN_POINT('',(11.6,1.5,0.8));
#1970 = ORIENTED_EDGE('',*,*,#1971,.T.);
#1971 = EDGE_CURVE('',#1965,#1948,#1972,.T.);
#1972 = ( BOUNDED_CURVE() B_SPLINE_CURVE(2,(#1973,#1974,#1975),
.UNSPECIFIED.,.F.,.F.) B_SPLINE_CURVE_WITH_KNOTS((3,3),(0.,1.570796327),
.PIECEWISE_BEZIER_KNOTS.) CURVE() GEOMETRIC_REPRESENTATION_ITEM() 
RATIONAL_B_SPLINE_CURVE((1.,0.707106781,1.)) REPRESENTATION_ITEM('') );
#1973 = CARTESIAN_POINT('',(11.6,1.5,0.8));
#1974 = CARTESIAN_POINT('',(12.6,1.5,0.8));
#1975 = CARTESIAN_POINT('',(12.6,0.5,0.8));
#1976 = ( BOUNDED_SURFACE() B_SPLINE_SURFACE(1,2,(
    (#1977,#1978,#1979)
    ,(#1980,#1981,#1982
)),.UNSPECIFIED.,.F.,.F.,.F.) B_SPLINE_SURFACE_WITH_KNOTS((2,2),(3,3),(
    0.,0.8),(-2.273736754E-13,1.570796327),.PIECEWISE_BEZIER_KNOTS.) 
GEOMETRIC_REPRESENTATION_ITEM() RATIONAL_B_SPLINE_SURFACE((
    (1.,0.707106781,1.)
,(1.,0.707106781,1.))) REPRESENTATION_ITEM('') SURFACE() );
#1977 = CARTESIAN_POINT('',(12.6,0.5,0.8));
#1978 = CARTESIAN_POINT('',(12.6,1.5,0.8));
#1979 = CARTESIAN_POINT('',(11.6,1.5,0.8));
#1980 = CARTESIAN_POINT('',(12.6,0.5,0.));
#1981 = CARTESIAN_POINT('',(12.6,1.5,0.));
#1982 = CARTESIAN_POINT('',(11.6,1.5,0.));
#1983 = SHELL_BASED_SURFACE_MODEL('',(#1984));
#1984 = OPEN_SHELL('',(#1985));
#1985 = ADVANCED_FACE('',(#1986),#2030,.T.);
#1986 = FACE_BOUND('',#1987,.T.);
#1987 = EDGE_LOOP('',(#1988,#1997,#2004,#2011,#2018,#2025));
#1988 = ORIENTED_EDGE('',*,*,#1989,.T.);
#1989 = EDGE_CURVE('',#1990,#1992,#1994,.T.);
#1990 = VERTEX_POINT('',#1991);
#1991 = CARTESIAN_POINT('',(12.6,-2.8,0.1));
#1992 = VERTEX_POINT('',#1993);
#1993 = CARTESIAN_POINT('',(12.6,-2.8,0.));
#1994 = B_SPLINE_CURVE_WITH_KNOTS('',1,(#1995,#1996),.UNSPECIFIED.,.F.,
  .F.,(2,2),(-0.1,0.),.PIECEWISE_BEZIER_KNOTS.);
#1995 = CARTESIAN_POINT('',(12.6,-2.8,0.1));
#1996 = CARTESIAN_POINT('',(12.6,-2.8,0.));
#1997 = ORIENTED_EDGE('',*,*,#1998,.T.);
#1998 = EDGE_CURVE('',#1992,#1999,#2001,.T.);
#1999 = VERTEX_POINT('',#2000);
#2000 = CARTESIAN_POINT('',(12.6,0.5,0.));
#2001 = B_SPLINE_CURVE_WITH_KNOTS('',1,(#2002,#2003),.UNSPECIFIED.,.F.,
  .F.,(2,2),(0.475,3.775),.PIECEWISE_BEZIER_KNOTS.);
#2002 = CARTESIAN_POINT('',(12.6,-2.8,0.));
#2003 = CARTESIAN_POINT('',(12.6,0.5,0.));
#2004 = ORIENTED_EDGE('',*,*,#2005,.T.);
#2005 = EDGE_CURVE('',#1999,#2006,#2008,.T.);
#2006 = VERTEX_POINT('',#2007);
#2007 = CARTESIAN_POINT('',(12.6,0.5,0.8));
#2008 = B_SPLINE_CURVE_WITH_KNOTS('',1,(#2009,#2010),.UNSPECIFIED.,.F.,
  .F.,(2,2),(0.,0.8),.PIECEWISE_BEZIER_KNOTS.);
#2009 = CARTESIAN_POINT('',(12.6,0.5,0.));
#2010 = CARTESIAN_POINT('',(12.6,0.5,0.8));
#2011 = ORIENTED_EDGE('',*,*,#2012,.T.);
#2012 = EDGE_CURVE('',#2006,#2013,#2015,.T.);
#2013 = VERTEX_POINT('',#2014);
#2014 = CARTESIAN_POINT('',(12.6,-3.275,0.8));
#2015 = B_SPLINE_CURVE_WITH_KNOTS('',1,(#2016,#2017),.UNSPECIFIED.,.F.,
  .F.,(2,2),(0.,3.775),.PIECEWISE_BEZIER_KNOTS.);
#2016 = CARTESIAN_POINT('',(12.6,0.5,0.8));
#2017 = CARTESIAN_POINT('',(12.6,-3.275,0.8));
#2018 = ORIENTED_EDGE('',*,*,#2019,.T.);
#2019 = EDGE_CURVE('',#2013,#2020,#2022,.T.);
#2020 = VERTEX_POINT('',#2021);
#2021 = CARTESIAN_POINT('',(12.6,-3.275,0.1));
#2022 = B_SPLINE_CURVE_WITH_KNOTS('',1,(#2023,#2024),.UNSPECIFIED.,.F.,
  .F.,(2,2),(0.1,0.8),.PIECEWISE_BEZIER_KNOTS.);
#2023 = CARTESIAN_POINT('',(12.6,-3.275,0.8));
#2024 = CARTESIAN_POINT('',(12.6,-3.275,0.1));
#2025 = ORIENTED_EDGE('',*,*,#2026,.T.);
#2026 = EDGE_CURVE('',#2020,#1990,#2027,.T.);
#2027 = B_SPLINE_CURVE_WITH_KNOTS('',1,(#2028,#2029),.UNSPECIFIED.,.F.,
  .F.,(2,2),(0.7625,1.2375),.PIECEWISE_BEZIER_KNOTS.);
#2028 = CARTESIAN_POINT('',(12.6,-3.275,0.1));
#2029 = CARTESIAN_POINT('',(12.6,-2.8,0.1));
#2030 = B_SPLINE_SURFACE_WITH_KNOTS('',1,1,(
    (#2031,#2032)
    ,(#2033,#2034
    )),.UNSPECIFIED.,.F.,.F.,.F.,(2,2),(2,2),(-2.273736754E-13,3.775),(
    0.,0.8),.PIECEWISE_BEZIER_KNOTS.);
#2031 = CARTESIAN_POINT('',(12.6,-3.275,0.));
#2032 = CARTESIAN_POINT('',(12.6,-3.275,0.8));
#2033 = CARTESIAN_POINT('',(12.6,0.5,0.));
#2034 = CARTESIAN_POINT('',(12.6,0.5,0.8));
#2035 = SHELL_BASED_SURFACE_MODEL('',(#2036));
#2036 = OPEN_SHELL('',(#2037));
#2037 = ADVANCED_FACE('',(#2038),#2068,.T.);
#2038 = FACE_BOUND('',#2039,.T.);
#2039 = EDGE_LOOP('',(#2040,#2049,#2056,#2063));
#2040 = ORIENTED_EDGE('',*,*,#2041,.T.);
#2041 = EDGE_CURVE('',#2042,#2044,#2046,.T.);
#2042 = VERTEX_POINT('',#2043);
#2043 = CARTESIAN_POINT('',(12.4,-3.275,0.1));
#2044 = VERTEX_POINT('',#2045);
#2045 = CARTESIAN_POINT('',(12.6,-3.275,0.1));
#2046 = B_SPLINE_CURVE_WITH_KNOTS('',1,(#2047,#2048),.UNSPECIFIED.,.F.,
  .F.,(2,2),(0.475,0.675),.PIECEWISE_BEZIER_KNOTS.);
#2047 = CARTESIAN_POINT('',(12.4,-3.275,0.1));
#2048 = CARTESIAN_POINT('',(12.6,-3.275,0.1));
#2049 = ORIENTED_EDGE('',*,*,#2050,.T.);
#2050 = EDGE_CURVE('',#2044,#2051,#2053,.T.);
#2051 = VERTEX_POINT('',#2052);
#2052 = CARTESIAN_POINT('',(12.6,-3.275,0.8));
#2053 = B_SPLINE_CURVE_WITH_KNOTS('',1,(#2054,#2055),.UNSPECIFIED.,.F.,
  .F.,(2,2),(0.1,0.8),.PIECEWISE_BEZIER_KNOTS.);
#2054 = CARTESIAN_POINT('',(12.6,-3.275,0.1));
#2055 = CARTESIAN_POINT('',(12.6,-3.275,0.8));
#2056 = ORIENTED_EDGE('',*,*,#2057,.T.);
#2057 = EDGE_CURVE('',#2051,#2058,#2060,.T.);
#2058 = VERTEX_POINT('',#2059);
#2059 = CARTESIAN_POINT('',(12.4,-3.275,0.8));
#2060 = B_SPLINE_CURVE_WITH_KNOTS('',1,(#2061,#2062),.UNSPECIFIED.,.F.,
  .F.,(2,2),(0.8,1.),.PIECEWISE_BEZIER_KNOTS.);
#2061 = CARTESIAN_POINT('',(12.6,-3.275,0.8));
#2062 = CARTESIAN_POINT('',(12.4,-3.275,0.8));
#2063 = ORIENTED_EDGE('',*,*,#2064,.T.);
#2064 = EDGE_CURVE('',#2058,#2042,#2065,.T.);
#2065 = B_SPLINE_CURVE_WITH_KNOTS('',1,(#2066,#2067),.UNSPECIFIED.,.F.,
  .F.,(2,2),(0.1,0.8),.PIECEWISE_BEZIER_KNOTS.);
#2066 = CARTESIAN_POINT('',(12.4,-3.275,0.8));
#2067 = CARTESIAN_POINT('',(12.4,-3.275,0.1));
#2068 = B_SPLINE_SURFACE_WITH_KNOTS('',1,1,(
    (#2069,#2070)
    ,(#2071,#2072
    )),.UNSPECIFIED.,.F.,.F.,.F.,(2,2),(2,2),(0.,0.2),(0.1,0.8),
  .PIECEWISE_BEZIER_KNOTS.);
#2069 = CARTESIAN_POINT('',(12.4,-3.275,0.1));
#2070 = CARTESIAN_POINT('',(12.4,-3.275,0.8));
#2071 = CARTESIAN_POINT('',(12.6,-3.275,0.1));
#2072 = CARTESIAN_POINT('',(12.6,-3.275,0.8));
#2073 = SHELL_BASED_SURFACE_MODEL('',(#2074));
#2074 = OPEN_SHELL('',(#2075));
#2075 = ADVANCED_FACE('',(#2076),#2106,.T.);
#2076 = FACE_BOUND('',#2077,.T.);
#2077 = EDGE_LOOP('',(#2078,#2087,#2094,#2101));
#2078 = ORIENTED_EDGE('',*,*,#2079,.T.);
#2079 = EDGE_CURVE('',#2080,#2082,#2084,.T.);
#2080 = VERTEX_POINT('',#2081);
#2081 = CARTESIAN_POINT('',(12.4,-3.3,0.8));
#2082 = VERTEX_POINT('',#2083);
#2083 = CARTESIAN_POINT('',(12.4,-3.3,0.1));
#2084 = B_SPLINE_CURVE_WITH_KNOTS('',1,(#2085,#2086),.UNSPECIFIED.,.F.,
  .F.,(2,2),(0.,0.7),.PIECEWISE_BEZIER_KNOTS.);
#2085 = CARTESIAN_POINT('',(12.4,-3.3,0.8));
#2086 = CARTESIAN_POINT('',(12.4,-3.3,0.1));
#2087 = ORIENTED_EDGE('',*,*,#2088,.T.);
#2088 = EDGE_CURVE('',#2082,#2089,#2091,.T.);
#2089 = VERTEX_POINT('',#2090);
#2090 = CARTESIAN_POINT('',(12.4,-3.275,0.1));
#2091 = B_SPLINE_CURVE_WITH_KNOTS('',1,(#2092,#2093),.UNSPECIFIED.,.F.,
  .F.,(2,2),(2.2625,2.2875),.PIECEWISE_BEZIER_KNOTS.);
#2092 = CARTESIAN_POINT('',(12.4,-3.3,0.1));
#2093 = CARTESIAN_POINT('',(12.4,-3.275,0.1));
#2094 = ORIENTED_EDGE('',*,*,#2095,.T.);
#2095 = EDGE_CURVE('',#2089,#2096,#2098,.T.);
#2096 = VERTEX_POINT('',#2097);
#2097 = CARTESIAN_POINT('',(12.4,-3.275,0.8));
#2098 = B_SPLINE_CURVE_WITH_KNOTS('',1,(#2099,#2100),.UNSPECIFIED.,.F.,
  .F.,(2,2),(0.1,0.8),.PIECEWISE_BEZIER_KNOTS.);
#2099 = CARTESIAN_POINT('',(12.4,-3.275,0.1));
#2100 = CARTESIAN_POINT('',(12.4,-3.275,0.8));
#2101 = ORIENTED_EDGE('',*,*,#2102,.T.);
#2102 = EDGE_CURVE('',#2096,#2080,#2103,.T.);
#2103 = B_SPLINE_CURVE_WITH_KNOTS('',1,(#2104,#2105),.UNSPECIFIED.,.F.,
  .F.,(2,2),(0.,2.5E-02),.PIECEWISE_BEZIER_KNOTS.);
#2104 = CARTESIAN_POINT('',(12.4,-3.275,0.8));
#2105 = CARTESIAN_POINT('',(12.4,-3.3,0.8));
#2106 = B_SPLINE_SURFACE_WITH_KNOTS('',1,1,(
    (#2107,#2108)
    ,(#2109,#2110
    )),.UNSPECIFIED.,.F.,.F.,.F.,(2,2),(2,2),(-7.275957614E-12,3.05),(
    0.1,0.8),.PIECEWISE_BEZIER_KNOTS.);
#2107 = CARTESIAN_POINT('',(12.4,-6.325,0.1));
#2108 = CARTESIAN_POINT('',(12.4,-6.325,0.8));
#2109 = CARTESIAN_POINT('',(12.4,-3.275,0.1));
#2110 = CARTESIAN_POINT('',(12.4,-3.275,0.8));
#2111 = SHELL_BASED_SURFACE_MODEL('',(#2112));
#2112 = OPEN_SHELL('',(#2113));
#2113 = ADVANCED_FACE('',(#2114),#2179,.T.);
#2114 = FACE_BOUND('',#2115,.T.);
#2115 = EDGE_LOOP('',(#2116,#2125,#2132,#2139,#2146,#2153,#2160,#2167,
    #2174));
#2116 = ORIENTED_EDGE('',*,*,#2117,.T.);
#2117 = EDGE_CURVE('',#2118,#2120,#2122,.T.);
#2118 = VERTEX_POINT('',#2119);
#2119 = CARTESIAN_POINT('',(12.55,-3.3,-0.2));
#2120 = VERTEX_POINT('',#2121);
#2121 = CARTESIAN_POINT('',(10.55,-3.3,-0.2));
#2122 = B_SPLINE_CURVE_WITH_KNOTS('',1,(#2123,#2124),.UNSPECIFIED.,.F.,
  .F.,(2,2),(0.,2.),.PIECEWISE_BEZIER_KNOTS.);
#2123 = CARTESIAN_POINT('',(12.55,-3.3,-0.2));
#2124 = CARTESIAN_POINT('',(10.55,-3.3,-0.2));
#2125 = ORIENTED_EDGE('',*,*,#2126,.T.);
#2126 = EDGE_CURVE('',#2120,#2127,#2129,.T.);
#2127 = VERTEX_POINT('',#2128);
#2128 = CARTESIAN_POINT('',(10.55,-3.3,-5.000000016E-02));
#2129 = B_SPLINE_CURVE_WITH_KNOTS('',1,(#2130,#2131),.UNSPECIFIED.,.F.,
  .F.,(2,2),(0.,0.15),.PIECEWISE_BEZIER_KNOTS.);
#2130 = CARTESIAN_POINT('',(10.55,-3.3,-0.2));
#2131 = CARTESIAN_POINT('',(10.55,-3.3,-5.000000016E-02));
#2132 = ORIENTED_EDGE('',*,*,#2133,.T.);
#2133 = EDGE_CURVE('',#2127,#2134,#2136,.T.);
#2134 = VERTEX_POINT('',#2135);
#2135 = CARTESIAN_POINT('',(12.4,-3.3,-4.999999999E-02));
#2136 = B_SPLINE_CURVE_WITH_KNOTS('',1,(#2137,#2138),.UNSPECIFIED.,.F.,
  .F.,(2,2),(0.,1.85),.PIECEWISE_BEZIER_KNOTS.);
#2137 = CARTESIAN_POINT('',(10.55,-3.3,-5.000000016E-02));
#2138 = CARTESIAN_POINT('',(12.4,-3.3,-4.999999999E-02));
#2139 = ORIENTED_EDGE('',*,*,#2140,.T.);
#2140 = EDGE_CURVE('',#2134,#2141,#2143,.T.);
#2141 = VERTEX_POINT('',#2142);
#2142 = CARTESIAN_POINT('',(12.4,-3.3,0.1));
#2143 = B_SPLINE_CURVE_WITH_KNOTS('',1,(#2144,#2145),.UNSPECIFIED.,.F.,
  .F.,(2,2),(0.,0.15),.PIECEWISE_BEZIER_KNOTS.);
#2144 = CARTESIAN_POINT('',(12.4,-3.3,-4.999999999E-02));
#2145 = CARTESIAN_POINT('',(12.4,-3.3,0.1));
#2146 = ORIENTED_EDGE('',*,*,#2147,.T.);
#2147 = EDGE_CURVE('',#2141,#2148,#2150,.T.);
#2148 = VERTEX_POINT('',#2149);
#2149 = CARTESIAN_POINT('',(12.4,-3.3,0.8));
#2150 = B_SPLINE_CURVE_WITH_KNOTS('',1,(#2151,#2152),.UNSPECIFIED.,.F.,
  .F.,(2,2),(0.15,0.85),.PIECEWISE_BEZIER_KNOTS.);
#2151 = CARTESIAN_POINT('',(12.4,-3.3,0.1));
#2152 = CARTESIAN_POINT('',(12.4,-3.3,0.8));
#2153 = ORIENTED_EDGE('',*,*,#2154,.T.);
#2154 = EDGE_CURVE('',#2148,#2155,#2157,.T.);
#2155 = VERTEX_POINT('',#2156);
#2156 = CARTESIAN_POINT('',(7.287681019,-3.3,0.8));
#2157 = B_SPLINE_CURVE_WITH_KNOTS('',1,(#2158,#2159),.UNSPECIFIED.,.F.,
  .F.,(2,2),(0.,5.112318981),.PIECEWISE_BEZIER_KNOTS.);
#2158 = CARTESIAN_POINT('',(12.4,-3.3,0.8));
#2159 = CARTESIAN_POINT('',(7.287681019,-3.3,0.8));
#2160 = ORIENTED_EDGE('',*,*,#2161,.T.);
#2161 = EDGE_CURVE('',#2155,#2162,#2164,.T.);
#2162 = VERTEX_POINT('',#2163);
#2163 = CARTESIAN_POINT('',(7.25,-3.3,0.95));
#2164 = B_SPLINE_CURVE_WITH_KNOTS('',1,(#2165,#2166),.UNSPECIFIED.,.F.,
  .F.,(2,2),(0.,0.154660464),.PIECEWISE_BEZIER_KNOTS.);
#2165 = CARTESIAN_POINT('',(7.287681019,-3.3,0.8));
#2166 = CARTESIAN_POINT('',(7.25,-3.3,0.95));
#2167 = ORIENTED_EDGE('',*,*,#2168,.T.);
#2168 = EDGE_CURVE('',#2162,#2169,#2171,.T.);
#2169 = VERTEX_POINT('',#2170);
#2170 = CARTESIAN_POINT('',(12.55,-3.3,0.95));
#2171 = B_SPLINE_CURVE_WITH_KNOTS('',1,(#2172,#2173),.UNSPECIFIED.,.F.,
  .F.,(2,2),(0.,5.3),.PIECEWISE_BEZIER_KNOTS.);
#2172 = CARTESIAN_POINT('',(7.25,-3.3,0.95));
#2173 = CARTESIAN_POINT('',(12.55,-3.3,0.95));
#2174 = ORIENTED_EDGE('',*,*,#2175,.T.);
#2175 = EDGE_CURVE('',#2169,#2118,#2176,.T.);
#2176 = B_SPLINE_CURVE_WITH_KNOTS('',1,(#2177,#2178),.UNSPECIFIED.,.F.,
  .F.,(2,2),(0.,1.15),.PIECEWISE_BEZIER_KNOTS.);
#2177 = CARTESIAN_POINT('',(12.55,-3.3,0.95));
#2178 = CARTESIAN_POINT('',(12.55,-3.3,-0.2));
#2179 = B_SPLINE_SURFACE_WITH_KNOTS('',1,1,(
    (#2180,#2181)
    ,(#2182,#2183
    )),.UNSPECIFIED.,.F.,.F.,.F.,(2,2),(2,2),(-1.998722049,3.301277951),
  (-0.773365418,0.376634582),.PIECEWISE_BEZIER_KNOTS.);
#2180 = CARTESIAN_POINT('',(12.55,-3.3,-0.2));
#2181 = CARTESIAN_POINT('',(12.55,-3.3,0.95));
#2182 = CARTESIAN_POINT('',(7.25,-3.3,-0.2));
#2183 = CARTESIAN_POINT('',(7.25,-3.3,0.95));
#2184 = SHELL_BASED_SURFACE_MODEL('',(#2185));
#2185 = OPEN_SHELL('',(#2186));
#2186 = ADVANCED_FACE('',(#2187),#2217,.T.);
#2187 = FACE_BOUND('',#2188,.T.);
#2188 = EDGE_LOOP('',(#2189,#2198,#2205,#2212));
#2189 = ORIENTED_EDGE('',*,*,#2190,.T.);
#2190 = EDGE_CURVE('',#2191,#2193,#2195,.T.);
#2191 = VERTEX_POINT('',#2192);
#2192 = CARTESIAN_POINT('',(7.287681019,-6.3,0.8));
#2193 = VERTEX_POINT('',#2194);
#2194 = CARTESIAN_POINT('',(7.25,-6.3,0.95));
#2195 = B_SPLINE_CURVE_WITH_KNOTS('',1,(#2196,#2197),.UNSPECIFIED.,.F.,
  .F.,(2,2),(0.,0.154660464),.PIECEWISE_BEZIER_KNOTS.);
#2196 = CARTESIAN_POINT('',(7.287681019,-6.3,0.8));
#2197 = CARTESIAN_POINT('',(7.25,-6.3,0.95));
#2198 = ORIENTED_EDGE('',*,*,#2199,.T.);
#2199 = EDGE_CURVE('',#2193,#2200,#2202,.T.);
#2200 = VERTEX_POINT('',#2201);
#2201 = CARTESIAN_POINT('',(7.25,-3.3,0.95));
#2202 = B_SPLINE_CURVE_WITH_KNOTS('',1,(#2203,#2204),.UNSPECIFIED.,.F.,
  .F.,(2,2),(0.,3.),.PIECEWISE_BEZIER_KNOTS.);
#2203 = CARTESIAN_POINT('',(7.25,-6.3,0.95));
#2204 = CARTESIAN_POINT('',(7.25,-3.3,0.95));
#2205 = ORIENTED_EDGE('',*,*,#2206,.T.);
#2206 = EDGE_CURVE('',#2200,#2207,#2209,.T.);
#2207 = VERTEX_POINT('',#2208);
#2208 = CARTESIAN_POINT('',(7.287681019,-3.3,0.8));
#2209 = B_SPLINE_CURVE_WITH_KNOTS('',1,(#2210,#2211),.UNSPECIFIED.,.F.,
  .F.,(2,2),(0.,0.154660464),.PIECEWISE_BEZIER_KNOTS.);
#2210 = CARTESIAN_POINT('',(7.25,-3.3,0.95));
#2211 = CARTESIAN_POINT('',(7.287681019,-3.3,0.8));
#2212 = ORIENTED_EDGE('',*,*,#2213,.T.);
#2213 = EDGE_CURVE('',#2207,#2191,#2214,.T.);
#2214 = B_SPLINE_CURVE_WITH_KNOTS('',1,(#2215,#2216),.UNSPECIFIED.,.F.,
  .F.,(2,2),(0.,3.),.PIECEWISE_BEZIER_KNOTS.);
#2215 = CARTESIAN_POINT('',(7.287681019,-3.3,0.8));
#2216 = CARTESIAN_POINT('',(7.287681019,-6.3,0.8));
#2217 = B_SPLINE_SURFACE_WITH_KNOTS('',1,1,(
    (#2218,#2219)
    ,(#2220,#2221
    )),.UNSPECIFIED.,.F.,.F.,.F.,(2,2),(2,2),(0.,0.154660464),(0.,3.),
  .PIECEWISE_BEZIER_KNOTS.);
#2218 = CARTESIAN_POINT('',(7.287681019,-6.3,0.8));
#2219 = CARTESIAN_POINT('',(7.287681019,-3.3,0.8));
#2220 = CARTESIAN_POINT('',(7.25,-6.3,0.95));
#2221 = CARTESIAN_POINT('',(7.25,-3.3,0.95));
#2222 = SHELL_BASED_SURFACE_MODEL('',(#2223));
#2223 = OPEN_SHELL('',(#2224));
#2224 = ADVANCED_FACE('',(#2225),#2290,.T.);
#2225 = FACE_BOUND('',#2226,.T.);
#2226 = EDGE_LOOP('',(#2227,#2236,#2243,#2250,#2257,#2264,#2271,#2278,
    #2285));
#2227 = ORIENTED_EDGE('',*,*,#2228,.T.);
#2228 = EDGE_CURVE('',#2229,#2231,#2233,.T.);
#2229 = VERTEX_POINT('',#2230);
#2230 = CARTESIAN_POINT('',(10.55,-6.3,-0.2));
#2231 = VERTEX_POINT('',#2232);
#2232 = CARTESIAN_POINT('',(12.55,-6.3,-0.2));
#2233 = B_SPLINE_CURVE_WITH_KNOTS('',1,(#2234,#2235),.UNSPECIFIED.,.F.,
  .F.,(2,2),(0.,2.),.PIECEWISE_BEZIER_KNOTS.);
#2234 = CARTESIAN_POINT('',(10.55,-6.3,-0.2));
#2235 = CARTESIAN_POINT('',(12.55,-6.3,-0.2));
#2236 = ORIENTED_EDGE('',*,*,#2237,.T.);
#2237 = EDGE_CURVE('',#2231,#2238,#2240,.T.);
#2238 = VERTEX_POINT('',#2239);
#2239 = CARTESIAN_POINT('',(12.55,-6.3,0.95));
#2240 = B_SPLINE_CURVE_WITH_KNOTS('',1,(#2241,#2242),.UNSPECIFIED.,.F.,
  .F.,(2,2),(0.,1.15),.PIECEWISE_BEZIER_KNOTS.);
#2241 = CARTESIAN_POINT('',(12.55,-6.3,-0.2));
#2242 = CARTESIAN_POINT('',(12.55,-6.3,0.95));
#2243 = ORIENTED_EDGE('',*,*,#2244,.T.);
#2244 = EDGE_CURVE('',#2238,#2245,#2247,.T.);
#2245 = VERTEX_POINT('',#2246);
#2246 = CARTESIAN_POINT('',(7.25,-6.3,0.95));
#2247 = B_SPLINE_CURVE_WITH_KNOTS('',1,(#2248,#2249),.UNSPECIFIED.,.F.,
  .F.,(2,2),(0.,5.3),.PIECEWISE_BEZIER_KNOTS.);
#2248 = CARTESIAN_POINT('',(12.55,-6.3,0.95));
#2249 = CARTESIAN_POINT('',(7.25,-6.3,0.95));
#2250 = ORIENTED_EDGE('',*,*,#2251,.T.);
#2251 = EDGE_CURVE('',#2245,#2252,#2254,.T.);
#2252 = VERTEX_POINT('',#2253);
#2253 = CARTESIAN_POINT('',(7.287681019,-6.3,0.8));
#2254 = B_SPLINE_CURVE_WITH_KNOTS('',1,(#2255,#2256),.UNSPECIFIED.,.F.,
  .F.,(2,2),(0.,0.154660464),.PIECEWISE_BEZIER_KNOTS.);
#2255 = CARTESIAN_POINT('',(7.25,-6.3,0.95));
#2256 = CARTESIAN_POINT('',(7.287681019,-6.3,0.8));
#2257 = ORIENTED_EDGE('',*,*,#2258,.T.);
#2258 = EDGE_CURVE('',#2252,#2259,#2261,.T.);
#2259 = VERTEX_POINT('',#2260);
#2260 = CARTESIAN_POINT('',(12.4,-6.3,0.8));
#2261 = B_SPLINE_CURVE_WITH_KNOTS('',1,(#2262,#2263),.UNSPECIFIED.,.F.,
  .F.,(2,2),(0.,5.112318981),.PIECEWISE_BEZIER_KNOTS.);
#2262 = CARTESIAN_POINT('',(7.287681019,-6.3,0.8));
#2263 = CARTESIAN_POINT('',(12.4,-6.3,0.8));
#2264 = ORIENTED_EDGE('',*,*,#2265,.T.);
#2265 = EDGE_CURVE('',#2259,#2266,#2268,.T.);
#2266 = VERTEX_POINT('',#2267);
#2267 = CARTESIAN_POINT('',(12.4,-6.3,0.1));
#2268 = B_SPLINE_CURVE_WITH_KNOTS('',1,(#2269,#2270),.UNSPECIFIED.,.F.,
  .F.,(2,2),(0.,0.7),.PIECEWISE_BEZIER_KNOTS.);
#2269 = CARTESIAN_POINT('',(12.4,-6.3,0.8));
#2270 = CARTESIAN_POINT('',(12.4,-6.3,0.1));
#2271 = ORIENTED_EDGE('',*,*,#2272,.T.);
#2272 = EDGE_CURVE('',#2266,#2273,#2275,.T.);
#2273 = VERTEX_POINT('',#2274);
#2274 = CARTESIAN_POINT('',(12.4,-6.3,-4.999999999E-02));
#2275 = B_SPLINE_CURVE_WITH_KNOTS('',1,(#2276,#2277),.UNSPECIFIED.,.F.,
  .F.,(2,2),(0.7,0.85),.PIECEWISE_BEZIER_KNOTS.);
#2276 = CARTESIAN_POINT('',(12.4,-6.3,0.1));
#2277 = CARTESIAN_POINT('',(12.4,-6.3,-4.999999999E-02));
#2278 = ORIENTED_EDGE('',*,*,#2279,.T.);
#2279 = EDGE_CURVE('',#2273,#2280,#2282,.T.);
#2280 = VERTEX_POINT('',#2281);
#2281 = CARTESIAN_POINT('',(10.55,-6.3,-5.000000016E-02));
#2282 = B_SPLINE_CURVE_WITH_KNOTS('',1,(#2283,#2284),.UNSPECIFIED.,.F.,
  .F.,(2,2),(0.,1.85),.PIECEWISE_BEZIER_KNOTS.);
#2283 = CARTESIAN_POINT('',(12.4,-6.3,-4.999999999E-02));
#2284 = CARTESIAN_POINT('',(10.55,-6.3,-5.000000016E-02));
#2285 = ORIENTED_EDGE('',*,*,#2286,.T.);
#2286 = EDGE_CURVE('',#2280,#2229,#2287,.T.);
#2287 = B_SPLINE_CURVE_WITH_KNOTS('',1,(#2288,#2289),.UNSPECIFIED.,.F.,
  .F.,(2,2),(0.,0.15),.PIECEWISE_BEZIER_KNOTS.);
#2288 = CARTESIAN_POINT('',(10.55,-6.3,-5.000000016E-02));
#2289 = CARTESIAN_POINT('',(10.55,-6.3,-0.2));
#2290 = B_SPLINE_SURFACE_WITH_KNOTS('',1,1,(
    (#2291,#2292)
    ,(#2293,#2294
    )),.UNSPECIFIED.,.F.,.F.,.F.,(2,2),(2,2),(-1.998722049,3.301277951),
  (-0.773365418,0.376634582),.PIECEWISE_BEZIER_KNOTS.);
#2291 = CARTESIAN_POINT('',(7.25,-6.3,-0.2));
#2292 = CARTESIAN_POINT('',(7.25,-6.3,0.95));
#2293 = CARTESIAN_POINT('',(12.55,-6.3,-0.2));
#2294 = CARTESIAN_POINT('',(12.55,-6.3,0.95));
#2295 = SHELL_BASED_SURFACE_MODEL('',(#2296));
#2296 = OPEN_SHELL('',(#2297));
#2297 = ADVANCED_FACE('',(#2298),#2328,.T.);
#2298 = FACE_BOUND('',#2299,.T.);
#2299 = EDGE_LOOP('',(#2300,#2309,#2316,#2323));
#2300 = ORIENTED_EDGE('',*,*,#2301,.T.);
#2301 = EDGE_CURVE('',#2302,#2304,#2306,.T.);
#2302 = VERTEX_POINT('',#2303);
#2303 = CARTESIAN_POINT('',(12.6,-2.8,0.1));
#2304 = VERTEX_POINT('',#2305);
#2305 = CARTESIAN_POINT('',(10.3,-2.8,0.1));
#2306 = B_SPLINE_CURVE_WITH_KNOTS('',1,(#2307,#2308),.UNSPECIFIED.,.F.,
  .F.,(2,2),(-2.3,0.),.PIECEWISE_BEZIER_KNOTS.);
#2307 = CARTESIAN_POINT('',(12.6,-2.8,0.1));
#2308 = CARTESIAN_POINT('',(10.3,-2.8,0.1));
#2309 = ORIENTED_EDGE('',*,*,#2310,.T.);
#2310 = EDGE_CURVE('',#2304,#2311,#2313,.T.);
#2311 = VERTEX_POINT('',#2312);
#2312 = CARTESIAN_POINT('',(10.3,-2.8,0.));
#2313 = B_SPLINE_CURVE_WITH_KNOTS('',1,(#2314,#2315),.UNSPECIFIED.,.F.,
  .F.,(2,2),(0.,0.1),.PIECEWISE_BEZIER_KNOTS.);
#2314 = CARTESIAN_POINT('',(10.3,-2.8,0.1));
#2315 = CARTESIAN_POINT('',(10.3,-2.8,0.));
#2316 = ORIENTED_EDGE('',*,*,#2317,.T.);
#2317 = EDGE_CURVE('',#2311,#2318,#2320,.T.);
#2318 = VERTEX_POINT('',#2319);
#2319 = CARTESIAN_POINT('',(12.6,-2.8,0.));
#2320 = B_SPLINE_CURVE_WITH_KNOTS('',1,(#2321,#2322),.UNSPECIFIED.,.F.,
  .F.,(2,2),(-3.17871343,-0.87871343),.PIECEWISE_BEZIER_KNOTS.);
#2321 = CARTESIAN_POINT('',(10.3,-2.8,0.));
#2322 = CARTESIAN_POINT('',(12.6,-2.8,0.));
#2323 = ORIENTED_EDGE('',*,*,#2324,.T.);
#2324 = EDGE_CURVE('',#2318,#2302,#2325,.T.);
#2325 = B_SPLINE_CURVE_WITH_KNOTS('',1,(#2326,#2327),.UNSPECIFIED.,.F.,
  .F.,(2,2),(-0.1,0.),.PIECEWISE_BEZIER_KNOTS.);
#2326 = CARTESIAN_POINT('',(12.6,-2.8,0.));
#2327 = CARTESIAN_POINT('',(12.6,-2.8,0.1));
#2328 = B_SPLINE_SURFACE_WITH_KNOTS('',1,1,(
    (#2329,#2330)
    ,(#2331,#2332
    )),.UNSPECIFIED.,.F.,.F.,.F.,(2,2),(2,2),(-2.273736754E-13,2.3),(0.,
    0.1),.PIECEWISE_BEZIER_KNOTS.);
#2329 = CARTESIAN_POINT('',(10.3,-2.8,0.));
#2330 = CARTESIAN_POINT('',(10.3,-2.8,0.1));
#2331 = CARTESIAN_POINT('',(12.6,-2.8,0.));
#2332 = CARTESIAN_POINT('',(12.6,-2.8,0.1));
#2333 = SHELL_BASED_SURFACE_MODEL('',(#2334));
#2334 = OPEN_SHELL('',(#2335));
#2335 = ADVANCED_FACE('',(#2336),#2366,.T.);
#2336 = FACE_BOUND('',#2337,.T.);
#2337 = EDGE_LOOP('',(#2338,#2347,#2354,#2361));
#2338 = ORIENTED_EDGE('',*,*,#2339,.T.);
#2339 = EDGE_CURVE('',#2340,#2342,#2344,.T.);
#2340 = VERTEX_POINT('',#2341);
#2341 = CARTESIAN_POINT('',(12.4,-3.3,-4.999999999E-02));
#2342 = VERTEX_POINT('',#2343);
#2343 = CARTESIAN_POINT('',(12.4,-6.3,-4.999999999E-02));
#2344 = B_SPLINE_CURVE_WITH_KNOTS('',1,(#2345,#2346),.UNSPECIFIED.,.F.,
  .F.,(2,2),(0.,3.),.PIECEWISE_BEZIER_KNOTS.);
#2345 = CARTESIAN_POINT('',(12.4,-3.3,-4.999999999E-02));
#2346 = CARTESIAN_POINT('',(12.4,-6.3,-4.999999999E-02));
#2347 = ORIENTED_EDGE('',*,*,#2348,.T.);
#2348 = EDGE_CURVE('',#2342,#2349,#2351,.T.);
#2349 = VERTEX_POINT('',#2350);
#2350 = CARTESIAN_POINT('',(12.4,-6.3,0.1));
#2351 = B_SPLINE_CURVE_WITH_KNOTS('',1,(#2352,#2353),.UNSPECIFIED.,.F.,
  .F.,(2,2),(0.,0.15),.PIECEWISE_BEZIER_KNOTS.);
#2352 = CARTESIAN_POINT('',(12.4,-6.3,-4.999999999E-02));
#2353 = CARTESIAN_POINT('',(12.4,-6.3,0.1));
#2354 = ORIENTED_EDGE('',*,*,#2355,.T.);
#2355 = EDGE_CURVE('',#2349,#2356,#2358,.T.);
#2356 = VERTEX_POINT('',#2357);
#2357 = CARTESIAN_POINT('',(12.4,-3.3,0.1));
#2358 = B_SPLINE_CURVE_WITH_KNOTS('',1,(#2359,#2360),.UNSPECIFIED.,.F.,
  .F.,(2,2),(-0.7375,2.2625),.PIECEWISE_BEZIER_KNOTS.);
#2359 = CARTESIAN_POINT('',(12.4,-6.3,0.1));
#2360 = CARTESIAN_POINT('',(12.4,-3.3,0.1));
#2361 = ORIENTED_EDGE('',*,*,#2362,.T.);
#2362 = EDGE_CURVE('',#2356,#2340,#2363,.T.);
#2363 = B_SPLINE_CURVE_WITH_KNOTS('',1,(#2364,#2365),.UNSPECIFIED.,.F.,
  .F.,(2,2),(0.7,0.85),.PIECEWISE_BEZIER_KNOTS.);
#2364 = CARTESIAN_POINT('',(12.4,-3.3,0.1));
#2365 = CARTESIAN_POINT('',(12.4,-3.3,-4.999999999E-02));
#2366 = B_SPLINE_SURFACE_WITH_KNOTS('',1,1,(
    (#2367,#2368)
    ,(#2369,#2370
    )),.UNSPECIFIED.,.F.,.F.,.F.,(2,2),(2,2),(0.,0.85),(0.,3.),
  .PIECEWISE_BEZIER_KNOTS.);
#2367 = CARTESIAN_POINT('',(12.4,-6.3,-4.999999999E-02));
#2368 = CARTESIAN_POINT('',(12.4,-3.3,-4.999999999E-02));
#2369 = CARTESIAN_POINT('',(12.4,-6.3,0.8));
#2370 = CARTESIAN_POINT('',(12.4,-3.3,0.8));
#2371 = SHELL_BASED_SURFACE_MODEL('',(#2372));
#2372 = OPEN_SHELL('',(#2373));
#2373 = ADVANCED_FACE('',(#2374),#2404,.T.);
#2374 = FACE_BOUND('',#2375,.T.);
#2375 = EDGE_LOOP('',(#2376,#2385,#2392,#2399));
#2376 = ORIENTED_EDGE('',*,*,#2377,.T.);
#2377 = EDGE_CURVE('',#2378,#2380,#2382,.T.);
#2378 = VERTEX_POINT('',#2379);
#2379 = CARTESIAN_POINT('',(10.3,-6.8,0.));
#2380 = VERTEX_POINT('',#2381);
#2381 = CARTESIAN_POINT('',(10.3,-2.8,0.));
#2382 = B_SPLINE_CURVE_WITH_KNOTS('',1,(#2383,#2384),.UNSPECIFIED.,.F.,
  .F.,(2,2),(-1.017029656,2.982970344),.PIECEWISE_BEZIER_KNOTS.);
#2383 = CARTESIAN_POINT('',(10.3,-6.8,0.));
#2384 = CARTESIAN_POINT('',(10.3,-2.8,0.));
#2385 = ORIENTED_EDGE('',*,*,#2386,.T.);
#2386 = EDGE_CURVE('',#2380,#2387,#2389,.T.);
#2387 = VERTEX_POINT('',#2388);
#2388 = CARTESIAN_POINT('',(10.3,-2.8,0.1));
#2389 = B_SPLINE_CURVE_WITH_KNOTS('',1,(#2390,#2391),.UNSPECIFIED.,.F.,
  .F.,(2,2),(0.,0.1),.PIECEWISE_BEZIER_KNOTS.);
#2390 = CARTESIAN_POINT('',(10.3,-2.8,0.));
#2391 = CARTESIAN_POINT('',(10.3,-2.8,0.1));
#2392 = ORIENTED_EDGE('',*,*,#2393,.T.);
#2393 = EDGE_CURVE('',#2387,#2394,#2396,.T.);
#2394 = VERTEX_POINT('',#2395);
#2395 = CARTESIAN_POINT('',(10.3,-6.8,0.1));
#2396 = B_SPLINE_CURVE_WITH_KNOTS('',1,(#2397,#2398),.UNSPECIFIED.,.F.,
  .F.,(2,2),(-4.,0.),.PIECEWISE_BEZIER_KNOTS.);
#2397 = CARTESIAN_POINT('',(10.3,-2.8,0.1));
#2398 = CARTESIAN_POINT('',(10.3,-6.8,0.1));
#2399 = ORIENTED_EDGE('',*,*,#2400,.T.);
#2400 = EDGE_CURVE('',#2394,#2378,#2401,.T.);
#2401 = B_SPLINE_CURVE_WITH_KNOTS('',1,(#2402,#2403),.UNSPECIFIED.,.F.,
  .F.,(2,2),(0.,0.1),.PIECEWISE_BEZIER_KNOTS.);
#2402 = CARTESIAN_POINT('',(10.3,-6.8,0.1));
#2403 = CARTESIAN_POINT('',(10.3,-6.8,0.));
#2404 = B_SPLINE_SURFACE_WITH_KNOTS('',1,1,(
    (#2405,#2406)
    ,(#2407,#2408
    )),.UNSPECIFIED.,.F.,.F.,.F.,(2,2),(2,2),(0.,4.),(0.,0.1),
  .PIECEWISE_BEZIER_KNOTS.);
#2405 = CARTESIAN_POINT('',(10.3,-6.8,0.));
#2406 = CARTESIAN_POINT('',(10.3,-6.8,0.1));
#2407 = CARTESIAN_POINT('',(10.3,-2.8,0.));
#2408 = CARTESIAN_POINT('',(10.3,-2.8,0.1));
#2409 = SHELL_BASED_SURFACE_MODEL('',(#2410));
#2410 = OPEN_SHELL('',(#2411));
#2411 = ADVANCED_FACE('',(#2412),#2442,.T.);
#2412 = FACE_BOUND('',#2413,.T.);
#2413 = EDGE_LOOP('',(#2414,#2423,#2430,#2437));
#2414 = ORIENTED_EDGE('',*,*,#2415,.T.);
#2415 = EDGE_CURVE('',#2416,#2418,#2420,.T.);
#2416 = VERTEX_POINT('',#2417);
#2417 = CARTESIAN_POINT('',(4.8,-11.1,0.8));
#2418 = VERTEX_POINT('',#2419);
#2419 = CARTESIAN_POINT('',(1.,-11.1,0.8));
#2420 = B_SPLINE_CURVE_WITH_KNOTS('',1,(#2421,#2422),.UNSPECIFIED.,.F.,
  .F.,(2,2),(-1.,2.8),.PIECEWISE_BEZIER_KNOTS.);
#2421 = CARTESIAN_POINT('',(4.8,-11.1,0.8));
#2422 = CARTESIAN_POINT('',(1.,-11.1,0.8));
#2423 = ORIENTED_EDGE('',*,*,#2424,.T.);
#2424 = EDGE_CURVE('',#2418,#2425,#2427,.T.);
#2425 = VERTEX_POINT('',#2426);
#2426 = CARTESIAN_POINT('',(1.,-11.1,6.816769371E-14));
#2427 = B_SPLINE_CURVE_WITH_KNOTS('',1,(#2428,#2429),.UNSPECIFIED.,.F.,
  .F.,(2,2),(0.,0.8),.PIECEWISE_BEZIER_KNOTS.);
#2428 = CARTESIAN_POINT('',(1.,-11.1,0.8));
#2429 = CARTESIAN_POINT('',(1.,-11.1,6.816769371E-14));
#2430 = ORIENTED_EDGE('',*,*,#2431,.T.);
#2431 = EDGE_CURVE('',#2425,#2432,#2434,.T.);
#2432 = VERTEX_POINT('',#2433);
#2433 = CARTESIAN_POINT('',(4.8,-11.1,3.4083846855E-14));
#2434 = B_SPLINE_CURVE_WITH_KNOTS('',1,(#2435,#2436),.UNSPECIFIED.,.F.,
  .F.,(2,2),(-2.8,1.),.PIECEWISE_BEZIER_KNOTS.);
#2435 = CARTESIAN_POINT('',(1.,-11.1,6.816769371E-14));
#2436 = CARTESIAN_POINT('',(4.8,-11.1,6.816769371E-14));
#2437 = ORIENTED_EDGE('',*,*,#2438,.T.);
#2438 = EDGE_CURVE('',#2432,#2416,#2439,.T.);
#2439 = B_SPLINE_CURVE_WITH_KNOTS('',1,(#2440,#2441),.UNSPECIFIED.,.F.,
  .F.,(2,2),(0.,0.8),.PIECEWISE_BEZIER_KNOTS.);
#2440 = CARTESIAN_POINT('',(4.8,-11.1,0.));
#2441 = CARTESIAN_POINT('',(4.8,-11.1,0.8));
#2442 = B_SPLINE_SURFACE_WITH_KNOTS('',1,1,(
    (#2443,#2444)
    ,(#2445,#2446
    )),.UNSPECIFIED.,.F.,.F.,.F.,(2,2),(2,2),(0.,3.8),(-6.816769371E-14,
    0.8),.PIECEWISE_BEZIER_KNOTS.);
#2443 = CARTESIAN_POINT('',(1.,-11.1,0.));
#2444 = CARTESIAN_POINT('',(1.,-11.1,0.8));
#2445 = CARTESIAN_POINT('',(4.8,-11.1,0.));
#2446 = CARTESIAN_POINT('',(4.8,-11.1,0.8));
#2447 = SHELL_BASED_SURFACE_MODEL('',(#2448));
#2448 = OPEN_SHELL('',(#2449));
#2449 = ADVANCED_FACE('',(#2450),#2482,.T.);
#2450 = FACE_BOUND('',#2451,.T.);
#2451 = EDGE_LOOP('',(#2452,#2461,#2469,#2476));
#2452 = ORIENTED_EDGE('',*,*,#2453,.T.);
#2453 = EDGE_CURVE('',#2454,#2456,#2458,.T.);
#2454 = VERTEX_POINT('',#2455);
#2455 = CARTESIAN_POINT('',(1.,-11.1,6.816769371E-14));
#2456 = VERTEX_POINT('',#2457);
#2457 = CARTESIAN_POINT('',(1.,-11.1,0.8));
#2458 = B_SPLINE_CURVE_WITH_KNOTS('',1,(#2459,#2460),.UNSPECIFIED.,.F.,
  .F.,(2,2),(0.,0.8),.PIECEWISE_BEZIER_KNOTS.);
#2459 = CARTESIAN_POINT('',(1.,-11.1,6.816769371E-14));
#2460 = CARTESIAN_POINT('',(1.,-11.1,0.8));
#2461 = ORIENTED_EDGE('',*,*,#2462,.T.);
#2462 = EDGE_CURVE('',#2456,#2463,#2465,.T.);
#2463 = VERTEX_POINT('',#2464);
#2464 = CARTESIAN_POINT('',(0.,-10.1,0.8));
#2465 = ( BOUNDED_CURVE() B_SPLINE_CURVE(2,(#2466,#2467,#2468),
.UNSPECIFIED.,.F.,.F.) B_SPLINE_CURVE_WITH_KNOTS((3,3),(-1.570796327,0.)
,.PIECEWISE_BEZIER_KNOTS.) CURVE() GEOMETRIC_REPRESENTATION_ITEM() 
RATIONAL_B_SPLINE_CURVE((1.,0.707106781,1.)) REPRESENTATION_ITEM('') );
#2466 = CARTESIAN_POINT('',(1.,-11.1,0.8));
#2467 = CARTESIAN_POINT('',(-2.000888344E-11,-11.1,0.8));
#2468 = CARTESIAN_POINT('',(0.,-10.1,0.8));
#2469 = ORIENTED_EDGE('',*,*,#2470,.T.);
#2470 = EDGE_CURVE('',#2463,#2471,#2473,.T.);
#2471 = VERTEX_POINT('',#2472);
#2472 = CARTESIAN_POINT('',(0.,-10.1,6.816769371E-14));
#2473 = B_SPLINE_CURVE_WITH_KNOTS('',1,(#2474,#2475),.UNSPECIFIED.,.F.,
  .F.,(2,2),(0.,0.8),.PIECEWISE_BEZIER_KNOTS.);
#2474 = CARTESIAN_POINT('',(0.,-10.1,0.8));
#2475 = CARTESIAN_POINT('',(0.,-10.1,6.816769371E-14));
#2476 = ORIENTED_EDGE('',*,*,#2477,.T.);
#2477 = EDGE_CURVE('',#2471,#2454,#2478,.T.);
#2478 = ( BOUNDED_CURVE() B_SPLINE_CURVE(2,(#2479,#2480,#2481),
.UNSPECIFIED.,.F.,.F.) B_SPLINE_CURVE_WITH_KNOTS((3,3),(0.,1.570796327),
.PIECEWISE_BEZIER_KNOTS.) CURVE() GEOMETRIC_REPRESENTATION_ITEM() 
RATIONAL_B_SPLINE_CURVE((1.,0.707106781,1.)) REPRESENTATION_ITEM('') );
#2479 = CARTESIAN_POINT('',(0.,-10.1,6.816769371E-14));
#2480 = CARTESIAN_POINT('',(-2.000888344E-11,-11.1,6.816769371E-14));
#2481 = CARTESIAN_POINT('',(1.,-11.1,6.816769371E-14));
#2482 = ( BOUNDED_SURFACE() B_SPLINE_SURFACE(1,2,(
    (#2483,#2484,#2485)
    ,(#2486,#2487,#2488
)),.UNSPECIFIED.,.F.,.F.,.F.) B_SPLINE_SURFACE_WITH_KNOTS((2,2),(3,3),(
    0.,0.8),(-1.570796327,0.),.PIECEWISE_BEZIER_KNOTS.) 
GEOMETRIC_REPRESENTATION_ITEM() RATIONAL_B_SPLINE_SURFACE((
    (1.,0.707106781,1.)
,(1.,0.707106781,1.))) REPRESENTATION_ITEM('') SURFACE() );
#2483 = CARTESIAN_POINT('',(0.,-10.1,0.8));
#2484 = CARTESIAN_POINT('',(-2.000888344E-11,-11.1,0.8));
#2485 = CARTESIAN_POINT('',(1.,-11.1,0.8));
#2486 = CARTESIAN_POINT('',(0.,-10.1,6.816769371E-14));
#2487 = CARTESIAN_POINT('',(-2.000888344E-11,-11.1,6.816769371E-14));
#2488 = CARTESIAN_POINT('',(1.,-11.1,6.816769371E-14));
#2489 = SHELL_BASED_SURFACE_MODEL('',(#2490));
#2490 = OPEN_SHELL('',(#2491));
#2491 = ADVANCED_FACE('',(#2492),#2536,.T.);
#2492 = FACE_BOUND('',#2493,.T.);
#2493 = EDGE_LOOP('',(#2494,#2503,#2510,#2517,#2524,#2531));
#2494 = ORIENTED_EDGE('',*,*,#2495,.T.);
#2495 = EDGE_CURVE('',#2496,#2498,#2500,.T.);
#2496 = VERTEX_POINT('',#2497);
#2497 = CARTESIAN_POINT('',(0.,-6.325,0.1));
#2498 = VERTEX_POINT('',#2499);
#2499 = CARTESIAN_POINT('',(0.,-6.8,0.1));
#2500 = B_SPLINE_CURVE_WITH_KNOTS('',1,(#2501,#2502),.UNSPECIFIED.,.F.,
  .F.,(2,2),(0.7625,1.2375),.PIECEWISE_BEZIER_KNOTS.);
#2501 = CARTESIAN_POINT('',(0.,-6.325,0.1));
#2502 = CARTESIAN_POINT('',(0.,-6.8,0.1));
#2503 = ORIENTED_EDGE('',*,*,#2504,.T.);
#2504 = EDGE_CURVE('',#2498,#2505,#2507,.T.);
#2505 = VERTEX_POINT('',#2506);
#2506 = CARTESIAN_POINT('',(0.,-6.8,0.));
#2507 = B_SPLINE_CURVE_WITH_KNOTS('',1,(#2508,#2509),.UNSPECIFIED.,.F.,
  .F.,(2,2),(-0.1,0.),.PIECEWISE_BEZIER_KNOTS.);
#2508 = CARTESIAN_POINT('',(0.,-6.8,0.1));
#2509 = CARTESIAN_POINT('',(0.,-6.8,0.));
#2510 = ORIENTED_EDGE('',*,*,#2511,.T.);
#2511 = EDGE_CURVE('',#2505,#2512,#2514,.T.);
#2512 = VERTEX_POINT('',#2513);
#2513 = CARTESIAN_POINT('',(0.,-10.1,3.4083846855E-14));
#2514 = B_SPLINE_CURVE_WITH_KNOTS('',1,(#2515,#2516),.UNSPECIFIED.,.F.,
  .F.,(2,2),(0.475,3.775),.PIECEWISE_BEZIER_KNOTS.);
#2515 = CARTESIAN_POINT('',(0.,-6.8,0.));
#2516 = CARTESIAN_POINT('',(0.,-10.1,0.));
#2517 = ORIENTED_EDGE('',*,*,#2518,.T.);
#2518 = EDGE_CURVE('',#2512,#2519,#2521,.T.);
#2519 = VERTEX_POINT('',#2520);
#2520 = CARTESIAN_POINT('',(0.,-10.1,0.8));
#2521 = B_SPLINE_CURVE_WITH_KNOTS('',1,(#2522,#2523),.UNSPECIFIED.,.F.,
  .F.,(2,2),(0.,0.8),.PIECEWISE_BEZIER_KNOTS.);
#2522 = CARTESIAN_POINT('',(0.,-10.1,6.816769371E-14));
#2523 = CARTESIAN_POINT('',(0.,-10.1,0.8));
#2524 = ORIENTED_EDGE('',*,*,#2525,.T.);
#2525 = EDGE_CURVE('',#2519,#2526,#2528,.T.);
#2526 = VERTEX_POINT('',#2527);
#2527 = CARTESIAN_POINT('',(0.,-6.325,0.8));
#2528 = B_SPLINE_CURVE_WITH_KNOTS('',1,(#2529,#2530),.UNSPECIFIED.,.F.,
  .F.,(2,2),(0.,3.775),.PIECEWISE_BEZIER_KNOTS.);
#2529 = CARTESIAN_POINT('',(0.,-10.1,0.8));
#2530 = CARTESIAN_POINT('',(0.,-6.325,0.8));
#2531 = ORIENTED_EDGE('',*,*,#2532,.T.);
#2532 = EDGE_CURVE('',#2526,#2496,#2533,.T.);
#2533 = B_SPLINE_CURVE_WITH_KNOTS('',1,(#2534,#2535),.UNSPECIFIED.,.F.,
  .F.,(2,2),(0.1,0.8),.PIECEWISE_BEZIER_KNOTS.);
#2534 = CARTESIAN_POINT('',(0.,-6.325,0.8));
#2535 = CARTESIAN_POINT('',(0.,-6.325,0.1));
#2536 = B_SPLINE_SURFACE_WITH_KNOTS('',1,1,(
    (#2537,#2538)
    ,(#2539,#2540
    )),.UNSPECIFIED.,.F.,.F.,.F.,(2,2),(2,2),(0.,3.775),(0.,0.8),
  .PIECEWISE_BEZIER_KNOTS.);
#2537 = CARTESIAN_POINT('',(0.,-6.325,0.));
#2538 = CARTESIAN_POINT('',(0.,-6.325,0.8));
#2539 = CARTESIAN_POINT('',(0.,-10.1,0.));
#2540 = CARTESIAN_POINT('',(0.,-10.1,0.8));
#2541 = SHELL_BASED_SURFACE_MODEL('',(#2542));
#2542 = OPEN_SHELL('',(#2543));
#2543 = ADVANCED_FACE('',(#2544),#2574,.T.);
#2544 = FACE_BOUND('',#2545,.T.);
#2545 = EDGE_LOOP('',(#2546,#2555,#2562,#2569));
#2546 = ORIENTED_EDGE('',*,*,#2547,.T.);
#2547 = EDGE_CURVE('',#2548,#2550,#2552,.T.);
#2548 = VERTEX_POINT('',#2549);
#2549 = CARTESIAN_POINT('',(2.3,-6.8,0.));
#2550 = VERTEX_POINT('',#2551);
#2551 = CARTESIAN_POINT('',(-5.00222086E-12,-6.8,0.));
#2552 = B_SPLINE_CURVE_WITH_KNOTS('',1,(#2553,#2554),.UNSPECIFIED.,.F.,
  .F.,(2,2),(-3.12128657,-0.82128657),.PIECEWISE_BEZIER_KNOTS.);
#2553 = CARTESIAN_POINT('',(2.3,-6.8,0.));
#2554 = CARTESIAN_POINT('',(-1.000444172E-11,-6.8,0.));
#2555 = ORIENTED_EDGE('',*,*,#2556,.T.);
#2556 = EDGE_CURVE('',#2550,#2557,#2559,.T.);
#2557 = VERTEX_POINT('',#2558);
#2558 = CARTESIAN_POINT('',(-5.00222086E-12,-6.8,0.1));
#2559 = B_SPLINE_CURVE_WITH_KNOTS('',1,(#2560,#2561),.UNSPECIFIED.,.F.,
  .F.,(2,2),(-0.1,0.),.PIECEWISE_BEZIER_KNOTS.);
#2560 = CARTESIAN_POINT('',(0.,-6.8,0.));
#2561 = CARTESIAN_POINT('',(0.,-6.8,0.1));
#2562 = ORIENTED_EDGE('',*,*,#2563,.T.);
#2563 = EDGE_CURVE('',#2557,#2564,#2566,.T.);
#2564 = VERTEX_POINT('',#2565);
#2565 = CARTESIAN_POINT('',(2.3,-6.8,0.1));
#2566 = B_SPLINE_CURVE_WITH_KNOTS('',1,(#2567,#2568),.UNSPECIFIED.,.F.,
  .F.,(2,2),(-2.3,0.),.PIECEWISE_BEZIER_KNOTS.);
#2567 = CARTESIAN_POINT('',(-1.000444172E-11,-6.8,0.1));
#2568 = CARTESIAN_POINT('',(2.3,-6.8,0.1));
#2569 = ORIENTED_EDGE('',*,*,#2570,.T.);
#2570 = EDGE_CURVE('',#2564,#2548,#2571,.T.);
#2571 = B_SPLINE_CURVE_WITH_KNOTS('',1,(#2572,#2573),.UNSPECIFIED.,.F.,
  .F.,(2,2),(0.,0.1),.PIECEWISE_BEZIER_KNOTS.);
#2572 = CARTESIAN_POINT('',(2.3,-6.8,0.1));
#2573 = CARTESIAN_POINT('',(2.3,-6.8,0.));
#2574 = B_SPLINE_SURFACE_WITH_KNOTS('',1,1,(
    (#2575,#2576)
    ,(#2577,#2578
    )),.UNSPECIFIED.,.F.,.F.,.F.,(2,2),(2,2),(0.,2.3),(0.,0.1),
  .PIECEWISE_BEZIER_KNOTS.);
#2575 = CARTESIAN_POINT('',(2.3,-6.8,0.));
#2576 = CARTESIAN_POINT('',(2.3,-6.8,0.1));
#2577 = CARTESIAN_POINT('',(-1.000444172E-11,-6.8,0.));
#2578 = CARTESIAN_POINT('',(-1.000444172E-11,-6.8,0.1));
#2579 = SHELL_BASED_SURFACE_MODEL('',(#2580));
#2580 = OPEN_SHELL('',(#2581));
#2581 = ADVANCED_FACE('',(#2582),#2612,.T.);
#2582 = FACE_BOUND('',#2583,.T.);
#2583 = EDGE_LOOP('',(#2584,#2593,#2600,#2607));
#2584 = ORIENTED_EDGE('',*,*,#2585,.T.);
#2585 = EDGE_CURVE('',#2586,#2588,#2590,.T.);
#2586 = VERTEX_POINT('',#2587);
#2587 = CARTESIAN_POINT('',(2.3,-2.8,0.));
#2588 = VERTEX_POINT('',#2589);
#2589 = CARTESIAN_POINT('',(2.3,-6.8,0.));
#2590 = B_SPLINE_CURVE_WITH_KNOTS('',1,(#2591,#2592),.UNSPECIFIED.,.F.,
  .F.,(2,2),(-0.982970344,3.017029656),.PIECEWISE_BEZIER_KNOTS.);
#2591 = CARTESIAN_POINT('',(2.3,-2.8,0.));
#2592 = CARTESIAN_POINT('',(2.3,-6.8,0.));
#2593 = ORIENTED_EDGE('',*,*,#2594,.T.);
#2594 = EDGE_CURVE('',#2588,#2595,#2597,.T.);
#2595 = VERTEX_POINT('',#2596);
#2596 = CARTESIAN_POINT('',(2.3,-6.8,0.1));
#2597 = B_SPLINE_CURVE_WITH_KNOTS('',1,(#2598,#2599),.UNSPECIFIED.,.F.,
  .F.,(2,2),(0.,0.1),.PIECEWISE_BEZIER_KNOTS.);
#2598 = CARTESIAN_POINT('',(2.3,-6.8,0.));
#2599 = CARTESIAN_POINT('',(2.3,-6.8,0.1));
#2600 = ORIENTED_EDGE('',*,*,#2601,.T.);
#2601 = EDGE_CURVE('',#2595,#2602,#2604,.T.);
#2602 = VERTEX_POINT('',#2603);
#2603 = CARTESIAN_POINT('',(2.3,-2.8,0.1));
#2604 = B_SPLINE_CURVE_WITH_KNOTS('',1,(#2605,#2606),.UNSPECIFIED.,.F.,
  .F.,(2,2),(-4.,0.),.PIECEWISE_BEZIER_KNOTS.);
#2605 = CARTESIAN_POINT('',(2.3,-6.8,0.1));
#2606 = CARTESIAN_POINT('',(2.3,-2.8,0.1));
#2607 = ORIENTED_EDGE('',*,*,#2608,.T.);
#2608 = EDGE_CURVE('',#2602,#2586,#2609,.T.);
#2609 = B_SPLINE_CURVE_WITH_KNOTS('',1,(#2610,#2611),.UNSPECIFIED.,.F.,
  .F.,(2,2),(0.,0.1),.PIECEWISE_BEZIER_KNOTS.);
#2610 = CARTESIAN_POINT('',(2.3,-2.8,0.1));
#2611 = CARTESIAN_POINT('',(2.3,-2.8,0.));
#2612 = B_SPLINE_SURFACE_WITH_KNOTS('',1,1,(
    (#2613,#2614)
    ,(#2615,#2616
    )),.UNSPECIFIED.,.F.,.F.,.F.,(2,2),(2,2),(0.,4.),(0.,0.1),
  .PIECEWISE_BEZIER_KNOTS.);
#2613 = CARTESIAN_POINT('',(2.3,-2.8,0.));
#2614 = CARTESIAN_POINT('',(2.3,-2.8,0.1));
#2615 = CARTESIAN_POINT('',(2.3,-6.8,0.));
#2616 = CARTESIAN_POINT('',(2.3,-6.8,0.1));
#2617 = SHELL_BASED_SURFACE_MODEL('',(#2618));
#2618 = OPEN_SHELL('',(#2619));
#2619 = ADVANCED_FACE('',(#2620),#2650,.T.);
#2620 = FACE_BOUND('',#2621,.T.);
#2621 = EDGE_LOOP('',(#2622,#2631,#2638,#2645));
#2622 = ORIENTED_EDGE('',*,*,#2623,.T.);
#2623 = EDGE_CURVE('',#2624,#2626,#2628,.T.);
#2624 = VERTEX_POINT('',#2625);
#2625 = CARTESIAN_POINT('',(0.2,-6.325,0.1));
#2626 = VERTEX_POINT('',#2627);
#2627 = CARTESIAN_POINT('',(0.,-6.325,0.1));
#2628 = B_SPLINE_CURVE_WITH_KNOTS('',1,(#2629,#2630),.UNSPECIFIED.,.F.,
  .F.,(2,2),(0.482307692,0.682307692),.PIECEWISE_BEZIER_KNOTS.);
#2629 = CARTESIAN_POINT('',(0.2,-6.325,0.1));
#2630 = CARTESIAN_POINT('',(0.,-6.325,0.1));
#2631 = ORIENTED_EDGE('',*,*,#2632,.T.);
#2632 = EDGE_CURVE('',#2626,#2633,#2635,.T.);
#2633 = VERTEX_POINT('',#2634);
#2634 = CARTESIAN_POINT('',(0.,-6.325,0.8));
#2635 = B_SPLINE_CURVE_WITH_KNOTS('',1,(#2636,#2637),.UNSPECIFIED.,.F.,
  .F.,(2,2),(0.1,0.8),.PIECEWISE_BEZIER_KNOTS.);
#2636 = CARTESIAN_POINT('',(0.,-6.325,0.1));
#2637 = CARTESIAN_POINT('',(0.,-6.325,0.8));
#2638 = ORIENTED_EDGE('',*,*,#2639,.T.);
#2639 = EDGE_CURVE('',#2633,#2640,#2642,.T.);
#2640 = VERTEX_POINT('',#2641);
#2641 = CARTESIAN_POINT('',(0.2,-6.325,0.8));
#2642 = B_SPLINE_CURVE_WITH_KNOTS('',1,(#2643,#2644),.UNSPECIFIED.,.F.,
  .F.,(2,2),(0.,0.2),.PIECEWISE_BEZIER_KNOTS.);
#2643 = CARTESIAN_POINT('',(0.,-6.325,0.8));
#2644 = CARTESIAN_POINT('',(0.2,-6.325,0.8));
#2645 = ORIENTED_EDGE('',*,*,#2646,.T.);
#2646 = EDGE_CURVE('',#2640,#2624,#2647,.T.);
#2647 = B_SPLINE_CURVE_WITH_KNOTS('',1,(#2648,#2649),.UNSPECIFIED.,.F.,
  .F.,(2,2),(0.1,0.8),.PIECEWISE_BEZIER_KNOTS.);
#2648 = CARTESIAN_POINT('',(0.2,-6.325,0.8));
#2649 = CARTESIAN_POINT('',(0.2,-6.325,0.1));
#2650 = B_SPLINE_SURFACE_WITH_KNOTS('',1,1,(
    (#2651,#2652)
    ,(#2653,#2654
    )),.UNSPECIFIED.,.F.,.F.,.F.,(2,2),(2,2),(0.,0.2),(0.1,0.8),
  .PIECEWISE_BEZIER_KNOTS.);
#2651 = CARTESIAN_POINT('',(0.2,-6.325,0.1));
#2652 = CARTESIAN_POINT('',(0.2,-6.325,0.8));
#2653 = CARTESIAN_POINT('',(0.,-6.325,0.1));
#2654 = CARTESIAN_POINT('',(0.,-6.325,0.8));
#2655 = SHELL_BASED_SURFACE_MODEL('',(#2656));
#2656 = OPEN_SHELL('',(#2657));
#2657 = ADVANCED_FACE('',(#2658),#2688,.T.);
#2658 = FACE_BOUND('',#2659,.T.);
#2659 = EDGE_LOOP('',(#2660,#2669,#2676,#2683));
#2660 = ORIENTED_EDGE('',*,*,#2661,.T.);
#2661 = EDGE_CURVE('',#2662,#2664,#2666,.T.);
#2662 = VERTEX_POINT('',#2663);
#2663 = CARTESIAN_POINT('',(0.2,-6.3,0.8));
#2664 = VERTEX_POINT('',#2665);
#2665 = CARTESIAN_POINT('',(0.2,-6.3,0.1));
#2666 = B_SPLINE_CURVE_WITH_KNOTS('',1,(#2667,#2668),.UNSPECIFIED.,.F.,
  .F.,(2,2),(0.,0.7),.PIECEWISE_BEZIER_KNOTS.);
#2667 = CARTESIAN_POINT('',(0.2,-6.3,0.8));
#2668 = CARTESIAN_POINT('',(0.2,-6.3,0.1));
#2669 = ORIENTED_EDGE('',*,*,#2670,.T.);
#2670 = EDGE_CURVE('',#2664,#2671,#2673,.T.);
#2671 = VERTEX_POINT('',#2672);
#2672 = CARTESIAN_POINT('',(0.2,-6.325,0.1));
#2673 = B_SPLINE_CURVE_WITH_KNOTS('',1,(#2674,#2675),.UNSPECIFIED.,.F.,
  .F.,(2,2),(2.2625,2.2875),.PIECEWISE_BEZIER_KNOTS.);
#2674 = CARTESIAN_POINT('',(0.2,-6.3,0.1));
#2675 = CARTESIAN_POINT('',(0.2,-6.325,0.1));
#2676 = ORIENTED_EDGE('',*,*,#2677,.T.);
#2677 = EDGE_CURVE('',#2671,#2678,#2680,.T.);
#2678 = VERTEX_POINT('',#2679);
#2679 = CARTESIAN_POINT('',(0.2,-6.325,0.8));
#2680 = B_SPLINE_CURVE_WITH_KNOTS('',1,(#2681,#2682),.UNSPECIFIED.,.F.,
  .F.,(2,2),(0.1,0.8),.PIECEWISE_BEZIER_KNOTS.);
#2681 = CARTESIAN_POINT('',(0.2,-6.325,0.1));
#2682 = CARTESIAN_POINT('',(0.2,-6.325,0.8));
#2683 = ORIENTED_EDGE('',*,*,#2684,.T.);
#2684 = EDGE_CURVE('',#2678,#2662,#2685,.T.);
#2685 = B_SPLINE_CURVE_WITH_KNOTS('',1,(#2686,#2687),.UNSPECIFIED.,.F.,
  .F.,(2,2),(0.,2.5E-02),.PIECEWISE_BEZIER_KNOTS.);
#2686 = CARTESIAN_POINT('',(0.2,-6.325,0.8));
#2687 = CARTESIAN_POINT('',(0.2,-6.3,0.8));
#2688 = B_SPLINE_SURFACE_WITH_KNOTS('',1,1,(
    (#2689,#2690)
    ,(#2691,#2692
    )),.UNSPECIFIED.,.F.,.F.,.F.,(2,2),(2,2),(0.,3.05),(0.1,0.8),
  .PIECEWISE_BEZIER_KNOTS.);
#2689 = CARTESIAN_POINT('',(0.2,-3.275,0.1));
#2690 = CARTESIAN_POINT('',(0.2,-3.275,0.8));
#2691 = CARTESIAN_POINT('',(0.2,-6.325,0.1));
#2692 = CARTESIAN_POINT('',(0.2,-6.325,0.8));
#2693 = SHELL_BASED_SURFACE_MODEL('',(#2694));
#2694 = OPEN_SHELL('',(#2695));
#2695 = ADVANCED_FACE('',(#2696),#2761,.T.);
#2696 = FACE_BOUND('',#2697,.T.);
#2697 = EDGE_LOOP('',(#2698,#2707,#2714,#2721,#2728,#2735,#2742,#2749,
    #2756));
#2698 = ORIENTED_EDGE('',*,*,#2699,.T.);
#2699 = EDGE_CURVE('',#2700,#2702,#2704,.T.);
#2700 = VERTEX_POINT('',#2701);
#2701 = CARTESIAN_POINT('',(5.E-02,-6.3,-0.2));
#2702 = VERTEX_POINT('',#2703);
#2703 = CARTESIAN_POINT('',(2.05,-6.3,-0.2));
#2704 = B_SPLINE_CURVE_WITH_KNOTS('',1,(#2705,#2706),.UNSPECIFIED.,.F.,
  .F.,(2,2),(0.,2.),.PIECEWISE_BEZIER_KNOTS.);
#2705 = CARTESIAN_POINT('',(5.E-02,-6.3,-0.2));
#2706 = CARTESIAN_POINT('',(2.05,-6.3,-0.2));
#2707 = ORIENTED_EDGE('',*,*,#2708,.T.);
#2708 = EDGE_CURVE('',#2702,#2709,#2711,.T.);
#2709 = VERTEX_POINT('',#2710);
#2710 = CARTESIAN_POINT('',(2.05,-6.3,-5.000000016E-02));
#2711 = B_SPLINE_CURVE_WITH_KNOTS('',1,(#2712,#2713),.UNSPECIFIED.,.F.,
  .F.,(2,2),(0.,0.15),.PIECEWISE_BEZIER_KNOTS.);
#2712 = CARTESIAN_POINT('',(2.05,-6.3,-0.2));
#2713 = CARTESIAN_POINT('',(2.05,-6.3,-5.000000016E-02));
#2714 = ORIENTED_EDGE('',*,*,#2715,.T.);
#2715 = EDGE_CURVE('',#2709,#2716,#2718,.T.);
#2716 = VERTEX_POINT('',#2717);
#2717 = CARTESIAN_POINT('',(0.2,-6.3,-4.999999999E-02));
#2718 = B_SPLINE_CURVE_WITH_KNOTS('',1,(#2719,#2720),.UNSPECIFIED.,.F.,
  .F.,(2,2),(0.,1.85),.PIECEWISE_BEZIER_KNOTS.);
#2719 = CARTESIAN_POINT('',(2.05,-6.3,-5.000000016E-02));
#2720 = CARTESIAN_POINT('',(0.2,-6.3,-4.999999999E-02));
#2721 = ORIENTED_EDGE('',*,*,#2722,.T.);
#2722 = EDGE_CURVE('',#2716,#2723,#2725,.T.);
#2723 = VERTEX_POINT('',#2724);
#2724 = CARTESIAN_POINT('',(0.2,-6.3,0.1));
#2725 = B_SPLINE_CURVE_WITH_KNOTS('',1,(#2726,#2727),.UNSPECIFIED.,.F.,
  .F.,(2,2),(0.,0.15),.PIECEWISE_BEZIER_KNOTS.);
#2726 = CARTESIAN_POINT('',(0.2,-6.3,-4.999999999E-02));
#2727 = CARTESIAN_POINT('',(0.2,-6.3,0.1));
#2728 = ORIENTED_EDGE('',*,*,#2729,.T.);
#2729 = EDGE_CURVE('',#2723,#2730,#2732,.T.);
#2730 = VERTEX_POINT('',#2731);
#2731 = CARTESIAN_POINT('',(0.2,-6.3,0.8));
#2732 = B_SPLINE_CURVE_WITH_KNOTS('',1,(#2733,#2734),.UNSPECIFIED.,.F.,
  .F.,(2,2),(0.15,0.85),.PIECEWISE_BEZIER_KNOTS.);
#2733 = CARTESIAN_POINT('',(0.2,-6.3,0.1));
#2734 = CARTESIAN_POINT('',(0.2,-6.3,0.8));
#2735 = ORIENTED_EDGE('',*,*,#2736,.T.);
#2736 = EDGE_CURVE('',#2730,#2737,#2739,.T.);
#2737 = VERTEX_POINT('',#2738);
#2738 = CARTESIAN_POINT('',(5.312318981,-6.3,0.8));
#2739 = B_SPLINE_CURVE_WITH_KNOTS('',1,(#2740,#2741),.UNSPECIFIED.,.F.,
  .F.,(2,2),(0.,5.112318981),.PIECEWISE_BEZIER_KNOTS.);
#2740 = CARTESIAN_POINT('',(0.2,-6.3,0.8));
#2741 = CARTESIAN_POINT('',(5.312318981,-6.3,0.8));
#2742 = ORIENTED_EDGE('',*,*,#2743,.T.);
#2743 = EDGE_CURVE('',#2737,#2744,#2746,.T.);
#2744 = VERTEX_POINT('',#2745);
#2745 = CARTESIAN_POINT('',(5.35,-6.3,0.95));
#2746 = B_SPLINE_CURVE_WITH_KNOTS('',1,(#2747,#2748),.UNSPECIFIED.,.F.,
  .F.,(2,2),(0.,0.154660464),.PIECEWISE_BEZIER_KNOTS.);
#2747 = CARTESIAN_POINT('',(5.312318981,-6.3,0.8));
#2748 = CARTESIAN_POINT('',(5.35,-6.3,0.95));
#2749 = ORIENTED_EDGE('',*,*,#2750,.T.);
#2750 = EDGE_CURVE('',#2744,#2751,#2753,.T.);
#2751 = VERTEX_POINT('',#2752);
#2752 = CARTESIAN_POINT('',(5.E-02,-6.3,0.95));
#2753 = B_SPLINE_CURVE_WITH_KNOTS('',1,(#2754,#2755),.UNSPECIFIED.,.F.,
  .F.,(2,2),(0.,5.3),.PIECEWISE_BEZIER_KNOTS.);
#2754 = CARTESIAN_POINT('',(5.35,-6.3,0.95));
#2755 = CARTESIAN_POINT('',(5.E-02,-6.3,0.95));
#2756 = ORIENTED_EDGE('',*,*,#2757,.T.);
#2757 = EDGE_CURVE('',#2751,#2700,#2758,.T.);
#2758 = B_SPLINE_CURVE_WITH_KNOTS('',1,(#2759,#2760),.UNSPECIFIED.,.F.,
  .F.,(2,2),(0.,1.15),.PIECEWISE_BEZIER_KNOTS.);
#2759 = CARTESIAN_POINT('',(5.E-02,-6.3,0.95));
#2760 = CARTESIAN_POINT('',(5.E-02,-6.3,-0.2));
#2761 = B_SPLINE_SURFACE_WITH_KNOTS('',1,1,(
    (#2762,#2763)
    ,(#2764,#2765
    )),.UNSPECIFIED.,.F.,.F.,.F.,(2,2),(2,2),(-1.998722049,3.301277951),
  (-0.773365418,0.376634582),.PIECEWISE_BEZIER_KNOTS.);
#2762 = CARTESIAN_POINT('',(5.E-02,-6.3,-0.2));
#2763 = CARTESIAN_POINT('',(5.E-02,-6.3,0.95));
#2764 = CARTESIAN_POINT('',(5.35,-6.3,-0.2));
#2765 = CARTESIAN_POINT('',(5.35,-6.3,0.95));
#2766 = SHELL_BASED_SURFACE_MODEL('',(#2767));
#2767 = OPEN_SHELL('',(#2768));
#2768 = ADVANCED_FACE('',(#2769),#2799,.T.);
#2769 = FACE_BOUND('',#2770,.T.);
#2770 = EDGE_LOOP('',(#2771,#2780,#2787,#2794));
#2771 = ORIENTED_EDGE('',*,*,#2772,.T.);
#2772 = EDGE_CURVE('',#2773,#2775,#2777,.T.);
#2773 = VERTEX_POINT('',#2774);
#2774 = CARTESIAN_POINT('',(5.312318981,-3.3,0.8));
#2775 = VERTEX_POINT('',#2776);
#2776 = CARTESIAN_POINT('',(5.35,-3.3,0.95));
#2777 = B_SPLINE_CURVE_WITH_KNOTS('',1,(#2778,#2779),.UNSPECIFIED.,.F.,
  .F.,(2,2),(0.,0.154660464),.PIECEWISE_BEZIER_KNOTS.);
#2778 = CARTESIAN_POINT('',(5.312318981,-3.3,0.8));
#2779 = CARTESIAN_POINT('',(5.35,-3.3,0.95));
#2780 = ORIENTED_EDGE('',*,*,#2781,.T.);
#2781 = EDGE_CURVE('',#2775,#2782,#2784,.T.);
#2782 = VERTEX_POINT('',#2783);
#2783 = CARTESIAN_POINT('',(5.35,-6.3,0.95));
#2784 = B_SPLINE_CURVE_WITH_KNOTS('',1,(#2785,#2786),.UNSPECIFIED.,.F.,
  .F.,(2,2),(0.,3.),.PIECEWISE_BEZIER_KNOTS.);
#2785 = CARTESIAN_POINT('',(5.35,-3.3,0.95));
#2786 = CARTESIAN_POINT('',(5.35,-6.3,0.95));
#2787 = ORIENTED_EDGE('',*,*,#2788,.T.);
#2788 = EDGE_CURVE('',#2782,#2789,#2791,.T.);
#2789 = VERTEX_POINT('',#2790);
#2790 = CARTESIAN_POINT('',(5.312318981,-6.3,0.8));
#2791 = B_SPLINE_CURVE_WITH_KNOTS('',1,(#2792,#2793),.UNSPECIFIED.,.F.,
  .F.,(2,2),(0.,0.154660464),.PIECEWISE_BEZIER_KNOTS.);
#2792 = CARTESIAN_POINT('',(5.35,-6.3,0.95));
#2793 = CARTESIAN_POINT('',(5.312318981,-6.3,0.8));
#2794 = ORIENTED_EDGE('',*,*,#2795,.T.);
#2795 = EDGE_CURVE('',#2789,#2773,#2796,.T.);
#2796 = B_SPLINE_CURVE_WITH_KNOTS('',1,(#2797,#2798),.UNSPECIFIED.,.F.,
  .F.,(2,2),(0.,3.),.PIECEWISE_BEZIER_KNOTS.);
#2797 = CARTESIAN_POINT('',(5.312318981,-6.3,0.8));
#2798 = CARTESIAN_POINT('',(5.312318981,-3.3,0.8));
#2799 = B_SPLINE_SURFACE_WITH_KNOTS('',1,1,(
    (#2800,#2801)
    ,(#2802,#2803
    )),.UNSPECIFIED.,.F.,.F.,.F.,(2,2),(2,2),(0.,0.154660464),(0.,3.),
  .PIECEWISE_BEZIER_KNOTS.);
#2800 = CARTESIAN_POINT('',(5.312318981,-3.3,0.8));
#2801 = CARTESIAN_POINT('',(5.312318981,-6.3,0.8));
#2802 = CARTESIAN_POINT('',(5.35,-3.3,0.95));
#2803 = CARTESIAN_POINT('',(5.35,-6.3,0.95));
#2804 = SHELL_BASED_SURFACE_MODEL('',(#2805));
#2805 = OPEN_SHELL('',(#2806));
#2806 = ADVANCED_FACE('',(#2807),#2872,.T.);
#2807 = FACE_BOUND('',#2808,.T.);
#2808 = EDGE_LOOP('',(#2809,#2818,#2825,#2832,#2839,#2846,#2853,#2860,
    #2867));
#2809 = ORIENTED_EDGE('',*,*,#2810,.T.);
#2810 = EDGE_CURVE('',#2811,#2813,#2815,.T.);
#2811 = VERTEX_POINT('',#2812);
#2812 = CARTESIAN_POINT('',(2.05,-3.3,-0.2));
#2813 = VERTEX_POINT('',#2814);
#2814 = CARTESIAN_POINT('',(5.E-02,-3.3,-0.2));
#2815 = B_SPLINE_CURVE_WITH_KNOTS('',1,(#2816,#2817),.UNSPECIFIED.,.F.,
  .F.,(2,2),(0.,2.),.PIECEWISE_BEZIER_KNOTS.);
#2816 = CARTESIAN_POINT('',(2.05,-3.3,-0.2));
#2817 = CARTESIAN_POINT('',(5.E-02,-3.3,-0.2));
#2818 = ORIENTED_EDGE('',*,*,#2819,.T.);
#2819 = EDGE_CURVE('',#2813,#2820,#2822,.T.);
#2820 = VERTEX_POINT('',#2821);
#2821 = CARTESIAN_POINT('',(5.E-02,-3.3,0.95));
#2822 = B_SPLINE_CURVE_WITH_KNOTS('',1,(#2823,#2824),.UNSPECIFIED.,.F.,
  .F.,(2,2),(0.,1.15),.PIECEWISE_BEZIER_KNOTS.);
#2823 = CARTESIAN_POINT('',(5.E-02,-3.3,-0.2));
#2824 = CARTESIAN_POINT('',(5.E-02,-3.3,0.95));
#2825 = ORIENTED_EDGE('',*,*,#2826,.T.);
#2826 = EDGE_CURVE('',#2820,#2827,#2829,.T.);
#2827 = VERTEX_POINT('',#2828);
#2828 = CARTESIAN_POINT('',(5.35,-3.3,0.95));
#2829 = B_SPLINE_CURVE_WITH_KNOTS('',1,(#2830,#2831),.UNSPECIFIED.,.F.,
  .F.,(2,2),(0.,5.3),.PIECEWISE_BEZIER_KNOTS.);
#2830 = CARTESIAN_POINT('',(5.E-02,-3.3,0.95));
#2831 = CARTESIAN_POINT('',(5.35,-3.3,0.95));
#2832 = ORIENTED_EDGE('',*,*,#2833,.T.);
#2833 = EDGE_CURVE('',#2827,#2834,#2836,.T.);
#2834 = VERTEX_POINT('',#2835);
#2835 = CARTESIAN_POINT('',(5.312318981,-3.3,0.8));
#2836 = B_SPLINE_CURVE_WITH_KNOTS('',1,(#2837,#2838),.UNSPECIFIED.,.F.,
  .F.,(2,2),(0.,0.154660464),.PIECEWISE_BEZIER_KNOTS.);
#2837 = CARTESIAN_POINT('',(5.35,-3.3,0.95));
#2838 = CARTESIAN_POINT('',(5.312318981,-3.3,0.8));
#2839 = ORIENTED_EDGE('',*,*,#2840,.T.);
#2840 = EDGE_CURVE('',#2834,#2841,#2843,.T.);
#2841 = VERTEX_POINT('',#2842);
#2842 = CARTESIAN_POINT('',(0.2,-3.3,0.8));
#2843 = B_SPLINE_CURVE_WITH_KNOTS('',1,(#2844,#2845),.UNSPECIFIED.,.F.,
  .F.,(2,2),(0.,5.112318981),.PIECEWISE_BEZIER_KNOTS.);
#2844 = CARTESIAN_POINT('',(5.312318981,-3.3,0.8));
#2845 = CARTESIAN_POINT('',(0.2,-3.3,0.8));
#2846 = ORIENTED_EDGE('',*,*,#2847,.T.);
#2847 = EDGE_CURVE('',#2841,#2848,#2850,.T.);
#2848 = VERTEX_POINT('',#2849);
#2849 = CARTESIAN_POINT('',(0.2,-3.3,0.1));
#2850 = B_SPLINE_CURVE_WITH_KNOTS('',1,(#2851,#2852),.UNSPECIFIED.,.F.,
  .F.,(2,2),(0.,0.7),.PIECEWISE_BEZIER_KNOTS.);
#2851 = CARTESIAN_POINT('',(0.2,-3.3,0.8));
#2852 = CARTESIAN_POINT('',(0.2,-3.3,0.1));
#2853 = ORIENTED_EDGE('',*,*,#2854,.T.);
#2854 = EDGE_CURVE('',#2848,#2855,#2857,.T.);
#2855 = VERTEX_POINT('',#2856);
#2856 = CARTESIAN_POINT('',(0.2,-3.3,-4.999999999E-02));
#2857 = B_SPLINE_CURVE_WITH_KNOTS('',1,(#2858,#2859),.UNSPECIFIED.,.F.,
  .F.,(2,2),(0.7,0.85),.PIECEWISE_BEZIER_KNOTS.);
#2858 = CARTESIAN_POINT('',(0.2,-3.3,0.1));
#2859 = CARTESIAN_POINT('',(0.2,-3.3,-4.999999999E-02));
#2860 = ORIENTED_EDGE('',*,*,#2861,.T.);
#2861 = EDGE_CURVE('',#2855,#2862,#2864,.T.);
#2862 = VERTEX_POINT('',#2863);
#2863 = CARTESIAN_POINT('',(2.05,-3.3,-5.000000016E-02));
#2864 = B_SPLINE_CURVE_WITH_KNOTS('',1,(#2865,#2866),.UNSPECIFIED.,.F.,
  .F.,(2,2),(0.,1.85),.PIECEWISE_BEZIER_KNOTS.);
#2865 = CARTESIAN_POINT('',(0.2,-3.3,-4.999999999E-02));
#2866 = CARTESIAN_POINT('',(2.05,-3.3,-5.000000016E-02));
#2867 = ORIENTED_EDGE('',*,*,#2868,.T.);
#2868 = EDGE_CURVE('',#2862,#2811,#2869,.T.);
#2869 = B_SPLINE_CURVE_WITH_KNOTS('',1,(#2870,#2871),.UNSPECIFIED.,.F.,
  .F.,(2,2),(0.,0.15),.PIECEWISE_BEZIER_KNOTS.);
#2870 = CARTESIAN_POINT('',(2.05,-3.3,-5.000000016E-02));
#2871 = CARTESIAN_POINT('',(2.05,-3.3,-0.2));
#2872 = B_SPLINE_SURFACE_WITH_KNOTS('',1,1,(
    (#2873,#2874)
    ,(#2875,#2876
    )),.UNSPECIFIED.,.F.,.F.,.F.,(2,2),(2,2),(-1.998722049,3.301277951),
  (-0.773365418,0.376634582),.PIECEWISE_BEZIER_KNOTS.);
#2873 = CARTESIAN_POINT('',(5.35,-3.3,-0.2));
#2874 = CARTESIAN_POINT('',(5.35,-3.3,0.95));
#2875 = CARTESIAN_POINT('',(5.E-02,-3.3,-0.2));
#2876 = CARTESIAN_POINT('',(5.E-02,-3.3,0.95));
#2877 = SHELL_BASED_SURFACE_MODEL('',(#2878));
#2878 = OPEN_SHELL('',(#2879));
#2879 = ADVANCED_FACE('',(#2880),#2910,.T.);
#2880 = FACE_BOUND('',#2881,.T.);
#2881 = EDGE_LOOP('',(#2882,#2891,#2898,#2905));
#2882 = ORIENTED_EDGE('',*,*,#2883,.T.);
#2883 = EDGE_CURVE('',#2884,#2886,#2888,.T.);
#2884 = VERTEX_POINT('',#2885);
#2885 = CARTESIAN_POINT('',(0.2,-6.3,-4.999999999E-02));
#2886 = VERTEX_POINT('',#2887);
#2887 = CARTESIAN_POINT('',(0.2,-3.3,-4.999999999E-02));
#2888 = B_SPLINE_CURVE_WITH_KNOTS('',1,(#2889,#2890),.UNSPECIFIED.,.F.,
  .F.,(2,2),(0.,3.),.PIECEWISE_BEZIER_KNOTS.);
#2889 = CARTESIAN_POINT('',(0.2,-6.3,-4.999999999E-02));
#2890 = CARTESIAN_POINT('',(0.2,-3.3,-4.999999999E-02));
#2891 = ORIENTED_EDGE('',*,*,#2892,.T.);
#2892 = EDGE_CURVE('',#2886,#2893,#2895,.T.);
#2893 = VERTEX_POINT('',#2894);
#2894 = CARTESIAN_POINT('',(0.2,-3.3,0.1));
#2895 = B_SPLINE_CURVE_WITH_KNOTS('',1,(#2896,#2897),.UNSPECIFIED.,.F.,
  .F.,(2,2),(0.,0.15),.PIECEWISE_BEZIER_KNOTS.);
#2896 = CARTESIAN_POINT('',(0.2,-3.3,-4.999999999E-02));
#2897 = CARTESIAN_POINT('',(0.2,-3.3,0.1));
#2898 = ORIENTED_EDGE('',*,*,#2899,.T.);
#2899 = EDGE_CURVE('',#2893,#2900,#2902,.T.);
#2900 = VERTEX_POINT('',#2901);
#2901 = CARTESIAN_POINT('',(0.2,-6.3,0.1));
#2902 = B_SPLINE_CURVE_WITH_KNOTS('',1,(#2903,#2904),.UNSPECIFIED.,.F.,
  .F.,(2,2),(-0.7375,2.2625),.PIECEWISE_BEZIER_KNOTS.);
#2903 = CARTESIAN_POINT('',(0.2,-3.3,0.1));
#2904 = CARTESIAN_POINT('',(0.2,-6.3,0.1));
#2905 = ORIENTED_EDGE('',*,*,#2906,.T.);
#2906 = EDGE_CURVE('',#2900,#2884,#2907,.T.);
#2907 = B_SPLINE_CURVE_WITH_KNOTS('',1,(#2908,#2909),.UNSPECIFIED.,.F.,
  .F.,(2,2),(0.7,0.85),.PIECEWISE_BEZIER_KNOTS.);
#2908 = CARTESIAN_POINT('',(0.2,-6.3,0.1));
#2909 = CARTESIAN_POINT('',(0.2,-6.3,-4.999999999E-02));
#2910 = B_SPLINE_SURFACE_WITH_KNOTS('',1,1,(
    (#2911,#2912)
    ,(#2913,#2914
    )),.UNSPECIFIED.,.F.,.F.,.F.,(2,2),(2,2),(0.,0.85),(0.,3.),
  .PIECEWISE_BEZIER_KNOTS.);
#2911 = CARTESIAN_POINT('',(0.2,-3.3,-4.999999999E-02));
#2912 = CARTESIAN_POINT('',(0.2,-6.3,-4.999999999E-02));
#2913 = CARTESIAN_POINT('',(0.2,-3.3,0.8));
#2914 = CARTESIAN_POINT('',(0.2,-6.3,0.8));
#2915 = SHELL_BASED_SURFACE_MODEL('',(#2916));
#2916 = OPEN_SHELL('',(#2917));
#2917 = ADVANCED_FACE('',(#2918),#2948,.T.);
#2918 = FACE_BOUND('',#2919,.T.);
#2919 = EDGE_LOOP('',(#2920,#2929,#2936,#2943));
#2920 = ORIENTED_EDGE('',*,*,#2921,.T.);
#2921 = EDGE_CURVE('',#2922,#2924,#2926,.T.);
#2922 = VERTEX_POINT('',#2923);
#2923 = CARTESIAN_POINT('',(12.55,-6.3,-0.2));
#2924 = VERTEX_POINT('',#2925);
#2925 = CARTESIAN_POINT('',(10.55,-6.3,-0.2));
#2926 = B_SPLINE_CURVE_WITH_KNOTS('',1,(#2927,#2928),.UNSPECIFIED.,.F.,
  .F.,(2,2),(0.,2.),.PIECEWISE_BEZIER_KNOTS.);
#2927 = CARTESIAN_POINT('',(12.55,-6.3,-0.2));
#2928 = CARTESIAN_POINT('',(10.55,-6.3,-0.2));
#2929 = ORIENTED_EDGE('',*,*,#2930,.T.);
#2930 = EDGE_CURVE('',#2924,#2931,#2933,.T.);
#2931 = VERTEX_POINT('',#2932);
#2932 = CARTESIAN_POINT('',(10.55,-3.3,-0.2));
#2933 = B_SPLINE_CURVE_WITH_KNOTS('',1,(#2934,#2935),.UNSPECIFIED.,.F.,
  .F.,(2,2),(0.,3.),.PIECEWISE_BEZIER_KNOTS.);
#2934 = CARTESIAN_POINT('',(10.55,-6.3,-0.2));
#2935 = CARTESIAN_POINT('',(10.55,-3.3,-0.2));
#2936 = ORIENTED_EDGE('',*,*,#2937,.T.);
#2937 = EDGE_CURVE('',#2931,#2938,#2940,.T.);
#2938 = VERTEX_POINT('',#2939);
#2939 = CARTESIAN_POINT('',(12.55,-3.3,-0.2));
#2940 = B_SPLINE_CURVE_WITH_KNOTS('',1,(#2941,#2942),.UNSPECIFIED.,.F.,
  .F.,(2,2),(0.,2.),.PIECEWISE_BEZIER_KNOTS.);
#2941 = CARTESIAN_POINT('',(10.55,-3.3,-0.2));
#2942 = CARTESIAN_POINT('',(12.55,-3.3,-0.2));
#2943 = ORIENTED_EDGE('',*,*,#2944,.T.);
#2944 = EDGE_CURVE('',#2938,#2922,#2945,.T.);
#2945 = B_SPLINE_CURVE_WITH_KNOTS('',1,(#2946,#2947),.UNSPECIFIED.,.F.,
  .F.,(2,2),(0.,3.),.PIECEWISE_BEZIER_KNOTS.);
#2946 = CARTESIAN_POINT('',(12.55,-3.3,-0.2));
#2947 = CARTESIAN_POINT('',(12.55,-6.3,-0.2));
#2948 = B_SPLINE_SURFACE_WITH_KNOTS('',1,1,(
    (#2949,#2950)
    ,(#2951,#2952
    )),.UNSPECIFIED.,.F.,.F.,.F.,(2,2),(2,2),(0.,2.),(0.,3.),
  .PIECEWISE_BEZIER_KNOTS.);
#2949 = CARTESIAN_POINT('',(12.55,-6.3,-0.2));
#2950 = CARTESIAN_POINT('',(12.55,-3.3,-0.2));
#2951 = CARTESIAN_POINT('',(10.55,-6.3,-0.2));
#2952 = CARTESIAN_POINT('',(10.55,-3.3,-0.2));
#2953 = SHELL_BASED_SURFACE_MODEL('',(#2954));
#2954 = OPEN_SHELL('',(#2955));
#2955 = ADVANCED_FACE('',(#2956),#2986,.T.);
#2956 = FACE_BOUND('',#2957,.T.);
#2957 = EDGE_LOOP('',(#2958,#2967,#2974,#2981));
#2958 = ORIENTED_EDGE('',*,*,#2959,.T.);
#2959 = EDGE_CURVE('',#2960,#2962,#2964,.T.);
#2960 = VERTEX_POINT('',#2961);
#2961 = CARTESIAN_POINT('',(10.55,-6.3,-0.2));
#2962 = VERTEX_POINT('',#2963);
#2963 = CARTESIAN_POINT('',(10.55,-6.3,-5.000000016E-02));
#2964 = B_SPLINE_CURVE_WITH_KNOTS('',1,(#2965,#2966),.UNSPECIFIED.,.F.,
  .F.,(2,2),(0.,0.15),.PIECEWISE_BEZIER_KNOTS.);
#2965 = CARTESIAN_POINT('',(10.55,-6.3,-0.2));
#2966 = CARTESIAN_POINT('',(10.55,-6.3,-5.000000016E-02));
#2967 = ORIENTED_EDGE('',*,*,#2968,.T.);
#2968 = EDGE_CURVE('',#2962,#2969,#2971,.T.);
#2969 = VERTEX_POINT('',#2970);
#2970 = CARTESIAN_POINT('',(10.55,-3.3,-5.000000016E-02));
#2971 = B_SPLINE_CURVE_WITH_KNOTS('',1,(#2972,#2973),.UNSPECIFIED.,.F.,
  .F.,(2,2),(0.,3.),.PIECEWISE_BEZIER_KNOTS.);
#2972 = CARTESIAN_POINT('',(10.55,-6.3,-5.000000016E-02));
#2973 = CARTESIAN_POINT('',(10.55,-3.3,-5.000000016E-02));
#2974 = ORIENTED_EDGE('',*,*,#2975,.T.);
#2975 = EDGE_CURVE('',#2969,#2976,#2978,.T.);
#2976 = VERTEX_POINT('',#2977);
#2977 = CARTESIAN_POINT('',(10.55,-3.3,-0.2));
#2978 = B_SPLINE_CURVE_WITH_KNOTS('',1,(#2979,#2980),.UNSPECIFIED.,.F.,
  .F.,(2,2),(0.,0.15),.PIECEWISE_BEZIER_KNOTS.);
#2979 = CARTESIAN_POINT('',(10.55,-3.3,-5.000000016E-02));
#2980 = CARTESIAN_POINT('',(10.55,-3.3,-0.2));
#2981 = ORIENTED_EDGE('',*,*,#2982,.T.);
#2982 = EDGE_CURVE('',#2976,#2960,#2983,.T.);
#2983 = B_SPLINE_CURVE_WITH_KNOTS('',1,(#2984,#2985),.UNSPECIFIED.,.F.,
  .F.,(2,2),(0.,3.),.PIECEWISE_BEZIER_KNOTS.);
#2984 = CARTESIAN_POINT('',(10.55,-3.3,-0.2));
#2985 = CARTESIAN_POINT('',(10.55,-6.3,-0.2));
#2986 = B_SPLINE_SURFACE_WITH_KNOTS('',1,1,(
    (#2987,#2988)
    ,(#2989,#2990
    )),.UNSPECIFIED.,.F.,.F.,.F.,(2,2),(2,2),(0.,0.15),(0.,3.),
  .PIECEWISE_BEZIER_KNOTS.);
#2987 = CARTESIAN_POINT('',(10.55,-6.3,-0.2));
#2988 = CARTESIAN_POINT('',(10.55,-3.3,-0.2));
#2989 = CARTESIAN_POINT('',(10.55,-6.3,-5.000000016E-02));
#2990 = CARTESIAN_POINT('',(10.55,-3.3,-5.000000016E-02));
#2991 = SHELL_BASED_SURFACE_MODEL('',(#2992));
#2992 = OPEN_SHELL('',(#2993));
#2993 = ADVANCED_FACE('',(#2994),#3024,.T.);
#2994 = FACE_BOUND('',#2995,.T.);
#2995 = EDGE_LOOP('',(#2996,#3005,#3012,#3019));
#2996 = ORIENTED_EDGE('',*,*,#2997,.T.);
#2997 = EDGE_CURVE('',#2998,#3000,#3002,.T.);
#2998 = VERTEX_POINT('',#2999);
#2999 = CARTESIAN_POINT('',(10.55,-6.3,-5.000000016E-02));
#3000 = VERTEX_POINT('',#3001);
#3001 = CARTESIAN_POINT('',(12.4,-6.3,-4.999999999E-02));
#3002 = B_SPLINE_CURVE_WITH_KNOTS('',1,(#3003,#3004),.UNSPECIFIED.,.F.,
  .F.,(2,2),(0.,1.85),.PIECEWISE_BEZIER_KNOTS.);
#3003 = CARTESIAN_POINT('',(10.55,-6.3,-5.000000016E-02));
#3004 = CARTESIAN_POINT('',(12.4,-6.3,-4.999999999E-02));
#3005 = ORIENTED_EDGE('',*,*,#3006,.T.);
#3006 = EDGE_CURVE('',#3000,#3007,#3009,.T.);
#3007 = VERTEX_POINT('',#3008);
#3008 = CARTESIAN_POINT('',(12.4,-3.3,-4.999999999E-02));
#3009 = B_SPLINE_CURVE_WITH_KNOTS('',1,(#3010,#3011),.UNSPECIFIED.,.F.,
  .F.,(2,2),(0.,3.),.PIECEWISE_BEZIER_KNOTS.);
#3010 = CARTESIAN_POINT('',(12.4,-6.3,-4.999999999E-02));
#3011 = CARTESIAN_POINT('',(12.4,-3.3,-4.999999999E-02));
#3012 = ORIENTED_EDGE('',*,*,#3013,.T.);
#3013 = EDGE_CURVE('',#3007,#3014,#3016,.T.);
#3014 = VERTEX_POINT('',#3015);
#3015 = CARTESIAN_POINT('',(10.55,-3.3,-5.000000016E-02));
#3016 = B_SPLINE_CURVE_WITH_KNOTS('',1,(#3017,#3018),.UNSPECIFIED.,.F.,
  .F.,(2,2),(0.,1.85),.PIECEWISE_BEZIER_KNOTS.);
#3017 = CARTESIAN_POINT('',(12.4,-3.3,-4.999999999E-02));
#3018 = CARTESIAN_POINT('',(10.55,-3.3,-5.000000016E-02));
#3019 = ORIENTED_EDGE('',*,*,#3020,.T.);
#3020 = EDGE_CURVE('',#3014,#2998,#3021,.T.);
#3021 = B_SPLINE_CURVE_WITH_KNOTS('',1,(#3022,#3023),.UNSPECIFIED.,.F.,
  .F.,(2,2),(0.,3.),.PIECEWISE_BEZIER_KNOTS.);
#3022 = CARTESIAN_POINT('',(10.55,-3.3,-5.000000016E-02));
#3023 = CARTESIAN_POINT('',(10.55,-6.3,-5.000000016E-02));
#3024 = B_SPLINE_SURFACE_WITH_KNOTS('',1,1,(
    (#3025,#3026)
    ,(#3027,#3028
    )),.UNSPECIFIED.,.F.,.F.,.F.,(2,2),(2,2),(0.,1.85),(0.,3.),
  .PIECEWISE_BEZIER_KNOTS.);
#3025 = CARTESIAN_POINT('',(10.55,-6.3,-5.000000016E-02));
#3026 = CARTESIAN_POINT('',(10.55,-3.3,-5.000000016E-02));
#3027 = CARTESIAN_POINT('',(12.4,-6.3,-4.999999999E-02));
#3028 = CARTESIAN_POINT('',(12.4,-3.3,-4.999999999E-02));
#3029 = SHELL_BASED_SURFACE_MODEL('',(#3030));
#3030 = OPEN_SHELL('',(#3031));
#3031 = ADVANCED_FACE('',(#3032),#3062,.T.);
#3032 = FACE_BOUND('',#3033,.T.);
#3033 = EDGE_LOOP('',(#3034,#3043,#3050,#3057));
#3034 = ORIENTED_EDGE('',*,*,#3035,.T.);
#3035 = EDGE_CURVE('',#3036,#3038,#3040,.T.);
#3036 = VERTEX_POINT('',#3037);
#3037 = CARTESIAN_POINT('',(7.25,-6.3,0.95));
#3038 = VERTEX_POINT('',#3039);
#3039 = CARTESIAN_POINT('',(12.55,-6.3,0.95));
#3040 = B_SPLINE_CURVE_WITH_KNOTS('',1,(#3041,#3042),.UNSPECIFIED.,.F.,
  .F.,(2,2),(0.,5.3),.PIECEWISE_BEZIER_KNOTS.);
#3041 = CARTESIAN_POINT('',(7.25,-6.3,0.95));
#3042 = CARTESIAN_POINT('',(12.55,-6.3,0.95));
#3043 = ORIENTED_EDGE('',*,*,#3044,.T.);
#3044 = EDGE_CURVE('',#3038,#3045,#3047,.T.);
#3045 = VERTEX_POINT('',#3046);
#3046 = CARTESIAN_POINT('',(12.55,-3.3,0.95));
#3047 = B_SPLINE_CURVE_WITH_KNOTS('',1,(#3048,#3049),.UNSPECIFIED.,.F.,
  .F.,(2,2),(0.,3.),.PIECEWISE_BEZIER_KNOTS.);
#3048 = CARTESIAN_POINT('',(12.55,-6.3,0.95));
#3049 = CARTESIAN_POINT('',(12.55,-3.3,0.95));
#3050 = ORIENTED_EDGE('',*,*,#3051,.T.);
#3051 = EDGE_CURVE('',#3045,#3052,#3054,.T.);
#3052 = VERTEX_POINT('',#3053);
#3053 = CARTESIAN_POINT('',(7.25,-3.3,0.95));
#3054 = B_SPLINE_CURVE_WITH_KNOTS('',1,(#3055,#3056),.UNSPECIFIED.,.F.,
  .F.,(2,2),(0.,5.3),.PIECEWISE_BEZIER_KNOTS.);
#3055 = CARTESIAN_POINT('',(12.55,-3.3,0.95));
#3056 = CARTESIAN_POINT('',(7.25,-3.3,0.95));
#3057 = ORIENTED_EDGE('',*,*,#3058,.T.);
#3058 = EDGE_CURVE('',#3052,#3036,#3059,.T.);
#3059 = B_SPLINE_CURVE_WITH_KNOTS('',1,(#3060,#3061),.UNSPECIFIED.,.F.,
  .F.,(2,2),(0.,3.),.PIECEWISE_BEZIER_KNOTS.);
#3060 = CARTESIAN_POINT('',(7.25,-3.3,0.95));
#3061 = CARTESIAN_POINT('',(7.25,-6.3,0.95));
#3062 = B_SPLINE_SURFACE_WITH_KNOTS('',1,1,(
    (#3063,#3064)
    ,(#3065,#3066
    )),.UNSPECIFIED.,.F.,.F.,.F.,(2,2),(2,2),(0.,5.3),(0.,3.),
  .PIECEWISE_BEZIER_KNOTS.);
#3063 = CARTESIAN_POINT('',(7.25,-6.3,0.95));
#3064 = CARTESIAN_POINT('',(7.25,-3.3,0.95));
#3065 = CARTESIAN_POINT('',(12.55,-6.3,0.95));
#3066 = CARTESIAN_POINT('',(12.55,-3.3,0.95));
#3067 = SHELL_BASED_SURFACE_MODEL('',(#3068));
#3068 = OPEN_SHELL('',(#3069));
#3069 = ADVANCED_FACE('',(#3070),#3100,.T.);
#3070 = FACE_BOUND('',#3071,.T.);
#3071 = EDGE_LOOP('',(#3072,#3081,#3088,#3095));
#3072 = ORIENTED_EDGE('',*,*,#3073,.T.);
#3073 = EDGE_CURVE('',#3074,#3076,#3078,.T.);
#3074 = VERTEX_POINT('',#3075);
#3075 = CARTESIAN_POINT('',(12.55,-6.3,0.95));
#3076 = VERTEX_POINT('',#3077);
#3077 = CARTESIAN_POINT('',(12.55,-6.3,-0.2));
#3078 = B_SPLINE_CURVE_WITH_KNOTS('',1,(#3079,#3080),.UNSPECIFIED.,.F.,
  .F.,(2,2),(0.,1.15),.PIECEWISE_BEZIER_KNOTS.);
#3079 = CARTESIAN_POINT('',(12.55,-6.3,0.95));
#3080 = CARTESIAN_POINT('',(12.55,-6.3,-0.2));
#3081 = ORIENTED_EDGE('',*,*,#3082,.T.);
#3082 = EDGE_CURVE('',#3076,#3083,#3085,.T.);
#3083 = VERTEX_POINT('',#3084);
#3084 = CARTESIAN_POINT('',(12.55,-3.3,-0.2));
#3085 = B_SPLINE_CURVE_WITH_KNOTS('',1,(#3086,#3087),.UNSPECIFIED.,.F.,
  .F.,(2,2),(0.,3.),.PIECEWISE_BEZIER_KNOTS.);
#3086 = CARTESIAN_POINT('',(12.55,-6.3,-0.2));
#3087 = CARTESIAN_POINT('',(12.55,-3.3,-0.2));
#3088 = ORIENTED_EDGE('',*,*,#3089,.T.);
#3089 = EDGE_CURVE('',#3083,#3090,#3092,.T.);
#3090 = VERTEX_POINT('',#3091);
#3091 = CARTESIAN_POINT('',(12.55,-3.3,0.95));
#3092 = B_SPLINE_CURVE_WITH_KNOTS('',1,(#3093,#3094),.UNSPECIFIED.,.F.,
  .F.,(2,2),(0.,1.15),.PIECEWISE_BEZIER_KNOTS.);
#3093 = CARTESIAN_POINT('',(12.55,-3.3,-0.2));
#3094 = CARTESIAN_POINT('',(12.55,-3.3,0.95));
#3095 = ORIENTED_EDGE('',*,*,#3096,.T.);
#3096 = EDGE_CURVE('',#3090,#3074,#3097,.T.);
#3097 = B_SPLINE_CURVE_WITH_KNOTS('',1,(#3098,#3099),.UNSPECIFIED.,.F.,
  .F.,(2,2),(0.,3.),.PIECEWISE_BEZIER_KNOTS.);
#3098 = CARTESIAN_POINT('',(12.55,-3.3,0.95));
#3099 = CARTESIAN_POINT('',(12.55,-6.3,0.95));
#3100 = B_SPLINE_SURFACE_WITH_KNOTS('',1,1,(
    (#3101,#3102)
    ,(#3103,#3104
    )),.UNSPECIFIED.,.F.,.F.,.F.,(2,2),(2,2),(0.,1.15),(0.,3.),
  .PIECEWISE_BEZIER_KNOTS.);
#3101 = CARTESIAN_POINT('',(12.55,-6.3,0.95));
#3102 = CARTESIAN_POINT('',(12.55,-3.3,0.95));
#3103 = CARTESIAN_POINT('',(12.55,-6.3,-0.2));
#3104 = CARTESIAN_POINT('',(12.55,-3.3,-0.2));
#3105 = SHELL_BASED_SURFACE_MODEL('',(#3106));
#3106 = OPEN_SHELL('',(#3107));
#3107 = ADVANCED_FACE('',(#3108),#3138,.T.);
#3108 = FACE_BOUND('',#3109,.T.);
#3109 = EDGE_LOOP('',(#3110,#3119,#3126,#3133));
#3110 = ORIENTED_EDGE('',*,*,#3111,.T.);
#3111 = EDGE_CURVE('',#3112,#3114,#3116,.T.);
#3112 = VERTEX_POINT('',#3113);
#3113 = CARTESIAN_POINT('',(5.E-02,-3.3,-0.2));
#3114 = VERTEX_POINT('',#3115);
#3115 = CARTESIAN_POINT('',(2.05,-3.3,-0.2));
#3116 = B_SPLINE_CURVE_WITH_KNOTS('',1,(#3117,#3118),.UNSPECIFIED.,.F.,
  .F.,(2,2),(0.,2.),.PIECEWISE_BEZIER_KNOTS.);
#3117 = CARTESIAN_POINT('',(5.E-02,-3.3,-0.2));
#3118 = CARTESIAN_POINT('',(2.05,-3.3,-0.2));
#3119 = ORIENTED_EDGE('',*,*,#3120,.T.);
#3120 = EDGE_CURVE('',#3114,#3121,#3123,.T.);
#3121 = VERTEX_POINT('',#3122);
#3122 = CARTESIAN_POINT('',(2.05,-6.3,-0.2));
#3123 = B_SPLINE_CURVE_WITH_KNOTS('',1,(#3124,#3125),.UNSPECIFIED.,.F.,
  .F.,(2,2),(0.,3.),.PIECEWISE_BEZIER_KNOTS.);
#3124 = CARTESIAN_POINT('',(2.05,-3.3,-0.2));
#3125 = CARTESIAN_POINT('',(2.05,-6.3,-0.2));
#3126 = ORIENTED_EDGE('',*,*,#3127,.T.);
#3127 = EDGE_CURVE('',#3121,#3128,#3130,.T.);
#3128 = VERTEX_POINT('',#3129);
#3129 = CARTESIAN_POINT('',(5.E-02,-6.3,-0.2));
#3130 = B_SPLINE_CURVE_WITH_KNOTS('',1,(#3131,#3132),.UNSPECIFIED.,.F.,
  .F.,(2,2),(0.,2.),.PIECEWISE_BEZIER_KNOTS.);
#3131 = CARTESIAN_POINT('',(2.05,-6.3,-0.2));
#3132 = CARTESIAN_POINT('',(5.E-02,-6.3,-0.2));
#3133 = ORIENTED_EDGE('',*,*,#3134,.T.);
#3134 = EDGE_CURVE('',#3128,#3112,#3135,.T.);
#3135 = B_SPLINE_CURVE_WITH_KNOTS('',1,(#3136,#3137),.UNSPECIFIED.,.F.,
  .F.,(2,2),(0.,3.),.PIECEWISE_BEZIER_KNOTS.);
#3136 = CARTESIAN_POINT('',(5.E-02,-6.3,-0.2));
#3137 = CARTESIAN_POINT('',(5.E-02,-3.3,-0.2));
#3138 = B_SPLINE_SURFACE_WITH_KNOTS('',1,1,(
    (#3139,#3140)
    ,(#3141,#3142
    )),.UNSPECIFIED.,.F.,.F.,.F.,(2,2),(2,2),(0.,2.),(0.,3.),
  .PIECEWISE_BEZIER_KNOTS.);
#3139 = CARTESIAN_POINT('',(5.E-02,-3.3,-0.2));
#3140 = CARTESIAN_POINT('',(5.E-02,-6.3,-0.2));
#3141 = CARTESIAN_POINT('',(2.05,-3.3,-0.2));
#3142 = CARTESIAN_POINT('',(2.05,-6.3,-0.2));
#3143 = SHELL_BASED_SURFACE_MODEL('',(#3144));
#3144 = OPEN_SHELL('',(#3145));
#3145 = ADVANCED_FACE('',(#3146),#3176,.T.);
#3146 = FACE_BOUND('',#3147,.T.);
#3147 = EDGE_LOOP('',(#3148,#3157,#3164,#3171));
#3148 = ORIENTED_EDGE('',*,*,#3149,.T.);
#3149 = EDGE_CURVE('',#3150,#3152,#3154,.T.);
#3150 = VERTEX_POINT('',#3151);
#3151 = CARTESIAN_POINT('',(2.05,-3.3,-0.2));
#3152 = VERTEX_POINT('',#3153);
#3153 = CARTESIAN_POINT('',(2.05,-3.3,-5.000000016E-02));
#3154 = B_SPLINE_CURVE_WITH_KNOTS('',1,(#3155,#3156),.UNSPECIFIED.,.F.,
  .F.,(2,2),(0.,0.15),.PIECEWISE_BEZIER_KNOTS.);
#3155 = CARTESIAN_POINT('',(2.05,-3.3,-0.2));
#3156 = CARTESIAN_POINT('',(2.05,-3.3,-5.000000016E-02));
#3157 = ORIENTED_EDGE('',*,*,#3158,.T.);
#3158 = EDGE_CURVE('',#3152,#3159,#3161,.T.);
#3159 = VERTEX_POINT('',#3160);
#3160 = CARTESIAN_POINT('',(2.05,-6.3,-5.000000016E-02));
#3161 = B_SPLINE_CURVE_WITH_KNOTS('',1,(#3162,#3163),.UNSPECIFIED.,.F.,
  .F.,(2,2),(0.,3.),.PIECEWISE_BEZIER_KNOTS.);
#3162 = CARTESIAN_POINT('',(2.05,-3.3,-5.000000016E-02));
#3163 = CARTESIAN_POINT('',(2.05,-6.3,-5.000000016E-02));
#3164 = ORIENTED_EDGE('',*,*,#3165,.T.);
#3165 = EDGE_CURVE('',#3159,#3166,#3168,.T.);
#3166 = VERTEX_POINT('',#3167);
#3167 = CARTESIAN_POINT('',(2.05,-6.3,-0.2));
#3168 = B_SPLINE_CURVE_WITH_KNOTS('',1,(#3169,#3170),.UNSPECIFIED.,.F.,
  .F.,(2,2),(0.,0.15),.PIECEWISE_BEZIER_KNOTS.);
#3169 = CARTESIAN_POINT('',(2.05,-6.3,-5.000000016E-02));
#3170 = CARTESIAN_POINT('',(2.05,-6.3,-0.2));
#3171 = ORIENTED_EDGE('',*,*,#3172,.T.);
#3172 = EDGE_CURVE('',#3166,#3150,#3173,.T.);
#3173 = B_SPLINE_CURVE_WITH_KNOTS('',1,(#3174,#3175),.UNSPECIFIED.,.F.,
  .F.,(2,2),(0.,3.),.PIECEWISE_BEZIER_KNOTS.);
#3174 = CARTESIAN_POINT('',(2.05,-6.3,-0.2));
#3175 = CARTESIAN_POINT('',(2.05,-3.3,-0.2));
#3176 = B_SPLINE_SURFACE_WITH_KNOTS('',1,1,(
    (#3177,#3178)
    ,(#3179,#3180
    )),.UNSPECIFIED.,.F.,.F.,.F.,(2,2),(2,2),(0.,0.15),(0.,3.),
  .PIECEWISE_BEZIER_KNOTS.);
#3177 = CARTESIAN_POINT('',(2.05,-3.3,-0.2));
#3178 = CARTESIAN_POINT('',(2.05,-6.3,-0.2));
#3179 = CARTESIAN_POINT('',(2.05,-3.3,-5.000000016E-02));
#3180 = CARTESIAN_POINT('',(2.05,-6.3,-5.000000016E-02));
#3181 = SHELL_BASED_SURFACE_MODEL('',(#3182));
#3182 = OPEN_SHELL('',(#3183));
#3183 = ADVANCED_FACE('',(#3184),#3214,.T.);
#3184 = FACE_BOUND('',#3185,.T.);
#3185 = EDGE_LOOP('',(#3186,#3195,#3202,#3209));
#3186 = ORIENTED_EDGE('',*,*,#3187,.T.);
#3187 = EDGE_CURVE('',#3188,#3190,#3192,.T.);
#3188 = VERTEX_POINT('',#3189);
#3189 = CARTESIAN_POINT('',(2.05,-3.3,-5.000000016E-02));
#3190 = VERTEX_POINT('',#3191);
#3191 = CARTESIAN_POINT('',(0.2,-3.3,-4.999999999E-02));
#3192 = B_SPLINE_CURVE_WITH_KNOTS('',1,(#3193,#3194),.UNSPECIFIED.,.F.,
  .F.,(2,2),(0.,1.85),.PIECEWISE_BEZIER_KNOTS.);
#3193 = CARTESIAN_POINT('',(2.05,-3.3,-5.000000016E-02));
#3194 = CARTESIAN_POINT('',(0.2,-3.3,-4.999999999E-02));
#3195 = ORIENTED_EDGE('',*,*,#3196,.T.);
#3196 = EDGE_CURVE('',#3190,#3197,#3199,.T.);
#3197 = VERTEX_POINT('',#3198);
#3198 = CARTESIAN_POINT('',(0.2,-6.3,-4.999999999E-02));
#3199 = B_SPLINE_CURVE_WITH_KNOTS('',1,(#3200,#3201),.UNSPECIFIED.,.F.,
  .F.,(2,2),(0.,3.),.PIECEWISE_BEZIER_KNOTS.);
#3200 = CARTESIAN_POINT('',(0.2,-3.3,-4.999999999E-02));
#3201 = CARTESIAN_POINT('',(0.2,-6.3,-4.999999999E-02));
#3202 = ORIENTED_EDGE('',*,*,#3203,.T.);
#3203 = EDGE_CURVE('',#3197,#3204,#3206,.T.);
#3204 = VERTEX_POINT('',#3205);
#3205 = CARTESIAN_POINT('',(2.05,-6.3,-5.000000016E-02));
#3206 = B_SPLINE_CURVE_WITH_KNOTS('',1,(#3207,#3208),.UNSPECIFIED.,.F.,
  .F.,(2,2),(0.,1.85),.PIECEWISE_BEZIER_KNOTS.);
#3207 = CARTESIAN_POINT('',(0.2,-6.3,-4.999999999E-02));
#3208 = CARTESIAN_POINT('',(2.05,-6.3,-5.000000016E-02));
#3209 = ORIENTED_EDGE('',*,*,#3210,.T.);
#3210 = EDGE_CURVE('',#3204,#3188,#3211,.T.);
#3211 = B_SPLINE_CURVE_WITH_KNOTS('',1,(#3212,#3213),.UNSPECIFIED.,.F.,
  .F.,(2,2),(0.,3.),.PIECEWISE_BEZIER_KNOTS.);
#3212 = CARTESIAN_POINT('',(2.05,-6.3,-5.000000016E-02));
#3213 = CARTESIAN_POINT('',(2.05,-3.3,-5.000000016E-02));
#3214 = B_SPLINE_SURFACE_WITH_KNOTS('',1,1,(
    (#3215,#3216)
    ,(#3217,#3218
    )),.UNSPECIFIED.,.F.,.F.,.F.,(2,2),(2,2),(0.,1.85),(0.,3.),
  .PIECEWISE_BEZIER_KNOTS.);
#3215 = CARTESIAN_POINT('',(2.05,-3.3,-5.000000016E-02));
#3216 = CARTESIAN_POINT('',(2.05,-6.3,-5.000000016E-02));
#3217 = CARTESIAN_POINT('',(0.2,-3.3,-4.999999999E-02));
#3218 = CARTESIAN_POINT('',(0.2,-6.3,-4.999999999E-02));
#3219 = SHELL_BASED_SURFACE_MODEL('',(#3220));
#3220 = OPEN_SHELL('',(#3221));
#3221 = ADVANCED_FACE('',(#3222),#3252,.T.);
#3222 = FACE_BOUND('',#3223,.T.);
#3223 = EDGE_LOOP('',(#3224,#3233,#3240,#3247));
#3224 = ORIENTED_EDGE('',*,*,#3225,.T.);
#3225 = EDGE_CURVE('',#3226,#3228,#3230,.T.);
#3226 = VERTEX_POINT('',#3227);
#3227 = CARTESIAN_POINT('',(5.35,-3.3,0.95));
#3228 = VERTEX_POINT('',#3229);
#3229 = CARTESIAN_POINT('',(5.E-02,-3.3,0.95));
#3230 = B_SPLINE_CURVE_WITH_KNOTS('',1,(#3231,#3232),.UNSPECIFIED.,.F.,
  .F.,(2,2),(0.,5.3),.PIECEWISE_BEZIER_KNOTS.);
#3231 = CARTESIAN_POINT('',(5.35,-3.3,0.95));
#3232 = CARTESIAN_POINT('',(5.E-02,-3.3,0.95));
#3233 = ORIENTED_EDGE('',*,*,#3234,.T.);
#3234 = EDGE_CURVE('',#3228,#3235,#3237,.T.);
#3235 = VERTEX_POINT('',#3236);
#3236 = CARTESIAN_POINT('',(5.E-02,-6.3,0.95));
#3237 = B_SPLINE_CURVE_WITH_KNOTS('',1,(#3238,#3239),.UNSPECIFIED.,.F.,
  .F.,(2,2),(0.,3.),.PIECEWISE_BEZIER_KNOTS.);
#3238 = CARTESIAN_POINT('',(5.E-02,-3.3,0.95));
#3239 = CARTESIAN_POINT('',(5.E-02,-6.3,0.95));
#3240 = ORIENTED_EDGE('',*,*,#3241,.T.);
#3241 = EDGE_CURVE('',#3235,#3242,#3244,.T.);
#3242 = VERTEX_POINT('',#3243);
#3243 = CARTESIAN_POINT('',(5.35,-6.3,0.95));
#3244 = B_SPLINE_CURVE_WITH_KNOTS('',1,(#3245,#3246),.UNSPECIFIED.,.F.,
  .F.,(2,2),(0.,5.3),.PIECEWISE_BEZIER_KNOTS.);
#3245 = CARTESIAN_POINT('',(5.E-02,-6.3,0.95));
#3246 = CARTESIAN_POINT('',(5.35,-6.3,0.95));
#3247 = ORIENTED_EDGE('',*,*,#3248,.T.);
#3248 = EDGE_CURVE('',#3242,#3226,#3249,.T.);
#3249 = B_SPLINE_CURVE_WITH_KNOTS('',1,(#3250,#3251),.UNSPECIFIED.,.F.,
  .F.,(2,2),(0.,3.),.PIECEWISE_BEZIER_KNOTS.);
#3250 = CARTESIAN_POINT('',(5.35,-6.3,0.95));
#3251 = CARTESIAN_POINT('',(5.35,-3.3,0.95));
#3252 = B_SPLINE_SURFACE_WITH_KNOTS('',1,1,(
    (#3253,#3254)
    ,(#3255,#3256
    )),.UNSPECIFIED.,.F.,.F.,.F.,(2,2),(2,2),(0.,5.3),(0.,3.),
  .PIECEWISE_BEZIER_KNOTS.);
#3253 = CARTESIAN_POINT('',(5.35,-3.3,0.95));
#3254 = CARTESIAN_POINT('',(5.35,-6.3,0.95));
#3255 = CARTESIAN_POINT('',(5.E-02,-3.3,0.95));
#3256 = CARTESIAN_POINT('',(5.E-02,-6.3,0.95));
#3257 = SHELL_BASED_SURFACE_MODEL('',(#3258));
#3258 = OPEN_SHELL('',(#3259));
#3259 = ADVANCED_FACE('',(#3260),#3290,.T.);
#3260 = FACE_BOUND('',#3261,.T.);
#3261 = EDGE_LOOP('',(#3262,#3271,#3278,#3285));
#3262 = ORIENTED_EDGE('',*,*,#3263,.T.);
#3263 = EDGE_CURVE('',#3264,#3266,#3268,.T.);
#3264 = VERTEX_POINT('',#3265);
#3265 = CARTESIAN_POINT('',(5.E-02,-3.3,0.95));
#3266 = VERTEX_POINT('',#3267);
#3267 = CARTESIAN_POINT('',(5.E-02,-3.3,-0.2));
#3268 = B_SPLINE_CURVE_WITH_KNOTS('',1,(#3269,#3270),.UNSPECIFIED.,.F.,
  .F.,(2,2),(0.,1.15),.PIECEWISE_BEZIER_KNOTS.);
#3269 = CARTESIAN_POINT('',(5.E-02,-3.3,0.95));
#3270 = CARTESIAN_POINT('',(5.E-02,-3.3,-0.2));
#3271 = ORIENTED_EDGE('',*,*,#3272,.T.);
#3272 = EDGE_CURVE('',#3266,#3273,#3275,.T.);
#3273 = VERTEX_POINT('',#3274);
#3274 = CARTESIAN_POINT('',(5.E-02,-6.3,-0.2));
#3275 = B_SPLINE_CURVE_WITH_KNOTS('',1,(#3276,#3277),.UNSPECIFIED.,.F.,
  .F.,(2,2),(0.,3.),.PIECEWISE_BEZIER_KNOTS.);
#3276 = CARTESIAN_POINT('',(5.E-02,-3.3,-0.2));
#3277 = CARTESIAN_POINT('',(5.E-02,-6.3,-0.2));
#3278 = ORIENTED_EDGE('',*,*,#3279,.T.);
#3279 = EDGE_CURVE('',#3273,#3280,#3282,.T.);
#3280 = VERTEX_POINT('',#3281);
#3281 = CARTESIAN_POINT('',(5.E-02,-6.3,0.95));
#3282 = B_SPLINE_CURVE_WITH_KNOTS('',1,(#3283,#3284),.UNSPECIFIED.,.F.,
  .F.,(2,2),(0.,1.15),.PIECEWISE_BEZIER_KNOTS.);
#3283 = CARTESIAN_POINT('',(5.E-02,-6.3,-0.2));
#3284 = CARTESIAN_POINT('',(5.E-02,-6.3,0.95));
#3285 = ORIENTED_EDGE('',*,*,#3286,.T.);
#3286 = EDGE_CURVE('',#3280,#3264,#3287,.T.);
#3287 = B_SPLINE_CURVE_WITH_KNOTS('',1,(#3288,#3289),.UNSPECIFIED.,.F.,
  .F.,(2,2),(0.,3.),.PIECEWISE_BEZIER_KNOTS.);
#3288 = CARTESIAN_POINT('',(5.E-02,-6.3,0.95));
#3289 = CARTESIAN_POINT('',(5.E-02,-3.3,0.95));
#3290 = B_SPLINE_SURFACE_WITH_KNOTS('',1,1,(
    (#3291,#3292)
    ,(#3293,#3294
    )),.UNSPECIFIED.,.F.,.F.,.F.,(2,2),(2,2),(0.,1.15),(0.,3.),
  .PIECEWISE_BEZIER_KNOTS.);
#3291 = CARTESIAN_POINT('',(5.E-02,-3.3,0.95));
#3292 = CARTESIAN_POINT('',(5.E-02,-6.3,0.95));
#3293 = CARTESIAN_POINT('',(5.E-02,-3.3,-0.2));
#3294 = CARTESIAN_POINT('',(5.E-02,-6.3,-0.2));
#3295 = ( GEOMETRIC_REPRESENTATION_CONTEXT(3) 
GLOBAL_UNCERTAINTY_ASSIGNED_CONTEXT((#3299)) 
GLOBAL_UNIT_ASSIGNED_CONTEXT((#3296,#3297,#3298)) REPRESENTATION_CONTEXT
('Context #1','3D Context with UNIT and UNCERTAINTY') );
#3296 = ( LENGTH_UNIT() NAMED_UNIT(*) SI_UNIT(.MILLI.,.METRE.) );
#3297 = ( NAMED_UNIT(*) PLANE_ANGLE_UNIT() SI_UNIT($,.RADIAN.) );
#3298 = ( NAMED_UNIT(*) SI_UNIT($,.STERADIAN.) SOLID_ANGLE_UNIT() );
#3299 = UNCERTAINTY_MEASURE_WITH_UNIT(LENGTH_MEASURE(1.E-07),#3296,
  'distance_accuracy_value','confusion accuracy');
#3300 = PRODUCT_RELATED_PRODUCT_CATEGORY('part',$,(#7));
#3301 = MECHANICAL_DESIGN_GEOMETRIC_PRESENTATION_REPRESENTATION('',(
    #3302,#3313,#3322,#3331,#3340,#3349,#3358,#3367,#3376,#3385,#3394,
    #3403,#3412,#3421,#3430,#3439,#3448,#3457,#3466,#3475,#3484,#3493,
    #3502,#3511,#3520,#3529,#3538,#3547,#3556,#3565,#3574,#3583,#3592,
    #3601,#3610,#3619,#3628,#3637,#3646,#3655,#3664,#3673,#3682,#3691,
    #3700,#3709,#3718,#3727,#3736,#3745,#3754,#3763,#3772,#3781,#3790,
    #3799,#3808,#3817,#3826,#3835,#3844,#3853,#3862),#3295);
#3302 = STYLED_ITEM('color',(#3303),#17);
#3303 = PRESENTATION_STYLE_ASSIGNMENT((#3304,#3310));
#3304 = SURFACE_STYLE_USAGE(.BOTH.,#3305);
#3305 = SURFACE_SIDE_STYLE('',(#3306));
#3306 = SURFACE_STYLE_FILL_AREA(#3307);
#3307 = FILL_AREA_STYLE('',(#3308));
#3308 = FILL_AREA_STYLE_COLOUR('',#3309);
#3309 = COLOUR_RGB('',0.800000010877,0.800000010877,0.90196104065);
#3310 = CURVE_STYLE('',#3311,POSITIVE_LENGTH_MEASURE(0.1),#3312);
#3311 = DRAUGHTING_PRE_DEFINED_CURVE_FONT('continuous');
#3312 = COLOUR_RGB('',9.803921802644E-02,9.803921802644E-02,
  9.803921802644E-02);
#3313 = STYLED_ITEM('color',(#3314),#59);
#3314 = PRESENTATION_STYLE_ASSIGNMENT((#3315,#3320));
#3315 = SURFACE_STYLE_USAGE(.BOTH.,#3316);
#3316 = SURFACE_SIDE_STYLE('',(#3317));
#3317 = SURFACE_STYLE_FILL_AREA(#3318);
#3318 = FILL_AREA_STYLE('',(#3319));
#3319 = FILL_AREA_STYLE_COLOUR('',#3309);
#3320 = CURVE_STYLE('',#3321,POSITIVE_LENGTH_MEASURE(0.1),#3312);
#3321 = DRAUGHTING_PRE_DEFINED_CURVE_FONT('continuous');
#3322 = STYLED_ITEM('color',(#3323),#135);
#3323 = PRESENTATION_STYLE_ASSIGNMENT((#3324,#3329));
#3324 = SURFACE_STYLE_USAGE(.BOTH.,#3325);
#3325 = SURFACE_SIDE_STYLE('',(#3326));
#3326 = SURFACE_STYLE_FILL_AREA(#3327);
#3327 = FILL_AREA_STYLE('',(#3328));
#3328 = FILL_AREA_STYLE_COLOUR('',#3309);
#3329 = CURVE_STYLE('',#3330,POSITIVE_LENGTH_MEASURE(0.1),#3312);
#3330 = DRAUGHTING_PRE_DEFINED_CURVE_FONT('continuous');
#3331 = STYLED_ITEM('color',(#3332),#269);
#3332 = PRESENTATION_STYLE_ASSIGNMENT((#3333,#3338));
#3333 = SURFACE_STYLE_USAGE(.BOTH.,#3334);
#3334 = SURFACE_SIDE_STYLE('',(#3335));
#3335 = SURFACE_STYLE_FILL_AREA(#3336);
#3336 = FILL_AREA_STYLE('',(#3337));
#3337 = FILL_AREA_STYLE_COLOUR('',#3309);
#3338 = CURVE_STYLE('',#3339,POSITIVE_LENGTH_MEASURE(0.1),#3312);
#3339 = DRAUGHTING_PRE_DEFINED_CURVE_FONT('continuous');
#3340 = STYLED_ITEM('color',(#3341),#325);
#3341 = PRESENTATION_STYLE_ASSIGNMENT((#3342,#3347));
#3342 = SURFACE_STYLE_USAGE(.BOTH.,#3343);
#3343 = SURFACE_SIDE_STYLE('',(#3344));
#3344 = SURFACE_STYLE_FILL_AREA(#3345);
#3345 = FILL_AREA_STYLE('',(#3346));
#3346 = FILL_AREA_STYLE_COLOUR('',#3309);
#3347 = CURVE_STYLE('',#3348,POSITIVE_LENGTH_MEASURE(0.1),#3312);
#3348 = DRAUGHTING_PRE_DEFINED_CURVE_FONT('continuous');
#3349 = STYLED_ITEM('color',(#3350),#379);
#3350 = PRESENTATION_STYLE_ASSIGNMENT((#3351,#3356));
#3351 = SURFACE_STYLE_USAGE(.BOTH.,#3352);
#3352 = SURFACE_SIDE_STYLE('',(#3353));
#3353 = SURFACE_STYLE_FILL_AREA(#3354);
#3354 = FILL_AREA_STYLE('',(#3355));
#3355 = FILL_AREA_STYLE_COLOUR('',#3309);
#3356 = CURVE_STYLE('',#3357,POSITIVE_LENGTH_MEASURE(0.1),#3312);
#3357 = DRAUGHTING_PRE_DEFINED_CURVE_FONT('continuous');
#3358 = STYLED_ITEM('color',(#3359),#457);
#3359 = PRESENTATION_STYLE_ASSIGNMENT((#3360,#3365));
#3360 = SURFACE_STYLE_USAGE(.BOTH.,#3361);
#3361 = SURFACE_SIDE_STYLE('',(#3362));
#3362 = SURFACE_STYLE_FILL_AREA(#3363);
#3363 = FILL_AREA_STYLE('',(#3364));
#3364 = FILL_AREA_STYLE_COLOUR('',#3309);
#3365 = CURVE_STYLE('',#3366,POSITIVE_LENGTH_MEASURE(0.1),#3312);
#3366 = DRAUGHTING_PRE_DEFINED_CURVE_FONT('continuous');
#3367 = STYLED_ITEM('color',(#3368),#525);
#3368 = PRESENTATION_STYLE_ASSIGNMENT((#3369,#3374));
#3369 = SURFACE_STYLE_USAGE(.BOTH.,#3370);
#3370 = SURFACE_SIDE_STYLE('',(#3371));
#3371 = SURFACE_STYLE_FILL_AREA(#3372);
#3372 = FILL_AREA_STYLE('',(#3373));
#3373 = FILL_AREA_STYLE_COLOUR('',#3309);
#3374 = CURVE_STYLE('',#3375,POSITIVE_LENGTH_MEASURE(0.1),#3312);
#3375 = DRAUGHTING_PRE_DEFINED_CURVE_FONT('continuous');
#3376 = STYLED_ITEM('color',(#3377),#577);
#3377 = PRESENTATION_STYLE_ASSIGNMENT((#3378,#3383));
#3378 = SURFACE_STYLE_USAGE(.BOTH.,#3379);
#3379 = SURFACE_SIDE_STYLE('',(#3380));
#3380 = SURFACE_STYLE_FILL_AREA(#3381);
#3381 = FILL_AREA_STYLE('',(#3382));
#3382 = FILL_AREA_STYLE_COLOUR('',#3309);
#3383 = CURVE_STYLE('',#3384,POSITIVE_LENGTH_MEASURE(0.1),#3312);
#3384 = DRAUGHTING_PRE_DEFINED_CURVE_FONT('continuous');
#3385 = STYLED_ITEM('color',(#3386),#617);
#3386 = PRESENTATION_STYLE_ASSIGNMENT((#3387,#3392));
#3387 = SURFACE_STYLE_USAGE(.BOTH.,#3388);
#3388 = SURFACE_SIDE_STYLE('',(#3389));
#3389 = SURFACE_STYLE_FILL_AREA(#3390);
#3390 = FILL_AREA_STYLE('',(#3391));
#3391 = FILL_AREA_STYLE_COLOUR('',#3309);
#3392 = CURVE_STYLE('',#3393,POSITIVE_LENGTH_MEASURE(0.1),#3312);
#3393 = DRAUGHTING_PRE_DEFINED_CURVE_FONT('continuous');
#3394 = STYLED_ITEM('color',(#3395),#683);
#3395 = PRESENTATION_STYLE_ASSIGNMENT((#3396,#3401));
#3396 = SURFACE_STYLE_USAGE(.BOTH.,#3397);
#3397 = SURFACE_SIDE_STYLE('',(#3398));
#3398 = SURFACE_STYLE_FILL_AREA(#3399);
#3399 = FILL_AREA_STYLE('',(#3400));
#3400 = FILL_AREA_STYLE_COLOUR('',#3309);
#3401 = CURVE_STYLE('',#3402,POSITIVE_LENGTH_MEASURE(0.1),#3312);
#3402 = DRAUGHTING_PRE_DEFINED_CURVE_FONT('continuous');
#3403 = STYLED_ITEM('color',(#3404),#735);
#3404 = PRESENTATION_STYLE_ASSIGNMENT((#3405,#3410));
#3405 = SURFACE_STYLE_USAGE(.BOTH.,#3406);
#3406 = SURFACE_SIDE_STYLE('',(#3407));
#3407 = SURFACE_STYLE_FILL_AREA(#3408);
#3408 = FILL_AREA_STYLE('',(#3409));
#3409 = FILL_AREA_STYLE_COLOUR('',#3309);
#3410 = CURVE_STYLE('',#3411,POSITIVE_LENGTH_MEASURE(0.1),#3312);
#3411 = DRAUGHTING_PRE_DEFINED_CURVE_FONT('continuous');
#3412 = STYLED_ITEM('color',(#3413),#777);
#3413 = PRESENTATION_STYLE_ASSIGNMENT((#3414,#3419));
#3414 = SURFACE_STYLE_USAGE(.BOTH.,#3415);
#3415 = SURFACE_SIDE_STYLE('',(#3416));
#3416 = SURFACE_STYLE_FILL_AREA(#3417);
#3417 = FILL_AREA_STYLE('',(#3418));
#3418 = FILL_AREA_STYLE_COLOUR('',#3309);
#3419 = CURVE_STYLE('',#3420,POSITIVE_LENGTH_MEASURE(0.1),#3312);
#3420 = DRAUGHTING_PRE_DEFINED_CURVE_FONT('continuous');
#3421 = STYLED_ITEM('color',(#3422),#815);
#3422 = PRESENTATION_STYLE_ASSIGNMENT((#3423,#3428));
#3423 = SURFACE_STYLE_USAGE(.BOTH.,#3424);
#3424 = SURFACE_SIDE_STYLE('',(#3425));
#3425 = SURFACE_STYLE_FILL_AREA(#3426);
#3426 = FILL_AREA_STYLE('',(#3427));
#3427 = FILL_AREA_STYLE_COLOUR('',#3309);
#3428 = CURVE_STYLE('',#3429,POSITIVE_LENGTH_MEASURE(0.1),#3312);
#3429 = DRAUGHTING_PRE_DEFINED_CURVE_FONT('continuous');
#3430 = STYLED_ITEM('color',(#3431),#860);
#3431 = PRESENTATION_STYLE_ASSIGNMENT((#3432,#3437));
#3432 = SURFACE_STYLE_USAGE(.BOTH.,#3433);
#3433 = SURFACE_SIDE_STYLE('',(#3434));
#3434 = SURFACE_STYLE_FILL_AREA(#3435);
#3435 = FILL_AREA_STYLE('',(#3436));
#3436 = FILL_AREA_STYLE_COLOUR('',#3309);
#3437 = CURVE_STYLE('',#3438,POSITIVE_LENGTH_MEASURE(0.1),#3312);
#3438 = DRAUGHTING_PRE_DEFINED_CURVE_FONT('continuous');
#3439 = STYLED_ITEM('color',(#3440),#912);
#3440 = PRESENTATION_STYLE_ASSIGNMENT((#3441,#3446));
#3441 = SURFACE_STYLE_USAGE(.BOTH.,#3442);
#3442 = SURFACE_SIDE_STYLE('',(#3443));
#3443 = SURFACE_STYLE_FILL_AREA(#3444);
#3444 = FILL_AREA_STYLE('',(#3445));
#3445 = FILL_AREA_STYLE_COLOUR('',#3309);
#3446 = CURVE_STYLE('',#3447,POSITIVE_LENGTH_MEASURE(0.1),#3312);
#3447 = DRAUGHTING_PRE_DEFINED_CURVE_FONT('continuous');
#3448 = STYLED_ITEM('color',(#3449),#957);
#3449 = PRESENTATION_STYLE_ASSIGNMENT((#3450,#3455));
#3450 = SURFACE_STYLE_USAGE(.BOTH.,#3451);
#3451 = SURFACE_SIDE_STYLE('',(#3452));
#3452 = SURFACE_STYLE_FILL_AREA(#3453);
#3453 = FILL_AREA_STYLE('',(#3454));
#3454 = FILL_AREA_STYLE_COLOUR('',#3309);
#3455 = CURVE_STYLE('',#3456,POSITIVE_LENGTH_MEASURE(0.1),#3312);
#3456 = DRAUGHTING_PRE_DEFINED_CURVE_FONT('continuous');
#3457 = STYLED_ITEM('color',(#3458),#997);
#3458 = PRESENTATION_STYLE_ASSIGNMENT((#3459,#3464));
#3459 = SURFACE_STYLE_USAGE(.BOTH.,#3460);
#3460 = SURFACE_SIDE_STYLE('',(#3461));
#3461 = SURFACE_STYLE_FILL_AREA(#3462);
#3462 = FILL_AREA_STYLE('',(#3463));
#3463 = FILL_AREA_STYLE_COLOUR('',#3309);
#3464 = CURVE_STYLE('',#3465,POSITIVE_LENGTH_MEASURE(0.1),#3312);
#3465 = DRAUGHTING_PRE_DEFINED_CURVE_FONT('continuous');
#3466 = STYLED_ITEM('color',(#3467),#1063);
#3467 = PRESENTATION_STYLE_ASSIGNMENT((#3468,#3473));
#3468 = SURFACE_STYLE_USAGE(.BOTH.,#3469);
#3469 = SURFACE_SIDE_STYLE('',(#3470));
#3470 = SURFACE_STYLE_FILL_AREA(#3471);
#3471 = FILL_AREA_STYLE('',(#3472));
#3472 = FILL_AREA_STYLE_COLOUR('',#3309);
#3473 = CURVE_STYLE('',#3474,POSITIVE_LENGTH_MEASURE(0.1),#3312);
#3474 = DRAUGHTING_PRE_DEFINED_CURVE_FONT('continuous');
#3475 = STYLED_ITEM('color',(#3476),#1115);
#3476 = PRESENTATION_STYLE_ASSIGNMENT((#3477,#3482));
#3477 = SURFACE_STYLE_USAGE(.BOTH.,#3478);
#3478 = SURFACE_SIDE_STYLE('',(#3479));
#3479 = SURFACE_STYLE_FILL_AREA(#3480);
#3480 = FILL_AREA_STYLE('',(#3481));
#3481 = FILL_AREA_STYLE_COLOUR('',#3309);
#3482 = CURVE_STYLE('',#3483,POSITIVE_LENGTH_MEASURE(0.1),#3312);
#3483 = DRAUGHTING_PRE_DEFINED_CURVE_FONT('continuous');
#3484 = STYLED_ITEM('color',(#3485),#1153);
#3485 = PRESENTATION_STYLE_ASSIGNMENT((#3486,#3491));
#3486 = SURFACE_STYLE_USAGE(.BOTH.,#3487);
#3487 = SURFACE_SIDE_STYLE('',(#3488));
#3488 = SURFACE_STYLE_FILL_AREA(#3489);
#3489 = FILL_AREA_STYLE('',(#3490));
#3490 = FILL_AREA_STYLE_COLOUR('',#3309);
#3491 = CURVE_STYLE('',#3492,POSITIVE_LENGTH_MEASURE(0.1),#3312);
#3492 = DRAUGHTING_PRE_DEFINED_CURVE_FONT('continuous');
#3493 = STYLED_ITEM('color',(#3494),#1191);
#3494 = PRESENTATION_STYLE_ASSIGNMENT((#3495,#3500));
#3495 = SURFACE_STYLE_USAGE(.BOTH.,#3496);
#3496 = SURFACE_SIDE_STYLE('',(#3497));
#3497 = SURFACE_STYLE_FILL_AREA(#3498);
#3498 = FILL_AREA_STYLE('',(#3499));
#3499 = FILL_AREA_STYLE_COLOUR('',#3309);
#3500 = CURVE_STYLE('',#3501,POSITIVE_LENGTH_MEASURE(0.1),#3312);
#3501 = DRAUGHTING_PRE_DEFINED_CURVE_FONT('continuous');
#3502 = STYLED_ITEM('color',(#3503),#1243);
#3503 = PRESENTATION_STYLE_ASSIGNMENT((#3504,#3509));
#3504 = SURFACE_STYLE_USAGE(.BOTH.,#3505);
#3505 = SURFACE_SIDE_STYLE('',(#3506));
#3506 = SURFACE_STYLE_FILL_AREA(#3507);
#3507 = FILL_AREA_STYLE('',(#3508));
#3508 = FILL_AREA_STYLE_COLOUR('',#3309);
#3509 = CURVE_STYLE('',#3510,POSITIVE_LENGTH_MEASURE(0.1),#3312);
#3510 = DRAUGHTING_PRE_DEFINED_CURVE_FONT('continuous');
#3511 = STYLED_ITEM('color',(#3512),#1331);
#3512 = PRESENTATION_STYLE_ASSIGNMENT((#3513,#3518));
#3513 = SURFACE_STYLE_USAGE(.BOTH.,#3514);
#3514 = SURFACE_SIDE_STYLE('',(#3515));
#3515 = SURFACE_STYLE_FILL_AREA(#3516);
#3516 = FILL_AREA_STYLE('',(#3517));
#3517 = FILL_AREA_STYLE_COLOUR('',#3309);
#3518 = CURVE_STYLE('',#3519,POSITIVE_LENGTH_MEASURE(0.1),#3312);
#3519 = DRAUGHTING_PRE_DEFINED_CURVE_FONT('continuous');
#3520 = STYLED_ITEM('color',(#3521),#1411);
#3521 = PRESENTATION_STYLE_ASSIGNMENT((#3522,#3527));
#3522 = SURFACE_STYLE_USAGE(.BOTH.,#3523);
#3523 = SURFACE_SIDE_STYLE('',(#3524));
#3524 = SURFACE_STYLE_FILL_AREA(#3525);
#3525 = FILL_AREA_STYLE('',(#3526));
#3526 = FILL_AREA_STYLE_COLOUR('',#3309);
#3527 = CURVE_STYLE('',#3528,POSITIVE_LENGTH_MEASURE(0.1),#3312);
#3528 = DRAUGHTING_PRE_DEFINED_CURVE_FONT('continuous');
#3529 = STYLED_ITEM('color',(#3530),#1449);
#3530 = PRESENTATION_STYLE_ASSIGNMENT((#3531,#3536));
#3531 = SURFACE_STYLE_USAGE(.BOTH.,#3532);
#3532 = SURFACE_SIDE_STYLE('',(#3533));
#3533 = SURFACE_STYLE_FILL_AREA(#3534);
#3534 = FILL_AREA_STYLE('',(#3535));
#3535 = FILL_AREA_STYLE_COLOUR('',#3309);
#3536 = CURVE_STYLE('',#3537,POSITIVE_LENGTH_MEASURE(0.1),#3312);
#3537 = DRAUGHTING_PRE_DEFINED_CURVE_FONT('continuous');
#3538 = STYLED_ITEM('color',(#3539),#1609);
#3539 = PRESENTATION_STYLE_ASSIGNMENT((#3540,#3545));
#3540 = SURFACE_STYLE_USAGE(.BOTH.,#3541);
#3541 = SURFACE_SIDE_STYLE('',(#3542));
#3542 = SURFACE_STYLE_FILL_AREA(#3543);
#3543 = FILL_AREA_STYLE('',(#3544));
#3544 = FILL_AREA_STYLE_COLOUR('',#3309);
#3545 = CURVE_STYLE('',#3546,POSITIVE_LENGTH_MEASURE(0.1),#3312);
#3546 = DRAUGHTING_PRE_DEFINED_CURVE_FONT('continuous');
#3547 = STYLED_ITEM('color',(#3548),#1647);
#3548 = PRESENTATION_STYLE_ASSIGNMENT((#3549,#3554));
#3549 = SURFACE_STYLE_USAGE(.BOTH.,#3550);
#3550 = SURFACE_SIDE_STYLE('',(#3551));
#3551 = SURFACE_STYLE_FILL_AREA(#3552);
#3552 = FILL_AREA_STYLE('',(#3553));
#3553 = FILL_AREA_STYLE_COLOUR('',#3309);
#3554 = CURVE_STYLE('',#3555,POSITIVE_LENGTH_MEASURE(0.1),#3312);
#3555 = DRAUGHTING_PRE_DEFINED_CURVE_FONT('continuous');
#3556 = STYLED_ITEM('color',(#3557),#1749);
#3557 = PRESENTATION_STYLE_ASSIGNMENT((#3558,#3563));
#3558 = SURFACE_STYLE_USAGE(.BOTH.,#3559);
#3559 = SURFACE_SIDE_STYLE('',(#3560));
#3560 = SURFACE_STYLE_FILL_AREA(#3561);
#3561 = FILL_AREA_STYLE('',(#3562));
#3562 = FILL_AREA_STYLE_COLOUR('',#3309);
#3563 = CURVE_STYLE('',#3564,POSITIVE_LENGTH_MEASURE(0.1),#3312);
#3564 = DRAUGHTING_PRE_DEFINED_CURVE_FONT('continuous');
#3565 = STYLED_ITEM('color',(#3566),#1787);
#3566 = PRESENTATION_STYLE_ASSIGNMENT((#3567,#3572));
#3567 = SURFACE_STYLE_USAGE(.BOTH.,#3568);
#3568 = SURFACE_SIDE_STYLE('',(#3569));
#3569 = SURFACE_STYLE_FILL_AREA(#3570);
#3570 = FILL_AREA_STYLE('',(#3571));
#3571 = FILL_AREA_STYLE_COLOUR('',#3309);
#3572 = CURVE_STYLE('',#3573,POSITIVE_LENGTH_MEASURE(0.1),#3312);
#3573 = DRAUGHTING_PRE_DEFINED_CURVE_FONT('continuous');
#3574 = STYLED_ITEM('color',(#3575),#1867);
#3575 = PRESENTATION_STYLE_ASSIGNMENT((#3576,#3581));
#3576 = SURFACE_STYLE_USAGE(.BOTH.,#3577);
#3577 = SURFACE_SIDE_STYLE('',(#3578));
#3578 = SURFACE_STYLE_FILL_AREA(#3579);
#3579 = FILL_AREA_STYLE('',(#3580));
#3580 = FILL_AREA_STYLE_COLOUR('',#3309);
#3581 = CURVE_STYLE('',#3582,POSITIVE_LENGTH_MEASURE(0.1),#3312);
#3582 = DRAUGHTING_PRE_DEFINED_CURVE_FONT('continuous');
#3583 = STYLED_ITEM('color',(#3584),#1905);
#3584 = PRESENTATION_STYLE_ASSIGNMENT((#3585,#3590));
#3585 = SURFACE_STYLE_USAGE(.BOTH.,#3586);
#3586 = SURFACE_SIDE_STYLE('',(#3587));
#3587 = SURFACE_STYLE_FILL_AREA(#3588);
#3588 = FILL_AREA_STYLE('',(#3589));
#3589 = FILL_AREA_STYLE_COLOUR('',#3309);
#3590 = CURVE_STYLE('',#3591,POSITIVE_LENGTH_MEASURE(0.1),#3312);
#3591 = DRAUGHTING_PRE_DEFINED_CURVE_FONT('continuous');
#3592 = STYLED_ITEM('color',(#3593),#1943);
#3593 = PRESENTATION_STYLE_ASSIGNMENT((#3594,#3599));
#3594 = SURFACE_STYLE_USAGE(.BOTH.,#3595);
#3595 = SURFACE_SIDE_STYLE('',(#3596));
#3596 = SURFACE_STYLE_FILL_AREA(#3597);
#3597 = FILL_AREA_STYLE('',(#3598));
#3598 = FILL_AREA_STYLE_COLOUR('',#3309);
#3599 = CURVE_STYLE('',#3600,POSITIVE_LENGTH_MEASURE(0.1),#3312);
#3600 = DRAUGHTING_PRE_DEFINED_CURVE_FONT('continuous');
#3601 = STYLED_ITEM('color',(#3602),#1985);
#3602 = PRESENTATION_STYLE_ASSIGNMENT((#3603,#3608));
#3603 = SURFACE_STYLE_USAGE(.BOTH.,#3604);
#3604 = SURFACE_SIDE_STYLE('',(#3605));
#3605 = SURFACE_STYLE_FILL_AREA(#3606);
#3606 = FILL_AREA_STYLE('',(#3607));
#3607 = FILL_AREA_STYLE_COLOUR('',#3309);
#3608 = CURVE_STYLE('',#3609,POSITIVE_LENGTH_MEASURE(0.1),#3312);
#3609 = DRAUGHTING_PRE_DEFINED_CURVE_FONT('continuous');
#3610 = STYLED_ITEM('color',(#3611),#2037);
#3611 = PRESENTATION_STYLE_ASSIGNMENT((#3612,#3617));
#3612 = SURFACE_STYLE_USAGE(.BOTH.,#3613);
#3613 = SURFACE_SIDE_STYLE('',(#3614));
#3614 = SURFACE_STYLE_FILL_AREA(#3615);
#3615 = FILL_AREA_STYLE('',(#3616));
#3616 = FILL_AREA_STYLE_COLOUR('',#3309);
#3617 = CURVE_STYLE('',#3618,POSITIVE_LENGTH_MEASURE(0.1),#3312);
#3618 = DRAUGHTING_PRE_DEFINED_CURVE_FONT('continuous');
#3619 = STYLED_ITEM('color',(#3620),#2075);
#3620 = PRESENTATION_STYLE_ASSIGNMENT((#3621,#3626));
#3621 = SURFACE_STYLE_USAGE(.BOTH.,#3622);
#3622 = SURFACE_SIDE_STYLE('',(#3623));
#3623 = SURFACE_STYLE_FILL_AREA(#3624);
#3624 = FILL_AREA_STYLE('',(#3625));
#3625 = FILL_AREA_STYLE_COLOUR('',#3309);
#3626 = CURVE_STYLE('',#3627,POSITIVE_LENGTH_MEASURE(0.1),#3312);
#3627 = DRAUGHTING_PRE_DEFINED_CURVE_FONT('continuous');
#3628 = STYLED_ITEM('color',(#3629),#2113);
#3629 = PRESENTATION_STYLE_ASSIGNMENT((#3630,#3635));
#3630 = SURFACE_STYLE_USAGE(.BOTH.,#3631);
#3631 = SURFACE_SIDE_STYLE('',(#3632));
#3632 = SURFACE_STYLE_FILL_AREA(#3633);
#3633 = FILL_AREA_STYLE('',(#3634));
#3634 = FILL_AREA_STYLE_COLOUR('',#3309);
#3635 = CURVE_STYLE('',#3636,POSITIVE_LENGTH_MEASURE(0.1),#3312);
#3636 = DRAUGHTING_PRE_DEFINED_CURVE_FONT('continuous');
#3637 = STYLED_ITEM('color',(#3638),#2186);
#3638 = PRESENTATION_STYLE_ASSIGNMENT((#3639,#3644));
#3639 = SURFACE_STYLE_USAGE(.BOTH.,#3640);
#3640 = SURFACE_SIDE_STYLE('',(#3641));
#3641 = SURFACE_STYLE_FILL_AREA(#3642);
#3642 = FILL_AREA_STYLE('',(#3643));
#3643 = FILL_AREA_STYLE_COLOUR('',#3309);
#3644 = CURVE_STYLE('',#3645,POSITIVE_LENGTH_MEASURE(0.1),#3312);
#3645 = DRAUGHTING_PRE_DEFINED_CURVE_FONT('continuous');
#3646 = STYLED_ITEM('color',(#3647),#2224);
#3647 = PRESENTATION_STYLE_ASSIGNMENT((#3648,#3653));
#3648 = SURFACE_STYLE_USAGE(.BOTH.,#3649);
#3649 = SURFACE_SIDE_STYLE('',(#3650));
#3650 = SURFACE_STYLE_FILL_AREA(#3651);
#3651 = FILL_AREA_STYLE('',(#3652));
#3652 = FILL_AREA_STYLE_COLOUR('',#3309);
#3653 = CURVE_STYLE('',#3654,POSITIVE_LENGTH_MEASURE(0.1),#3312);
#3654 = DRAUGHTING_PRE_DEFINED_CURVE_FONT('continuous');
#3655 = STYLED_ITEM('color',(#3656),#2297);
#3656 = PRESENTATION_STYLE_ASSIGNMENT((#3657,#3662));
#3657 = SURFACE_STYLE_USAGE(.BOTH.,#3658);
#3658 = SURFACE_SIDE_STYLE('',(#3659));
#3659 = SURFACE_STYLE_FILL_AREA(#3660);
#3660 = FILL_AREA_STYLE('',(#3661));
#3661 = FILL_AREA_STYLE_COLOUR('',#3309);
#3662 = CURVE_STYLE('',#3663,POSITIVE_LENGTH_MEASURE(0.1),#3312);
#3663 = DRAUGHTING_PRE_DEFINED_CURVE_FONT('continuous');
#3664 = STYLED_ITEM('color',(#3665),#2335);
#3665 = PRESENTATION_STYLE_ASSIGNMENT((#3666,#3671));
#3666 = SURFACE_STYLE_USAGE(.BOTH.,#3667);
#3667 = SURFACE_SIDE_STYLE('',(#3668));
#3668 = SURFACE_STYLE_FILL_AREA(#3669);
#3669 = FILL_AREA_STYLE('',(#3670));
#3670 = FILL_AREA_STYLE_COLOUR('',#3309);
#3671 = CURVE_STYLE('',#3672,POSITIVE_LENGTH_MEASURE(0.1),#3312);
#3672 = DRAUGHTING_PRE_DEFINED_CURVE_FONT('continuous');
#3673 = STYLED_ITEM('color',(#3674),#2373);
#3674 = PRESENTATION_STYLE_ASSIGNMENT((#3675,#3680));
#3675 = SURFACE_STYLE_USAGE(.BOTH.,#3676);
#3676 = SURFACE_SIDE_STYLE('',(#3677));
#3677 = SURFACE_STYLE_FILL_AREA(#3678);
#3678 = FILL_AREA_STYLE('',(#3679));
#3679 = FILL_AREA_STYLE_COLOUR('',#3309);
#3680 = CURVE_STYLE('',#3681,POSITIVE_LENGTH_MEASURE(0.1),#3312);
#3681 = DRAUGHTING_PRE_DEFINED_CURVE_FONT('continuous');
#3682 = STYLED_ITEM('color',(#3683),#2411);
#3683 = PRESENTATION_STYLE_ASSIGNMENT((#3684,#3689));
#3684 = SURFACE_STYLE_USAGE(.BOTH.,#3685);
#3685 = SURFACE_SIDE_STYLE('',(#3686));
#3686 = SURFACE_STYLE_FILL_AREA(#3687);
#3687 = FILL_AREA_STYLE('',(#3688));
#3688 = FILL_AREA_STYLE_COLOUR('',#3309);
#3689 = CURVE_STYLE('',#3690,POSITIVE_LENGTH_MEASURE(0.1),#3312);
#3690 = DRAUGHTING_PRE_DEFINED_CURVE_FONT('continuous');
#3691 = STYLED_ITEM('color',(#3692),#2449);
#3692 = PRESENTATION_STYLE_ASSIGNMENT((#3693,#3698));
#3693 = SURFACE_STYLE_USAGE(.BOTH.,#3694);
#3694 = SURFACE_SIDE_STYLE('',(#3695));
#3695 = SURFACE_STYLE_FILL_AREA(#3696);
#3696 = FILL_AREA_STYLE('',(#3697));
#3697 = FILL_AREA_STYLE_COLOUR('',#3309);
#3698 = CURVE_STYLE('',#3699,POSITIVE_LENGTH_MEASURE(0.1),#3312);
#3699 = DRAUGHTING_PRE_DEFINED_CURVE_FONT('continuous');
#3700 = STYLED_ITEM('color',(#3701),#2491);
#3701 = PRESENTATION_STYLE_ASSIGNMENT((#3702,#3707));
#3702 = SURFACE_STYLE_USAGE(.BOTH.,#3703);
#3703 = SURFACE_SIDE_STYLE('',(#3704));
#3704 = SURFACE_STYLE_FILL_AREA(#3705);
#3705 = FILL_AREA_STYLE('',(#3706));
#3706 = FILL_AREA_STYLE_COLOUR('',#3309);
#3707 = CURVE_STYLE('',#3708,POSITIVE_LENGTH_MEASURE(0.1),#3312);
#3708 = DRAUGHTING_PRE_DEFINED_CURVE_FONT('continuous');
#3709 = STYLED_ITEM('color',(#3710),#2543);
#3710 = PRESENTATION_STYLE_ASSIGNMENT((#3711,#3716));
#3711 = SURFACE_STYLE_USAGE(.BOTH.,#3712);
#3712 = SURFACE_SIDE_STYLE('',(#3713));
#3713 = SURFACE_STYLE_FILL_AREA(#3714);
#3714 = FILL_AREA_STYLE('',(#3715));
#3715 = FILL_AREA_STYLE_COLOUR('',#3309);
#3716 = CURVE_STYLE('',#3717,POSITIVE_LENGTH_MEASURE(0.1),#3312);
#3717 = DRAUGHTING_PRE_DEFINED_CURVE_FONT('continuous');
#3718 = STYLED_ITEM('color',(#3719),#2581);
#3719 = PRESENTATION_STYLE_ASSIGNMENT((#3720,#3725));
#3720 = SURFACE_STYLE_USAGE(.BOTH.,#3721);
#3721 = SURFACE_SIDE_STYLE('',(#3722));
#3722 = SURFACE_STYLE_FILL_AREA(#3723);
#3723 = FILL_AREA_STYLE('',(#3724));
#3724 = FILL_AREA_STYLE_COLOUR('',#3309);
#3725 = CURVE_STYLE('',#3726,POSITIVE_LENGTH_MEASURE(0.1),#3312);
#3726 = DRAUGHTING_PRE_DEFINED_CURVE_FONT('continuous');
#3727 = STYLED_ITEM('color',(#3728),#2619);
#3728 = PRESENTATION_STYLE_ASSIGNMENT((#3729,#3734));
#3729 = SURFACE_STYLE_USAGE(.BOTH.,#3730);
#3730 = SURFACE_SIDE_STYLE('',(#3731));
#3731 = SURFACE_STYLE_FILL_AREA(#3732);
#3732 = FILL_AREA_STYLE('',(#3733));
#3733 = FILL_AREA_STYLE_COLOUR('',#3309);
#3734 = CURVE_STYLE('',#3735,POSITIVE_LENGTH_MEASURE(0.1),#3312);
#3735 = DRAUGHTING_PRE_DEFINED_CURVE_FONT('continuous');
#3736 = STYLED_ITEM('color',(#3737),#2657);
#3737 = PRESENTATION_STYLE_ASSIGNMENT((#3738,#3743));
#3738 = SURFACE_STYLE_USAGE(.BOTH.,#3739);
#3739 = SURFACE_SIDE_STYLE('',(#3740));
#3740 = SURFACE_STYLE_FILL_AREA(#3741);
#3741 = FILL_AREA_STYLE('',(#3742));
#3742 = FILL_AREA_STYLE_COLOUR('',#3309);
#3743 = CURVE_STYLE('',#3744,POSITIVE_LENGTH_MEASURE(0.1),#3312);
#3744 = DRAUGHTING_PRE_DEFINED_CURVE_FONT('continuous');
#3745 = STYLED_ITEM('color',(#3746),#2695);
#3746 = PRESENTATION_STYLE_ASSIGNMENT((#3747,#3752));
#3747 = SURFACE_STYLE_USAGE(.BOTH.,#3748);
#3748 = SURFACE_SIDE_STYLE('',(#3749));
#3749 = SURFACE_STYLE_FILL_AREA(#3750);
#3750 = FILL_AREA_STYLE('',(#3751));
#3751 = FILL_AREA_STYLE_COLOUR('',#3309);
#3752 = CURVE_STYLE('',#3753,POSITIVE_LENGTH_MEASURE(0.1),#3312);
#3753 = DRAUGHTING_PRE_DEFINED_CURVE_FONT('continuous');
#3754 = STYLED_ITEM('color',(#3755),#2768);
#3755 = PRESENTATION_STYLE_ASSIGNMENT((#3756,#3761));
#3756 = SURFACE_STYLE_USAGE(.BOTH.,#3757);
#3757 = SURFACE_SIDE_STYLE('',(#3758));
#3758 = SURFACE_STYLE_FILL_AREA(#3759);
#3759 = FILL_AREA_STYLE('',(#3760));
#3760 = FILL_AREA_STYLE_COLOUR('',#3309);
#3761 = CURVE_STYLE('',#3762,POSITIVE_LENGTH_MEASURE(0.1),#3312);
#3762 = DRAUGHTING_PRE_DEFINED_CURVE_FONT('continuous');
#3763 = STYLED_ITEM('color',(#3764),#2806);
#3764 = PRESENTATION_STYLE_ASSIGNMENT((#3765,#3770));
#3765 = SURFACE_STYLE_USAGE(.BOTH.,#3766);
#3766 = SURFACE_SIDE_STYLE('',(#3767));
#3767 = SURFACE_STYLE_FILL_AREA(#3768);
#3768 = FILL_AREA_STYLE('',(#3769));
#3769 = FILL_AREA_STYLE_COLOUR('',#3309);
#3770 = CURVE_STYLE('',#3771,POSITIVE_LENGTH_MEASURE(0.1),#3312);
#3771 = DRAUGHTING_PRE_DEFINED_CURVE_FONT('continuous');
#3772 = STYLED_ITEM('color',(#3773),#2879);
#3773 = PRESENTATION_STYLE_ASSIGNMENT((#3774,#3779));
#3774 = SURFACE_STYLE_USAGE(.BOTH.,#3775);
#3775 = SURFACE_SIDE_STYLE('',(#3776));
#3776 = SURFACE_STYLE_FILL_AREA(#3777);
#3777 = FILL_AREA_STYLE('',(#3778));
#3778 = FILL_AREA_STYLE_COLOUR('',#3309);
#3779 = CURVE_STYLE('',#3780,POSITIVE_LENGTH_MEASURE(0.1),#3312);
#3780 = DRAUGHTING_PRE_DEFINED_CURVE_FONT('continuous');
#3781 = STYLED_ITEM('color',(#3782),#2917);
#3782 = PRESENTATION_STYLE_ASSIGNMENT((#3783,#3788));
#3783 = SURFACE_STYLE_USAGE(.BOTH.,#3784);
#3784 = SURFACE_SIDE_STYLE('',(#3785));
#3785 = SURFACE_STYLE_FILL_AREA(#3786);
#3786 = FILL_AREA_STYLE('',(#3787));
#3787 = FILL_AREA_STYLE_COLOUR('',#3309);
#3788 = CURVE_STYLE('',#3789,POSITIVE_LENGTH_MEASURE(0.1),#3312);
#3789 = DRAUGHTING_PRE_DEFINED_CURVE_FONT('continuous');
#3790 = STYLED_ITEM('color',(#3791),#2955);
#3791 = PRESENTATION_STYLE_ASSIGNMENT((#3792,#3797));
#3792 = SURFACE_STYLE_USAGE(.BOTH.,#3793);
#3793 = SURFACE_SIDE_STYLE('',(#3794));
#3794 = SURFACE_STYLE_FILL_AREA(#3795);
#3795 = FILL_AREA_STYLE('',(#3796));
#3796 = FILL_AREA_STYLE_COLOUR('',#3309);
#3797 = CURVE_STYLE('',#3798,POSITIVE_LENGTH_MEASURE(0.1),#3312);
#3798 = DRAUGHTING_PRE_DEFINED_CURVE_FONT('continuous');
#3799 = STYLED_ITEM('color',(#3800),#2993);
#3800 = PRESENTATION_STYLE_ASSIGNMENT((#3801,#3806));
#3801 = SURFACE_STYLE_USAGE(.BOTH.,#3802);
#3802 = SURFACE_SIDE_STYLE('',(#3803));
#3803 = SURFACE_STYLE_FILL_AREA(#3804);
#3804 = FILL_AREA_STYLE('',(#3805));
#3805 = FILL_AREA_STYLE_COLOUR('',#3309);
#3806 = CURVE_STYLE('',#3807,POSITIVE_LENGTH_MEASURE(0.1),#3312);
#3807 = DRAUGHTING_PRE_DEFINED_CURVE_FONT('continuous');
#3808 = STYLED_ITEM('color',(#3809),#3031);
#3809 = PRESENTATION_STYLE_ASSIGNMENT((#3810,#3815));
#3810 = SURFACE_STYLE_USAGE(.BOTH.,#3811);
#3811 = SURFACE_SIDE_STYLE('',(#3812));
#3812 = SURFACE_STYLE_FILL_AREA(#3813);
#3813 = FILL_AREA_STYLE('',(#3814));
#3814 = FILL_AREA_STYLE_COLOUR('',#3309);
#3815 = CURVE_STYLE('',#3816,POSITIVE_LENGTH_MEASURE(0.1),#3312);
#3816 = DRAUGHTING_PRE_DEFINED_CURVE_FONT('continuous');
#3817 = STYLED_ITEM('color',(#3818),#3069);
#3818 = PRESENTATION_STYLE_ASSIGNMENT((#3819,#3824));
#3819 = SURFACE_STYLE_USAGE(.BOTH.,#3820);
#3820 = SURFACE_SIDE_STYLE('',(#3821));
#3821 = SURFACE_STYLE_FILL_AREA(#3822);
#3822 = FILL_AREA_STYLE('',(#3823));
#3823 = FILL_AREA_STYLE_COLOUR('',#3309);
#3824 = CURVE_STYLE('',#3825,POSITIVE_LENGTH_MEASURE(0.1),#3312);
#3825 = DRAUGHTING_PRE_DEFINED_CURVE_FONT('continuous');
#3826 = STYLED_ITEM('color',(#3827),#3107);
#3827 = PRESENTATION_STYLE_ASSIGNMENT((#3828,#3833));
#3828 = SURFACE_STYLE_USAGE(.BOTH.,#3829);
#3829 = SURFACE_SIDE_STYLE('',(#3830));
#3830 = SURFACE_STYLE_FILL_AREA(#3831);
#3831 = FILL_AREA_STYLE('',(#3832));
#3832 = FILL_AREA_STYLE_COLOUR('',#3309);
#3833 = CURVE_STYLE('',#3834,POSITIVE_LENGTH_MEASURE(0.1),#3312);
#3834 = DRAUGHTING_PRE_DEFINED_CURVE_FONT('continuous');
#3835 = STYLED_ITEM('color',(#3836),#3145);
#3836 = PRESENTATION_STYLE_ASSIGNMENT((#3837,#3842));
#3837 = SURFACE_STYLE_USAGE(.BOTH.,#3838);
#3838 = SURFACE_SIDE_STYLE('',(#3839));
#3839 = SURFACE_STYLE_FILL_AREA(#3840);
#3840 = FILL_AREA_STYLE('',(#3841));
#3841 = FILL_AREA_STYLE_COLOUR('',#3309);
#3842 = CURVE_STYLE('',#3843,POSITIVE_LENGTH_MEASURE(0.1),#3312);
#3843 = DRAUGHTING_PRE_DEFINED_CURVE_FONT('continuous');
#3844 = STYLED_ITEM('color',(#3845),#3183);
#3845 = PRESENTATION_STYLE_ASSIGNMENT((#3846,#3851));
#3846 = SURFACE_STYLE_USAGE(.BOTH.,#3847);
#3847 = SURFACE_SIDE_STYLE('',(#3848));
#3848 = SURFACE_STYLE_FILL_AREA(#3849);
#3849 = FILL_AREA_STYLE('',(#3850));
#3850 = FILL_AREA_STYLE_COLOUR('',#3309);
#3851 = CURVE_STYLE('',#3852,POSITIVE_LENGTH_MEASURE(0.1),#3312);
#3852 = DRAUGHTING_PRE_DEFINED_CURVE_FONT('continuous');
#3853 = STYLED_ITEM('color',(#3854),#3221);
#3854 = PRESENTATION_STYLE_ASSIGNMENT((#3855,#3860));
#3855 = SURFACE_STYLE_USAGE(.BOTH.,#3856);
#3856 = SURFACE_SIDE_STYLE('',(#3857));
#3857 = SURFACE_STYLE_FILL_AREA(#3858);
#3858 = FILL_AREA_STYLE('',(#3859));
#3859 = FILL_AREA_STYLE_COLOUR('',#3309);
#3860 = CURVE_STYLE('',#3861,POSITIVE_LENGTH_MEASURE(0.1),#3312);
#3861 = DRAUGHTING_PRE_DEFINED_CURVE_FONT('continuous');
#3862 = STYLED_ITEM('color',(#3863),#3259);
#3863 = PRESENTATION_STYLE_ASSIGNMENT((#3864,#3869));
#3864 = SURFACE_STYLE_USAGE(.BOTH.,#3865);
#3865 = SURFACE_SIDE_STYLE('',(#3866));
#3866 = SURFACE_STYLE_FILL_AREA(#3867);
#3867 = FILL_AREA_STYLE('',(#3868));
#3868 = FILL_AREA_STYLE_COLOUR('',#3309);
#3869 = CURVE_STYLE('',#3870,POSITIVE_LENGTH_MEASURE(0.1),#3312);
#3870 = DRAUGHTING_PRE_DEFINED_CURVE_FONT('continuous');
ENDSEC;
END-ISO-10303-21;
