                                                                        S0000001
,,31HOpen CASCADE IGES processor 7.7,13HFilename.iges,                  G0000001
16HOpen CASCADE 7.7,31HOpen CASCADE IGES processor 7.7,32,308,15,308,15,G0000002
,1.,2,2HMM,1,0.01,15H20250811.154949,0.000404584,12.610885,,,11,0,      G0000003
15H20250811.154949,;                                                    G0000004
     402       1       0       0       0       0       0       000000000D0000001
     402       0       0       5       1                               0D0000002
     144       6       0       0       0       0       0       000020000D0000003
     144       0       0       1       0                               0D0000004
     128       7       0       0       0       0       0       000010000D0000005
     128       0       0       4       0                               0D0000006
     142      11       0       0       0       0       0       000010500D0000007
     142       0       0       1       0                               0D0000008
     126      12       0       0       0       0       0       000010000D0000009
     126       0       0       9       0                               0D0000010
     144      21       0       0       0       0       0       000020000D0000011
     144       0       0       1       0                               0D0000012
     128      22       0       0       0       0       0       000010000D0000013
     128       0       0       4       0                               0D0000014
     142      26       0       0       0       0       0       000010500D0000015
     142       0       0       1       0                               0D0000016
     126      27       0       0       0       0       0       000010000D0000017
     126       0       0       9       0                               0D0000018
     142      36       0       0       0       0       0       000010500D0000019
     142       0       0       1       0                               0D0000020
     126      37       0       0       0       0       0       000010000D0000021
     126       0       0      10       0                               0D0000022
     144      47       0       0       0       0       0       000020000D0000023
     144       0       0       1       0                               0D0000024
     128      48       0       0       0       0       0       000010000D0000025
     128       0       0      15       0                               0D0000026
     142      63       0       0       0       0       0       000010500D0000027
     142       0       0       1       0                               0D0000028
     102      64       0       0       0       0       0       000010000D0000029
     102       0       0       1       0                               0D0000030
     126      65       0       0       0       0       0       000010000D0000031
     126       0       0       3       0                               0D0000032
     126      68       0       0       0       0       0       000010000D0000033
     126       0       0      10       0                               0D0000034
     126      78       0       0       0       0       0       000010000D0000035
     126       0       0       3       0                               0D0000036
     126      81       0       0       0       0       0       000010000D0000037
     126       0       0       5       0                               0D0000038
     126      86       0       0       0       0       0       000010000D0000039
     126       0       0       6       0                               0D0000040
     126      92       0       0       0       0       0       000010000D0000041
     126       0       0       7       0                               0D0000042
     126      99       0       0       0       0       0       000010000D0000043
     126       0       0       4       0                               0D0000044
     126     103       0       0       0       0       0       000010000D0000045
     126       0       0       4       0                               0D0000046
     144     107       0       0       0       0       0       000020000D0000047
     144       0       0       1       0                               0D0000048
     128     108       0       0       0       0       0       000010000D0000049
     128       0       0       4       0                               0D0000050
     142     112       0       0       0       0       0       000010500D0000051
     142       0       0       1       0                               0D0000052
     102     113       0       0       0       0       0       000010000D0000053
     102       0       0       1       0                               0D0000054
     126     114       0       0       0       0       0       000010000D0000055
     126       0       0       4       0                               0D0000056
     126     118       0       0       0       0       0       000010000D0000057
     126       0       0       5       0                               0D0000058
     126     123       0       0       0       0       0       000010000D0000059
     126       0       0       3       0                               0D0000060
     126     126       0       0       0       0       0       000010000D0000061
     126       0       0       4       0                               0D0000062
     126     130       0       0       0       0       0       000010000D0000063
     126       0       0       5       0                               0D0000064
     126     135       0       0       0       0       0       000010000D0000065
     126       0       0       3       0                               0D0000066
     144     138       0       0       0       0       0       000020000D0000067
     144       0       0       1       0                               0D0000068
     128     139       0       0       0       0       0       000010000D0000069
     128       0       0       4       0                               0D0000070
     142     143       0       0       0       0       0       000010500D0000071
     142       0       0       1       0                               0D0000072
     102     144       0       0       0       0       0       000010000D0000073
     102       0       0       1       0                               0D0000074
     126     145       0       0       0       0       0       000010000D0000075
     126       0       0       4       0                               0D0000076
     126     149       0       0       0       0       0       000010000D0000077
     126       0       0       2       0                               0D0000078
     126     151       0       0       0       0       0       000010000D0000079
     126       0       0       2       0                               0D0000080
     126     153       0       0       0       0       0       000010000D0000081
     126       0       0       3       0                               0D0000082
     126     156       0       0       0       0       0       000010000D0000083
     126       0       0       2       0                               0D0000084
     126     158       0       0       0       0       0       000010000D0000085
     126       0       0       2       0                               0D0000086
     144     160       0       0       0       0       0       000020000D0000087
     144       0       0       1       0                               0D0000088
     128     161       0       0       0       0       0       000010000D0000089
     128       0       0       4       0                               0D0000090
     142     165       0       0       0       0       0       000010500D0000091
     142       0       0       1       0                               0D0000092
     102     166       0       0       0       0       0       000010000D0000093
     102       0       0       1       0                               0D0000094
     126     167       0       0       0       0       0       000010000D0000095
     126       0       0       8       0                               0D0000096
     126     175       0       0       0       0       0       000010000D0000097
     126       0       0       3       0                               0D0000098
     126     178       0       0       0       0       0       000010000D0000099
     126       0       0       6       0                               0D0000100
     126     184       0       0       0       0       0       000010000D0000101
     126       0       0       2       0                               0D0000102
     126     186       0       0       0       0       0       000010000D0000103
     126       0       0       2       0                               0D0000104
     126     188       0       0       0       0       0       000010000D0000105
     126       0       0       2       0                               0D0000106
     144     190       0       0       0       0       0       000020000D0000107
     144       0       0       1       0                               0D0000108
     128     191       0       0       0       0       0       000010000D0000109
     128       0       0       4       0                               0D0000110
     142     195       0       0       0       0       0       000010500D0000111
     142       0       0       1       0                               0D0000112
     102     196       0       0       0       0       0       000010000D0000113
     102       0       0       1       0                               0D0000114
     126     197       0       0       0       0       0       000010000D0000115
     126       0       0       2       0                               0D0000116
     126     199       0       0       0       0       0       000010000D0000117
     126       0       0       6       0                               0D0000118
     126     205       0       0       0       0       0       000010000D0000119
     126       0       0       2       0                               0D0000120
     126     207       0       0       0       0       0       000010000D0000121
     126       0       0       2       0                               0D0000122
     126     209       0       0       0       0       0       000010000D0000123
     126       0       0       2       0                               0D0000124
     126     211       0       0       0       0       0       000010000D0000125
     126       0       0       2       0                               0D0000126
     126     213       0       0       0       0       0       000010000D0000127
     126       0       0       2       0                               0D0000128
     144     215       0       0       0       0       0       000020000D0000129
     144       0       0       1       0                               0D0000130
     128     216       0       0       0       0       0       000010000D0000131
     128       0       0       3       0                               0D0000132
     142     219       0       0       0       0       0       000010500D0000133
     142       0       0       1       0                               0D0000134
     102     220       0       0       0       0       0       000010000D0000135
     102       0       0       1       0                               0D0000136
     126     221       0       0       0       0       0       000010000D0000137
     126       0       0       3       0                               0D0000138
     126     224       0       0       0       0       0       000010000D0000139
     126       0       0       2       0                               0D0000140
     126     226       0       0       0       0       0       000010000D0000141
     126       0       0       2       0                               0D0000142
     126     228       0       0       0       0       0       000010000D0000143
     126       0       0       3       0                               0D0000144
     126     231       0       0       0       0       0       000010000D0000145
     126       0       0       2       0                               0D0000146
     126     233       0       0       0       0       0       000010000D0000147
     126       0       0       2       0                               0D0000148
     144     235       0       0       0       0       0       000020000D0000149
     144       0       0       1       0                               0D0000150
     128     236       0       0       0       0       0       000010000D0000151
     128       0       0       4       0                               0D0000152
     142     240       0       0       0       0       0       000010500D0000153
     142       0       0       1       0                               0D0000154
     102     241       0       0       0       0       0       000010000D0000155
     102       0       0       1       0                               0D0000156
     126     242       0       0       0       0       0       000010000D0000157
     126       0       0       4       0                               0D0000158
     126     246       0       0       0       0       0       000010000D0000159
     126       0       0       5       0                               0D0000160
     126     251       0       0       0       0       0       000010000D0000161
     126       0       0       2       0                               0D0000162
     126     253       0       0       0       0       0       000010000D0000163
     126       0       0       2       0                               0D0000164
     144     255       0       0       0       0       0       000020000D0000165
     144       0       0       1       0                               0D0000166
     128     256       0       0       0       0       0       000010000D0000167
     128       0       0       3       0                               0D0000168
     142     259       0       0       0       0       0       000010500D0000169
     142       0       0       1       0                               0D0000170
     102     260       0       0       0       0       0       000010000D0000171
     102       0       0       1       0                               0D0000172
     126     261       0       0       0       0       0       000010000D0000173
     126       0       0       3       0                               0D0000174
     126     264       0       0       0       0       0       000010000D0000175
     126       0       0       2       0                               0D0000176
     126     266       0       0       0       0       0       000010000D0000177
     126       0       0       3       0                               0D0000178
     126     269       0       0       0       0       0       000010000D0000179
     126       0       0       2       0                               0D0000180
     126     271       0       0       0       0       0       000010000D0000181
     126       0       0       2       0                               0D0000182
     126     273       0       0       0       0       0       000010000D0000183
     126       0       0       3       0                               0D0000184
     126     276       0       0       0       0       0       000010000D0000185
     126       0       0       2       0                               0D0000186
     126     278       0       0       0       0       0       000010000D0000187
     126       0       0       2       0                               0D0000188
     144     280       0       0       0       0       0       000020000D0000189
     144       0       0       1       0                               0D0000190
     128     281       0       0       0       0       0       000010000D0000191
     128       0       0       3       0                               0D0000192
     142     284       0       0       0       0       0       000010500D0000193
     142       0       0       1       0                               0D0000194
     102     285       0       0       0       0       0       000010000D0000195
     102       0       0       1       0                               0D0000196
     126     286       0       0       0       0       0       000010000D0000197
     126       0       0       2       0                               0D0000198
     126     288       0       0       0       0       0       000010000D0000199
     126       0       0       2       0                               0D0000200
     126     290       0       0       0       0       0       000010000D0000201
     126       0       0       2       0                               0D0000202
     126     292       0       0       0       0       0       000010000D0000203
     126       0       0       2       0                               0D0000204
     126     294       0       0       0       0       0       000010000D0000205
     126       0       0       2       0                               0D0000206
     126     296       0       0       0       0       0       000010000D0000207
     126       0       0       2       0                               0D0000208
     144     298       0       0       0       0       0       000020000D0000209
     144       0       0       1       0                               0D0000210
     128     299       0       0       0       0       0       000010000D0000211
     128       0       0       4       0                               0D0000212
     142     303       0       0       0       0       0       000010500D0000213
     142       0       0       1       0                               0D0000214
     102     304       0       0       0       0       0       000010000D0000215
     102       0       0       1       0                               0D0000216
     126     305       0       0       0       0       0       000010000D0000217
     126       0       0       3       0                               0D0000218
     126     308       0       0       0       0       0       000010000D0000219
     126       0       0       2       0                               0D0000220
     126     310       0       0       0       0       0       000010000D0000221
     126       0       0       3       0                               0D0000222
     126     313       0       0       0       0       0       000010000D0000223
     126       0       0       2       0                               0D0000224
     144     315       0       0       0       0       0       000020000D0000225
     144       0       0       1       0                               0D0000226
     128     316       0       0       0       0       0       000010000D0000227
     128       0       0       2       0                               0D0000228
     142     318       0       0       0       0       0       000010500D0000229
     142       0       0       1       0                               0D0000230
     102     319       0       0       0       0       0       000010000D0000231
     102       0       0       1       0                               0D0000232
     126     320       0       0       0       0       0       000010000D0000233
     126       0       0       2       0                               0D0000234
     126     322       0       0       0       0       0       000010000D0000235
     126       0       0       2       0                               0D0000236
     126     324       0       0       0       0       0       000010000D0000237
     126       0       0       2       0                               0D0000238
     126     326       0       0       0       0       0       000010000D0000239
     126       0       0       2       0                               0D0000240
     144     328       0       0       0       0       0       000020000D0000241
     144       0       0       1       0                               0D0000242
     128     329       0       0       0       0       0       000010000D0000243
     128       0       0       3       0                               0D0000244
     142     332       0       0       0       0       0       000010500D0000245
     142       0       0       1       0                               0D0000246
     102     333       0       0       0       0       0       000010000D0000247
     102       0       0       1       0                               0D0000248
     126     334       0       0       0       0       0       000010000D0000249
     126       0       0       2       0                               0D0000250
     126     336       0       0       0       0       0       000010000D0000251
     126       0       0       2       0                               0D0000252
     126     338       0       0       0       0       0       000010000D0000253
     126       0       0       2       0                               0D0000254
     126     340       0       0       0       0       0       000010000D0000255
     126       0       0       2       0                               0D0000256
     126     342       0       0       0       0       0       000010000D0000257
     126       0       0       2       0                               0D0000258
     144     344       0       0       0       0       0       000020000D0000259
     144       0       0       1       0                               0D0000260
     128     345       0       0       0       0       0       000010000D0000261
     128       0       0       3       0                               0D0000262
     142     348       0       0       0       0       0       000010500D0000263
     142       0       0       1       0                               0D0000264
     102     349       0       0       0       0       0       000010000D0000265
     102       0       0       1       0                               0D0000266
     126     350       0       0       0       0       0       000010000D0000267
     126       0       0       2       0                               0D0000268
     126     352       0       0       0       0       0       000010000D0000269
     126       0       0       2       0                               0D0000270
     126     354       0       0       0       0       0       000010000D0000271
     126       0       0       2       0                               0D0000272
     126     356       0       0       0       0       0       000010000D0000273
     126       0       0       2       0                               0D0000274
     126     358       0       0       0       0       0       000010000D0000275
     126       0       0       2       0                               0D0000276
     126     360       0       0       0       0       0       000010000D0000277
     126       0       0       2       0                               0D0000278
     144     362       0       0       0       0       0       000020000D0000279
     144       0       0       1       0                               0D0000280
     128     363       0       0       0       0       0       000010000D0000281
     128       0       0       3       0                               0D0000282
     142     366       0       0       0       0       0       000010500D0000283
     142       0       0       1       0                               0D0000284
     102     367       0       0       0       0       0       000010000D0000285
     102       0       0       1       0                               0D0000286
     126     368       0       0       0       0       0       000010000D0000287
     126       0       0       3       0                               0D0000288
     126     371       0       0       0       0       0       000010000D0000289
     126       0       0       2       0                               0D0000290
     126     373       0       0       0       0       0       000010000D0000291
     126       0       0       2       0                               0D0000292
     126     375       0       0       0       0       0       000010000D0000293
     126       0       0       2       0                               0D0000294
     126     377       0       0       0       0       0       000010000D0000295
     126       0       0       2       0                               0D0000296
     144     379       0       0       0       0       0       000020000D0000297
     144       0       0       1       0                               0D0000298
     128     380       0       0       0       0       0       000010000D0000299
     128       0       0       4       0                               0D0000300
     142     384       0       0       0       0       0       000010500D0000301
     142       0       0       1       0                               0D0000302
     102     385       0       0       0       0       0       000010000D0000303
     102       0       0       1       0                               0D0000304
     126     386       0       0       0       0       0       000010000D0000305
     126       0       0       6       0                               0D0000306
     126     392       0       0       0       0       0       000010000D0000307
     126       0       0       2       0                               0D0000308
     126     394       0       0       0       0       0       000010000D0000309
     126       0       0       2       0                               0D0000310
     144     396       0       0       0       0       0       000020000D0000311
     144       0       0       1       0                               0D0000312
     128     397       0       0       0       0       0       000010000D0000313
     128       0       0       3       0                               0D0000314
     142     400       0       0       0       0       0       000010500D0000315
     142       0       0       1       0                               0D0000316
     102     401       0       0       0       0       0       000010000D0000317
     102       0       0       1       0                               0D0000318
     126     402       0       0       0       0       0       000010000D0000319
     126       0       0       3       0                               0D0000320
     126     405       0       0       0       0       0       000010000D0000321
     126       0       0       2       0                               0D0000322
     126     407       0       0       0       0       0       000010000D0000323
     126       0       0       3       0                               0D0000324
     126     410       0       0       0       0       0       000010000D0000325
     126       0       0       2       0                               0D0000326
     126     412       0       0       0       0       0       000010000D0000327
     126       0       0       2       0                               0D0000328
     126     414       0       0       0       0       0       000010000D0000329
     126       0       0       3       0                               0D0000330
     126     417       0       0       0       0       0       000010000D0000331
     126       0       0       2       0                               0D0000332
     126     419       0       0       0       0       0       000010000D0000333
     126       0       0       2       0                               0D0000334
     144     421       0       0       0       0       0       000020000D0000335
     144       0       0       1       0                               0D0000336
     128     422       0       0       0       0       0       000010000D0000337
     128       0       0       3       0                               0D0000338
     142     425       0       0       0       0       0       000010500D0000339
     142       0       0       1       0                               0D0000340
     102     426       0       0       0       0       0       000010000D0000341
     102       0       0       1       0                               0D0000342
     126     427       0       0       0       0       0       000010000D0000343
     126       0       0       2       0                               0D0000344
     126     429       0       0       0       0       0       000010000D0000345
     126       0       0       2       0                               0D0000346
     126     431       0       0       0       0       0       000010000D0000347
     126       0       0       2       0                               0D0000348
     126     433       0       0       0       0       0       000010000D0000349
     126       0       0       2       0                               0D0000350
     126     435       0       0       0       0       0       000010000D0000351
     126       0       0       2       0                               0D0000352
     126     437       0       0       0       0       0       000010000D0000353
     126       0       0       2       0                               0D0000354
     144     439       0       0       0       0       0       000020000D0000355
     144       0       0       1       0                               0D0000356
     128     440       0       0       0       0       0       000010000D0000357
     128       0       0       2       0                               0D0000358
     142     442       0       0       0       0       0       000010500D0000359
     142       0       0       1       0                               0D0000360
     102     443       0       0       0       0       0       000010000D0000361
     102       0       0       1       0                               0D0000362
     126     444       0       0       0       0       0       000010000D0000363
     126       0       0       2       0                               0D0000364
     126     446       0       0       0       0       0       000010000D0000365
     126       0       0       2       0                               0D0000366
     126     448       0       0       0       0       0       000010000D0000367
     126       0       0       2       0                               0D0000368
     126     450       0       0       0       0       0       000010000D0000369
     126       0       0       2       0                               0D0000370
     144     452       0       0       0       0       0       000020000D0000371
     144       0       0       1       0                               0D0000372
     128     453       0       0       0       0       0       000010000D0000373
     128       0       0       2       0                               0D0000374
     142     455       0       0       0       0       0       000010500D0000375
     142       0       0       1       0                               0D0000376
     102     456       0       0       0       0       0       000010000D0000377
     102       0       0       1       0                               0D0000378
     126     457       0       0       0       0       0       000010000D0000379
     126       0       0       2       0                               0D0000380
     126     459       0       0       0       0       0       000010000D0000381
     126       0       0       2       0                               0D0000382
     126     461       0       0       0       0       0       000010000D0000383
     126       0       0       2       0                               0D0000384
     126     463       0       0       0       0       0       000010000D0000385
     126       0       0       2       0                               0D0000386
     144     465       0       0       0       0       0       000020000D0000387
     144       0       0       1       0                               0D0000388
     128     466       0       0       0       0       0       000010000D0000389
     128       0       0       3       0                               0D0000390
     142     469       0       0       0       0       0       000010500D0000391
     142       0       0       1       0                               0D0000392
     102     470       0       0       0       0       0       000010000D0000393
     102       0       0       1       0                               0D0000394
     126     471       0       0       0       0       0       000010000D0000395
     126       0       0       2       0                               0D0000396
     126     473       0       0       0       0       0       000010000D0000397
     126       0       0       2       0                               0D0000398
     126     475       0       0       0       0       0       000010000D0000399
     126       0       0       2       0                               0D0000400
     126     477       0       0       0       0       0       000010000D0000401
     126       0       0       2       0                               0D0000402
     126     479       0       0       0       0       0       000010000D0000403
     126       0       0       2       0                               0D0000404
     126     481       0       0       0       0       0       000010000D0000405
     126       0       0       2       0                               0D0000406
     144     483       0       0       0       0       0       000020000D0000407
     144       0       0       1       0                               0D0000408
     128     484       0       0       0       0       0       000010000D0000409
     128       0       0       4       0                               0D0000410
     142     488       0       0       0       0       0       000010500D0000411
     142       0       0       1       0                               0D0000412
     102     489       0       0       0       0       0       000010000D0000413
     102       0       0       1       0                               0D0000414
     126     490       0       0       0       0       0       000010000D0000415
     126       0       0       3       0                               0D0000416
     126     493       0       0       0       0       0       000010000D0000417
     126       0       0       3       0                               0D0000418
     126     496       0       0       0       0       0       000010000D0000419
     126       0       0       2       0                               0D0000420
     126     498       0       0       0       0       0       000010000D0000421
     126       0       0       2       0                               0D0000422
     126     500       0       0       0       0       0       000010000D0000423
     126       0       0       2       0                               0D0000424
     126     502       0       0       0       0       0       000010000D0000425
     126       0       0       2       0                               0D0000426
     126     504       0       0       0       0       0       000010000D0000427
     126       0       0       2       0                               0D0000428
     126     506       0       0       0       0       0       000010000D0000429
     126       0       0       2       0                               0D0000430
     126     508       0       0       0       0       0       000010000D0000431
     126       0       0       2       0                               0D0000432
     126     510       0       0       0       0       0       000010000D0000433
     126       0       0       3       0                               0D0000434
     126     513       0       0       0       0       0       000010000D0000435
     126       0       0       2       0                               0D0000436
     144     515       0       0       0       0       0       000020000D0000437
     144       0       0       1       0                               0D0000438
     128     516       0       0       0       0       0       000010000D0000439
     128       0       0       3       0                               0D0000440
     142     519       0       0       0       0       0       000010500D0000441
     142       0       0       1       0                               0D0000442
     102     520       0       0       0       0       0       000010000D0000443
     102       0       0       1       0                               0D0000444
     126     521       0       0       0       0       0       000010000D0000445
     126       0       0       2       0                               0D0000446
     126     523       0       0       0       0       0       000010000D0000447
     126       0       0       2       0                               0D0000448
     126     525       0       0       0       0       0       000010000D0000449
     126       0       0       2       0                               0D0000450
     126     527       0       0       0       0       0       000010000D0000451
     126       0       0       2       0                               0D0000452
     126     529       0       0       0       0       0       000010000D0000453
     126       0       0       2       0                               0D0000454
     126     531       0       0       0       0       0       000010000D0000455
     126       0       0       2       0                               0D0000456
     126     533       0       0       0       0       0       000010000D0000457
     126       0       0       3       0                               0D0000458
     126     536       0       0       0       0       0       000010000D0000459
     126       0       0       2       0                               0D0000460
     126     538       0       0       0       0       0       000010000D0000461
     126       0       0       2       0                               0D0000462
     126     540       0       0       0       0       0       000010000D0000463
     126       0       0       2       0                               0D0000464
     144     542       0       0       0       0       0       000020000D0000465
     144       0       0       1       0                               0D0000466
     128     543       0       0       0       0       0       000010000D0000467
     128       0       0       4       0                               0D0000468
     142     547       0       0       0       0       0       000010500D0000469
     142       0       0       1       0                               0D0000470
     102     548       0       0       0       0       0       000010000D0000471
     102       0       0       1       0                               0D0000472
     126     549       0       0       0       0       0       000010000D0000473
     126       0       0       2       0                               0D0000474
     126     551       0       0       0       0       0       000010000D0000475
     126       0       0       2       0                               0D0000476
     126     553       0       0       0       0       0       000010000D0000477
     126       0       0       2       0                               0D0000478
     126     555       0       0       0       0       0       000010000D0000479
     126       0       0       2       0                               0D0000480
     144     557       0       0       0       0       0       000020000D0000481
     144       0       0       1       0                               0D0000482
     128     558       0       0       0       0       0       000010000D0000483
     128       0       0       6       0                               0D0000484
     142     564       0       0       0       0       0       000010500D0000485
     142       0       0       1       0                               0D0000486
     102     565       0       0       0       0       0       000010000D0000487
     102       0       0       2       0                               0D0000488
     126     567       0       0       0       0       0       000010000D0000489
     126       0       0       3       0                               0D0000490
     126     570       0       0       0       0       0       000010000D0000491
     126       0       0       3       0                               0D0000492
     126     573       0       0       0       0       0       000010000D0000493
     126       0       0       2       0                               0D0000494
     126     575       0       0       0       0       0       000010000D0000495
     126       0       0       2       0                               0D0000496
     126     577       0       0       0       0       0       000010000D0000497
     126       0       0       3       0                               0D0000498
     126     580       0       0       0       0       0       000010000D0000499
     126       0       0       2       0                               0D0000500
     126     582       0       0       0       0       0       000010000D0000501
     126       0       0       2       0                               0D0000502
     126     584       0       0       0       0       0       000010000D0000503
     126       0       0       2       0                               0D0000504
     126     586       0       0       0       0       0       000010000D0000505
     126       0       0       2       0                               0D0000506
     126     588       0       0       0       0       0       000010000D0000507
     126       0       0       2       0                               0D0000508
     126     590       0       0       0       0       0       000010000D0000509
     126       0       0       4       0                               0D0000510
     126     594       0       0       0       0       0       000010000D0000511
     126       0       0       2       0                               0D0000512
     126     596       0       0       0       0       0       000010000D0000513
     126       0       0       3       0                               0D0000514
     126     599       0       0       0       0       0       000010000D0000515
     126       0       0       3       0                               0D0000516
     126     602       0       0       0       0       0       000010000D0000517
     126       0       0       2       0                               0D0000518
     126     604       0       0       0       0       0       000010000D0000519
     126       0       0       2       0                               0D0000520
     126     606       0       0       0       0       0       000010000D0000521
     126       0       0       2       0                               0D0000522
     126     608       0       0       0       0       0       000010000D0000523
     126       0       0       2       0                               0D0000524
     126     610       0       0       0       0       0       000010000D0000525
     126       0       0       2       0                               0D0000526
     126     612       0       0       0       0       0       000010000D0000527
     126       0       0       3       0                               0D0000528
     126     615       0       0       0       0       0       000010000D0000529
     126       0       0       2       0                               0D0000530
     144     617       0       0       0       0       0       000020000D0000531
     144       0       0       1       0                               0D0000532
     128     618       0       0       0       0       0       000010000D0000533
     128       0       0       3       0                               0D0000534
     142     621       0       0       0       0       0       000010500D0000535
     142       0       0       1       0                               0D0000536
     102     622       0       0       0       0       0       000010000D0000537
     102       0       0       1       0                               0D0000538
     126     623       0       0       0       0       0       000010000D0000539
     126       0       0       2       0                               0D0000540
     126     625       0       0       0       0       0       000010000D0000541
     126       0       0       2       0                               0D0000542
     126     627       0       0       0       0       0       000010000D0000543
     126       0       0       2       0                               0D0000544
     126     629       0       0       0       0       0       000010000D0000545
     126       0       0       2       0                               0D0000546
     144     631       0       0       0       0       0       000020000D0000547
     144       0       0       1       0                               0D0000548
     128     632       0       0       0       0       0       000010000D0000549
     128       0       0       5       0                               0D0000550
     142     637       0       0       0       0       0       000010500D0000551
     142       0       0       1       0                               0D0000552
     102     638       0       0       0       0       0       000010000D0000553
     102       0       0       1       0                               0D0000554
     126     639       0       0       0       0       0       000010000D0000555
     126       0       0       2       0                               0D0000556
     126     641       0       0       0       0       0       000010000D0000557
     126       0       0       3       0                               0D0000558
     126     644       0       0       0       0       0       000010000D0000559
     126       0       0       2       0                               0D0000560
     126     646       0       0       0       0       0       000010000D0000561
     126       0       0       2       0                               0D0000562
     126     648       0       0       0       0       0       000010000D0000563
     126       0       0       2       0                               0D0000564
     126     650       0       0       0       0       0       000010000D0000565
     126       0       0       3       0                               0D0000566
     126     653       0       0       0       0       0       000010000D0000567
     126       0       0       3       0                               0D0000568
     126     656       0       0       0       0       0       000010000D0000569
     126       0       0       2       0                               0D0000570
     126     658       0       0       0       0       0       000010000D0000571
     126       0       0       2       0                               0D0000572
     126     660       0       0       0       0       0       000010000D0000573
     126       0       0       2       0                               0D0000574
     126     662       0       0       0       0       0       000010000D0000575
     126       0       0       2       0                               0D0000576
     126     664       0       0       0       0       0       000010000D0000577
     126       0       0       2       0                               0D0000578
     126     666       0       0       0       0       0       000010000D0000579
     126       0       0       2       0                               0D0000580
     144     668       0       0       0       0       0       000020000D0000581
     144       0       0       1       0                               0D0000582
     128     669       0       0       0       0       0       000010000D0000583
     128       0       0       3       0                               0D0000584
     142     672       0       0       0       0       0       000010500D0000585
     142       0       0       1       0                               0D0000586
     102     673       0       0       0       0       0       000010000D0000587
     102       0       0       1       0                               0D0000588
     126     674       0       0       0       0       0       000010000D0000589
     126       0       0       2       0                               0D0000590
     126     676       0       0       0       0       0       000010000D0000591
     126       0       0       2       0                               0D0000592
     126     678       0       0       0       0       0       000010000D0000593
     126       0       0       2       0                               0D0000594
     126     680       0       0       0       0       0       000010000D0000595
     126       0       0       2       0                               0D0000596
     144     682       0       0       0       0       0       000020000D0000597
     144       0       0       1       0                               0D0000598
     128     683       0       0       0       0       0       000010000D0000599
     128       0       0       4       0                               0D0000600
     142     687       0       0       0       0       0       000010500D0000601
     142       0       0       1       0                               0D0000602
     102     688       0       0       0       0       0       000010000D0000603
     102       0       0       1       0                               0D0000604
     126     689       0       0       0       0       0       000010000D0000605
     126       0       0       2       0                               0D0000606
     126     691       0       0       0       0       0       000010000D0000607
     126       0       0       3       0                               0D0000608
     126     694       0       0       0       0       0       000010000D0000609
     126       0       0       2       0                               0D0000610
     126     696       0       0       0       0       0       000010000D0000611
     126       0       0       2       0                               0D0000612
     126     698       0       0       0       0       0       000010000D0000613
     126       0       0       2       0                               0D0000614
     126     700       0       0       0       0       0       000010000D0000615
     126       0       0       3       0                               0D0000616
     126     703       0       0       0       0       0       000010000D0000617
     126       0       0       2       0                               0D0000618
     126     705       0       0       0       0       0       000010000D0000619
     126       0       0       2       0                               0D0000620
     126     707       0       0       0       0       0       000010000D0000621
     126       0       0       2       0                               0D0000622
     126     709       0       0       0       0       0       000010000D0000623
     126       0       0       2       0                               0D0000624
     144     711       0       0       0       0       0       000020000D0000625
     144       0       0       1       0                               0D0000626
     128     712       0       0       0       0       0       000010000D0000627
     128       0       0       3       0                               0D0000628
     142     715       0       0       0       0       0       000010500D0000629
     142       0       0       1       0                               0D0000630
     102     716       0       0       0       0       0       000010000D0000631
     102       0       0       1       0                               0D0000632
     126     717       0       0       0       0       0       000010000D0000633
     126       0       0       2       0                               0D0000634
     126     719       0       0       0       0       0       000010000D0000635
     126       0       0       2       0                               0D0000636
     126     721       0       0       0       0       0       000010000D0000637
     126       0       0       2       0                               0D0000638
     126     723       0       0       0       0       0       000010000D0000639
     126       0       0       2       0                               0D0000640
     144     725       0       0       0       0       0       000020000D0000641
     144       0       0       1       0                               0D0000642
     128     726       0       0       0       0       0       000010000D0000643
     128       0       0       2       0                               0D0000644
     142     728       0       0       0       0       0       000010500D0000645
     142       0       0       1       0                               0D0000646
     102     729       0       0       0       0       0       000010000D0000647
     102       0       0       1       0                               0D0000648
     126     730       0       0       0       0       0       000010000D0000649
     126       0       0       2       0                               0D0000650
     126     732       0       0       0       0       0       000010000D0000651
     126       0       0       2       0                               0D0000652
     126     734       0       0       0       0       0       000010000D0000653
     126       0       0       2       0                               0D0000654
     126     736       0       0       0       0       0       000010000D0000655
     126       0       0       2       0                               0D0000656
     144     738       0       0       0       0       0       000020000D0000657
     144       0       0       1       0                               0D0000658
     128     739       0       0       0       0       0       000010000D0000659
     128       0       0       5       0                               0D0000660
     142     744       0       0       0       0       0       000010500D0000661
     142       0       0       1       0                               0D0000662
     102     745       0       0       0       0       0       000010000D0000663
     102       0       0       1       0                               0D0000664
     126     746       0       0       0       0       0       000010000D0000665
     126       0       0       2       0                               0D0000666
     126     748       0       0       0       0       0       000010000D0000667
     126       0       0       3       0                               0D0000668
     126     751       0       0       0       0       0       000010000D0000669
     126       0       0       2       0                               0D0000670
     126     753       0       0       0       0       0       000010000D0000671
     126       0       0       3       0                               0D0000672
     144     756       0       0       0       0       0       000020000D0000673
     144       0       0       1       0                               0D0000674
     128     757       0       0       0       0       0       000010000D0000675
     128       0       0       3       0                               0D0000676
     142     760       0       0       0       0       0       000010500D0000677
     142       0       0       1       0                               0D0000678
     102     761       0       0       0       0       0       000010000D0000679
     102       0       0       1       0                               0D0000680
     126     762       0       0       0       0       0       000010000D0000681
     126       0       0       2       0                               0D0000682
     126     764       0       0       0       0       0       000010000D0000683
     126       0       0       2       0                               0D0000684
     126     766       0       0       0       0       0       000010000D0000685
     126       0       0       2       0                               0D0000686
     126     768       0       0       0       0       0       000010000D0000687
     126       0       0       2       0                               0D0000688
     126     770       0       0       0       0       0       000010000D0000689
     126       0       0       2       0                               0D0000690
     126     772       0       0       0       0       0       000010000D0000691
     126       0       0       2       0                               0D0000692
     144     774       0       0       0       0       0       000020000D0000693
     144       0       0       1       0                               0D0000694
     128     775       0       0       0       0       0       000010000D0000695
     128       0       0       3       0                               0D0000696
     142     778       0       0       0       0       0       000010500D0000697
     142       0       0       1       0                               0D0000698
     102     779       0       0       0       0       0       000010000D0000699
     102       0       0       1       0                               0D0000700
     126     780       0       0       0       0       0       000010000D0000701
     126       0       0       2       0                               0D0000702
     126     782       0       0       0       0       0       000010000D0000703
     126       0       0       2       0                               0D0000704
     126     784       0       0       0       0       0       000010000D0000705
     126       0       0       2       0                               0D0000706
     126     786       0       0       0       0       0       000010000D0000707
     126       0       0       2       0                               0D0000708
     144     788       0       0       0       0       0       000020000D0000709
     144       0       0       1       0                               0D0000710
     128     789       0       0       0       0       0       000010000D0000711
     128       0       0       3       0                               0D0000712
     142     792       0       0       0       0       0       000010500D0000713
     142       0       0       1       0                               0D0000714
     102     793       0       0       0       0       0       000010000D0000715
     102       0       0       1       0                               0D0000716
     126     794       0       0       0       0       0       000010000D0000717
     126       0       0       2       0                               0D0000718
     126     796       0       0       0       0       0       000010000D0000719
     126       0       0       2       0                               0D0000720
     126     798       0       0       0       0       0       000010000D0000721
     126       0       0       2       0                               0D0000722
     126     800       0       0       0       0       0       000010000D0000723
     126       0       0       2       0                               0D0000724
     144     802       0       0       0       0       0       000020000D0000725
     144       0       0       1       0                               0D0000726
     128     803       0       0       0       0       0       000010000D0000727
     128       0       0       4       0                               0D0000728
     142     807       0       0       0       0       0       000010500D0000729
     142       0       0       1       0                               0D0000730
     102     808       0       0       0       0       0       000010000D0000731
     102       0       0       1       0                               0D0000732
     126     809       0       0       0       0       0       000010000D0000733
     126       0       0       2       0                               0D0000734
     126     811       0       0       0       0       0       000010000D0000735
     126       0       0       2       0                               0D0000736
     126     813       0       0       0       0       0       000010000D0000737
     126       0       0       2       0                               0D0000738
     126     815       0       0       0       0       0       000010000D0000739
     126       0       0       2       0                               0D0000740
     126     817       0       0       0       0       0       000010000D0000741
     126       0       0       2       0                               0D0000742
     126     819       0       0       0       0       0       000010000D0000743
     126       0       0       2       0                               0D0000744
     126     821       0       0       0       0       0       000010000D0000745
     126       0       0       3       0                               0D0000746
     126     824       0       0       0       0       0       000010000D0000747
     126       0       0       2       0                               0D0000748
     126     826       0       0       0       0       0       000010000D0000749
     126       0       0       2       0                               0D0000750
     144     828       0       0       0       0       0       000020000D0000751
     144       0       0       1       0                               0D0000752
     128     829       0       0       0       0       0       000010000D0000753
     128       0       0       4       0                               0D0000754
     142     833       0       0       0       0       0       000010500D0000755
     142       0       0       1       0                               0D0000756
     102     834       0       0       0       0       0       000010000D0000757
     102       0       0       1       0                               0D0000758
     126     835       0       0       0       0       0       000010000D0000759
     126       0       0       3       0                               0D0000760
     126     838       0       0       0       0       0       000010000D0000761
     126       0       0       2       0                               0D0000762
     126     840       0       0       0       0       0       000010000D0000763
     126       0       0       3       0                               0D0000764
     126     843       0       0       0       0       0       000010000D0000765
     126       0       0       2       0                               0D0000766
     144     845       0       0       0       0       0       000020000D0000767
     144       0       0       1       0                               0D0000768
     128     846       0       0       0       0       0       000010000D0000769
     128       0       0       4       0                               0D0000770
     142     850       0       0       0       0       0       000010500D0000771
     142       0       0       1       0                               0D0000772
     102     851       0       0       0       0       0       000010000D0000773
     102       0       0       1       0                               0D0000774
     126     852       0       0       0       0       0       000010000D0000775
     126       0       0       2       0                               0D0000776
     126     854       0       0       0       0       0       000010000D0000777
     126       0       0       2       0                               0D0000778
     126     856       0       0       0       0       0       000010000D0000779
     126       0       0       2       0                               0D0000780
     126     858       0       0       0       0       0       000010000D0000781
     126       0       0       3       0                               0D0000782
     126     861       0       0       0       0       0       000010000D0000783
     126       0       0       2       0                               0D0000784
     126     863       0       0       0       0       0       000010000D0000785
     126       0       0       2       0                               0D0000786
     126     865       0       0       0       0       0       000010000D0000787
     126       0       0       2       0                               0D0000788
     126     867       0       0       0       0       0       000010000D0000789
     126       0       0       2       0                               0D0000790
     126     869       0       0       0       0       0       000010000D0000791
     126       0       0       2       0                               0D0000792
     144     871       0       0       0       0       0       000020000D0000793
     144       0       0       1       0                               0D0000794
     128     872       0       0       0       0       0       000010000D0000795
     128       0       0       3       0                               0D0000796
     142     875       0       0       0       0       0       000010500D0000797
     142       0       0       1       0                               0D0000798
     102     876       0       0       0       0       0       000010000D0000799
     102       0       0       1       0                               0D0000800
     126     877       0       0       0       0       0       000010000D0000801
     126       0       0       2       0                               0D0000802
     126     879       0       0       0       0       0       000010000D0000803
     126       0       0       2       0                               0D0000804
     126     881       0       0       0       0       0       000010000D0000805
     126       0       0       3       0                               0D0000806
     126     884       0       0       0       0       0       000010000D0000807
     126       0       0       2       0                               0D0000808
     144     886       0       0       0       0       0       000020000D0000809
     144       0       0       1       0                               0D0000810
     128     887       0       0       0       0       0       000010000D0000811
     128       0       0       3       0                               0D0000812
     142     890       0       0       0       0       0       000010500D0000813
     142       0       0       1       0                               0D0000814
     102     891       0       0       0       0       0       000010000D0000815
     102       0       0       1       0                               0D0000816
     126     892       0       0       0       0       0       000010000D0000817
     126       0       0       2       0                               0D0000818
     126     894       0       0       0       0       0       000010000D0000819
     126       0       0       2       0                               0D0000820
     126     896       0       0       0       0       0       000010000D0000821
     126       0       0       2       0                               0D0000822
     126     898       0       0       0       0       0       000010000D0000823
     126       0       0       2       0                               0D0000824
     144     900       0       0       0       0       0       000020000D0000825
     144       0       0       1       0                               0D0000826
     128     901       0       0       0       0       0       000010000D0000827
     128       0       0       3       0                               0D0000828
     142     904       0       0       0       0       0       000010500D0000829
     142       0       0       1       0                               0D0000830
     102     905       0       0       0       0       0       000010000D0000831
     102       0       0       1       0                               0D0000832
     126     906       0       0       0       0       0       000010000D0000833
     126       0       0       3       0                               0D0000834
     126     909       0       0       0       0       0       000010000D0000835
     126       0       0       2       0                               0D0000836
     126     911       0       0       0       0       0       000010000D0000837
     126       0       0       2       0                               0D0000838
     126     913       0       0       0       0       0       000010000D0000839
     126       0       0       2       0                               0D0000840
     144     915       0       0       0       0       0       000020000D0000841
     144       0       0       1       0                               0D0000842
     128     916       0       0       0       0       0       000010000D0000843
     128       0       0       3       0                               0D0000844
     142     919       0       0       0       0       0       000010500D0000845
     142       0       0       1       0                               0D0000846
     102     920       0       0       0       0       0       000010000D0000847
     102       0       0       1       0                               0D0000848
     126     921       0       0       0       0       0       000010000D0000849
     126       0       0       2       0                               0D0000850
     126     923       0       0       0       0       0       000010000D0000851
     126       0       0       2       0                               0D0000852
     126     925       0       0       0       0       0       000010000D0000853
     126       0       0       2       0                               0D0000854
     126     927       0       0       0       0       0       000010000D0000855
     126       0       0       2       0                               0D0000856
     144     929       0       0       0       0       0       000020000D0000857
     144       0       0       1       0                               0D0000858
     128     930       0       0       0       0       0       000010000D0000859
     128       0       0       5       0                               0D0000860
     142     935       0       0       0       0       0       000010500D0000861
     142       0       0       1       0                               0D0000862
     102     936       0       0       0       0       0       000010000D0000863
     102       0       0       1       0                               0D0000864
     126     937       0       0       0       0       0       000010000D0000865
     126       0       0       2       0                               0D0000866
     126     939       0       0       0       0       0       000010000D0000867
     126       0       0       3       0                               0D0000868
     126     942       0       0       0       0       0       000010000D0000869
     126       0       0       2       0                               0D0000870
     126     944       0       0       0       0       0       000010000D0000871
     126       0       0       4       0                               0D0000872
     144     948       0       0       0       0       0       000020000D0000873
     144       0       0       1       0                               0D0000874
     128     949       0       0       0       0       0       000010000D0000875
     128       0       0       3       0                               0D0000876
     142     952       0       0       0       0       0       000010500D0000877
     142       0       0       1       0                               0D0000878
     102     953       0       0       0       0       0       000010000D0000879
     102       0       0       1       0                               0D0000880
     126     954       0       0       0       0       0       000010000D0000881
     126       0       0       2       0                               0D0000882
     126     956       0       0       0       0       0       000010000D0000883
     126       0       0       2       0                               0D0000884
     126     958       0       0       0       0       0       000010000D0000885
     126       0       0       2       0                               0D0000886
     126     960       0       0       0       0       0       000010000D0000887
     126       0       0       2       0                               0D0000888
     126     962       0       0       0       0       0       000010000D0000889
     126       0       0       2       0                               0D0000890
     126     964       0       0       0       0       0       000010000D0000891
     126       0       0       2       0                               0D0000892
     144     966       0       0       0       0       0       000020000D0000893
     144       0       0       1       0                               0D0000894
     128     967       0       0       0       0       0       000010000D0000895
     128       0       0       3       0                               0D0000896
     142     970       0       0       0       0       0       000010500D0000897
     142       0       0       1       0                               0D0000898
     102     971       0       0       0       0       0       000010000D0000899
     102       0       0       1       0                               0D0000900
     126     972       0       0       0       0       0       000010000D0000901
     126       0       0       3       0                               0D0000902
     126     975       0       0       0       0       0       000010000D0000903
     126       0       0       2       0                               0D0000904
     126     977       0       0       0       0       0       000010000D0000905
     126       0       0       2       0                               0D0000906
     126     979       0       0       0       0       0       000010000D0000907
     126       0       0       2       0                               0D0000908
     144     981       0       0       0       0       0       000020000D0000909
     144       0       0       1       0                               0D0000910
     128     982       0       0       0       0       0       000010000D0000911
     128       0       0       2       0                               0D0000912
     142     984       0       0       0       0       0       000010500D0000913
     142       0       0       1       0                               0D0000914
     102     985       0       0       0       0       0       000010000D0000915
     102       0       0       1       0                               0D0000916
     126     986       0       0       0       0       0       000010000D0000917
     126       0       0       3       0                               0D0000918
     126     989       0       0       0       0       0       000010000D0000919
     126       0       0       2       0                               0D0000920
     126     991       0       0       0       0       0       000010000D0000921
     126       0       0       2       0                               0D0000922
     126     993       0       0       0       0       0       000010000D0000923
     126       0       0       2       0                               0D0000924
     144     995       0       0       0       0       0       000020000D0000925
     144       0       0       1       0                               0D0000926
     128     996       0       0       0       0       0       000010000D0000927
     128       0       0       3       0                               0D0000928
     142     999       0       0       0       0       0       000010500D0000929
     142       0       0       1       0                               0D0000930
     102    1000       0       0       0       0       0       000010000D0000931
     102       0       0       1       0                               0D0000932
     126    1001       0       0       0       0       0       000010000D0000933
     126       0       0       3       0                               0D0000934
     126    1004       0       0       0       0       0       000010000D0000935
     126       0       0       2       0                               0D0000936
     126    1006       0       0       0       0       0       000010000D0000937
     126       0       0       2       0                               0D0000938
     126    1008       0       0       0       0       0       000010000D0000939
     126       0       0       2       0                               0D0000940
     144    1010       0       0       0       0       0       000020000D0000941
     144       0       0       1       0                               0D0000942
     128    1011       0       0       0       0       0       000010000D0000943
     128       0       0       3       0                               0D0000944
     142    1014       0       0       0       0       0       000010500D0000945
     142       0       0       1       0                               0D0000946
     102    1015       0       0       0       0       0       000010000D0000947
     102       0       0       1       0                               0D0000948
     126    1016       0       0       0       0       0       000010000D0000949
     126       0       0       2       0                               0D0000950
     126    1018       0       0       0       0       0       000010000D0000951
     126       0       0       2       0                               0D0000952
     126    1020       0       0       0       0       0       000010000D0000953
     126       0       0       2       0                               0D0000954
     126    1022       0       0       0       0       0       000010000D0000955
     126       0       0       2       0                               0D0000956
     144    1024       0       0       0       0       0       000020000D0000957
     144       0       0       1       0                               0D0000958
     128    1025       0       0       0       0       0       000010000D0000959
     128       0       0       5       0                               0D0000960
     142    1030       0       0       0       0       0       000010500D0000961
     142       0       0       1       0                               0D0000962
     102    1031       0       0       0       0       0       000010000D0000963
     102       0       0       1       0                               0D0000964
     126    1032       0       0       0       0       0       000010000D0000965
     126       0       0       2       0                               0D0000966
     126    1034       0       0       0       0       0       000010000D0000967
     126       0       0       2       0                               0D0000968
     126    1036       0       0       0       0       0       000010000D0000969
     126       0       0       2       0                               0D0000970
     126    1038       0       0       0       0       0       000010000D0000971
     126       0       0       2       0                               0D0000972
     126    1040       0       0       0       0       0       000010000D0000973
     126       0       0       2       0                               0D0000974
     126    1042       0       0       0       0       0       000010000D0000975
     126       0       0       2       0                               0D0000976
     126    1044       0       0       0       0       0       000010000D0000977
     126       0       0       3       0                               0D0000978
     126    1047       0       0       0       0       0       000010000D0000979
     126       0       0       2       0                               0D0000980
     126    1049       0       0       0       0       0       000010000D0000981
     126       0       0       2       0                               0D0000982
     144    1051       0       0       0       0       0       000020000D0000983
     144       0       0       1       0                               0D0000984
     128    1052       0       0       0       0       0       000010000D0000985
     128       0       0       3       0                               0D0000986
     142    1055       0       0       0       0       0       000010500D0000987
     142       0       0       1       0                               0D0000988
     102    1056       0       0       0       0       0       000010000D0000989
     102       0       0       1       0                               0D0000990
     126    1057       0       0       0       0       0       000010000D0000991
     126       0       0       3       0                               0D0000992
     126    1060       0       0       0       0       0       000010000D0000993
     126       0       0       2       0                               0D0000994
     126    1062       0       0       0       0       0       000010000D0000995
     126       0       0       3       0                               0D0000996
     126    1065       0       0       0       0       0       000010000D0000997
     126       0       0       2       0                               0D0000998
     144    1067       0       0       0       0       0       000020000D0000999
     144       0       0       1       0                               0D0001000
     128    1068       0       0       0       0       0       000010000D0001001
     128       0       0       5       0                               0D0001002
     142    1073       0       0       0       0       0       000010500D0001003
     142       0       0       1       0                               0D0001004
     102    1074       0       0       0       0       0       000010000D0001005
     102       0       0       1       0                               0D0001006
     126    1075       0       0       0       0       0       000010000D0001007
     126       0       0       2       0                               0D0001008
     126    1077       0       0       0       0       0       000010000D0001009
     126       0       0       2       0                               0D0001010
     126    1079       0       0       0       0       0       000010000D0001011
     126       0       0       2       0                               0D0001012
     126    1081       0       0       0       0       0       000010000D0001013
     126       0       0       3       0                               0D0001014
     126    1084       0       0       0       0       0       000010000D0001015
     126       0       0       2       0                               0D0001016
     126    1086       0       0       0       0       0       000010000D0001017
     126       0       0       2       0                               0D0001018
     126    1088       0       0       0       0       0       000010000D0001019
     126       0       0       2       0                               0D0001020
     126    1090       0       0       0       0       0       000010000D0001021
     126       0       0       2       0                               0D0001022
     126    1092       0       0       0       0       0       000010000D0001023
     126       0       0       2       0                               0D0001024
     144    1094       0       0       0       0       0       000020000D0001025
     144       0       0       1       0                               0D0001026
     128    1095       0       0       0       0       0       000010000D0001027
     128       0       0       3       0                               0D0001028
     142    1098       0       0       0       0       0       000010500D0001029
     142       0       0       1       0                               0D0001030
     102    1099       0       0       0       0       0       000010000D0001031
     102       0       0       1       0                               0D0001032
     126    1100       0       0       0       0       0       000010000D0001033
     126       0       0       2       0                               0D0001034
     126    1102       0       0       0       0       0       000010000D0001035
     126       0       0       2       0                               0D0001036
     126    1104       0       0       0       0       0       000010000D0001037
     126       0       0       2       0                               0D0001038
     126    1106       0       0       0       0       0       000010000D0001039
     126       0       0       2       0                               0D0001040
     144    1108       0       0       0       0       0       000020000D0001041
     144       0       0       1       0                               0D0001042
     128    1109       0       0       0       0       0       000010000D0001043
     128       0       0       3       0                               0D0001044
     142    1112       0       0       0       0       0       000010500D0001045
     142       0       0       1       0                               0D0001046
     102    1113       0       0       0       0       0       000010000D0001047
     102       0       0       1       0                               0D0001048
     126    1114       0       0       0       0       0       000010000D0001049
     126       0       0       2       0                               0D0001050
     126    1116       0       0       0       0       0       000010000D0001051
     126       0       0       2       0                               0D0001052
     126    1118       0       0       0       0       0       000010000D0001053
     126       0       0       2       0                               0D0001054
     126    1120       0       0       0       0       0       000010000D0001055
     126       0       0       2       0                               0D0001056
     144    1122       0       0       0       0       0       000020000D0001057
     144       0       0       1       0                               0D0001058
     128    1123       0       0       0       0       0       000010000D0001059
     128       0       0       3       0                               0D0001060
     142    1126       0       0       0       0       0       000010500D0001061
     142       0       0       1       0                               0D0001062
     102    1127       0       0       0       0       0       000010000D0001063
     102       0       0       1       0                               0D0001064
     126    1128       0       0       0       0       0       000010000D0001065
     126       0       0       2       0                               0D0001066
     126    1130       0       0       0       0       0       000010000D0001067
     126       0       0       2       0                               0D0001068
     126    1132       0       0       0       0       0       000010000D0001069
     126       0       0       2       0                               0D0001070
     126    1134       0       0       0       0       0       000010000D0001071
     126       0       0       2       0                               0D0001072
     144    1136       0       0       0       0       0       000020000D0001073
     144       0       0       1       0                               0D0001074
     128    1137       0       0       0       0       0       000010000D0001075
     128       0       0       4       0                               0D0001076
     142    1141       0       0       0       0       0       000010500D0001077
     142       0       0       1       0                               0D0001078
     102    1142       0       0       0       0       0       000010000D0001079
     102       0       0       1       0                               0D0001080
     126    1143       0       0       0       0       0       000010000D0001081
     126       0       0       2       0                               0D0001082
     126    1145       0       0       0       0       0       000010000D0001083
     126       0       0       2       0                               0D0001084
     126    1147       0       0       0       0       0       000010000D0001085
     126       0       0       2       0                               0D0001086
     126    1149       0       0       0       0       0       000010000D0001087
     126       0       0       2       0                               0D0001088
     144    1151       0       0       0       0       0       000020000D0001089
     144       0       0       1       0                               0D0001090
     128    1152       0       0       0       0       0       000010000D0001091
     128       0       0       3       0                               0D0001092
     142    1155       0       0       0       0       0       000010500D0001093
     142       0       0       1       0                               0D0001094
     102    1156       0       0       0       0       0       000010000D0001095
     102       0       0       1       0                               0D0001096
     126    1157       0       0       0       0       0       000010000D0001097
     126       0       0       2       0                               0D0001098
     126    1159       0       0       0       0       0       000010000D0001099
     126       0       0       2       0                               0D0001100
     126    1161       0       0       0       0       0       000010000D0001101
     126       0       0       2       0                               0D0001102
     126    1163       0       0       0       0       0       000010000D0001103
     126       0       0       2       0                               0D0001104
     144    1165       0       0       0       0       0       000020000D0001105
     144       0       0       1       0                               0D0001106
     128    1166       0       0       0       0       0       000010000D0001107
     128       0       0       3       0                               0D0001108
     142    1169       0       0       0       0       0       000010500D0001109
     142       0       0       1       0                               0D0001110
     102    1170       0       0       0       0       0       000010000D0001111
     102       0       0       1       0                               0D0001112
     126    1171       0       0       0       0       0       000010000D0001113
     126       0       0       2       0                               0D0001114
     126    1173       0       0       0       0       0       000010000D0001115
     126       0       0       2       0                               0D0001116
     126    1175       0       0       0       0       0       000010000D0001117
     126       0       0       2       0                               0D0001118
     126    1177       0       0       0       0       0       000010000D0001119
     126       0       0       2       0                               0D0001120
     144    1179       0       0       0       0       0       000020000D0001121
     144       0       0       1       0                               0D0001122
     128    1180       0       0       0       0       0       000010000D0001123
     128       0       0       3       0                               0D0001124
     142    1183       0       0       0       0       0       000010500D0001125
     142       0       0       1       0                               0D0001126
     102    1184       0       0       0       0       0       000010000D0001127
     102       0       0       1       0                               0D0001128
     126    1185       0       0       0       0       0       000010000D0001129
     126       0       0       2       0                               0D0001130
     126    1187       0       0       0       0       0       000010000D0001131
     126       0       0       2       0                               0D0001132
     126    1189       0       0       0       0       0       000010000D0001133
     126       0       0       2       0                               0D0001134
     126    1191       0       0       0       0       0       000010000D0001135
     126       0       0       2       0                               0D0001136
     144    1193       0       0       0       0       0       000020000D0001137
     144       0       0       1       0                               0D0001138
     128    1194       0       0       0       0       0       000010000D0001139
     128       0       0       3       0                               0D0001140
     142    1197       0       0       0       0       0       000010500D0001141
     142       0       0       1       0                               0D0001142
     102    1198       0       0       0       0       0       000010000D0001143
     102       0       0       1       0                               0D0001144
     126    1199       0       0       0       0       0       000010000D0001145
     126       0       0       2       0                               0D0001146
     126    1201       0       0       0       0       0       000010000D0001147
     126       0       0       2       0                               0D0001148
     126    1203       0       0       0       0       0       000010000D0001149
     126       0       0       2       0                               0D0001150
     126    1205       0       0       0       0       0       000010000D0001151
     126       0       0       2       0                               0D0001152
     144    1207       0       0       0       0       0       000020000D0001153
     144       0       0       1       0                               0D0001154
     128    1208       0       0       0       0       0       000010000D0001155
     128       0       0       4       0                               0D0001156
     142    1212       0       0       0       0       0       000010500D0001157
     142       0       0       1       0                               0D0001158
     102    1213       0       0       0       0       0       000010000D0001159
     102       0       0       1       0                               0D0001160
     126    1214       0       0       0       0       0       000010000D0001161
     126       0       0       2       0                               0D0001162
     126    1216       0       0       0       0       0       000010000D0001163
     126       0       0       2       0                               0D0001164
     126    1218       0       0       0       0       0       000010000D0001165
     126       0       0       2       0                               0D0001166
     126    1220       0       0       0       0       0       000010000D0001167
     126       0       0       2       0                               0D0001168
     144    1222       0       0       0       0       0       000020000D0001169
     144       0       0       1       0                               0D0001170
     128    1223       0       0       0       0       0       000010000D0001171
     128       0       0       3       0                               0D0001172
     142    1226       0       0       0       0       0       000010500D0001173
     142       0       0       1       0                               0D0001174
     102    1227       0       0       0       0       0       000010000D0001175
     102       0       0       1       0                               0D0001176
     126    1228       0       0       0       0       0       000010000D0001177
     126       0       0       2       0                               0D0001178
     126    1230       0       0       0       0       0       000010000D0001179
     126       0       0       2       0                               0D0001180
     126    1232       0       0       0       0       0       000010000D0001181
     126       0       0       2       0                               0D0001182
     126    1234       0       0       0       0       0       000010000D0001183
     126       0       0       2       0                               0D0001184
     144    1236       0       0       0       0       0       000020000D0001185
     144       0       0       1       0                               0D0001186
     128    1237       0       0       0       0       0       000010000D0001187
     128       0       0       3       0                               0D0001188
     142    1240       0       0       0       0       0       000010500D0001189
     142       0       0       1       0                               0D0001190
     102    1241       0       0       0       0       0       000010000D0001191
     102       0       0       1       0                               0D0001192
     126    1242       0       0       0       0       0       000010000D0001193
     126       0       0       2       0                               0D0001194
     126    1244       0       0       0       0       0       000010000D0001195
     126       0       0       2       0                               0D0001196
     126    1246       0       0       0       0       0       000010000D0001197
     126       0       0       2       0                               0D0001198
     126    1248       0       0       0       0       0       000010000D0001199
     126       0       0       2       0                               0D0001200
402,63,3,11,23,47,67,87,107,129,149,165,189,209,225,241,259,279, 0000001P0000001
297,311,335,355,371,387,407,437,465,481,531,547,581,597,625,641, 0000001P0000002
657,673,693,709,725,751,767,793,809,825,841,857,873,893,909,925, 0000001P0000003
941,957,983,999,1025,1041,1057,1073,1089,1105,1121,1137,1153,    0000001P0000004
1169,1185;                                                       0000001P0000005
144,5,1,0,7;                                                     0000003P0000006
128,1,1,1,1,0,0,1,0,0,-5.05,-5.05,5.05,5.05,-5.05,-5.05,5.05,    0000005P0000007
5.05,1.,1.,1.,1.,1.225247525,-9.799669967,7.3,11.325247525,      0000005P0000008
-9.799669967,7.3,1.225247525,0.300330033,7.3,11.325247525,       0000005P0000009
0.300330033,7.3,-5.05,5.05,-5.05,5.05;                           0000005P0000010
142,0,5,0,9,2;                                                   0000007P0000011
126,8,2,1,1,0,1,-4.71238898,-3.141592654,-3.141592654,           0000009P0000012
-1.570796327,-1.570796327,0.,0.,1.570796327,1.570796327,         0000009P0000013
3.141592654,3.141592654,4.71238898,1.,0.707106781,1.,            0000009P0000014
0.707106781,1.,0.707106781,1.,0.707106781,1.,11.325247525,       0000009P0000015
-4.749669967,7.3,11.325247525,0.300330033,7.3,6.275247525,       0000009P0000016
0.300330033,7.3,1.225247525,0.300330033,7.3,1.225247525,         0000009P0000017
-4.749669967,7.3,1.225247525,-9.799669967,7.3,6.275247525,       0000009P0000018
-9.799669967,7.3,11.325247525,-9.799669967,7.3,11.325247525,     0000009P0000019
-4.749669967,7.3,-3.141592654,3.141592654,0.,3.482711184E-17,1.; 0000009P0000020
144,13,1,1,15,19;                                                0000011P0000021
128,1,1,1,1,0,0,1,0,0,-6.1,-6.1,6.1,6.1,-6.1,-6.1,6.1,6.1,1.,1., 0000013P0000022
1.,1.,0.175247525,-10.849669967,7.3,12.375247525,-10.849669967,  0000013P0000023
7.3,0.175247525,1.350330033,7.3,12.375247525,1.350330033,7.3,    0000013P0000024
-6.1,6.1,-6.1,6.1;                                               0000013P0000025
142,0,13,0,17,2;                                                 0000015P0000026
126,8,2,1,1,0,1,-4.71238898,-3.141592654,-3.141592654,           0000017P0000027
-1.570796327,-1.570796327,0.,0.,1.570796327,1.570796327,         0000017P0000028
3.141592654,3.141592654,4.71238898,1.,0.707106781,1.,            0000017P0000029
0.707106781,1.,0.707106781,1.,0.707106781,1.,12.375247525,       0000017P0000030
-4.749669967,7.3,12.375247525,1.350330033,7.3,6.275247525,       0000017P0000031
1.350330033,7.3,0.175247525,1.350330033,7.3,0.175247525,         0000017P0000032
-4.749669967,7.3,0.175247525,-10.849669967,7.3,6.275247525,      0000017P0000033
-10.849669967,7.3,12.375247525,-10.849669967,7.3,12.375247525,   0000017P0000034
-4.749669967,7.3,-3.141592654,3.141592654,0.,2.386934748E-17,1.; 0000017P0000035
142,0,13,0,21,2;                                                 0000019P0000036
126,8,2,1,1,0,1,-4.71238898,-3.141592654,-3.141592654,           0000021P0000037
-1.570796327,-1.570796327,0.,0.,1.570796327,1.570796327,         0000021P0000038
3.141592654,3.141592654,4.71238898,1.,0.707106781,1.,            0000021P0000039
0.707106781,1.,0.707106781,1.,0.707106781,1.,11.325247525,       0000021P0000040
-4.749669967,7.3,11.325247525,-9.799669967,7.3,6.275247525,      0000021P0000041
-9.799669967,7.3,1.225247525,-9.799669967,7.3,1.225247525,       0000021P0000042
-4.749669967,7.3,1.225247525,0.300330033,7.3,6.275247525,        0000021P0000043
0.300330033,7.3,11.325247525,0.300330033,7.3,11.325247525,       0000021P0000044
-4.749669967,7.3,-3.141592654,3.141592654,-0.,-3.482711184E-17,  0000021P0000045
1.;                                                              0000021P0000046
144,25,1,0,27;                                                   0000023P0000047
128,1,8,1,2,0,1,0,0,1,0.,0.,1.032786885,1.032786885,-4.71238898, 0000025P0000048
-3.141592654,-3.141592654,-1.570796327,-1.570796327,0.,0.,       0000025P0000049
1.570796327,1.570796327,3.141592654,3.141592654,4.71238898,1.,   0000025P0000050
1.,0.707106781,0.707106781,1.,1.,0.707106781,0.707106781,1.,1.,  0000025P0000051
0.707106781,0.707106781,1.,1.,0.707106781,0.707106781,1.,1.,     0000025P0000052
12.375247525,-4.749669967,7.3,12.375247525,-4.749669967,1.,      0000025P0000053
12.375247525,1.350330033,7.3,12.375247525,1.350330033,1.,        0000025P0000054
6.275247525,1.350330033,7.3,6.275247525,1.350330033,1.,          0000025P0000055
0.175247525,1.350330033,7.3,0.175247525,1.350330033,1.,          0000025P0000056
0.175247525,-4.749669967,7.3,0.175247525,-4.749669967,1.,        0000025P0000057
0.175247525,-10.849669967,7.3,0.175247525,-10.849669967,1.,      0000025P0000058
6.275247525,-10.849669967,7.3,6.275247525,-10.849669967,1.,      0000025P0000059
12.375247525,-10.849669967,7.3,12.375247525,-10.849669967,1.,    0000025P0000060
12.375247525,-4.749669967,7.3,12.375247525,-4.749669967,1.,0.,   0000025P0000061
1.032786885,-3.141592654,3.141592654;                            0000025P0000062
142,0,25,0,29,2;                                                 0000027P0000063
102,8,31,33,35,37,39,41,43,45;                                   0000029P0000064
126,1,1,1,0,1,0,-1.032786885,-1.032786885,0.,0.,1.,1.,           0000031P0000065
12.375247525,-4.749669967,1.,12.375247525,-4.749669967,7.3,      0000031P0000066
-1.032786885,0.,-1.,0.,-0.;                                      0000031P0000067
126,8,2,1,1,0,1,-4.71238898,-3.141592654,-3.141592654,           0000033P0000068
-1.570796327,-1.570796327,0.,0.,1.570796327,1.570796327,         0000033P0000069
3.141592654,3.141592654,4.71238898,1.,0.707106781,1.,            0000033P0000070
0.707106781,1.,0.707106781,1.,0.707106781,1.,12.375247525,       0000033P0000071
-4.749669967,7.3,12.375247525,-10.849669967,7.3,6.275247525,     0000033P0000072
-10.849669967,7.3,0.175247525,-10.849669967,7.3,0.175247525,     0000033P0000073
-4.749669967,7.3,0.175247525,1.350330033,7.3,6.275247525,        0000033P0000074
1.350330033,7.3,12.375247525,1.350330033,7.3,12.375247525,       0000033P0000075
-4.749669967,7.3,-3.141592654,3.141592654,-0.,-2.386934748E-17,  0000033P0000076
1.;                                                              0000033P0000077
126,1,1,1,0,1,0,-1.032786885,-1.032786885,0.,0.,1.,1.,           0000035P0000078
12.375247525,-4.749669967,7.3,12.375247525,-4.749669967,1.,      0000035P0000079
-1.032786885,0.,1.,0.,-0.;                                       0000035P0000080
126,2,2,1,0,0,1,-3.141592654,-3.141592654,-3.141592654,          0000037P0000081
-1.708796207,-1.708796207,-1.708796207,1.,0.732838462,           0000037P0000082
0.953057873,12.375247525,-4.749669967,1.,12.375247525,           0000037P0000083
0.619055561,1.,7.05,1.300929888,1.,-3.141592654,-1.708796207,0., 0000037P0000084
0.,1.;                                                           0000037P0000085
126,4,2,1,0,0,1,-1.708796207,-1.708796207,-1.708796207,          0000039P0000086
-1.570796327,-1.570796327,-0.259376112,-0.259376112,             0000039P0000087
-0.259376112,0.953057873,0.97426832,1.,0.75547047,0.91924463,    0000039P0000088
7.05,1.300929888,1.,6.6641987,1.350330033,1.,6.275247525,        0000039P0000089
1.350330033,1.,1.508530831,1.350330033,1.,0.356181003,-3.275,1., 0000039P0000090
-1.708796207,-0.259376112,0.,0.,1.;                              0000039P0000091
126,6,2,1,0,0,1,-0.259376112,-0.259376112,-0.259376112,0.,0.,    0000041P0000092
1.570796327,1.570796327,1.838810677,1.838810677,1.838810677,     0000041P0000093
0.91924463,0.951636311,1.,0.707106781,1.,0.950025612,            0000041P0000094
0.917104807,0.356181003,-3.275,1.,0.175247525,-4.001235238,1.,   0000041P0000095
0.175247525,-4.749669967,1.,0.175247525,-10.849669967,1.,        0000041P0000096
6.275247525,-10.849669967,1.,7.049919231,-10.849669967,1.,7.8,   0000041P0000097
-10.656033475,1.,-0.259376112,1.838810677,0.,0.,1.;              0000041P0000098
126,2,2,1,0,0,1,1.838810677,1.838810677,1.838810677,2.864855769, 0000043P0000099
2.864855769,2.864855769,0.917104807,0.791073383,0.914980053,7.8, 0000043P0000100
-10.656033475,1.,11.248537658,-9.765779036,1.,12.168322723,      0000043P0000101
-6.325,1.,1.838810677,2.864855769,0.,0.,1.;                      0000043P0000102
126,2,2,1,0,0,1,2.864855769,2.864855769,2.864855769,3.141592654, 0000045P0000103
3.141592654,3.141592654,0.914980053,0.948399194,1.,12.168322723, 0000045P0000104
-6.325,1.,12.375247525,-5.550925112,1.,12.375247525,             0000045P0000105
-4.749669967,1.,2.864855769,3.141592654,0.,0.,1.;                0000045P0000106
144,49,1,0,51;                                                   0000047P0000107
128,1,1,1,1,0,0,1,0,0,-6.1,-6.1,6.1,6.1,-6.1,-6.1,6.1,6.1,1.,1., 0000049P0000108
1.,1.,12.375247525,-10.849669967,1.,0.175247525,-10.849669967,   0000049P0000109
1.,12.375247525,1.350330033,1.,0.175247525,1.350330033,1.,-6.1,  0000049P0000110
-0.774280849,-1.575601529,6.050711942;                           0000049P0000111
142,0,49,0,53,2;                                                 0000051P0000112
102,6,55,57,59,61,63,65;                                         0000053P0000113
126,2,2,1,0,0,1,1.708796207,1.708796207,1.708796207,3.141592654, 0000055P0000114
3.141592654,3.141592654,0.953057873,0.732838462,1.,7.05,         0000055P0000115
1.300929888,1.,12.375247525,0.619055561,1.,12.375247525,         0000055P0000116
-4.749669967,1.,1.708796207,3.141592654,-0.,-0.,1.;              0000055P0000117
126,2,2,1,0,0,1,-3.141592654,-3.141592654,-3.141592654,          0000057P0000118
-2.864855769,-2.864855769,-2.864855769,1.,0.948399194,           0000057P0000119
0.914980053,12.375247525,-4.749669967,1.,12.375247525,           0000057P0000120
-5.550925112,1.,12.168322723,-6.325,1.,-3.141592654,             0000057P0000121
-2.864855769,-0.,-0.,1.;                                         0000057P0000122
126,1,1,1,0,1,0,0.431677277,0.431677277,1.526749215,1.526749215, 0000059P0000123
1.,1.,12.168322723,-6.325,1.,11.073250785,-6.325,1.,0.431677277, 0000059P0000124
1.526749215,0.,0.,1.;                                            0000059P0000125
126,2,2,1,0,0,1,2.808323315,2.808323315,2.808323315,3.141592654, 0000061P0000126
3.141592654,3.141592654,0.902084917,0.937858061,1.,11.073250785, 0000061P0000127
-6.325,1.,11.325247525,-5.557490238,1.,11.325247525,             0000061P0000128
-4.749669967,1.,2.808323315,3.141592654,0.,0.,1.;                0000061P0000129
126,2,2,1,0,0,1,-3.141592654,-3.141592654,-3.141592654,          0000063P0000130
-1.736904406,-1.736904406,-1.736904406,1.,0.738079562,           0000063P0000131
0.944605039,11.325247525,-4.749669967,1.,11.325247525,           0000063P0000132
-0.423204188,1.,7.05,0.240546321,1.,-3.141592654,-1.736904406,   0000063P0000133
0.,0.,1.;                                                        0000063P0000134
126,1,1,1,0,1,0,6.565546321,6.565546321,7.625929888,7.625929888, 0000065P0000135
1.,1.,7.05,0.240546321,1.,7.05,1.300929888,1.,6.565546321,       0000065P0000136
7.625929888,0.,0.,1.;                                            0000065P0000137
144,69,1,0,71;                                                   0000067P0000138
128,1,1,1,1,0,0,1,0,0,-6.33491631,-6.33491631,6.26508369,        0000069P0000139
6.26508369,-6.219700746,-6.219700746,6.380299254,6.380299254,1., 0000069P0000140
1.,1.,1.,12.6,1.5,1.,0.,1.5,1.,12.6,-11.1,1.,0.,-11.1,1.,        0000069P0000141
-6.33491631,-1.53491631,1.605299254,6.380299254;                 0000069P0000142
142,0,69,0,73,2;                                                 0000071P0000143
102,6,75,77,79,81,83,85;                                         0000073P0000144
126,2,2,1,0,0,1,-2.864855769,-2.864855769,-2.864855769,          0000075P0000145
-1.838810677,-1.838810677,-1.838810677,0.914980053,0.791073383,  0000075P0000146
0.917104807,12.168322723,-6.325,1.,11.248537658,-9.765779036,1., 0000075P0000147
7.8,-10.656033475,1.,-2.864855769,-1.838810677,-0.,-0.,1.;       0000075P0000148
126,1,1,1,0,1,0,5.603347505E-02,5.603347505E-02,0.5,0.5,1.,1.,   0000077P0000149
7.8,-10.656033475,1.,7.8,-11.1,1.,5.603347505E-02,0.5,0.,0.,1.;  0000077P0000150
126,1,1,1,0,1,0,0.,0.,3.8,3.8,1.,1.,7.8,-11.1,1.,11.6,-11.1,1.,  0000079P0000151
0.,3.8,0.,0.,1.;                                                 0000079P0000152
126,2,2,1,0,0,0,0.,0.,0.,1.570796327,1.570796327,1.570796327,1., 0000081P0000153
0.707106781,1.,11.6,-11.1,1.,12.6,-11.1,1.,12.6,-10.1,1.,0.,     0000081P0000154
1.570796327,0.,0.,1.;                                            0000081P0000155
126,1,1,1,0,1,0,0.,0.,3.775,3.775,1.,1.,12.6,-10.1,1.,12.6,      0000083P0000156
-6.325,1.,0.,3.775,0.,0.,1.;                                     0000083P0000157
126,1,1,1,0,1,0,0.,0.,0.431677277,0.431677277,1.,1.,12.6,-6.325, 0000085P0000158
1.,12.168322723,-6.325,1.,0.,0.431677277,0.,0.,1.;               0000085P0000159
144,89,1,0,91;                                                   0000087P0000160
128,1,1,1,1,0,0,1,0,0,-6.1,-6.1,6.1,6.1,-6.1,-6.1,6.1,6.1,1.,1., 0000089P0000161
1.,1.,12.375247525,-10.849669967,1.,0.175247525,-10.849669967,   0000089P0000162
1.,12.375247525,1.350330033,1.,0.175247525,1.350330033,1.,       0000089P0000163
-1.524752475,6.1,-6.1,1.476132724;                               0000089P0000164
142,0,89,0,93,2;                                                 0000091P0000165
102,6,95,97,99,101,103,105;                                      0000093P0000166
126,6,2,1,0,0,1,-1.838810677,-1.838810677,-1.838810677,          0000095P0000167
-1.570796327,-1.570796327,0.,0.,0.259376112,0.259376112,         0000095P0000168
0.259376112,0.917104807,0.950025612,1.,0.707106781,1.,           0000095P0000169
0.951636311,0.91924463,7.8,-10.656033475,1.,7.049919231,         0000095P0000170
-10.849669967,1.,6.275247525,-10.849669967,1.,0.175247525,       0000095P0000171
-10.849669967,1.,0.175247525,-4.749669967,1.,0.175247525,        0000095P0000172
-4.001235238,1.,0.356181003,-3.275,1.,-1.838810677,0.259376112,  0000095P0000173
-0.,-0.,1.;                                                      0000095P0000174
126,1,1,1,0,1,0,0.356181003,0.356181003,1.445356378,1.445356378, 0000097P0000175
1.,1.,0.356181003,-3.275,1.,1.445356378,-3.275,1.,0.356181003,   0000097P0000176
1.445356378,0.,0.,1.;                                            0000097P0000177
126,4,2,1,0,0,1,-0.312265811,-0.312265811,-0.312265811,0.,0.,    0000099P0000178
1.415105775,1.415105775,1.415105775,0.906698689,0.941774413,1.,  0000099P0000179
0.736137093,0.947694095,1.445356378,-3.275,1.,1.225247525,       0000099P0000180
-3.995908289,1.,1.225247525,-4.749669967,1.,1.225247525,         0000099P0000181
-9.119722973,1.,5.55,-9.747321018,1.,-0.312265811,1.415105775,   0000099P0000182
0.,0.,1.;                                                        0000099P0000183
126,1,1,1,0,1,0,6.472321018,6.472321018,7.325,7.325,1.,1.,5.55,  0000101P0000184
-9.747321018,1.,5.55,-10.6,1.,6.472321018,7.325,0.,0.,1.;        0000101P0000185
126,1,1,1,0,1,0,0.,0.,2.25,2.25,1.,1.,5.55,-10.6,1.,7.8,-10.6,   0000103P0000186
1.,0.,2.25,0.,0.,1.;                                             0000103P0000187
126,1,1,1,0,1,0,0.,0.,5.603347505E-02,5.603347505E-02,1.,1.,7.8, 0000105P0000188
-10.6,1.,7.8,-10.656033475,1.,0.,5.603347505E-02,0.,0.,1.;       0000105P0000189
144,109,1,0,111;                                                 0000107P0000190
128,1,1,1,1,0,0,1,0,0,-6.33491631,-6.33491631,6.26508369,        0000109P0000191
6.26508369,-6.219700746,-6.219700746,6.380299254,6.380299254,1., 0000109P0000192
1.,1.,1.,12.6,1.5,1.,0.,1.5,1.,12.6,-11.1,1.,0.,-11.1,1.,        0000109P0000193
-0.78491631,6.26508369,-6.219700746,-1.444700746;                0000109P0000194
142,0,109,0,113,2;                                               0000111P0000195
102,7,115,117,119,121,123,125,127;                               0000113P0000196
126,1,1,1,0,1,0,0.,0.,0.356181003,0.356181003,1.,1.,0.,-3.275,   0000115P0000197
1.,0.356181003,-3.275,1.,0.,0.356181003,0.,0.,1.;                0000115P0000198
126,4,2,1,0,0,1,0.259376112,0.259376112,0.259376112,1.570796327, 0000117P0000199
1.570796327,1.708796207,1.708796207,1.708796207,0.91924463,      0000117P0000200
0.75547047,1.,0.97426832,0.953057873,0.356181003,-3.275,1.,      0000117P0000201
1.508530831,1.350330033,1.,6.275247525,1.350330033,1.,6.6641987, 0000117P0000202
1.350330033,1.,7.05,1.300929888,1.,0.259376112,1.708796207,-0.,  0000117P0000203
-0.,1.;                                                          0000117P0000204
126,1,1,1,0,1,0,7.625929888,7.625929888,7.825,7.825,1.,1.,7.05,  0000119P0000205
1.300929888,1.,7.05,1.5,1.,7.625929888,7.825,0.,0.,1.;           0000119P0000206
126,1,1,1,0,1,0,0.,0.,5.55,5.55,1.,1.,7.05,1.5,1.,1.5,1.5,1.,0., 0000121P0000207
5.55,0.,0.,1.;                                                   0000121P0000208
126,1,1,1,0,1,0,0.,0.,1.5,1.5,1.,1.,1.5,1.5,1.,1.5,0.,1.,0.,1.5, 0000123P0000209
0.,0.,1.;                                                        0000123P0000210
126,1,1,1,0,1,0,0.,0.,1.5,1.5,1.,1.,1.5,0.,1.,0.,0.,1.,0.,1.5,   0000125P0000211
0.,0.,1.;                                                        0000125P0000212
126,1,1,1,0,1,0,0.,0.,3.275,3.275,1.,1.,0.,0.,1.,0.,-3.275,1.,   0000127P0000213
0.,3.275,0.,0.,1.;                                               0000127P0000214
144,131,1,0,133;                                                 0000129P0000215
128,1,1,1,1,0,0,1,0,0,0.,0.,7.825,7.825,0.,0.,0.2,0.2,1.,1.,1.,  0000131P0000216
1.,7.05,-6.325,0.8,7.05,1.5,0.8,7.05,-6.325,1.,7.05,1.5,1.,0.,   0000131P0000217
7.825,0.,0.2;                                                    0000131P0000218
142,0,131,0,135,2;                                               0000133P0000219
102,6,137,139,141,143,145,147;                                   0000135P0000220
126,1,1,1,0,1,0,-7.079529656,-7.079529656,0.745470344,           0000137P0000221
0.745470344,1.,1.,7.05,-6.325,0.8,7.05,1.5,0.8,-7.079529656,     0000137P0000222
0.745470344,0.,0.,1.;                                            0000137P0000223
126,1,1,1,0,1,0,0.,0.,0.2,0.2,1.,1.,7.05,1.5,0.8,7.05,1.5,1.,0., 0000139P0000224
0.2,-1.,0.,-0.;                                                  0000139P0000225
126,1,1,1,0,1,0,0.,0.,0.199070112,0.199070112,1.,1.,7.05,1.5,1., 0000141P0000226
7.05,1.300929888,1.,0.,0.199070112,0.,0.,1.;                     0000141P0000227
126,1,1,1,0,1,0,0.199070112,0.199070112,1.259453679,1.259453679, 0000143P0000228
1.,1.,7.05,1.300929888,1.,7.05,0.240546321,1.,0.199070112,       0000143P0000229
1.259453679,0.,0.,1.;                                            0000143P0000230
126,1,1,1,0,1,0,1.259453679,1.259453679,7.825,7.825,1.,1.,7.05,  0000145P0000231
0.240546321,1.,7.05,-6.325,1.,1.259453679,7.825,0.,0.,1.;        0000145P0000232
126,1,1,1,0,1,0,0.,0.,0.2,0.2,1.,1.,7.05,-6.325,1.,7.05,-6.325,  0000147P0000233
0.8,0.,0.2,1.,0.,-0.;                                            0000147P0000234
144,151,1,0,153;                                                 0000149P0000235
128,1,1,1,1,0,0,1,0,0,-5.05,-5.05,5.05,5.05,-5.05,-5.05,5.05,    0000151P0000236
5.05,1.,1.,1.,1.,11.325247525,-9.799669967,1.,1.225247525,       0000151P0000237
-9.799669967,1.,11.325247525,0.300330033,1.,1.225247525,         0000151P0000238
0.300330033,1.,-5.05,-0.774280849,-1.575601529,4.990216288;      0000151P0000239
142,0,151,0,155,2;                                               0000153P0000240
102,4,157,159,161,163;                                           0000155P0000241
126,2,2,1,0,0,1,1.736904406,1.736904406,1.736904406,3.141592654, 0000157P0000242
3.141592654,3.141592654,0.944605039,0.738079562,1.,7.05,         0000157P0000243
0.240546321,1.,11.325247525,-0.423204188,1.,11.325247525,        0000157P0000244
-4.749669967,1.,1.736904406,3.141592654,-0.,-0.,1.;              0000157P0000245
126,2,2,1,0,0,1,-3.141592654,-3.141592654,-3.141592654,          0000159P0000246
-2.808323315,-2.808323315,-2.808323315,1.,0.937858061,           0000159P0000247
0.902084917,11.325247525,-4.749669967,1.,11.325247525,           0000159P0000248
-5.557490238,1.,11.073250785,-6.325,1.,-3.141592654,             0000159P0000249
-2.808323315,-0.,-0.,1.;                                         0000159P0000250
126,1,1,1,0,1,0,1.526749215,1.526749215,5.55,5.55,1.,1.,         0000161P0000251
11.073250785,-6.325,1.,7.05,-6.325,1.,1.526749215,5.55,0.,0.,1.; 0000161P0000252
126,1,1,1,0,1,0,0.,0.,6.565546321,6.565546321,1.,1.,7.05,-6.325, 0000163P0000253
1.,7.05,0.240546321,1.,0.,6.565546321,0.,0.,1.;                  0000163P0000254
144,167,1,0,169;                                                 0000165P0000255
128,1,1,1,1,0,0,1,0,0,0.,0.,5.55,5.55,0.1,0.1,1.,1.,1.,1.,1.,1., 0000167P0000256
12.6,-6.325,0.1,7.05,-6.325,0.1,12.6,-6.325,1.,7.05,-6.325,1.,   0000167P0000257
0.,5.55,0.1,1.;                                                  0000167P0000258
142,0,167,0,171,2;                                               0000169P0000259
102,8,173,175,177,179,181,183,185,187;                           0000171P0000260
126,1,1,1,0,1,0,-0.582307692,-0.582307692,-0.382307692,          0000173P0000261
-0.382307692,1.,1.,12.6,-6.325,0.1,12.4,-6.325,0.1,-0.582307692, 0000173P0000262
-0.382307692,0.,0.,1.;                                           0000173P0000263
126,1,1,1,0,1,0,0.1,0.1,0.8,0.8,1.,1.,12.4,-6.325,0.1,12.4,      0000175P0000264
-6.325,0.8,0.1,0.8,-1.,0.,-0.;                                   0000175P0000265
126,1,1,1,0,1,0,-2.37128657,-2.37128657,2.97871343,2.97871343,   0000177P0000266
1.,1.,12.4,-6.325,0.8,7.05,-6.325,0.8,-2.37128657,2.97871343,0., 0000177P0000267
0.,1.;                                                           0000177P0000268
126,1,1,1,0,1,0,0.,0.,0.2,0.2,1.,1.,7.05,-6.325,0.8,7.05,-6.325, 0000179P0000269
1.,0.,0.2,-1.,0.,-0.;                                            0000179P0000270
126,1,1,1,0,1,0,0.,0.,4.023250785,4.023250785,1.,1.,7.05,-6.325, 0000181P0000271
1.,11.073250785,-6.325,1.,0.,4.023250785,0.,0.,1.;               0000181P0000272
126,1,1,1,0,1,0,4.023250785,4.023250785,5.118322723,5.118322723, 0000183P0000273
1.,1.,11.073250785,-6.325,1.,12.168322723,-6.325,1.,4.023250785, 0000183P0000274
5.118322723,0.,0.,1.;                                            0000183P0000275
126,1,1,1,0,1,0,5.118322723,5.118322723,5.55,5.55,1.,1.,         0000185P0000276
12.168322723,-6.325,1.,12.6,-6.325,1.,5.118322723,5.55,0.,0.,1.; 0000185P0000277
126,1,1,1,0,1,0,0.1,0.1,1.,1.,1.,1.,12.6,-6.325,1.,12.6,-6.325,  0000187P0000278
0.1,0.1,1.,1.,0.,-0.;                                            0000187P0000279
144,191,1,0,193;                                                 0000189P0000280
128,1,1,1,1,0,0,1,0,0,0.,0.,3.775,3.775,0.,0.,1.,1.,1.,1.,1.,1., 0000191P0000281
12.6,-10.1,0.,12.6,-6.325,0.,12.6,-10.1,1.,12.6,-6.325,1.,0.,    0000191P0000282
3.775,0.,1.;                                                     0000191P0000283
142,0,191,0,195,2;                                               0000193P0000284
102,6,197,199,201,203,205,207;                                   0000195P0000285
126,1,1,1,0,1,0,0.65,0.65,1.125,1.125,1.,1.,12.6,-6.8,0.1,12.6,  0000197P0000286
-6.325,0.1,0.65,1.125,0.,0.,1.;                                  0000197P0000287
126,1,1,1,0,1,0,0.1,0.1,1.,1.,1.,1.,12.6,-6.325,0.1,12.6,-6.325, 0000199P0000288
1.,0.1,1.,-1.,0.,-0.;                                            0000199P0000289
126,1,1,1,0,1,0,0.,0.,3.775,3.775,1.,1.,12.6,-6.325,1.,12.6,     0000201P0000290
-10.1,1.,0.,3.775,0.,0.,1.;                                      0000201P0000291
126,1,1,1,0,1,0,0.,0.,1.,1.,1.,1.,12.6,-10.1,1.,12.6,-10.1,0.,   0000203P0000292
0.,1.,1.,0.,-0.;                                                 0000203P0000293
126,1,1,1,0,1,0,0.,0.,3.3,3.3,1.,1.,12.6,-10.1,0.,12.6,-6.8,0.,  0000205P0000294
0.,3.3,0.,0.,1.;                                                 0000205P0000295
126,1,1,1,0,1,0,0.,0.,0.1,0.1,1.,1.,12.6,-6.8,0.,12.6,-6.8,0.1,  0000207P0000296
0.,0.1,-1.,0.,-0.;                                               0000207P0000297
144,211,1,0,213;                                                 0000209P0000298
128,1,2,1,2,0,0,0,0,0,0.,0.,1.,1.,0.,0.,0.,1.570796327,          0000211P0000299
1.570796327,1.570796327,1.,1.,0.707106781,0.707106781,1.,1.,     0000211P0000300
11.6,-11.1,1.,11.6,-11.1,0.,12.6,-11.1,1.,12.6,-11.1,0.,12.6,    0000211P0000301
-10.1,1.,12.6,-10.1,0.,0.,1.,0.,1.570796327;                     0000211P0000302
142,0,211,0,215,2;                                               0000213P0000303
102,4,217,219,221,223;                                           0000215P0000304
126,2,2,1,0,0,0,0.,0.,0.,1.570796327,1.570796327,1.570796327,1., 0000217P0000305
0.707106781,1.,11.6,-11.1,0.,12.6,-11.1,0.,12.6,-10.1,0.,0.,     0000217P0000306
1.570796327,0.,0.,1.;                                            0000217P0000307
126,1,1,1,0,1,0,0.,0.,1.,1.,1.,1.,12.6,-10.1,0.,12.6,-10.1,1.,   0000219P0000308
0.,1.,-1.,0.,-0.;                                                0000219P0000309
126,2,2,1,0,0,0,0.,0.,0.,1.570796327,1.570796327,1.570796327,1., 0000221P0000310
0.707106781,1.,12.6,-10.1,1.,12.6,-11.1,1.,11.6,-11.1,1.,0.,     0000221P0000311
1.570796327,-0.,-0.,1.;                                          0000221P0000312
126,1,1,1,0,1,0,0.,0.,1.,1.,1.,1.,11.6,-11.1,1.,11.6,-11.1,0.,   0000223P0000313
0.,1.,1.,0.,-0.;                                                 0000223P0000314
144,227,1,0,229;                                                 0000225P0000315
128,1,1,1,1,0,0,1,0,0,0.,0.,3.8,3.8,0.,0.,1.,1.,1.,1.,1.,1.,7.8, 0000227P0000316
-11.1,0.,11.6,-11.1,0.,7.8,-11.1,1.,11.6,-11.1,1.,0.,3.8,0.,1.;  0000227P0000317
142,0,227,0,231,2;                                               0000229P0000318
102,4,233,235,237,239;                                           0000231P0000319
126,1,1,1,0,1,0,0.,0.,3.8,3.8,1.,1.,7.8,-11.1,0.,11.6,-11.1,0.,  0000233P0000320
0.,3.8,0.,0.,1.;                                                 0000233P0000321
126,1,1,1,0,1,0,0.,0.,1.,1.,1.,1.,11.6,-11.1,0.,11.6,-11.1,1.,   0000235P0000322
0.,1.,-1.,0.,-0.;                                                0000235P0000323
126,1,1,1,0,1,0,0.,0.,3.8,3.8,1.,1.,11.6,-11.1,1.,7.8,-11.1,1.,  0000237P0000324
0.,3.8,0.,0.,1.;                                                 0000237P0000325
126,1,1,1,0,1,0,0.,0.,1.,1.,1.,1.,7.8,-11.1,1.,7.8,-11.1,0.,0.,  0000239P0000326
1.,1.,0.,-0.;                                                    0000239P0000327
144,243,1,0,245;                                                 0000241P0000328
128,1,1,1,1,0,0,1,0,0,0.,0.,0.5,0.5,0.,0.,1.,1.,1.,1.,1.,1.,7.8, 0000243P0000329
-10.6,0.,7.8,-11.1,0.,7.8,-10.6,1.,7.8,-11.1,1.,6.879913306E-15, 0000243P0000330
0.5,0.,1.;                                                       0000243P0000331
142,0,243,0,247,2;                                               0000245P0000332
102,5,249,251,253,255,257;                                       0000247P0000333
126,1,1,1,0,1,0,0.,0.,0.5,0.5,1.,1.,7.8,-10.6,0.,7.8,-11.1,0.,   0000249P0000334
0.,0.5,0.,0.,1.;                                                 0000249P0000335
126,1,1,1,0,1,0,0.,0.,1.,1.,1.,1.,7.8,-11.1,0.,7.8,-11.1,1.,0.,  0000251P0000336
1.,-1.,0.,-0.;                                                   0000251P0000337
126,1,1,1,0,1,0,0.,0.,0.443966525,0.443966525,1.,1.,7.8,-11.1,   0000253P0000338
1.,7.8,-10.656033475,1.,0.,0.443966525,0.,0.,1.;                 0000253P0000339
126,1,1,1,0,1,0,0.443966525,0.443966525,0.5,0.5,1.,1.,7.8,       0000255P0000340
-10.656033475,1.,7.8,-10.6,1.,0.443966525,0.5,0.,0.,1.;          0000255P0000341
126,1,1,1,0,1,0,0.,0.,1.,1.,1.,1.,7.8,-10.6,1.,7.8,-10.6,0.,0.,  0000257P0000342
1.,1.,0.,-0.;                                                    0000257P0000343
144,261,1,0,263;                                                 0000259P0000344
128,1,1,1,1,0,0,1,0,0,0.,0.,3.,3.,0.,0.,1.,1.,1.,1.,1.,1.,4.8,   0000261P0000345
-10.6,0.,7.8,-10.6,0.,4.8,-10.6,1.,7.8,-10.6,1.,9.812463342E-15, 0000261P0000346
3.,0.,1.;                                                        0000261P0000347
142,0,261,0,265,2;                                               0000263P0000348
102,6,267,269,271,273,275,277;                                   0000265P0000349
126,1,1,1,0,1,0,0.,0.,3.,3.,1.,1.,4.8,-10.6,0.,7.8,-10.6,0.,0.,  0000267P0000350
3.,0.,0.,1.;                                                     0000267P0000351
126,1,1,1,0,1,0,0.,0.,1.,1.,1.,1.,7.8,-10.6,0.,7.8,-10.6,1.,0.,  0000269P0000352
1.,-1.,0.,-0.;                                                   0000269P0000353
126,1,1,1,0,1,0,0.,0.,2.25,2.25,1.,1.,7.8,-10.6,1.,5.55,-10.6,   0000271P0000354
1.,0.,2.25,0.,0.,1.;                                             0000271P0000355
126,1,1,1,0,1,0,0.,0.,0.2,0.2,1.,1.,5.55,-10.6,1.,5.55,-10.6,    0000273P0000356
0.8,0.,0.2,1.,0.,-0.;                                            0000273P0000357
126,1,1,1,0,1,0,0.,0.,0.75,0.75,1.,1.,5.55,-10.6,0.8,4.8,-10.6,  0000275P0000358
0.8,0.,0.75,0.,0.,1.;                                            0000275P0000359
126,1,1,1,0,1,0,0.,0.,0.8,0.8,1.,1.,4.8,-10.6,0.8,4.8,-10.6,0.,  0000277P0000360
0.,0.8,1.,0.,-0.;                                                0000277P0000361
144,281,1,0,283;                                                 0000279P0000362
128,1,1,1,1,0,0,1,0,0,0.,0.,7.325,7.325,0.,0.,0.2,0.2,1.,1.,1.,  0000281P0000363
1.,5.55,-3.275,0.8,5.55,-10.6,0.8,5.55,-3.275,1.,5.55,-10.6,1.,  0000281P0000364
0.,7.325,0.,0.2;                                                 0000281P0000365
142,0,281,0,285,2;                                               0000283P0000366
102,5,287,289,291,293,295;                                       0000285P0000367
126,1,1,1,0,1,0,-6.545470344,-6.545470344,0.779529656,           0000287P0000368
0.779529656,1.,1.,5.55,-3.275,0.8,5.55,-10.6,0.8,-6.545470344,   0000287P0000369
0.779529656,0.,0.,1.;                                            0000287P0000370
126,1,1,1,0,1,0,0.,0.,0.2,0.2,1.,1.,5.55,-10.6,0.8,5.55,-10.6,   0000289P0000371
1.,0.,0.2,-1.,0.,-0.;                                            0000289P0000372
126,1,1,1,0,1,0,0.,0.,0.852678982,0.852678982,1.,1.,5.55,-10.6,  0000291P0000373
1.,5.55,-9.747321018,1.,0.,0.852678982,0.,0.,1.;                 0000291P0000374
126,1,1,1,0,1,0,0.852678982,0.852678982,7.325,7.325,1.,1.,5.55,  0000293P0000375
-9.747321018,1.,5.55,-3.275,1.,0.852678982,7.325,0.,0.,1.;       0000293P0000376
126,1,1,1,0,1,0,0.,0.,0.2,0.2,1.,1.,5.55,-3.275,1.,5.55,-3.275,  0000295P0000377
0.8,0.,0.2,1.,0.,-0.;                                            0000295P0000378
144,299,1,0,301;                                                 0000297P0000379
128,1,1,1,1,0,0,1,0,0,-5.05,-5.05,5.05,5.05,-5.05,-5.05,5.05,    0000299P0000380
5.05,1.,1.,1.,1.,11.325247525,-9.799669967,1.,1.225247525,       0000299P0000381
-9.799669967,1.,11.325247525,0.300330033,1.,1.225247525,         0000299P0000382
0.300330033,1.,0.724962287,5.05,-4.997651051,1.474669967;        0000299P0000383
142,0,299,0,303,2;                                               0000301P0000384
102,3,305,307,309;                                               0000303P0000385
126,4,2,1,0,0,1,-1.415105775,-1.415105775,-1.415105775,0.,0.,    0000305P0000386
0.312265811,0.312265811,0.312265811,0.947694095,0.736137093,1.,  0000305P0000387
0.941774413,0.906698689,5.55,-9.747321018,1.,1.225247525,        0000305P0000388
-9.119722973,1.,1.225247525,-4.749669967,1.,1.225247525,         0000305P0000389
-3.995908289,1.,1.445356378,-3.275,1.,-1.415105775,0.312265811,  0000305P0000390
-0.,-0.,1.;                                                      0000305P0000391
126,1,1,1,0,1,0,1.445356378,1.445356378,5.55,5.55,1.,1.,         0000307P0000392
1.445356378,-3.275,1.,5.55,-3.275,1.,1.445356378,5.55,0.,0.,1.;  0000307P0000393
126,1,1,1,0,1,0,0.,0.,6.472321018,6.472321018,1.,1.,5.55,-3.275, 0000309P0000394
1.,5.55,-9.747321018,1.,0.,6.472321018,0.,0.,1.;                 0000309P0000395
144,313,1,0,315;                                                 0000311P0000396
128,1,1,1,1,0,0,1,0,0,0.,0.,5.55,5.55,0.1,0.1,1.,1.,1.,1.,1.,1., 0000313P0000397
0.,-3.275,0.1,5.55,-3.275,0.1,0.,-3.275,1.,5.55,-3.275,1.,0.,    0000313P0000398
5.55,0.1,1.;                                                     0000313P0000399
142,0,313,0,317,2;                                               0000315P0000400
102,8,319,321,323,325,327,329,331,333;                           0000317P0000401
126,1,1,1,0,1,0,-0.582307692,-0.582307692,-0.382307692,          0000319P0000402
-0.382307692,1.,1.,0.,-3.275,0.1,0.2,-3.275,0.1,-0.582307692,    0000319P0000403
-0.382307692,0.,0.,1.;                                           0000319P0000404
126,1,1,1,0,1,0,0.1,0.1,0.8,0.8,1.,1.,0.2,-3.275,0.1,0.2,-3.275, 0000321P0000405
0.8,0.1,0.8,-1.,0.,-0.;                                          0000321P0000406
126,1,1,1,0,1,0,-2.42871343,-2.42871343,2.92128657,2.92128657,   0000323P0000407
1.,1.,0.2,-3.275,0.8,5.55,-3.275,0.8,-2.42871343,2.92128657,0.,  0000323P0000408
0.,1.;                                                           0000323P0000409
126,1,1,1,0,1,0,0.,0.,0.2,0.2,1.,1.,5.55,-3.275,0.8,5.55,-3.275, 0000325P0000410
1.,0.,0.2,-1.,0.,-0.;                                            0000325P0000411
126,1,1,1,0,1,0,0.,0.,4.104643622,4.104643622,1.,1.,5.55,-3.275, 0000327P0000412
1.,1.445356378,-3.275,1.,0.,4.104643622,0.,0.,1.;                0000327P0000413
126,1,1,1,0,1,0,4.104643622,4.104643622,5.193818997,5.193818997, 0000329P0000414
1.,1.,1.445356378,-3.275,1.,0.356181003,-3.275,1.,4.104643622,   0000329P0000415
5.193818997,0.,0.,1.;                                            0000329P0000416
126,1,1,1,0,1,0,5.193818997,5.193818997,5.55,5.55,1.,1.,         0000331P0000417
0.356181003,-3.275,1.,0.,-3.275,1.,5.193818997,5.55,0.,0.,1.;    0000331P0000418
126,1,1,1,0,1,0,0.1,0.1,1.,1.,1.,1.,0.,-3.275,1.,0.,-3.275,0.1,  0000333P0000419
0.1,1.,1.,0.,-0.;                                                0000333P0000420
144,337,1,0,339;                                                 0000335P0000421
128,1,1,1,1,0,0,1,0,0,0.,0.,3.275,3.275,0.,0.,1.,1.,1.,1.,1.,1., 0000337P0000422
0.,0.,0.,0.,-3.275,0.,0.,0.,1.,0.,-3.275,1.,6.948434883E-15,     0000337P0000423
3.275,0.,1.;                                                     0000337P0000424
142,0,337,0,341,2;                                               0000339P0000425
102,6,343,345,347,349,351,353;                                   0000341P0000426
126,1,1,1,0,1,0,0.4,0.4,0.875,0.875,1.,1.,0.,-2.8,0.1,0.,-3.275, 0000343P0000427
0.1,0.4,0.875,0.,0.,1.;                                          0000343P0000428
126,1,1,1,0,1,0,0.1,0.1,1.,1.,1.,1.,0.,-3.275,0.1,0.,-3.275,1.,  0000345P0000429
0.1,1.,-1.,0.,-0.;                                               0000345P0000430
126,1,1,1,0,1,0,0.,0.,3.275,3.275,1.,1.,0.,-3.275,1.,0.,0.,1.,   0000347P0000431
0.,3.275,0.,0.,1.;                                               0000347P0000432
126,1,1,1,0,1,0,0.,0.,1.,1.,1.,1.,0.,0.,1.,0.,0.,0.,0.,1.,1.,0., 0000349P0000433
-0.;                                                             0000349P0000434
126,1,1,1,0,1,0,0.,0.,2.8,2.8,1.,1.,0.,0.,0.,0.,-2.8,0.,0.,2.8,  0000351P0000435
0.,0.,1.;                                                        0000351P0000436
126,1,1,1,0,1,0,0.,0.,0.1,0.1,1.,1.,0.,-2.8,0.,0.,-2.8,0.1,0.,   0000353P0000437
0.1,-1.,0.,-0.;                                                  0000353P0000438
144,357,1,0,359;                                                 0000355P0000439
128,1,1,1,1,0,0,1,0,0,0.,0.,1.5,1.5,0.,0.,1.,1.,1.,1.,1.,1.,1.5, 0000357P0000440
0.,0.,0.,0.,0.,1.5,0.,1.,0.,0.,1.,1.609823386E-14,1.5,0.,1.;     0000357P0000441
142,0,357,0,361,2;                                               0000359P0000442
102,4,363,365,367,369;                                           0000361P0000443
126,1,1,1,0,1,0,0.,0.,1.5,1.5,1.,1.,1.5,0.,0.,0.,0.,0.,0.,1.5,   0000363P0000444
0.,0.,1.;                                                        0000363P0000445
126,1,1,1,0,1,0,0.,0.,1.,1.,1.,1.,0.,0.,0.,0.,0.,1.,0.,1.,-1.,   0000365P0000446
0.,-0.;                                                          0000365P0000447
126,1,1,1,0,1,0,0.,0.,1.5,1.5,1.,1.,0.,0.,1.,1.5,0.,1.,0.,1.5,   0000367P0000448
0.,0.,1.;                                                        0000367P0000449
126,1,1,1,0,1,0,0.,0.,1.,1.,1.,1.,1.5,0.,1.,1.5,0.,0.,0.,1.,1.,  0000369P0000450
0.,-0.;                                                          0000369P0000451
144,373,1,0,375;                                                 0000371P0000452
128,1,1,1,1,0,0,1,0,0,0.,0.,1.5,1.5,0.,0.,1.,1.,1.,1.,1.,1.,1.5, 0000373P0000453
1.5,0.,1.5,0.,0.,1.5,1.5,1.,1.5,0.,1.,0.,1.5,0.,1.;              0000373P0000454
142,0,373,0,377,2;                                               0000375P0000455
102,4,379,381,383,385;                                           0000377P0000456
126,1,1,1,0,1,0,0.,0.,1.5,1.5,1.,1.,1.5,1.5,0.,1.5,0.,0.,0.,1.5, 0000379P0000457
0.,0.,1.;                                                        0000379P0000458
126,1,1,1,0,1,0,0.,0.,1.,1.,1.,1.,1.5,0.,0.,1.5,0.,1.,0.,1.,-1., 0000381P0000459
0.,-0.;                                                          0000381P0000460
126,1,1,1,0,1,0,0.,0.,1.5,1.5,1.,1.,1.5,0.,1.,1.5,1.5,1.,0.,1.5, 0000383P0000461
0.,0.,1.;                                                        0000383P0000462
126,1,1,1,0,1,0,0.,0.,1.,1.,1.,1.,1.5,1.5,1.,1.5,1.5,0.,0.,1.,   0000385P0000463
1.,0.,-0.;                                                       0000385P0000464
144,389,1,0,391;                                                 0000387P0000465
128,1,1,1,1,0,0,1,0,0,0.,0.,10.1,10.1,0.,0.,1.,1.,1.,1.,1.,1.,   0000389P0000466
11.6,1.5,0.,1.5,1.5,0.,11.6,1.5,1.,1.5,1.5,1.,4.367339823E-14,   0000389P0000467
10.1,0.,1.;                                                      0000389P0000468
142,0,389,0,393,2;                                               0000391P0000469
102,6,395,397,399,401,403,405;                                   0000393P0000470
126,1,1,1,0,1,0,0.,0.,10.1,10.1,1.,1.,11.6,1.5,0.,1.5,1.5,0.,0., 0000395P0000471
10.1,0.,0.,1.;                                                   0000395P0000472
126,1,1,1,0,1,0,0.,0.,1.,1.,1.,1.,1.5,1.5,0.,1.5,1.5,1.,0.,1.,   0000397P0000473
-1.,0.,-0.;                                                      0000397P0000474
126,1,1,1,0,1,0,0.,0.,5.55,5.55,1.,1.,1.5,1.5,1.,7.05,1.5,1.,0., 0000399P0000475
5.55,0.,0.,1.;                                                   0000399P0000476
126,1,1,1,0,1,0,0.,0.,0.2,0.2,1.,1.,7.05,1.5,1.,7.05,1.5,0.8,0., 0000401P0000477
0.2,1.,0.,-0.;                                                   0000401P0000478
126,1,1,1,0,1,0,0.,0.,4.55,4.55,1.,1.,7.05,1.5,0.8,11.6,1.5,0.8, 0000403P0000479
0.,4.55,0.,0.,1.;                                                0000403P0000480
126,1,1,1,0,1,0,0.,0.,0.8,0.8,1.,1.,11.6,1.5,0.8,11.6,1.5,0.,0., 0000405P0000481
0.8,1.,0.,-0.;                                                   0000405P0000482
144,409,1,0,411;                                                 0000407P0000483
128,1,1,1,1,0,0,1,0,0,-6.35742686,-6.35742686,-0.80742686,       0000409P0000484
-0.80742686,-6.334059313,-6.334059313,1.490940687,1.490940687,   0000409P0000485
1.,1.,1.,1.,12.6,1.5,0.8,7.05,1.5,0.8,12.6,-6.325,0.8,7.05,      0000409P0000486
-6.325,0.8,-6.35742686,-0.80742686,-6.334059313,1.490940687;     0000409P0000487
142,0,409,0,413,2;                                               0000411P0000488
102,11,415,417,419,421,423,425,427,429,431,433,435;              0000413P0000489
126,1,1,1,0,1,0,-7.079529656,-7.079529656,0.745470344,           0000415P0000490
0.745470344,1.,1.,7.05,1.5,0.8,7.05,-6.325,0.8,-7.079529656,     0000415P0000491
0.745470344,0.,0.,1.;                                            0000415P0000492
126,1,1,1,0,1,0,-2.37128657,-2.37128657,2.97871343,2.97871343,   0000417P0000493
1.,1.,7.05,-6.325,0.8,12.4,-6.325,0.8,-2.37128657,2.97871343,0., 0000417P0000494
0.,1.;                                                           0000417P0000495
126,1,1,1,0,1,0,0.,0.,2.49999999E-02,2.49999999E-02,1.,1.,12.4,  0000419P0000496
-6.325,0.8,12.4,-6.3,0.8,0.,2.49999999E-02,0.,0.,1.;             0000419P0000497
126,1,1,1,0,1,0,0.,0.,5.112318981,5.112318981,1.,1.,12.4,-6.3,   0000421P0000498
0.8,7.287681019,-6.3,0.8,0.,5.112318981,0.,0.,1.;                0000421P0000499
126,1,1,1,0,1,0,0.,0.,3.,3.,1.,1.,7.287681019,-6.3,0.8,          0000423P0000500
7.287681019,-3.3,0.8,0.,3.,0.,0.,1.;                             0000423P0000501
126,1,1,1,0,1,0,0.,0.,5.112318981,5.112318981,1.,1.,7.287681019, 0000425P0000502
-3.3,0.8,12.4,-3.3,0.8,0.,5.112318981,0.,0.,1.;                  0000425P0000503
126,1,1,1,0,1,0,3.025,3.025,3.05,3.05,1.,1.,12.4,-3.3,0.8,12.4,  0000427P0000504
-3.275,0.8,3.025,3.05,0.,0.,1.;                                  0000427P0000505
126,1,1,1,0,1,0,0.8,0.8,1.,1.,1.,1.,12.4,-3.275,0.8,12.6,-3.275, 0000429P0000506
0.8,0.8,1.,0.,0.,1.;                                             0000429P0000507
126,1,1,1,0,1,0,0.,0.,3.775,3.775,1.,1.,12.6,-3.275,0.8,12.6,    0000431P0000508
0.5,0.8,0.,3.775,0.,0.,1.;                                       0000431P0000509
126,2,2,1,0,0,0,0.,0.,0.,1.570796327,1.570796327,1.570796327,1., 0000433P0000510
0.707106781,1.,12.6,0.5,0.8,12.6,1.5,0.8,11.6,1.5,0.8,0.,        0000433P0000511
1.570796327,0.,0.,1.;                                            0000433P0000512
126,1,1,1,0,1,0,0.,0.,4.55,4.55,1.,1.,11.6,1.5,0.8,7.05,1.5,0.8, 0000435P0000513
0.,4.55,0.,0.,1.;                                                0000435P0000514
144,439,1,0,441;                                                 0000437P0000515
128,1,1,1,1,0,0,1,0,0,-1.135384615,-1.135384615,1.164615385,     0000439P0000516
1.164615385,-2.,-2.,2.,2.,1.,1.,1.,1.,12.6,-6.8,0.1,10.3,-6.8,   0000439P0000517
0.1,12.6,-2.8,0.1,10.3,-2.8,0.1,-1.135384615,1.164615385,-2.,2.; 0000439P0000518
142,0,439,0,443,2;                                               0000441P0000519
102,10,445,447,449,451,453,455,457,459,461,463;                  0000443P0000520
126,1,1,1,0,1,0,-2.3,-2.3,0.,0.,1.,1.,10.3,-2.8,0.1,12.6,-2.8,   0000445P0000521
0.1,-2.3,0.,0.,0.,1.;                                            0000445P0000522
126,1,1,1,0,1,0,0.7625,0.7625,1.2375,1.2375,1.,1.,12.6,-2.8,0.1, 0000447P0000523
12.6,-3.275,0.1,0.7625,1.2375,0.,0.,1.;                          0000447P0000524
126,1,1,1,0,1,0,0.475,0.475,0.675,0.675,1.,1.,12.6,-3.275,0.1,   0000449P0000525
12.4,-3.275,0.1,0.475,0.675,0.,0.,1.;                            0000449P0000526
126,1,1,1,0,1,0,-0.7625,-0.7625,-0.7375,-0.7375,1.,1.,12.4,      0000451P0000527
-3.275,0.1,12.4,-3.3,0.1,-0.7625,-0.7375,0.,0.,1.;               0000451P0000528
126,1,1,1,0,1,0,-0.7375,-0.7375,2.2625,2.2625,1.,1.,12.4,-3.3,   0000453P0000529
0.1,12.4,-6.3,1.E-01,-0.7375,2.2625,0.,0.,1.;                    0000453P0000530
126,1,1,1,0,1,0,2.2625,2.2625,2.2875,2.2875,1.,1.,12.4,-6.3,0.1, 0000455P0000531
12.4,-6.325,0.1,2.2625,2.2875,0.,0.,1.;                          0000455P0000532
126,1,1,1,0,1,0,-0.582307692,-0.582307692,-0.382307692,          0000457P0000533
-0.382307692,1.,1.,12.4,-6.325,0.1,12.6,-6.325,0.1,-0.582307692, 0000457P0000534
-0.382307692,0.,0.,1.;                                           0000457P0000535
126,1,1,1,0,1,0,0.65,0.65,1.125,1.125,1.,1.,12.6,-6.325,0.1,     0000459P0000536
12.6,-6.8,0.1,0.65,1.125,0.,0.,1.;                               0000459P0000537
126,1,1,1,0,1,0,-2.3,-2.3,0.,0.,1.,1.,12.6,-6.8,0.1,10.3,-6.8,   0000461P0000538
0.1,-2.3,0.,0.,0.,1.;                                            0000461P0000539
126,1,1,1,0,1,0,-4.,-4.,0.,0.,1.,1.,10.3,-6.8,0.1,10.3,-2.8,0.1, 0000463P0000540
-4.,0.,0.,0.,1.;                                                 0000463P0000541
144,467,1,0,469;                                                 0000465P0000542
128,1,1,1,1,0,0,1,0,0,-7.275957614E-12,-7.275957614E-12,3.05,    0000467P0000543
3.05,0.1,0.1,0.8,0.8,1.,1.,1.,1.,12.4,-6.325,0.1,12.4,-3.275,    0000467P0000544
0.1,12.4,-6.325,0.8,12.4,-3.275,0.8,-6.99995617E-12,             0000467P0000545
2.499999999E-02,0.1,0.8;                                         0000467P0000546
142,0,467,0,471,2;                                               0000469P0000547
102,4,473,475,477,479;                                           0000471P0000548
126,1,1,1,0,1,0,0.1,0.1,0.8,0.8,1.,1.,12.4,-6.325,0.8,12.4,      0000473P0000549
-6.325,0.1,0.1,0.8,1.,0.,-0.;                                    0000473P0000550
126,1,1,1,0,1,0,-0.7625,-0.7625,-0.7375,-0.7375,1.,1.,12.4,      0000475P0000551
-6.325,0.1,12.4,-6.3,0.1,-0.7625,-0.7375,0.,0.,1.;               0000475P0000552
126,1,1,1,0,1,0,0.15,0.15,0.85,0.85,1.,1.,12.4,-6.3,0.1,12.4,    0000477P0000553
-6.3,0.8,0.15,0.85,-1.,0.,-0.;                                   0000477P0000554
126,1,1,1,0,1,0,3.025,3.025,3.05,3.05,1.,1.,12.4,-6.3,0.8,12.4,  0000479P0000555
-6.325,0.8,3.025,3.05,0.,0.,1.;                                  0000479P0000556
144,483,1,0,485;                                                 0000481P0000557
128,1,1,1,1,0,0,1,0,0,-11.455159226,-11.455159226,1.144840774,   0000483P0000558
1.144840774,-12.034522621,-12.034522621,0.565477379,0.565477379, 0000483P0000559
1.,1.,1.,1.,-2.000888344E-11,1.5,6.816769371E-14,12.6,1.5,       0000483P0000560
6.816769371E-14,-2.000888344E-11,-11.1,6.816769371E-14,12.6,     0000483P0000561
-11.1,6.816769371E-14,-11.455159226,1.144840774,-12.034522621,   0000483P0000562
0.565477379;                                                     0000483P0000563
142,0,483,0,487,2;                                               0000485P0000564
102,21,489,491,493,495,497,499,501,503,505,507,509,511,513,515,  0000487P0000565
517,519,521,523,525,527,529;                                     0000487P0000566
126,1,1,1,0,1,0,-3.17871343,-3.17871343,-0.87871343,-0.87871343, 0000489P0000567
1.,1.,12.6,-2.8,0.,10.3,-2.8,0.,-3.17871343,-0.87871343,0.,0.,   0000489P0000568
1.;                                                              0000489P0000569
126,1,1,1,0,1,0,-1.017029656,-1.017029656,2.982970344,           0000491P0000570
2.982970344,1.,1.,10.3,-2.8,0.,10.3,-6.8,0.,-1.017029656,        0000491P0000571
2.982970344,0.,0.,1.;                                            0000491P0000572
126,1,1,1,0,1,0,2.02871343,2.02871343,4.32871343,4.32871343,1.,  0000493P0000573
1.,10.3,-6.8,0.,12.6,-6.8,0.,2.02871343,4.32871343,0.,0.,1.;     0000493P0000574
126,1,1,1,0,1,0,0.,0.,3.3,3.3,1.,1.,12.6,-6.8,0.,12.6,-10.1,0.,  0000495P0000575
0.,3.3,0.,0.,1.;                                                 0000495P0000576
126,2,2,1,0,0,0,0.,0.,0.,1.570796327,1.570796327,1.570796327,1., 0000497P0000577
0.707106781,1.,12.6,-10.1,0.,12.6,-11.1,0.,11.6,-11.1,0.,0.,     0000497P0000578
1.570796327,-0.,-0.,1.;                                          0000497P0000579
126,1,1,1,0,1,0,0.,0.,3.8,3.8,1.,1.,11.6,-11.1,0.,7.8,-11.1,0.,  0000499P0000580
0.,3.8,0.,0.,1.;                                                 0000499P0000581
126,1,1,1,0,1,0,0.,0.,0.5,0.5,1.,1.,7.8,-11.1,0.,7.8,-10.6,0.,   0000501P0000582
0.,0.5,0.,0.,1.;                                                 0000501P0000583
126,1,1,1,0,1,0,0.,0.,3.,3.,1.,1.,7.8,-10.6,0.,4.8,-10.6,0.,0.,  0000503P0000584
3.,0.,0.,1.;                                                     0000503P0000585
126,1,1,1,0,1,0,0.,0.,0.5,0.5,1.,1.,4.8,-10.6,0.,4.8,-11.1,0.,   0000505P0000586
0.,0.5,0.,0.,1.;                                                 0000505P0000587
126,1,1,1,0,1,0,-2.8,-2.8,1.,1.,1.,1.,4.8,-11.1,6.816769371E-14, 0000507P0000588
1.,-11.1,6.816769371E-14,-2.8,1.,0.,0.,1.;                       0000507P0000589
126,2,2,1,0,0,0,0.,0.,0.,1.570796327,1.570796327,1.570796327,1., 0000509P0000590
0.707106781,1.,1.,-11.1,6.816769371E-14,-2.000888344E-11,-11.1,  0000509P0000591
6.816769371E-14,0.,-10.1,6.816769371E-14,0.,1.570796327,-0.,     0000509P0000592
9.220283814E-38,1.;                                              0000509P0000593
126,1,1,1,0,1,0,0.475,0.475,3.775,3.775,1.,1.,0.,-10.1,0.,0.,    0000511P0000594
-6.8,0.,0.475,3.775,0.,0.,1.;                                    0000511P0000595
126,1,1,1,0,1,0,-3.12128657,-3.12128657,-0.82128657,-0.82128657, 0000513P0000596
1.,1.,-1.000444172E-11,-6.8,0.,2.3,-6.8,0.,-3.12128657,          0000513P0000597
-0.82128657,0.,0.,1.;                                            0000513P0000598
126,1,1,1,0,1,0,-0.982970344,-0.982970344,3.017029656,           0000515P0000599
3.017029656,1.,1.,2.3,-6.8,0.,2.3,-2.8,0.,-0.982970344,          0000515P0000600
3.017029656,0.,0.,1.;                                            0000515P0000601
126,1,1,1,0,1,0,1.97128657,1.97128657,4.27128657,4.27128657,1.,  0000517P0000602
1.,2.3,-2.8,0.,0.,-2.8,0.,1.97128657,4.27128657,0.,0.,1.;        0000517P0000603
126,1,1,1,0,1,0,0.,0.,2.8,2.8,1.,1.,0.,-2.8,0.,0.,0.,0.,0.,2.8,  0000519P0000604
0.,0.,1.;                                                        0000519P0000605
126,1,1,1,0,1,0,0.,0.,1.5,1.5,1.,1.,0.,0.,0.,1.5,0.,0.,0.,1.5,   0000521P0000606
0.,0.,1.;                                                        0000521P0000607
126,1,1,1,0,1,0,0.,0.,1.5,1.5,1.,1.,1.5,0.,0.,1.5,1.5,0.,0.,1.5, 0000523P0000608
0.,0.,1.;                                                        0000523P0000609
126,1,1,1,0,1,0,0.,0.,10.1,10.1,1.,1.,1.5,1.5,0.,11.6,1.5,0.,0., 0000525P0000610
10.1,0.,0.,1.;                                                   0000525P0000611
126,2,2,1,0,0,0,0.,0.,0.,1.570796327,1.570796327,1.570796327,1., 0000527P0000612
0.707106781,1.,11.6,1.5,0.,12.6,1.5,0.,12.6,0.5,0.,0.,           0000527P0000613
1.570796327,-0.,-0.,1.;                                          0000527P0000614
126,1,1,1,0,1,0,0.475,0.475,3.775,3.775,1.,1.,12.6,0.5,0.,12.6,  0000529P0000615
-2.8,0.,0.475,3.775,0.,0.,1.;                                    0000529P0000616
144,533,1,0,535;                                                 0000531P0000617
128,1,1,1,1,0,0,1,0,0,-1.136868377E-13,-1.136868377E-13,2.3,2.3, 0000533P0000618
0.,0.,0.1,0.1,1.,1.,1.,1.,12.6,-6.8,0.,10.3,-6.8,0.,12.6,-6.8,   0000533P0000619
0.1,10.3,-6.8,0.1,-1.136868377E-13,2.3,0.,0.1;                   0000533P0000620
142,0,533,0,537,2;                                               0000535P0000621
102,4,539,541,543,545;                                           0000537P0000622
126,1,1,1,0,1,0,2.02871343,2.02871343,4.32871343,4.32871343,1.,  0000539P0000623
1.,12.6,-6.8,0.,10.3,-6.8,0.,2.02871343,4.32871343,0.,0.,1.;     0000539P0000624
126,1,1,1,0,1,0,0.,0.,0.1,0.1,1.,1.,10.3,-6.8,0.,10.3,-6.8,0.1,  0000541P0000625
0.,0.1,-1.,0.,-0.;                                               0000541P0000626
126,1,1,1,0,1,0,-2.3,-2.3,0.,0.,1.,1.,10.3,-6.8,0.1,12.6,-6.8,   0000543P0000627
0.1,-2.3,0.,0.,0.,1.;                                            0000543P0000628
126,1,1,1,0,1,0,0.,0.,0.1,0.1,1.,1.,12.6,-6.8,0.1,12.6,-6.8,0.,  0000545P0000629
0.,0.1,1.,0.,-0.;                                                0000545P0000630
144,549,1,0,551;                                                 0000547P0000631
128,1,1,1,1,0,0,1,0,0,-4.405159226,-4.405159226,1.144840774,     0000549P0000632
1.144840774,-7.259522621,-7.259522621,0.565477379,0.565477379,   0000549P0000633
1.,1.,1.,1.,5.55,-3.275,0.8,-2.000888344E-11,-3.275,0.8,5.55,    0000549P0000634
-11.1,0.8,-2.000888344E-11,-11.1,0.8,-4.405159226,1.144840774,   0000549P0000635
-7.259522621,0.565477379;                                        0000549P0000636
142,0,549,0,553,2;                                               0000551P0000637
102,13,555,557,559,561,563,565,567,569,571,573,575,577,579;      0000553P0000638
126,1,1,1,0,1,0,0.,0.,3.775,3.775,1.,1.,0.,-6.325,0.8,0.,-10.1,  0000555P0000639
0.8,0.,3.775,0.,0.,1.;                                           0000555P0000640
126,2,2,1,0,0,0,-1.570796327,-1.570796327,-1.570796327,0.,0.,0., 0000557P0000641
1.,0.707106781,1.,0.,-10.1,0.8,-2.000888344E-11,-11.1,0.8,1.,    0000557P0000642
-11.1,0.8,-1.570796327,0.,0.,0.,1.;                              0000557P0000643
126,1,1,1,0,1,0,-1.,-1.,2.8,2.8,1.,1.,1.,-11.1,0.8,4.8,-11.1,    0000559P0000644
0.8,-1.,2.8,0.,0.,1.;                                            0000559P0000645
126,1,1,1,0,1,0,0.,0.,0.5,0.5,1.,1.,4.8,-11.1,0.8,4.8,-10.6,0.8, 0000561P0000646
0.,0.5,0.,0.,1.;                                                 0000561P0000647
126,1,1,1,0,1,0,0.,0.,0.75,0.75,1.,1.,4.8,-10.6,0.8,5.55,-10.6,  0000563P0000648
0.8,0.,0.75,0.,0.,1.;                                            0000563P0000649
126,1,1,1,0,1,0,-6.545470344,-6.545470344,0.779529656,           0000565P0000650
0.779529656,1.,1.,5.55,-10.6,0.8,5.55,-3.275,0.8,-6.545470344,   0000565P0000651
0.779529656,0.,0.,1.;                                            0000565P0000652
126,1,1,1,0,1,0,-2.42871343,-2.42871343,2.92128657,2.92128657,   0000567P0000653
1.,1.,5.55,-3.275,0.8,0.2,-3.275,0.8,-2.42871343,2.92128657,0.,  0000567P0000654
0.,1.;                                                           0000567P0000655
126,1,1,1,0,1,0,0.,0.,2.5E-02,2.5E-02,1.,1.,0.2,-3.275,0.8,0.2,  0000569P0000656
-3.3,0.8,0.,2.5E-02,0.,0.,1.;                                    0000569P0000657
126,1,1,1,0,1,0,0.,0.,5.112318981,5.112318981,1.,1.,0.2,-3.3,    0000571P0000658
0.8,5.312318981,-3.3,0.8,0.,5.112318981,0.,0.,1.;                0000571P0000659
126,1,1,1,0,1,0,0.,0.,3.,3.,1.,1.,5.312318981,-3.3,0.8,          0000573P0000660
5.312318981,-6.3,0.8,0.,3.,0.,0.,1.;                             0000573P0000661
126,1,1,1,0,1,0,0.,0.,5.112318981,5.112318981,1.,1.,5.312318981, 0000575P0000662
-6.3,0.8,0.2,-6.3,0.8,0.,5.112318981,0.,0.,1.;                   0000575P0000663
126,1,1,1,0,1,0,3.025,3.025,3.05,3.05,1.,1.,0.2,-6.3,0.8,0.2,    0000577P0000664
-6.325,0.8,3.025,3.05,0.,0.,1.;                                  0000577P0000665
126,1,1,1,0,1,0,0.,0.,0.2,0.2,1.,1.,0.2,-6.325,0.8,0.,-6.325,    0000579P0000666
0.8,0.,0.2,0.,0.,1.;                                             0000579P0000667
144,583,1,0,585;                                                 0000581P0000668
128,1,1,1,1,0,0,1,0,0,0.,0.,0.5,0.5,0.,0.,0.8,0.8,1.,1.,1.,1.,   0000583P0000669
4.8,-11.1,0.,4.8,-10.6,0.,4.8,-11.1,0.8,4.8,-10.6,0.8,           0000583P0000670
6.879913306E-15,0.5,0.,0.8;                                      0000583P0000671
142,0,583,0,587,2;                                               0000585P0000672
102,4,589,591,593,595;                                           0000587P0000673
126,1,1,1,0,1,0,0.,0.,0.5,0.5,1.,1.,4.8,-11.1,0.,4.8,-10.6,0.,   0000589P0000674
0.,0.5,0.,0.,1.;                                                 0000589P0000675
126,1,1,1,0,1,0,0.,0.,0.8,0.8,1.,1.,4.8,-10.6,0.,4.8,-10.6,0.8,  0000591P0000676
0.,0.8,-1.,0.,-0.;                                               0000591P0000677
126,1,1,1,0,1,0,0.,0.,0.5,0.5,1.,1.,4.8,-10.6,0.8,4.8,-11.1,0.8, 0000593P0000678
0.,0.5,0.,0.,1.;                                                 0000593P0000679
126,1,1,1,0,1,0,0.,0.,0.8,0.8,1.,1.,4.8,-11.1,0.8,4.8,-11.1,0.,  0000595P0000680
0.,0.8,1.,0.,-0.;                                                0000595P0000681
144,599,1,0,601;                                                 0000597P0000682
128,1,1,1,1,0,0,1,0,0,-1.135384615,-1.135384615,1.164615385,     0000599P0000683
1.164615385,-2.,-2.,2.,2.,1.,1.,1.,1.,-1.000444172E-11,-2.8,0.1, 0000599P0000684
2.3,-2.8,0.1,-1.000444172E-11,-6.8,0.1,2.3,-6.8,0.1,             0000599P0000685
-1.135384615,1.164615385,-2.,2.;                                 0000599P0000686
142,0,599,0,603,2;                                               0000601P0000687
102,10,605,607,609,611,613,615,617,619,621,623;                  0000603P0000688
126,1,1,1,0,1,0,0.7625,0.7625,1.2375,1.2375,1.,1.,0.,-6.8,0.1,   0000605P0000689
0.,-6.325,0.1,0.7625,1.2375,0.,0.,1.;                            0000605P0000690
126,1,1,1,0,1,0,0.482307692,0.482307692,0.682307692,0.682307692, 0000607P0000691
1.,1.,0.,-6.325,0.1,0.2,-6.325,0.1,0.482307692,0.682307692,0.,   0000607P0000692
0.,1.;                                                           0000607P0000693
126,1,1,1,0,1,0,-0.7625,-0.7625,-0.7375,-0.7375,1.,1.,0.2,       0000609P0000694
-6.325,0.1,0.2,-6.3,0.1,-0.7625,-0.7375,0.,0.,1.;                0000609P0000695
126,1,1,1,0,1,0,-0.7375,-0.7375,2.2625,2.2625,1.,1.,0.2,-6.3,    0000611P0000696
0.1,0.2,-3.3,0.1,-0.7375,2.2625,0.,0.,1.;                        0000611P0000697
126,1,1,1,0,1,0,2.2625,2.2625,2.2875,2.2875,1.,1.,0.2,-3.3,0.1,  0000613P0000698
0.2,-3.275,0.1,2.2625,2.2875,0.,0.,1.;                           0000613P0000699
126,1,1,1,0,1,0,-0.582307692,-0.582307692,-0.382307692,          0000615P0000700
-0.382307692,1.,1.,0.2,-3.275,0.1,0.,-3.275,0.1,-0.582307692,    0000615P0000701
-0.382307692,0.,0.,1.;                                           0000615P0000702
126,1,1,1,0,1,0,0.4,0.4,0.875,0.875,1.,1.,0.,-3.275,0.1,0.,-2.8, 0000617P0000703
0.1,0.4,0.875,0.,0.,1.;                                          0000617P0000704
126,1,1,1,0,1,0,-2.3,-2.3,0.,0.,1.,1.,0.,-2.8,0.1,2.3,-2.8,0.1,  0000619P0000705
-2.3,0.,0.,0.,1.;                                                0000619P0000706
126,1,1,1,0,1,0,-4.,-4.,0.,0.,1.,1.,2.3,-2.8,0.1,2.3,-6.8,0.1,   0000621P0000707
-4.,0.,0.,0.,1.;                                                 0000621P0000708
126,1,1,1,0,1,0,-2.3,-2.3,0.,0.,1.,1.,2.3,-6.8,0.1,              0000623P0000709
-1.000444172E-11,-6.8,0.1,-2.3,0.,0.,0.,1.;                      0000623P0000710
144,627,1,0,629;                                                 0000625P0000711
128,1,1,1,1,0,0,1,0,0,0.,0.,3.05,3.05,0.1,0.1,0.8,0.8,1.,1.,1.,  0000627P0000712
1.,0.2,-3.275,0.1,0.2,-6.325,0.1,0.2,-3.275,0.8,0.2,-6.325,0.8,  0000627P0000713
0.,2.5E-02,0.1,0.8;                                              0000627P0000714
142,0,627,0,631,2;                                               0000629P0000715
102,4,633,635,637,639;                                           0000631P0000716
126,1,1,1,0,1,0,0.1,0.1,0.8,0.8,1.,1.,0.2,-3.275,0.8,0.2,-3.275, 0000633P0000717
0.1,0.1,0.8,1.,0.,-0.;                                           0000633P0000718
126,1,1,1,0,1,0,-0.7625,-0.7625,-0.7375,-0.7375,1.,1.,0.2,       0000635P0000719
-3.275,0.1,0.2,-3.3,0.1,-0.7625,-0.7375,0.,0.,1.;                0000635P0000720
126,1,1,1,0,1,0,0.15,0.15,0.85,0.85,1.,1.,0.2,-3.3,0.1,0.2,-3.3, 0000637P0000721
0.8,0.15,0.85,-1.,0.,-0.;                                        0000637P0000722
126,1,1,1,0,1,0,3.025,3.025,3.05,3.05,1.,1.,0.2,-3.3,0.8,0.2,    0000639P0000723
-3.275,0.8,3.025,3.05,0.,0.,1.;                                  0000639P0000724
144,643,1,0,645;                                                 0000641P0000725
128,1,1,1,1,0,0,1,0,0,0.,0.,2.3,2.3,0.,0.,0.1,0.1,1.,1.,1.,1.,   0000643P0000726
0.,-2.8,0.,2.3,-2.8,0.,0.,-2.8,0.1,2.3,-2.8,0.1,0.,2.3,0.,0.1;   0000643P0000727
142,0,643,0,647,2;                                               0000645P0000728
102,4,649,651,653,655;                                           0000647P0000729
126,1,1,1,0,1,0,1.97128657,1.97128657,4.27128657,4.27128657,1.,  0000649P0000730
1.,0.,-2.8,0.,2.3,-2.8,0.,1.97128657,4.27128657,0.,0.,1.;        0000649P0000731
126,1,1,1,0,1,0,0.,0.,0.1,0.1,1.,1.,2.3,-2.8,0.,2.3,-2.8,0.1,0., 0000651P0000732
0.1,-1.,0.,-0.;                                                  0000651P0000733
126,1,1,1,0,1,0,-2.3,-2.3,0.,0.,1.,1.,2.3,-2.8,0.1,0.,-2.8,0.1,  0000653P0000734
-2.3,0.,0.,0.,1.;                                                0000653P0000735
126,1,1,1,0,1,0,0.,0.,0.1,0.1,1.,1.,0.,-2.8,0.1,0.,-2.8,0.,0.,   0000655P0000736
0.1,1.,0.,-0.;                                                   0000655P0000737
144,659,1,0,661;                                                 0000657P0000738
128,1,2,1,2,0,0,0,0,0,0.,0.,0.8,0.8,-2.273736754E-13,            0000659P0000739
-2.273736754E-13,-2.273736754E-13,1.570796327,1.570796327,       0000659P0000740
1.570796327,1.,1.,0.707106781,0.707106781,1.,1.,12.6,0.5,0.8,    0000659P0000741
12.6,0.5,0.,12.6,1.5,0.8,12.6,1.5,0.,11.6,1.5,0.8,11.6,1.5,0.,   0000659P0000742
0.,0.8,-2.273736754E-13,1.570796327;                             0000659P0000743
142,0,659,0,663,2;                                               0000661P0000744
102,4,665,667,669,671;                                           0000663P0000745
126,1,1,1,0,1,0,0.,0.,0.8,0.8,1.,1.,12.6,0.5,0.8,12.6,0.5,0.,0., 0000665P0000746
0.8,1.,0.,-0.;                                                   0000665P0000747
126,2,2,1,0,0,0,0.,0.,0.,1.570796327,1.570796327,1.570796327,1., 0000667P0000748
0.707106781,1.,12.6,0.5,0.,12.6,1.5,0.,11.6,1.5,0.,0.,           0000667P0000749
1.570796327,0.,0.,1.;                                            0000667P0000750
126,1,1,1,0,1,0,0.,0.,0.8,0.8,1.,1.,11.6,1.5,0.,11.6,1.5,0.8,0., 0000669P0000751
0.8,-1.,0.,-0.;                                                  0000669P0000752
126,2,2,1,0,0,0,0.,0.,0.,1.570796327,1.570796327,1.570796327,1., 0000671P0000753
0.707106781,1.,11.6,1.5,0.8,12.6,1.5,0.8,12.6,0.5,0.8,0.,        0000671P0000754
1.570796327,-0.,-0.,1.;                                          0000671P0000755
144,675,1,0,677;                                                 0000673P0000756
128,1,1,1,1,0,0,1,0,0,-2.273736754E-13,-2.273736754E-13,3.775,   0000675P0000757
3.775,0.,0.,0.8,0.8,1.,1.,1.,1.,12.6,-3.275,0.,12.6,0.5,0.,12.6, 0000675P0000758
-3.275,0.8,12.6,0.5,0.8,-2.273736754E-13,3.775,0.,0.8;           0000675P0000759
142,0,675,0,679,2;                                               0000677P0000760
102,6,681,683,685,687,689,691;                                   0000679P0000761
126,1,1,1,0,1,0,-0.1,-0.1,0.,0.,1.,1.,12.6,-2.8,0.1,12.6,-2.8,   0000681P0000762
0.,-0.1,0.,1.,0.,-0.;                                            0000681P0000763
126,1,1,1,0,1,0,0.475,0.475,3.775,3.775,1.,1.,12.6,-2.8,0.,12.6, 0000683P0000764
0.5,0.,0.475,3.775,0.,0.,1.;                                     0000683P0000765
126,1,1,1,0,1,0,0.,0.,0.8,0.8,1.,1.,12.6,0.5,0.,12.6,0.5,0.8,0., 0000685P0000766
0.8,-1.,0.,-0.;                                                  0000685P0000767
126,1,1,1,0,1,0,0.,0.,3.775,3.775,1.,1.,12.6,0.5,0.8,12.6,       0000687P0000768
-3.275,0.8,0.,3.775,0.,0.,1.;                                    0000687P0000769
126,1,1,1,0,1,0,0.1,0.1,0.8,0.8,1.,1.,12.6,-3.275,0.8,12.6,      0000689P0000770
-3.275,0.1,0.1,0.8,1.,0.,-0.;                                    0000689P0000771
126,1,1,1,0,1,0,0.7625,0.7625,1.2375,1.2375,1.,1.,12.6,-3.275,   0000691P0000772
0.1,12.6,-2.8,0.1,0.7625,1.2375,0.,0.,1.;                        0000691P0000773
144,695,1,0,697;                                                 0000693P0000774
128,1,1,1,1,0,0,1,0,0,0.,0.,0.2,0.2,0.1,0.1,0.8,0.8,1.,1.,1.,1., 0000695P0000775
12.4,-3.275,0.1,12.6,-3.275,0.1,12.4,-3.275,0.8,12.6,-3.275,0.8, 0000695P0000776
0.,0.2,0.1,0.8;                                                  0000695P0000777
142,0,695,0,699,2;                                               0000697P0000778
102,4,701,703,705,707;                                           0000699P0000779
126,1,1,1,0,1,0,0.475,0.475,0.675,0.675,1.,1.,12.4,-3.275,0.1,   0000701P0000780
12.6,-3.275,0.1,0.475,0.675,0.,0.,1.;                            0000701P0000781
126,1,1,1,0,1,0,0.1,0.1,0.8,0.8,1.,1.,12.6,-3.275,0.1,12.6,      0000703P0000782
-3.275,0.8,0.1,0.8,-1.,0.,-0.;                                   0000703P0000783
126,1,1,1,0,1,0,0.8,0.8,1.,1.,1.,1.,12.6,-3.275,0.8,12.4,-3.275, 0000705P0000784
0.8,0.8,1.,0.,0.,1.;                                             0000705P0000785
126,1,1,1,0,1,0,0.1,0.1,0.8,0.8,1.,1.,12.4,-3.275,0.8,12.4,      0000707P0000786
-3.275,0.1,0.1,0.8,1.,0.,-0.;                                    0000707P0000787
144,711,1,0,713;                                                 0000709P0000788
128,1,1,1,1,0,0,1,0,0,-7.275957614E-12,-7.275957614E-12,3.05,    0000711P0000789
3.05,0.1,0.1,0.8,0.8,1.,1.,1.,1.,12.4,-6.325,0.1,12.4,-3.275,    0000711P0000790
0.1,12.4,-6.325,0.8,12.4,-3.275,0.8,3.025,3.05,0.1,0.8;          0000711P0000791
142,0,711,0,715,2;                                               0000713P0000792
102,4,717,719,721,723;                                           0000715P0000793
126,1,1,1,0,1,0,0.,0.,0.7,0.7,1.,1.,12.4,-3.3,0.8,12.4,-3.3,     0000717P0000794
1.E-01,0.,0.7,1.,0.,-0.;                                         0000717P0000795
126,1,1,1,0,1,0,2.2625,2.2625,2.2875,2.2875,1.,1.,12.4,-3.3,0.1, 0000719P0000796
12.4,-3.275,0.1,2.2625,2.2875,0.,0.,1.;                          0000719P0000797
126,1,1,1,0,1,0,0.1,0.1,0.8,0.8,1.,1.,12.4,-3.275,0.1,12.4,      0000721P0000798
-3.275,0.8,0.1,0.8,-1.,0.,-0.;                                   0000721P0000799
126,1,1,1,0,1,0,0.,0.,2.5E-02,2.5E-02,1.,1.,12.4,-3.275,0.8,     0000723P0000800
12.4,-3.3,0.8,0.,2.5E-02,0.,0.,1.;                               0000723P0000801
144,727,1,0,729;                                                 0000725P0000802
128,1,1,1,1,0,0,1,0,0,-1.998722049,-1.998722049,3.301277951,     0000727P0000803
3.301277951,-0.773365418,-0.773365418,0.376634582,0.376634582,   0000727P0000804
1.,1.,1.,1.,12.55,-3.3,-0.2,7.25,-3.3,-0.2,12.55,-3.3,0.95,7.25, 0000727P0000805
-3.3,0.95,-1.998722049,3.301277951,-0.773365418,0.376634582;     0000727P0000806
142,0,727,0,731,2;                                               0000729P0000807
102,9,733,735,737,739,741,743,745,747,749;                       0000731P0000808
126,1,1,1,0,1,0,0.,0.,2.,2.,1.,1.,12.55,-3.3,-0.2,10.55,-3.3,    0000733P0000809
-0.2,0.,2.,0.,0.,1.;                                             0000733P0000810
126,1,1,1,0,1,0,0.,0.,0.15,0.15,1.,1.,10.55,-3.3,-0.2,10.55,     0000735P0000811
-3.3,-5.000000016E-02,0.,0.15,-1.,0.,-0.;                        0000735P0000812
126,1,1,1,0,1,0,0.,0.,1.85,1.85,1.,1.,10.55,-3.3,                0000737P0000813
-5.000000016E-02,12.4,-3.3,-4.999999999E-02,0.,1.85,0.,0.,1.;    0000737P0000814
126,1,1,1,0,1,0,0.,0.,0.15,0.15,1.,1.,12.4,-3.3,                 0000739P0000815
-4.999999999E-02,12.4,-3.3,0.1,0.,0.15,-1.,0.,-0.;               0000739P0000816
126,1,1,1,0,1,0,0.15,0.15,0.85,0.85,1.,1.,12.4,-3.3,0.1,12.4,    0000741P0000817
-3.3,0.8,0.15,0.85,-1.,0.,-0.;                                   0000741P0000818
126,1,1,1,0,1,0,0.,0.,5.112318981,5.112318981,1.,1.,12.4,-3.3,   0000743P0000819
0.8,7.287681019,-3.3,0.8,0.,5.112318981,0.,0.,1.;                0000743P0000820
126,1,1,1,0,1,0,0.,0.,0.154660464,0.154660464,1.,1.,7.287681019, 0000745P0000821
-3.3,0.8,7.25,-3.3,0.95,0.,0.154660464,0.969866479,-0.,          0000745P0000822
0.24363705;                                                      0000745P0000823
126,1,1,1,0,1,0,0.,0.,5.3,5.3,1.,1.,7.25,-3.3,0.95,12.55,-3.3,   0000747P0000824
0.95,0.,5.3,0.,0.,1.;                                            0000747P0000825
126,1,1,1,0,1,0,0.,0.,1.15,1.15,1.,1.,12.55,-3.3,0.95,12.55,     0000749P0000826
-3.3,-0.2,0.,1.15,1.,0.,-0.;                                     0000749P0000827
144,753,1,0,755;                                                 0000751P0000828
128,1,1,1,1,0,0,1,0,0,0.,0.,0.154660464,0.154660464,0.,0.,3.,3., 0000753P0000829
1.,1.,1.,1.,7.287681019,-6.3,0.8,7.25,-6.3,0.95,7.287681019,     0000753P0000830
-3.3,0.8,7.25,-3.3,0.95,2.103732865E-18,0.154660464,             0000753P0000831
1.254031601E-14,3.;                                              0000753P0000832
142,0,753,0,757,2;                                               0000755P0000833
102,4,759,761,763,765;                                           0000757P0000834
126,1,1,1,0,1,0,0.,0.,0.154660464,0.154660464,1.,1.,7.287681019, 0000759P0000835
-6.3,0.8,7.25,-6.3,0.95,0.,0.154660464,0.969866479,-0.,          0000759P0000836
0.24363705;                                                      0000759P0000837
126,1,1,1,0,1,0,0.,0.,3.,3.,1.,1.,7.25,-6.3,0.95,7.25,-3.3,0.95, 0000761P0000838
0.,3.,0.,0.,1.;                                                  0000761P0000839
126,1,1,1,0,1,0,0.,0.,0.154660464,0.154660464,1.,1.,7.25,-3.3,   0000763P0000840
0.95,7.287681019,-3.3,0.8,0.,0.154660464,0.969866479,0.,         0000763P0000841
0.24363705;                                                      0000763P0000842
126,1,1,1,0,1,0,0.,0.,3.,3.,1.,1.,7.287681019,-3.3,0.8,          0000765P0000843
7.287681019,-6.3,0.8,0.,3.,0.,0.,1.;                             0000765P0000844
144,769,1,0,771;                                                 0000767P0000845
128,1,1,1,1,0,0,1,0,0,-1.998722049,-1.998722049,3.301277951,     0000769P0000846
3.301277951,-0.773365418,-0.773365418,0.376634582,0.376634582,   0000769P0000847
1.,1.,1.,1.,7.25,-6.3,-0.2,12.55,-6.3,-0.2,7.25,-6.3,0.95,12.55, 0000769P0000848
-6.3,0.95,-1.998722049,3.301277951,-0.773365418,0.376634582;     0000769P0000849
142,0,769,0,773,2;                                               0000771P0000850
102,9,775,777,779,781,783,785,787,789,791;                       0000773P0000851
126,1,1,1,0,1,0,0.,0.,2.,2.,1.,1.,10.55,-6.3,-0.2,12.55,-6.3,    0000775P0000852
-0.2,0.,2.,0.,0.,1.;                                             0000775P0000853
126,1,1,1,0,1,0,0.,0.,1.15,1.15,1.,1.,12.55,-6.3,-0.2,12.55,     0000777P0000854
-6.3,0.95,0.,1.15,-1.,0.,-0.;                                    0000777P0000855
126,1,1,1,0,1,0,0.,0.,5.3,5.3,1.,1.,12.55,-6.3,0.95,7.25,-6.3,   0000779P0000856
0.95,0.,5.3,0.,0.,1.;                                            0000779P0000857
126,1,1,1,0,1,0,0.,0.,0.154660464,0.154660464,1.,1.,7.25,-6.3,   0000781P0000858
0.95,7.287681019,-6.3,0.8,0.,0.154660464,0.969866479,0.,         0000781P0000859
0.24363705;                                                      0000781P0000860
126,1,1,1,0,1,0,0.,0.,5.112318981,5.112318981,1.,1.,7.287681019, 0000783P0000861
-6.3,0.8,12.4,-6.3,0.8,0.,5.112318981,0.,0.,1.;                  0000783P0000862
126,1,1,1,0,1,0,0.,0.,0.7,0.7,1.,1.,12.4,-6.3,0.8,12.4,-6.3,     0000785P0000863
1.E-01,0.,0.7,1.,0.,-0.;                                         0000785P0000864
126,1,1,1,0,1,0,0.7,0.7,0.85,0.85,1.,1.,12.4,-6.3,1.E-01,12.4,   0000787P0000865
-6.3,-4.999999999E-02,0.7,0.85,1.,0.,-0.;                        0000787P0000866
126,1,1,1,0,1,0,0.,0.,1.85,1.85,1.,1.,12.4,-6.3,                 0000789P0000867
-4.999999999E-02,10.55,-6.3,-5.000000016E-02,0.,1.85,0.,0.,1.;   0000789P0000868
126,1,1,1,0,1,0,0.,0.,0.15,0.15,1.,1.,10.55,-6.3,                0000791P0000869
-5.000000016E-02,10.55,-6.3,-0.2,0.,0.15,1.,0.,-0.;              0000791P0000870
144,795,1,0,797;                                                 0000793P0000871
128,1,1,1,1,0,0,1,0,0,-2.273736754E-13,-2.273736754E-13,2.3,2.3, 0000795P0000872
0.,0.,0.1,0.1,1.,1.,1.,1.,10.3,-2.8,0.,12.6,-2.8,0.,10.3,-2.8,   0000795P0000873
0.1,12.6,-2.8,0.1,-2.273736754E-13,2.3,0.,0.1;                   0000795P0000874
142,0,795,0,799,2;                                               0000797P0000875
102,4,801,803,805,807;                                           0000799P0000876
126,1,1,1,0,1,0,-2.3,-2.3,0.,0.,1.,1.,12.6,-2.8,0.1,10.3,-2.8,   0000801P0000877
0.1,-2.3,0.,0.,0.,1.;                                            0000801P0000878
126,1,1,1,0,1,0,0.,0.,0.1,0.1,1.,1.,10.3,-2.8,0.1,10.3,-2.8,0.,  0000803P0000879
0.,0.1,1.,0.,-0.;                                                0000803P0000880
126,1,1,1,0,1,0,-3.17871343,-3.17871343,-0.87871343,-0.87871343, 0000805P0000881
1.,1.,10.3,-2.8,0.,12.6,-2.8,0.,-3.17871343,-0.87871343,0.,0.,   0000805P0000882
1.;                                                              0000805P0000883
126,1,1,1,0,1,0,-0.1,-0.1,0.,0.,1.,1.,12.6,-2.8,0.,12.6,-2.8,    0000807P0000884
0.1,-0.1,0.,-1.,0.,-0.;                                          0000807P0000885
144,811,1,0,813;                                                 0000809P0000886
128,1,1,1,1,0,0,1,0,0,0.,0.,0.85,0.85,0.,0.,3.,3.,1.,1.,1.,1.,   0000811P0000887
12.4,-6.3,-4.999999999E-02,12.4,-6.3,0.8,12.4,-3.3,              0000811P0000888
-4.999999999E-02,12.4,-3.3,0.8,0.,0.15,1.254031601E-14,3.;       0000811P0000889
142,0,811,0,815,2;                                               0000813P0000890
102,4,817,819,821,823;                                           0000815P0000891
126,1,1,1,0,1,0,0.,0.,3.,3.,1.,1.,12.4,-3.3,-4.999999999E-02,    0000817P0000892
12.4,-6.3,-4.999999999E-02,0.,3.,0.,0.,1.;                       0000817P0000893
126,1,1,1,0,1,0,0.,0.,0.15,0.15,1.,1.,12.4,-6.3,                 0000819P0000894
-4.999999999E-02,12.4,-6.3,0.1,0.,0.15,-1.,0.,-0.;               0000819P0000895
126,1,1,1,0,1,0,-0.7375,-0.7375,2.2625,2.2625,1.,1.,12.4,-6.3,   0000821P0000896
0.1,12.4,-3.3,0.1,-0.7375,2.2625,0.,0.,1.;                       0000821P0000897
126,1,1,1,0,1,0,0.7,0.7,0.85,0.85,1.,1.,12.4,-3.3,1.E-01,12.4,   0000823P0000898
-3.3,-4.999999999E-02,0.7,0.85,1.,0.,-0.;                        0000823P0000899
144,827,1,0,829;                                                 0000825P0000900
128,1,1,1,1,0,0,1,0,0,0.,0.,4.,4.,0.,0.,0.1,0.1,1.,1.,1.,1.,     0000827P0000901
10.3,-6.8,0.,10.3,-2.8,0.,10.3,-6.8,0.1,10.3,-2.8,0.1,0.,4.,0.,  0000827P0000902
0.1;                                                             0000827P0000903
142,0,827,0,831,2;                                               0000829P0000904
102,4,833,835,837,839;                                           0000831P0000905
126,1,1,1,0,1,0,-1.017029656,-1.017029656,2.982970344,           0000833P0000906
2.982970344,1.,1.,10.3,-6.8,0.,10.3,-2.8,0.,-1.017029656,        0000833P0000907
2.982970344,0.,0.,1.;                                            0000833P0000908
126,1,1,1,0,1,0,0.,0.,0.1,0.1,1.,1.,10.3,-2.8,0.,10.3,-2.8,0.1,  0000835P0000909
0.,0.1,-1.,0.,-0.;                                               0000835P0000910
126,1,1,1,0,1,0,-4.,-4.,0.,0.,1.,1.,10.3,-2.8,0.1,10.3,-6.8,0.1, 0000837P0000911
-4.,0.,0.,0.,1.;                                                 0000837P0000912
126,1,1,1,0,1,0,0.,0.,0.1,0.1,1.,1.,10.3,-6.8,0.1,10.3,-6.8,0.,  0000839P0000913
0.,0.1,1.,0.,-0.;                                                0000839P0000914
144,843,1,0,845;                                                 0000841P0000915
128,1,1,1,1,0,0,1,0,0,0.,0.,3.8,3.8,-6.816769371E-14,            0000843P0000916
-6.816769371E-14,0.8,0.8,1.,1.,1.,1.,1.,-11.1,0.,4.8,-11.1,0.,   0000843P0000917
1.,-11.1,0.8,4.8,-11.1,0.8,0.,3.8,-6.815555065E-14,0.8;          0000843P0000918
142,0,843,0,847,2;                                               0000845P0000919
102,4,849,851,853,855;                                           0000847P0000920
126,1,1,1,0,1,0,-1.,-1.,2.8,2.8,1.,1.,4.8,-11.1,0.8,1.,-11.1,    0000849P0000921
0.8,-1.,2.8,0.,0.,1.;                                            0000849P0000922
126,1,1,1,0,1,0,0.,0.,0.8,0.8,1.,1.,1.,-11.1,0.8,1.,-11.1,       0000851P0000923
6.816769371E-14,0.,0.8,1.,0.,-0.;                                0000851P0000924
126,1,1,1,0,1,0,-2.8,-2.8,1.,1.,1.,1.,1.,-11.1,6.816769371E-14,  0000853P0000925
4.8,-11.1,6.816769371E-14,-2.8,1.,0.,0.,1.;                      0000853P0000926
126,1,1,1,0,1,0,0.,0.,0.8,0.8,1.,1.,4.8,-11.1,0.,4.8,-11.1,0.8,  0000855P0000927
0.,0.8,-1.,0.,-0.;                                               0000855P0000928
144,859,1,0,861;                                                 0000857P0000929
128,1,2,1,2,0,0,0,0,0,0.,0.,0.8,0.8,-1.570796327,-1.570796327,   0000859P0000930
-1.570796327,0.,0.,0.,1.,1.,0.707106781,0.707106781,1.,1.,0.,    0000859P0000931
-10.1,0.8,0.,-10.1,6.816769371E-14,-2.000888344E-11,-11.1,0.8,   0000859P0000932
-2.000888344E-11,-11.1,6.816769371E-14,1.,-11.1,0.8,1.,-11.1,    0000859P0000933
6.816769371E-14,0.,0.8,-1.570796327,-7.549516567E-15;            0000859P0000934
142,0,859,0,863,2;                                               0000861P0000935
102,4,865,867,869,871;                                           0000863P0000936
126,1,1,1,0,1,0,0.,0.,0.8,0.8,1.,1.,1.,-11.1,6.816769371E-14,1., 0000865P0000937
-11.1,0.8,0.,0.8,-1.,0.,-0.;                                     0000865P0000938
126,2,2,1,0,0,0,-1.570796327,-1.570796327,-1.570796327,0.,0.,0., 0000867P0000939
1.,0.707106781,1.,1.,-11.1,0.8,-2.000888344E-11,-11.1,0.8,0.,    0000867P0000940
-10.1,0.8,-1.570796327,0.,-0.,-2.220446049E-17,1.;               0000867P0000941
126,1,1,1,0,1,0,0.,0.,0.8,0.8,1.,1.,0.,-10.1,0.8,0.,-10.1,       0000869P0000942
6.816769371E-14,0.,0.8,1.,0.,-0.;                                0000869P0000943
126,2,2,1,0,0,0,0.,0.,0.,1.570796327,1.570796327,1.570796327,1., 0000871P0000944
0.707106781,1.,0.,-10.1,6.816769371E-14,-2.000888344E-11,-11.1,  0000871P0000945
6.816769371E-14,1.,-11.1,6.816769371E-14,0.,1.570796327,0.,0.,   0000871P0000946
1.;                                                              0000871P0000947
144,875,1,0,877;                                                 0000873P0000948
128,1,1,1,1,0,0,1,0,0,0.,0.,3.775,3.775,0.,0.,0.8,0.8,1.,1.,1.,  0000875P0000949
1.,0.,-6.325,0.,0.,-10.1,0.,0.,-6.325,0.8,0.,-10.1,0.8,0.,3.775, 0000875P0000950
0.,0.8;                                                          0000875P0000951
142,0,875,0,879,2;                                               0000877P0000952
102,6,881,883,885,887,889,891;                                   0000879P0000953
126,1,1,1,0,1,0,0.7625,0.7625,1.2375,1.2375,1.,1.,0.,-6.325,0.1, 0000881P0000954
0.,-6.8,0.1,0.7625,1.2375,0.,0.,1.;                              0000881P0000955
126,1,1,1,0,1,0,-0.1,-0.1,0.,0.,1.,1.,0.,-6.8,0.1,0.,-6.8,0.,    0000883P0000956
-0.1,0.,1.,0.,-0.;                                               0000883P0000957
126,1,1,1,0,1,0,0.475,0.475,3.775,3.775,1.,1.,0.,-6.8,0.,0.,     0000885P0000958
-10.1,0.,0.475,3.775,0.,0.,1.;                                   0000885P0000959
126,1,1,1,0,1,0,0.,0.,0.8,0.8,1.,1.,0.,-10.1,6.816769371E-14,0., 0000887P0000960
-10.1,0.8,0.,0.8,-1.,0.,-0.;                                     0000887P0000961
126,1,1,1,0,1,0,0.,0.,3.775,3.775,1.,1.,0.,-10.1,0.8,0.,-6.325,  0000889P0000962
0.8,0.,3.775,0.,0.,1.;                                           0000889P0000963
126,1,1,1,0,1,0,0.1,0.1,0.8,0.8,1.,1.,0.,-6.325,0.8,0.,-6.325,   0000891P0000964
0.1,0.1,0.8,1.,0.,-0.;                                           0000891P0000965
144,895,1,0,897;                                                 0000893P0000966
128,1,1,1,1,0,0,1,0,0,0.,0.,2.3,2.3,0.,0.,0.1,0.1,1.,1.,1.,1.,   0000895P0000967
2.3,-6.8,0.,-1.000444172E-11,-6.8,0.,2.3,-6.8,0.1,               0000895P0000968
-1.000444172E-11,-6.8,0.1,0.,2.3,0.,0.1;                         0000895P0000969
142,0,895,0,899,2;                                               0000897P0000970
102,4,901,903,905,907;                                           0000899P0000971
126,1,1,1,0,1,0,-3.12128657,-3.12128657,-0.82128657,-0.82128657, 0000901P0000972
1.,1.,2.3,-6.8,0.,-1.000444172E-11,-6.8,0.,-3.12128657,          0000901P0000973
-0.82128657,0.,0.,1.;                                            0000901P0000974
126,1,1,1,0,1,0,-0.1,-0.1,0.,0.,1.,1.,0.,-6.8,0.,0.,-6.8,0.1,    0000903P0000975
-0.1,0.,-1.,0.,-0.;                                              0000903P0000976
126,1,1,1,0,1,0,-2.3,-2.3,0.,0.,1.,1.,-1.000444172E-11,-6.8,0.1, 0000905P0000977
2.3,-6.8,0.1,-2.3,0.,0.,0.,1.;                                   0000905P0000978
126,1,1,1,0,1,0,0.,0.,0.1,0.1,1.,1.,2.3,-6.8,0.1,2.3,-6.8,0.,0., 0000907P0000979
0.1,1.,0.,-0.;                                                   0000907P0000980
144,911,1,0,913;                                                 0000909P0000981
128,1,1,1,1,0,0,1,0,0,0.,0.,4.,4.,0.,0.,0.1,0.1,1.,1.,1.,1.,2.3, 0000911P0000982
-2.8,0.,2.3,-6.8,0.,2.3,-2.8,0.1,2.3,-6.8,0.1,0.,4.,0.,0.1;      0000911P0000983
142,0,911,0,915,2;                                               0000913P0000984
102,4,917,919,921,923;                                           0000915P0000985
126,1,1,1,0,1,0,-0.982970344,-0.982970344,3.017029656,           0000917P0000986
3.017029656,1.,1.,2.3,-2.8,0.,2.3,-6.8,0.,-0.982970344,          0000917P0000987
3.017029656,0.,0.,1.;                                            0000917P0000988
126,1,1,1,0,1,0,0.,0.,0.1,0.1,1.,1.,2.3,-6.8,0.,2.3,-6.8,0.1,0., 0000919P0000989
0.1,-1.,0.,-0.;                                                  0000919P0000990
126,1,1,1,0,1,0,-4.,-4.,0.,0.,1.,1.,2.3,-6.8,0.1,2.3,-2.8,0.1,   0000921P0000991
-4.,0.,0.,0.,1.;                                                 0000921P0000992
126,1,1,1,0,1,0,0.,0.,0.1,0.1,1.,1.,2.3,-2.8,0.1,2.3,-2.8,0.,0., 0000923P0000993
0.1,1.,0.,-0.;                                                   0000923P0000994
144,927,1,0,929;                                                 0000925P0000995
128,1,1,1,1,0,0,1,0,0,0.,0.,0.2,0.2,0.1,0.1,0.8,0.8,1.,1.,1.,1., 0000927P0000996
0.2,-6.325,0.1,0.,-6.325,0.1,0.2,-6.325,0.8,0.,-6.325,0.8,0.,    0000927P0000997
0.2,0.1,0.8;                                                     0000927P0000998
142,0,927,0,931,2;                                               0000929P0000999
102,4,933,935,937,939;                                           0000931P0001000
126,1,1,1,0,1,0,0.482307692,0.482307692,0.682307692,0.682307692, 0000933P0001001
1.,1.,0.2,-6.325,0.1,0.,-6.325,0.1,0.482307692,0.682307692,0.,   0000933P0001002
0.,1.;                                                           0000933P0001003
126,1,1,1,0,1,0,0.1,0.1,0.8,0.8,1.,1.,0.,-6.325,0.1,0.,-6.325,   0000935P0001004
0.8,0.1,0.8,-1.,0.,-0.;                                          0000935P0001005
126,1,1,1,0,1,0,0.,0.,0.2,0.2,1.,1.,0.,-6.325,0.8,0.2,-6.325,    0000937P0001006
0.8,0.,0.2,0.,0.,1.;                                             0000937P0001007
126,1,1,1,0,1,0,0.1,0.1,0.8,0.8,1.,1.,0.2,-6.325,0.8,0.2,-6.325, 0000939P0001008
0.1,0.1,0.8,1.,0.,-0.;                                           0000939P0001009
144,943,1,0,945;                                                 0000941P0001010
128,1,1,1,1,0,0,1,0,0,0.,0.,3.05,3.05,0.1,0.1,0.8,0.8,1.,1.,1.,  0000943P0001011
1.,0.2,-3.275,0.1,0.2,-6.325,0.1,0.2,-3.275,0.8,0.2,-6.325,0.8,  0000943P0001012
3.025,3.05,0.1,0.8;                                              0000943P0001013
142,0,943,0,947,2;                                               0000945P0001014
102,4,949,951,953,955;                                           0000947P0001015
126,1,1,1,0,1,0,0.,0.,0.7,0.7,1.,1.,0.2,-6.3,0.8,0.2,-6.3,       0000949P0001016
1.E-01,0.,0.7,1.,0.,-0.;                                         0000949P0001017
126,1,1,1,0,1,0,2.2625,2.2625,2.2875,2.2875,1.,1.,0.2,-6.3,0.1,  0000951P0001018
0.2,-6.325,0.1,2.2625,2.2875,0.,0.,1.;                           0000951P0001019
126,1,1,1,0,1,0,0.1,0.1,0.8,0.8,1.,1.,0.2,-6.325,0.1,0.2,-6.325, 0000953P0001020
0.8,0.1,0.8,-1.,0.,-0.;                                          0000953P0001021
126,1,1,1,0,1,0,0.,0.,2.5E-02,2.5E-02,1.,1.,0.2,-6.325,0.8,0.2,  0000955P0001022
-6.3,0.8,0.,2.5E-02,0.,0.,1.;                                    0000955P0001023
144,959,1,0,961;                                                 0000957P0001024
128,1,1,1,1,0,0,1,0,0,-1.998722049,-1.998722049,3.301277951,     0000959P0001025
3.301277951,-0.773365418,-0.773365418,0.376634582,0.376634582,   0000959P0001026
1.,1.,1.,1.,5.E-02,-6.3,-0.2,5.35,-6.3,-0.2,5.E-02,-6.3,0.95,    0000959P0001027
5.35,-6.3,0.95,-1.998722049,3.301277951,-0.773365418,            0000959P0001028
0.376634582;                                                     0000959P0001029
142,0,959,0,963,2;                                               0000961P0001030
102,9,965,967,969,971,973,975,977,979,981;                       0000963P0001031
126,1,1,1,0,1,0,0.,0.,2.,2.,1.,1.,5.E-02,-6.3,-0.2,2.05,-6.3,    0000965P0001032
-0.2,0.,2.,0.,0.,1.;                                             0000965P0001033
126,1,1,1,0,1,0,0.,0.,0.15,0.15,1.,1.,2.05,-6.3,-0.2,2.05,-6.3,  0000967P0001034
-5.000000016E-02,0.,0.15,-1.,0.,-0.;                             0000967P0001035
126,1,1,1,0,1,0,0.,0.,1.85,1.85,1.,1.,2.05,-6.3,                 0000969P0001036
-5.000000016E-02,0.2,-6.3,-4.999999999E-02,0.,1.85,0.,0.,1.;     0000969P0001037
126,1,1,1,0,1,0,0.,0.,0.15,0.15,1.,1.,0.2,-6.3,-4.999999999E-02, 0000971P0001038
0.2,-6.3,0.1,0.,0.15,-1.,0.,-0.;                                 0000971P0001039
126,1,1,1,0,1,0,0.15,0.15,0.85,0.85,1.,1.,0.2,-6.3,0.1,0.2,-6.3, 0000973P0001040
0.8,0.15,0.85,-1.,0.,-0.;                                        0000973P0001041
126,1,1,1,0,1,0,0.,0.,5.112318981,5.112318981,1.,1.,0.2,-6.3,    0000975P0001042
0.8,5.312318981,-6.3,0.8,0.,5.112318981,0.,0.,1.;                0000975P0001043
126,1,1,1,0,1,0,0.,0.,0.154660464,0.154660464,1.,1.,5.312318981, 0000977P0001044
-6.3,0.8,5.35,-6.3,0.95,0.,0.154660464,-0.969866479,0.,          0000977P0001045
0.24363705;                                                      0000977P0001046
126,1,1,1,0,1,0,0.,0.,5.3,5.3,1.,1.,5.35,-6.3,0.95,5.E-02,-6.3,  0000979P0001047
0.95,0.,5.3,0.,0.,1.;                                            0000979P0001048
126,1,1,1,0,1,0,0.,0.,1.15,1.15,1.,1.,5.E-02,-6.3,0.95,5.E-02,   0000981P0001049
-6.3,-0.2,0.,1.15,1.,0.,-0.;                                     0000981P0001050
144,985,1,0,987;                                                 0000983P0001051
128,1,1,1,1,0,0,1,0,0,0.,0.,0.154660464,0.154660464,0.,0.,3.,3., 0000985P0001052
1.,1.,1.,1.,5.312318981,-3.3,0.8,5.35,-3.3,0.95,5.312318981,     0000985P0001053
-6.3,0.8,5.35,-6.3,0.95,0.,0.154660464,1.254031601E-14,3.;       0000985P0001054
142,0,985,0,989,2;                                               0000987P0001055
102,4,991,993,995,997;                                           0000989P0001056
126,1,1,1,0,1,0,0.,0.,0.154660464,0.154660464,1.,1.,5.312318981, 0000991P0001057
-3.3,0.8,5.35,-3.3,0.95,0.,0.154660464,-0.969866479,0.,          0000991P0001058
0.24363705;                                                      0000991P0001059
126,1,1,1,0,1,0,0.,0.,3.,3.,1.,1.,5.35,-3.3,0.95,5.35,-6.3,0.95, 0000993P0001060
0.,3.,0.,0.,1.;                                                  0000993P0001061
126,1,1,1,0,1,0,0.,0.,0.154660464,0.154660464,1.,1.,5.35,-6.3,   0000995P0001062
0.95,5.312318981,-6.3,0.8,0.,0.154660464,-0.969866479,-0.,       0000995P0001063
0.24363705;                                                      0000995P0001064
126,1,1,1,0,1,0,0.,0.,3.,3.,1.,1.,5.312318981,-6.3,0.8,          0000997P0001065
5.312318981,-3.3,0.8,0.,3.,0.,0.,1.;                             0000997P0001066
144,1001,1,0,1003;                                               0000999P0001067
128,1,1,1,1,0,0,1,0,0,-1.998722049,-1.998722049,3.301277951,     0001001P0001068
3.301277951,-0.773365418,-0.773365418,0.376634582,0.376634582,   0001001P0001069
1.,1.,1.,1.,5.35,-3.3,-0.2,5.E-02,-3.3,-0.2,5.35,-3.3,0.95,      0001001P0001070
5.E-02,-3.3,0.95,-1.998722049,3.301277951,-0.773365418,          0001001P0001071
0.376634582;                                                     0001001P0001072
142,0,1001,0,1005,2;                                             0001003P0001073
102,9,1007,1009,1011,1013,1015,1017,1019,1021,1023;              0001005P0001074
126,1,1,1,0,1,0,0.,0.,2.,2.,1.,1.,2.05,-3.3,-0.2,5.E-02,-3.3,    0001007P0001075
-0.2,0.,2.,0.,0.,1.;                                             0001007P0001076
126,1,1,1,0,1,0,0.,0.,1.15,1.15,1.,1.,5.E-02,-3.3,-0.2,5.E-02,   0001009P0001077
-3.3,0.95,0.,1.15,-1.,0.,-0.;                                    0001009P0001078
126,1,1,1,0,1,0,0.,0.,5.3,5.3,1.,1.,5.E-02,-3.3,0.95,5.35,-3.3,  0001011P0001079
0.95,0.,5.3,0.,0.,1.;                                            0001011P0001080
126,1,1,1,0,1,0,0.,0.,0.154660464,0.154660464,1.,1.,5.35,-3.3,   0001013P0001081
0.95,5.312318981,-3.3,0.8,0.,0.154660464,-0.969866479,-0.,       0001013P0001082
0.24363705;                                                      0001013P0001083
126,1,1,1,0,1,0,0.,0.,5.112318981,5.112318981,1.,1.,5.312318981, 0001015P0001084
-3.3,0.8,0.2,-3.3,0.8,0.,5.112318981,0.,0.,1.;                   0001015P0001085
126,1,1,1,0,1,0,0.,0.,0.7,0.7,1.,1.,0.2,-3.3,0.8,0.2,-3.3,       0001017P0001086
1.E-01,0.,0.7,1.,0.,-0.;                                         0001017P0001087
126,1,1,1,0,1,0,0.7,0.7,0.85,0.85,1.,1.,0.2,-3.3,1.E-01,0.2,     0001019P0001088
-3.3,-4.999999999E-02,0.7,0.85,1.,0.,-0.;                        0001019P0001089
126,1,1,1,0,1,0,0.,0.,1.85,1.85,1.,1.,0.2,-3.3,-4.999999999E-02, 0001021P0001090
2.05,-3.3,-5.000000016E-02,0.,1.85,0.,0.,1.;                     0001021P0001091
126,1,1,1,0,1,0,0.,0.,0.15,0.15,1.,1.,2.05,-3.3,                 0001023P0001092
-5.000000016E-02,2.05,-3.3,-0.2,0.,0.15,1.,0.,-0.;               0001023P0001093
144,1027,1,0,1029;                                               0001025P0001094
128,1,1,1,1,0,0,1,0,0,0.,0.,0.85,0.85,0.,0.,3.,3.,1.,1.,1.,1.,   0001027P0001095
0.2,-3.3,-4.999999999E-02,0.2,-3.3,0.8,0.2,-6.3,                 0001027P0001096
-4.999999999E-02,0.2,-6.3,0.8,0.,0.15,1.254031601E-14,3.;        0001027P0001097
142,0,1027,0,1031,2;                                             0001029P0001098
102,4,1033,1035,1037,1039;                                       0001031P0001099
126,1,1,1,0,1,0,0.,0.,3.,3.,1.,1.,0.2,-6.3,-4.999999999E-02,0.2, 0001033P0001100
-3.3,-4.999999999E-02,0.,3.,0.,0.,1.;                            0001033P0001101
126,1,1,1,0,1,0,0.,0.,0.15,0.15,1.,1.,0.2,-3.3,-4.999999999E-02, 0001035P0001102
0.2,-3.3,0.1,0.,0.15,-1.,0.,-0.;                                 0001035P0001103
126,1,1,1,0,1,0,-0.7375,-0.7375,2.2625,2.2625,1.,1.,0.2,-3.3,    0001037P0001104
0.1,0.2,-6.3,0.1,-0.7375,2.2625,0.,0.,1.;                        0001037P0001105
126,1,1,1,0,1,0,0.7,0.7,0.85,0.85,1.,1.,0.2,-6.3,1.E-01,0.2,     0001039P0001106
-6.3,-4.999999999E-02,0.7,0.85,1.,0.,-0.;                        0001039P0001107
144,1043,1,0,1045;                                               0001041P0001108
128,1,1,1,1,0,0,1,0,0,0.,0.,2.,2.,0.,0.,3.,3.,1.,1.,1.,1.,12.55, 0001043P0001109
-6.3,-0.2,10.55,-6.3,-0.2,12.55,-3.3,-0.2,10.55,-3.3,-0.2,       0001043P0001110
2.686913192E-14,2.,1.254031601E-14,3.;                           0001043P0001111
142,0,1043,0,1047,2;                                             0001045P0001112
102,4,1049,1051,1053,1055;                                       0001047P0001113
126,1,1,1,0,1,0,0.,0.,2.,2.,1.,1.,12.55,-6.3,-0.2,10.55,-6.3,    0001049P0001114
-0.2,0.,2.,0.,0.,1.;                                             0001049P0001115
126,1,1,1,0,1,0,0.,0.,3.,3.,1.,1.,10.55,-6.3,-0.2,10.55,-3.3,    0001051P0001116
-0.2,0.,3.,0.,0.,1.;                                             0001051P0001117
126,1,1,1,0,1,0,0.,0.,2.,2.,1.,1.,10.55,-3.3,-0.2,12.55,-3.3,    0001053P0001118
-0.2,0.,2.,0.,0.,1.;                                             0001053P0001119
126,1,1,1,0,1,0,0.,0.,3.,3.,1.,1.,12.55,-3.3,-0.2,12.55,-6.3,    0001055P0001120
-0.2,0.,3.,0.,0.,1.;                                             0001055P0001121
144,1059,1,0,1061;                                               0001057P0001122
128,1,1,1,1,0,0,1,0,0,0.,0.,0.15,0.15,0.,0.,3.,3.,1.,1.,1.,1.,   0001059P0001123
10.55,-6.3,-0.2,10.55,-6.3,-5.000000016E-02,10.55,-3.3,-0.2,     0001059P0001124
10.55,-3.3,-5.000000016E-02,0.,0.15,1.255592852E-14,3.;          0001059P0001125
142,0,1059,0,1063,2;                                             0001061P0001126
102,4,1065,1067,1069,1071;                                       0001063P0001127
126,1,1,1,0,1,0,0.,0.,0.15,0.15,1.,1.,10.55,-6.3,-0.2,10.55,     0001065P0001128
-6.3,-5.000000016E-02,0.,0.15,-1.,0.,-0.;                        0001065P0001129
126,1,1,1,0,1,0,0.,0.,3.,3.,1.,1.,10.55,-6.3,-5.000000016E-02,   0001067P0001130
10.55,-3.3,-5.000000016E-02,0.,3.,0.,0.,1.;                      0001067P0001131
126,1,1,1,0,1,0,0.,0.,0.15,0.15,1.,1.,10.55,-3.3,                0001069P0001132
-5.000000016E-02,10.55,-3.3,-0.2,0.,0.15,1.,0.,-0.;              0001069P0001133
126,1,1,1,0,1,0,0.,0.,3.,3.,1.,1.,10.55,-3.3,-0.2,10.55,-6.3,    0001071P0001134
-0.2,0.,3.,0.,0.,1.;                                             0001071P0001135
144,1075,1,0,1077;                                               0001073P0001136
128,1,1,1,1,0,0,1,0,0,0.,0.,1.85,1.85,0.,0.,3.,3.,1.,1.,1.,1.,   0001075P0001137
10.55,-6.3,-5.000000016E-02,12.4,-6.3,-4.999999999E-02,10.55,    0001075P0001138
-3.3,-5.000000016E-02,12.4,-3.3,-4.999999999E-02,0.,1.85,        0001075P0001139
1.254031601E-14,3.;                                              0001075P0001140
142,0,1075,0,1079,2;                                             0001077P0001141
102,4,1081,1083,1085,1087;                                       0001079P0001142
126,1,1,1,0,1,0,0.,0.,1.85,1.85,1.,1.,10.55,-6.3,                0001081P0001143
-5.000000016E-02,12.4,-6.3,-4.999999999E-02,0.,1.85,0.,0.,1.;    0001081P0001144
126,1,1,1,0,1,0,0.,0.,3.,3.,1.,1.,12.4,-6.3,-4.999999999E-02,    0001083P0001145
12.4,-3.3,-4.999999999E-02,0.,3.,0.,0.,1.;                       0001083P0001146
126,1,1,1,0,1,0,0.,0.,1.85,1.85,1.,1.,12.4,-3.3,                 0001085P0001147
-4.999999999E-02,10.55,-3.3,-5.000000016E-02,0.,1.85,0.,0.,1.;   0001085P0001148
126,1,1,1,0,1,0,0.,0.,3.,3.,1.,1.,10.55,-3.3,-5.000000016E-02,   0001087P0001149
10.55,-6.3,-5.000000016E-02,0.,3.,0.,0.,1.;                      0001087P0001150
144,1091,1,0,1093;                                               0001089P0001151
128,1,1,1,1,0,0,1,0,0,0.,0.,5.3,5.3,0.,0.,3.,3.,1.,1.,1.,1.,     0001091P0001152
7.25,-6.3,0.95,12.55,-6.3,0.95,7.25,-3.3,0.95,12.55,-3.3,0.95,   0001091P0001153
4.751234128E-14,5.3,1.254031601E-14,3.;                          0001091P0001154
142,0,1091,0,1095,2;                                             0001093P0001155
102,4,1097,1099,1101,1103;                                       0001095P0001156
126,1,1,1,0,1,0,0.,0.,5.3,5.3,1.,1.,7.25,-6.3,0.95,12.55,-6.3,   0001097P0001157
0.95,0.,5.3,0.,0.,1.;                                            0001097P0001158
126,1,1,1,0,1,0,0.,0.,3.,3.,1.,1.,12.55,-6.3,0.95,12.55,-3.3,    0001099P0001159
0.95,0.,3.,0.,0.,1.;                                             0001099P0001160
126,1,1,1,0,1,0,0.,0.,5.3,5.3,1.,1.,12.55,-3.3,0.95,7.25,-3.3,   0001101P0001161
0.95,0.,5.3,0.,0.,1.;                                            0001101P0001162
126,1,1,1,0,1,0,0.,0.,3.,3.,1.,1.,7.25,-3.3,0.95,7.25,-6.3,0.95, 0001103P0001163
0.,3.,0.,0.,1.;                                                  0001103P0001164
144,1107,1,0,1109;                                               0001105P0001165
128,1,1,1,1,0,0,1,0,0,0.,0.,1.15,1.15,0.,0.,3.,3.,1.,1.,1.,1.,   0001107P0001166
12.55,-6.3,0.95,12.55,-6.3,-0.2,12.55,-3.3,0.95,12.55,-3.3,-0.2, 0001107P0001167
0.,1.15,1.25585306E-14,3.;                                       0001107P0001168
142,0,1107,0,1111,2;                                             0001109P0001169
102,4,1113,1115,1117,1119;                                       0001111P0001170
126,1,1,1,0,1,0,0.,0.,1.15,1.15,1.,1.,12.55,-6.3,0.95,12.55,     0001113P0001171
-6.3,-0.2,0.,1.15,1.,0.,-0.;                                     0001113P0001172
126,1,1,1,0,1,0,0.,0.,3.,3.,1.,1.,12.55,-6.3,-0.2,12.55,-3.3,    0001115P0001173
-0.2,0.,3.,0.,0.,1.;                                             0001115P0001174
126,1,1,1,0,1,0,0.,0.,1.15,1.15,1.,1.,12.55,-3.3,-0.2,12.55,     0001117P0001175
-3.3,0.95,0.,1.15,-1.,0.,-0.;                                    0001117P0001176
126,1,1,1,0,1,0,0.,0.,3.,3.,1.,1.,12.55,-3.3,0.95,12.55,-6.3,    0001119P0001177
0.95,0.,3.,0.,0.,1.;                                             0001119P0001178
144,1123,1,0,1125;                                               0001121P0001179
128,1,1,1,1,0,0,1,0,0,0.,0.,2.,2.,0.,0.,3.,3.,1.,1.,1.,1.,       0001123P0001180
5.E-02,-3.3,-0.2,2.05,-3.3,-0.2,5.E-02,-6.3,-0.2,2.05,-6.3,-0.2, 0001123P0001181
2.686913192E-14,2.,1.254031601E-14,3.;                           0001123P0001182
142,0,1123,0,1127,2;                                             0001125P0001183
102,4,1129,1131,1133,1135;                                       0001127P0001184
126,1,1,1,0,1,0,0.,0.,2.,2.,1.,1.,5.E-02,-3.3,-0.2,2.05,-3.3,    0001129P0001185
-0.2,0.,2.,0.,0.,1.;                                             0001129P0001186
126,1,1,1,0,1,0,0.,0.,3.,3.,1.,1.,2.05,-3.3,-0.2,2.05,-6.3,-0.2, 0001131P0001187
0.,3.,0.,0.,1.;                                                  0001131P0001188
126,1,1,1,0,1,0,0.,0.,2.,2.,1.,1.,2.05,-6.3,-0.2,5.E-02,-6.3,    0001133P0001189
-0.2,0.,2.,0.,0.,1.;                                             0001133P0001190
126,1,1,1,0,1,0,0.,0.,3.,3.,1.,1.,5.E-02,-6.3,-0.2,5.E-02,-3.3,  0001135P0001191
-0.2,0.,3.,0.,0.,1.;                                             0001135P0001192
144,1139,1,0,1141;                                               0001137P0001193
128,1,1,1,1,0,0,1,0,0,0.,0.,0.15,0.15,0.,0.,3.,3.,1.,1.,1.,1.,   0001139P0001194
2.05,-3.3,-0.2,2.05,-3.3,-5.000000016E-02,2.05,-6.3,-0.2,2.05,   0001139P0001195
-6.3,-5.000000016E-02,0.,0.15,1.255592852E-14,3.;                0001139P0001196
142,0,1139,0,1143,2;                                             0001141P0001197
102,4,1145,1147,1149,1151;                                       0001143P0001198
126,1,1,1,0,1,0,0.,0.,0.15,0.15,1.,1.,2.05,-3.3,-0.2,2.05,-3.3,  0001145P0001199
-5.000000016E-02,0.,0.15,-1.,0.,-0.;                             0001145P0001200
126,1,1,1,0,1,0,0.,0.,3.,3.,1.,1.,2.05,-3.3,-5.000000016E-02,    0001147P0001201
2.05,-6.3,-5.000000016E-02,0.,3.,0.,0.,1.;                       0001147P0001202
126,1,1,1,0,1,0,0.,0.,0.15,0.15,1.,1.,2.05,-6.3,                 0001149P0001203
-5.000000016E-02,2.05,-6.3,-0.2,0.,0.15,1.,0.,-0.;               0001149P0001204
126,1,1,1,0,1,0,0.,0.,3.,3.,1.,1.,2.05,-6.3,-0.2,2.05,-3.3,-0.2, 0001151P0001205
0.,3.,0.,0.,1.;                                                  0001151P0001206
144,1155,1,0,1157;                                               0001153P0001207
128,1,1,1,1,0,0,1,0,0,0.,0.,1.85,1.85,0.,0.,3.,3.,1.,1.,1.,1.,   0001155P0001208
2.05,-3.3,-5.000000016E-02,0.2,-3.3,-4.999999999E-02,2.05,-6.3,  0001155P0001209
-5.000000016E-02,0.2,-6.3,-4.999999999E-02,0.,1.85,              0001155P0001210
1.254031601E-14,3.;                                              0001155P0001211
142,0,1155,0,1159,2;                                             0001157P0001212
102,4,1161,1163,1165,1167;                                       0001159P0001213
126,1,1,1,0,1,0,0.,0.,1.85,1.85,1.,1.,2.05,-3.3,                 0001161P0001214
-5.000000016E-02,0.2,-3.3,-4.999999999E-02,0.,1.85,0.,0.,1.;     0001161P0001215
126,1,1,1,0,1,0,0.,0.,3.,3.,1.,1.,0.2,-3.3,-4.999999999E-02,0.2, 0001163P0001216
-6.3,-4.999999999E-02,0.,3.,0.,0.,1.;                            0001163P0001217
126,1,1,1,0,1,0,0.,0.,1.85,1.85,1.,1.,0.2,-6.3,-4.999999999E-02, 0001165P0001218
2.05,-6.3,-5.000000016E-02,0.,1.85,0.,0.,1.;                     0001165P0001219
126,1,1,1,0,1,0,0.,0.,3.,3.,1.,1.,2.05,-6.3,-5.000000016E-02,    0001167P0001220
2.05,-3.3,-5.000000016E-02,0.,3.,0.,0.,1.;                       0001167P0001221
144,1171,1,0,1173;                                               0001169P0001222
128,1,1,1,1,0,0,1,0,0,0.,0.,5.3,5.3,0.,0.,3.,3.,1.,1.,1.,1.,     0001171P0001223
5.35,-3.3,0.95,5.E-02,-3.3,0.95,5.35,-6.3,0.95,5.E-02,-6.3,0.95, 0001171P0001224
4.614971599E-14,5.3,1.254031601E-14,3.;                          0001171P0001225
142,0,1171,0,1175,2;                                             0001173P0001226
102,4,1177,1179,1181,1183;                                       0001175P0001227
126,1,1,1,0,1,0,0.,0.,5.3,5.3,1.,1.,5.35,-3.3,0.95,5.E-02,-3.3,  0001177P0001228
0.95,0.,5.3,0.,0.,1.;                                            0001177P0001229
126,1,1,1,0,1,0,0.,0.,3.,3.,1.,1.,5.E-02,-3.3,0.95,5.E-02,-6.3,  0001179P0001230
0.95,0.,3.,0.,0.,1.;                                             0001179P0001231
126,1,1,1,0,1,0,0.,0.,5.3,5.3,1.,1.,5.E-02,-6.3,0.95,5.35,-6.3,  0001181P0001232
0.95,0.,5.3,0.,0.,1.;                                            0001181P0001233
126,1,1,1,0,1,0,0.,0.,3.,3.,1.,1.,5.35,-6.3,0.95,5.35,-3.3,0.95, 0001183P0001234
0.,3.,0.,0.,1.;                                                  0001183P0001235
144,1187,1,0,1189;                                               0001185P0001236
128,1,1,1,1,0,0,1,0,0,0.,0.,1.15,1.15,0.,0.,3.,3.,1.,1.,1.,1.,   0001187P0001237
5.E-02,-3.3,0.95,5.E-02,-3.3,-0.2,5.E-02,-6.3,0.95,5.E-02,-6.3,  0001187P0001238
-0.2,0.,1.15,1.25585306E-14,3.;                                  0001187P0001239
142,0,1187,0,1191,2;                                             0001189P0001240
102,4,1193,1195,1197,1199;                                       0001191P0001241
126,1,1,1,0,1,0,0.,0.,1.15,1.15,1.,1.,5.E-02,-3.3,0.95,5.E-02,   0001193P0001242
-3.3,-0.2,0.,1.15,1.,0.,-0.;                                     0001193P0001243
126,1,1,1,0,1,0,0.,0.,3.,3.,1.,1.,5.E-02,-3.3,-0.2,5.E-02,-6.3,  0001195P0001244
-0.2,0.,3.,0.,0.,1.;                                             0001195P0001245
126,1,1,1,0,1,0,0.,0.,1.15,1.15,1.,1.,5.E-02,-6.3,-0.2,5.E-02,   0001197P0001246
-6.3,0.95,0.,1.15,-1.,0.,-0.;                                    0001197P0001247
126,1,1,1,0,1,0,0.,0.,3.,3.,1.,1.,5.E-02,-6.3,0.95,5.E-02,-3.3,  0001199P0001248
0.95,0.,3.,0.,0.,1.;                                             0001199P0001249
S      1G      4D   1200P   1249                                        T0000001
